/vscmnt/brussel_pixiu_data/_data_brussel/112/vsc11236/PredSimResults/SUBJ10mtu3D/worker4.mot
version=1
nRows=200
nColumns=50
inDegrees=yes
endheader
                time	         pelvis_tilt	         pelvis_list	     pelvis_rotation	           pelvis_tx	           pelvis_ty	           pelvis_tz	       hip_flexion_r	     hip_adduction_r	      hip_rotation_r	        knee_angle_r	       ankle_angle_r	         mtp_angle_r	       hip_flexion_l	     hip_adduction_l	      hip_rotation_l	        knee_angle_l	       ankle_angle_l	         mtp_angle_l	    lumbar_extension	      lumbar_bending	     lumbar_rotation	 ercspn_r/activation	 intobl_r/activation	 extobl_r/activation	    abd_r/activation	    add_r/activation	hamstrings_r/activation	bifemsh_r/activation	glut_max_r/activation	iliopsoas_r/activation	rect_fem_r/activation	  vasti_r/activation	gastroc_r/activation	 soleus_r/activation	tib_ant_r/activation	 ercspn_l/activation	 intobl_l/activation	 extobl_l/activation	    abd_l/activation	    add_l/activation	hamstrings_l/activation	bifemsh_l/activation	glut_max_l/activation	iliopsoas_l/activation	rect_fem_l/activation	  vasti_l/activation	gastroc_l/activation	 soleus_l/activation	tib_ant_l/activation	
          0.00000000	         -4.52686523	         -0.32438183	          7.78436083	          0.00000000	          0.82225609	         -0.01299072	         30.45218060	         -2.04473946	         -6.35545800	         -5.96023505	          2.13963537	          0.27825903	        -16.30969909	          0.13374439	          0.51732139	         -5.28212779	          7.48196920	         26.83521312	         -7.23294309	         -1.22230629	         -5.42117195	          0.10690611	          0.16436616	          0.01000330	          0.01000022	          0.13941448	          0.10695214	          0.24517083	          0.04438206	          0.10560782	          0.01000640	          0.01000071	          0.01956212	          0.01219364	          0.27425221	          0.10294048	          0.01000065	          0.01000137	          0.05133574	          0.01000593	          0.01560478	          0.20005536	          0.01001123	          0.25668066	          0.01001452	          0.01000170	          0.28945674	          0.24776704	          0.02269856	
          0.01100152	         -4.55548720	         -0.30593102	          7.85884015	          0.01541287	          0.82097241	         -0.01290220	         30.35635563	         -1.93738257	         -5.94835920	         -7.62827068	          1.70593675	          0.26275072	        -16.47208991	          0.02212945	          0.19654615	         -6.83228498	          6.77168045	         28.41489600	         -7.05892281	         -0.78706064	         -5.68108355	          0.09034173	          0.13889867	          0.01000175	          0.02076467	          0.11781312	          0.09493756	          0.20720120	          0.08356321	          0.08924424	          0.01000110	          0.01000038	          0.01653129	          0.01030457	          0.37538821	          0.11396004	          0.01000043	          0.01000361	          0.04338144	          0.01004910	          0.01400316	          0.16905765	          0.01000423	          0.21690911	          0.01000261	          0.01000143	          0.25183016	          0.23756017	          0.01918156	
          0.02200305	         -4.57726429	         -0.29675522	          7.88665091	          0.03098816	          0.81997944	         -0.01269874	         30.15059955	         -1.82542846	         -5.60677836	         -9.07676994	          1.12698177	          0.25165836	        -16.48271846	         -0.10267567	         -0.16089696	         -8.66201227	          5.93845296	         29.92048748	         -6.87976815	         -0.34059853	         -5.91694844	          0.10370638	          0.11737686	          0.01000177	          0.06768049	          0.12316932	          0.08125745	          0.17509776	          0.09838205	          0.07541615	          0.01000136	          0.01000058	          0.01397002	          0.01000040	          0.46193204	          0.12348680	          0.01000034	          0.01000123	          0.03665963	          0.01000252	          0.01187762	          0.14286291	          0.01000313	          0.18330000	          0.01001944	          0.01000433	          0.21280993	          0.22341780	          0.01620952	
          0.03300457	         -4.59247550	         -0.28083145	          7.87118162	          0.04655018	          0.81938624	         -0.01238521	         29.92270100	         -1.71104936	         -5.34790729	        -10.48589985	          0.55711144	          0.23531328	        -16.27805009	         -0.22465981	         -0.55827096	        -10.85670185	          4.98238968	         31.26421412	         -6.71628820	          0.09856549	         -6.12635683	          0.11063618	          0.09918972	          0.01000177	          0.11043770	          0.17158920	          0.07157683	          0.14796777	          0.11026511	          0.06373068	          0.01000149	          0.01000066	          0.01180575	          0.01000049	          0.50753986	          0.15977176	          0.01000047	          0.01000116	          0.03097934	          0.01019020	          0.02273073	          0.12072698	          0.01183236	          0.15489848	          0.01001086	          0.01243793	          0.17983561	          0.20624893	          0.01369802	
          0.04400610	         -4.60040460	         -0.26034301	          7.81848191	          0.06201059	          0.81926135	         -0.01196835	         29.71254121	         -1.59260324	         -5.14607668	        -11.96138085	          0.18703266	          0.21759555	        -15.82434713	         -0.35040536	         -1.00181964	        -13.45582818	          3.91635548	         32.30364442	         -6.57232722	          0.52906849	         -6.31111901	          0.11711282	          0.08382060	          0.01000167	          0.14694872	          0.21922403	          0.06105705	          0.12504123	          0.12870771	          0.05385585	          0.01000195	          0.01000312	          0.01000142	          0.01000088	          0.49503726	          0.18837856	          0.01000052	          0.01000110	          0.02617920	          0.05208570	          0.02831246	          0.10202098	          0.01000432	          0.13089769	          0.01000619	          0.01051910	          0.15197055	          0.18635959	          0.01157580	
          0.05500762	         -4.60119302	         -0.23302216	          7.73037882	          0.07727471	          0.81967610	         -0.01146191	         29.53635738	         -1.47617953	         -4.99034945	        -13.53298124	          0.10159484	          0.20074570	        -15.07281551	         -0.48187207	         -1.50440034	        -16.52413006	          2.75838772	         32.86411260	         -6.45272142	          0.94623157	         -6.47037952	          0.12133621	          0.07083288	          0.01000156	          0.16903767	          0.26146610	          0.05723963	          0.10566710	          0.13288141	          0.04551109	          0.01000194	          0.02766575	          0.01000143	          0.01000069	          0.46578622	          0.21012539	          0.01000060	          0.01000107	          0.02212282	          0.11613108	          0.02475697	          0.08621350	          0.01000098	          0.11061575	          0.01000384	          0.01000215	          0.12842310	          0.15748456	          0.01000072	
          0.06600915	         -4.59575645	         -0.19402501	          7.60803250	          0.09230376	          0.82065700	         -0.01088723	         29.34620646	         -1.36193327	         -4.86044203	        -15.10574027	          0.30348951	          0.18875923	        -13.99397962	         -0.62293857	         -2.08113536	        -20.09359365	          1.50375456	         32.78032098	         -6.35614624	          1.34387954	         -6.60271374	          0.12137243	          0.05985757	          0.01000161	          0.17887963	          0.28750174	          0.05571613	          0.08929500	          0.12737623	          0.03845932	          0.01000171	          0.04392010	          0.01000100	          0.01000045	          0.40769776	          0.21685567	          0.01000073	          0.01000112	          0.01869497	          0.17929529	          0.02211145	          0.07285548	          0.01000068	          0.09347644	          0.01000301	          0.01000107	          0.10852427	          0.13308280	          0.01000068	
          0.07701067	         -4.58534432	         -0.14030611	          7.45234250	          0.10709465	          0.82215668	         -0.01026595	         29.07550139	         -1.24523328	         -4.72579802	        -16.55224992	          0.76710435	          0.19869836	        -12.58832168	         -0.78279081	         -2.72606798	        -24.11747275	          0.03403302	         32.06260058	         -6.27879989	          1.71895642	         -6.70609703	          0.11071470	          0.05058285	          0.01000169	          0.18196871	          0.29141224	          0.05711752	          0.07545979	          0.11151509	          0.03250021	          0.01000163	          0.07297109	          0.01000146	          0.01000068	          0.34452814	          0.21583975	          0.01000096	          0.01000121	          0.01579826	          0.24564704	          0.02811723	          0.06156757	          0.01000057	          0.07899282	          0.01000237	          0.01000057	          0.09170873	          0.11246197	          0.01000055	
          0.08801219	         -4.57223424	         -0.06853316	          7.26231963	          0.12163150	          0.82411266	         -0.00961570	         28.65261047	         -1.12154018	         -4.55898544	        -17.73081810	          1.45083726	          0.26150171	        -10.87710051	         -0.96812738	         -3.41796018	        -28.48954528	         -1.78819857	         30.75167433	         -6.22096420	          2.06824086	         -6.77844091	          0.09356257	          0.04274523	          0.01000176	          0.17799983	          0.27402557	          0.05949027	          0.06376834	          0.09423832	          0.02746445	          0.01000140	          0.10163140	          0.01000110	          0.01000052	          0.29114585	          0.20881143	          0.01000075	          0.01000141	          0.01335041	          0.29475782	          0.03756673	          0.05202972	          0.01000047	          0.06675342	          0.01000204	          0.01000036	          0.07749873	          0.09503627	          0.01000030	
          0.09901372	         -4.55882255	          0.02543899	          7.03605425	          0.13587910	          0.82645324	         -0.00894549	         28.04396834	         -0.99371466	         -4.35157688	        -18.55623717	          2.23910056	          0.37533306	         -8.90151124	         -1.17981155	         -4.11604588	        -33.05598472	         -4.07777745	         28.89659357	         -6.18789457	          2.38642531	         -6.81736651	          0.07906600	          0.03612203	          0.01000241	          0.17008652	          0.23187942	          0.06535810	          0.05388841	          0.07963713	          0.02320897	          0.01000137	          0.11135312	          0.01000212	          0.01000086	          0.24603533	          0.20519962	          0.02331013	          0.01000116	          0.01128191	          0.25664472	          0.06483427	          0.04397480	          0.01000424	          0.05641052	          0.01000147	          0.01000026	          0.06549057	          0.08031065	          0.01000399	
          0.11001524	         -4.54614860	          0.14135705	          6.77974107	          0.14980114	          0.82905972	         -0.00825454	         27.27484247	         -0.87048218	         -4.11375370	        -19.05326297	          3.03769336	          0.52735406	         -6.72421177	         -1.41409710	         -4.76329832	        -37.68396664	         -6.53869023	         26.21767548	         -6.18567926	          2.66785803	         -6.82310377	          0.06681519	          0.03052509	          0.01000190	          0.16799491	          0.19595215	          0.06650202	          0.04553922	          0.06791663	          0.01961287	          0.01000105	          0.13080550	          0.01000091	          0.01000043	          0.21253336	          0.21597816	          0.05615221	          0.01000363	          0.01040471	          0.21687890	          0.05479858	          0.05154118	          0.01184325	          0.04767041	          0.01000166	          0.01000019	          0.05534317	          0.06786672	          0.13448057	
          0.12101677	         -4.53441111	          0.27191714	          6.49567670	          0.16338634	          0.83177529	         -0.00755713	         26.35961591	         -0.75313112	         -3.86129077	        -19.23009038	          3.77173336	          0.70832402	         -4.45536065	         -1.61701969	         -5.30067220	        -42.20520554	         -8.20414588	         22.85936174	         -6.21557325	          2.91279647	         -6.78636206	          0.05646270	          0.02579539	          0.01000165	          0.15552091	          0.16559174	          0.06891084	          0.03848359	          0.06388348	          0.01657398	          0.01000105	          0.13770162	          0.01000100	          0.01000054	          0.19057971	          0.22083673	          0.06240573	          0.01001470	          0.01181913	          0.18327469	          0.04631288	          0.09862949	          0.01000868	          0.04028524	          0.01000139	          0.01000011	          0.04677109	          0.05735096	          0.14476843	
          0.13201829	         -4.52360026	          0.41252263	          6.18582046	          0.17665504	          0.83455158	         -0.00687332	         25.32698849	         -0.64518289	         -3.60512163	        -19.14512069	          4.46340491	          0.89900891	         -2.17596781	         -1.73614516	         -5.74287297	        -46.32612609	         -8.72700149	         19.87958031	         -6.27508658	          3.12328071	         -6.70558928	          0.04771521	          0.02179856	          0.01000178	          0.14218691	          0.13993499	          0.07005499	          0.03252114	          0.05575182	          0.01400598	          0.01000120	          0.13288394	          0.01000097	          0.01000062	          0.17374824	          0.21434207	          0.06126378	          0.01000501	          0.01000056	          0.15487870	          0.03914014	          0.10866840	          0.01000052	          0.03404710	          0.01000173	          0.01000012	          0.06339320	          0.04846460	          0.18814049	
          0.14301982	         -4.51310384	          0.56404442	          5.85530096	          0.18963394	          0.83737358	         -0.00618977	         24.21745037	         -0.55229197	         -3.34335650	        -18.87329057	          5.09891485	          1.08144379	          0.10259177	         -1.78204668	         -6.12921373	        -49.98851490	         -8.64900503	         17.29490798	         -6.36315686	          3.29492977	         -6.58831944	          0.04247133	          0.01842104	          0.01000192	          0.12956269	          0.11825342	          0.06983656	          0.02748251	          0.05009150	          0.01183593	          0.01000139	          0.12419760	          0.01000093	          0.01000072	          0.16059642	          0.20825446	          0.06014637	          0.01000385	          0.01000035	          0.13955436	          0.03307790	          0.13515534	          0.01000044	          0.03174664	          0.01000198	          0.01000013	          0.06047977	          0.04095516	          0.20320247	
          0.15402134	         -4.50193797	          0.72861580	          5.50808576	          0.20236161	          0.84019788	         -0.00549908	         23.05914921	         -0.48104087	         -3.08079162	        -18.46763529	          5.65836366	          1.24938751	          2.36852822	         -1.76601131	         -6.49274180	        -53.16856996	         -8.25317438	         15.04789134	         -6.47697928	          3.42387040	         -6.44071149	          0.04374559	          0.01556690	          0.01000201	          0.11796882	          0.09993117	          0.06953920	          0.02322459	          0.04922249	          0.01000231	          0.01000151	          0.11533499	          0.01000095	          0.01000092	          0.14691351	          0.19927830	          0.06040415	          0.01000422	          0.01000032	          0.14264886	          0.02795447	          0.16914680	          0.01000039	          0.03938290	          0.01000245	          0.01000014	          0.05384624	          0.03460928	          0.19861025	
          0.16502287	         -4.48914653	          0.90809935	          5.14652113	          0.21488143	          0.84297584	         -0.00480685	         21.86497906	         -0.43696391	         -2.82368003	        -17.95559861	          6.12895056	          1.40669695	          4.60987390	         -1.69079675	         -6.84885268	        -55.85892033	         -7.65386238	         13.09302305	         -6.61234733	          3.50916630	         -6.26495013	          0.04439404	          0.01315505	          0.01000204	          0.10880118	          0.08444768	          0.06919907	          0.01962645	          0.04861847	          0.01000075	          0.01000166	          0.10667501	          0.01000088	          0.01000096	          0.12459549	          0.19261034	          0.06096673	          0.01000440	          0.01000029	          0.14540481	          0.02362459	          0.21586243	          0.01000036	          0.04484630	          0.01000317	          0.01000015	          0.04550432	          0.02924668	          0.18857148	
          0.17602439	         -4.47390368	          1.10148681	          4.77310274	          0.22723114	          0.84566356	         -0.00411868	         20.64216126	         -0.42082390	         -2.57224297	        -17.35555298	          6.51090100	          1.56026231	          6.81904192	         -1.56162056	         -7.20652056	        -58.06960021	         -6.92619988	         11.39091191	         -6.76504422	          3.55307838	         -6.06285518	          0.04551327	          0.01111710	          0.01000207	          0.10134602	          0.07136316	          0.06813936	          0.01658587	          0.04735730	          0.01000084	          0.01000187	          0.09950457	          0.01000090	          0.01000120	          0.10529439	          0.18701351	          0.06264968	          0.01000453	          0.01000027	          0.15057439	          0.01996544	          0.27511085	          0.01000034	          0.04987576	          0.01000398	          0.01000017	          0.03845408	          0.02471500	          0.17884823	
          0.18702591	         -4.45556858	          1.30551375	          4.39052357	          0.23944250	          0.84822234	         -0.00343873	         19.39399141	         -0.43030968	         -2.32558906	        -16.68249810	          6.83070545	          1.71274088	          8.99285621	         -1.38664175	         -7.57075859	        -59.82854810	         -6.11463011	          9.90853785	         -6.93111917	          3.56000602	         -5.83610328	          0.04623194	          0.01000118	          0.01000209	          0.09549256	          0.06030596	          0.06613756	          0.01401654	          0.04500622	          0.01000084	          0.01000225	          0.09351554	          0.01000117	          0.01000281	          0.08898135	          0.18236936	          0.06540453	          0.01000461	          0.01000025	          0.15603352	          0.01687319	          0.34326221	          0.01000032	          0.05463881	          0.01000471	          0.01000019	          0.03249603	          0.02088550	          0.17142315	
          0.19802744	         -4.43375488	          1.51511637	          4.00148690	          0.25154039	          0.85061870	         -0.00276955	         18.12195835	         -0.46079983	         -2.08250544	        -15.94392360	          7.09504656	          1.87020400	         11.13209406	         -1.17630617	         -7.94319021	        -61.17930540	         -5.23904375	          8.61665706	         -7.10724070	          3.53601472	         -5.58634313	          0.04584828	          0.01000152	          0.01000209	          0.09125645	          0.05096198	          0.06373938	          0.01184563	          0.04220449	          0.01000087	          0.01000256	          0.08570254	          0.01000106	          0.01494303	          0.07519572	          0.17918635	          0.06751231	          0.01000469	          0.01000024	          0.16249992	          0.01426008	          0.41497706	          0.01000031	          0.05917988	          0.01000523	          0.01000020	          0.02746109	          0.01764937	          0.16680635	
          0.20902896	         -4.40839561	          1.72377617	          3.60818700	          0.26354073	          0.85282778	         -0.00211233	         16.82984411	         -0.50572267	         -1.84101563	        -15.14390106	          7.27980699	          2.04755039	         13.24025183	         -0.94247923	         -8.32276834	        -62.17457594	         -4.30825990	          7.49017719	         -7.29100318	          3.48864151	         -5.31542527	          0.04490991	          0.01000145	          0.01000208	          0.08872850	          0.04306579	          0.06078665	          0.01001247	          0.03903794	          0.01000092	          0.01000309	          0.07732283	          0.01000907	          0.02364541	          0.06354607	          0.17747156	          0.06932601	          0.01000478	          0.01000023	          0.16635421	          0.01205203	          0.48326823	          0.01000031	          0.06332662	          0.01000568	          0.01000022	          0.02320626	          0.01491468	          0.16513709	
          0.22003049	         -4.37967509	          1.92411453	          3.21222895	          0.27545576	          0.85483465	         -0.00146757	         15.52276248	         -0.55756520	         -1.60024636	        -14.29043942	          7.37117851	          2.26393193	         15.32054364	         -0.69828573	         -8.70745453	        -62.86757558	         -3.33088377	          6.50742180	         -7.48021931	          3.42630815	         -5.02517087	          0.04548563	          0.01000144	          0.01000206	          0.08938959	          0.03639308	          0.05817051	          0.01000527	          0.03801355	          0.01000098	          0.01000329	          0.06917511	          0.03454558	          0.02606709	          0.05370210	          0.17693638	          0.06780308	          0.01000480	          0.01000023	          0.16924886	          0.01018689	          0.53885211	          0.01000030	          0.06618077	          0.01000631	          0.01000023	          0.01961068	          0.01260373	          0.16608467	
          0.23103201	         -4.34786933	          2.10891873	          2.81452676	          0.28729471	          0.85663387	         -0.00083653	         14.21402996	         -0.60932497	         -1.36107700	        -13.40973472	          7.37763345	          2.53617008	         17.37338368	         -0.45796647	         -9.09632509	        -63.30390271	         -2.32370343	          5.64946597	         -7.67275987	          3.35768027	         -4.71740799	          0.04563471	          0.01000138	          0.01000203	          0.09541611	          0.03075427	          0.05328808	          0.01000613	          0.03538193	          0.01000105	          0.01000410	          0.06327418	          0.05437372	          0.02971509	          0.04538343	          0.17892905	          0.06961986	          0.01000463	          0.01000021	          0.14307755	          0.01000427	          0.57002128	          0.01000029	          0.07136294	          0.01000788	          0.01000027	          0.01657222	          0.01065090	          0.16964258	
          0.24203354	         -4.31326442	          2.27196521	          2.41725616	          0.29907768	          0.85822393	         -0.00021179	         12.90635004	         -0.65430810	         -1.12651870	        -12.51750003	          7.34719999	          2.86239888	         19.39375962	         -0.24405655	         -9.49602306	        -63.51618409	         -1.31500212	          4.90009371	         -7.86509989	          3.28858105	         -4.39551908	          0.04645291	          0.01000137	          0.01000201	          0.10053734	          0.02598919	          0.04838214	          0.01000669	          0.03251045	          0.01000116	          0.01000486	          0.05761163	          0.07284820	          0.03222894	          0.03835381	          0.17941539	          0.06729929	          0.01000454	          0.01000020	          0.12090978	          0.01000315	          0.56145559	          0.01000029	          0.07528639	          0.01001227	          0.01000033	          0.01400457	          0.01000023	          0.18103021	
          0.25303506	         -4.27625054	          2.40974346	          2.02123077	          0.31083840	          0.85960871	          0.00041185	         11.59378911	         -0.68807890	         -0.89839356	        -11.61222995	          7.30472143	          3.23412919	         21.36287950	         -0.07266497	         -9.91177487	        -63.50113297	         -0.33847380	          4.24522609	         -8.05215696	          3.22280108	         -4.06267610	          0.04667106	          0.01000140	          0.01000199	          0.10282750	          0.02196247	          0.04462201	          0.01000760	          0.03011902	          0.01000130	          0.01000557	          0.05151970	          0.09034182	          0.03402973	          0.03241370	          0.17857787	          0.05942463	          0.01000452	          0.01000022	          0.10217573	          0.01000194	          0.47446715	          0.01000030	          0.07974284	          0.01003448	          0.01000042	          0.01183482	          0.01000027	          0.19699317	
          0.26403658	         -4.23739447	          2.51981901	          1.62508535	          0.32262108	          0.86079777	          0.00103460	         10.26961858	         -0.70738878	         -0.67647008	        -10.68796277	          7.25382414	          3.64160150	         23.24241961	          0.04964847	        -10.34430767	        -63.20003860	          0.58302897	          3.67251927	         -8.22765536	          3.16482144	         -3.72152382	          0.04648769	          0.01000146	          0.01000199	          0.10349292	          0.01855972	          0.04218402	          0.01000858	          0.02840160	          0.01000143	          0.01000585	          0.04546582	          0.10729676	          0.03503733	          0.02739459	          0.17558968	          0.05360074	          0.01000452	          0.01000025	          0.08634419	          0.01000133	          0.40095080	          0.01000032	          0.08335273	          0.01711282	          0.01000057	          0.01000168	          0.01000028	          0.21420610	
          0.27503811	         -4.19749185	          2.60010596	          1.22733890	          0.33446389	          0.86179677	          0.00165543	          8.92854016	         -0.70968698	         -0.46052255	         -9.73850792	          7.19011795	          4.07612133	         24.99367484	          0.12153616	        -10.78938329	        -62.54875267	          1.43388581	          3.17079856	         -8.38642028	          3.11914278	         -3.37402875	          0.04639679	          0.01000150	          0.01000203	          0.10314844	          0.01568431	          0.04087176	          0.01000968	          0.02665774	          0.01000155	          0.01000578	          0.03997334	          0.12393728	          0.03533447	          0.02315423	          0.17134897	          0.04996346	          0.01000442	          0.01000031	          0.07296560	          0.01000101	          0.33882506	          0.01000038	          0.08620441	          0.02406980	          0.01000090	          0.01000079	          0.01000026	          0.23598347	
          0.28603963	         -4.15745692	          2.64873753	          0.82724374	          0.34639399	          0.86260257	          0.00227347	          7.56665741	         -0.69286516	         -0.25014862	         -8.75873237	          7.10896694	          4.53087588	         26.58773102	          0.14440627	        -11.23862685	        -61.50792007	          2.19641146	          2.73007585	         -8.52497366	          3.08972744	         -3.02153888	          0.04665979	          0.01000155	          0.01000207	          0.10204974	          0.01325459	          0.04051421	          0.01001088	          0.02511638	          0.01000167	          0.01000552	          0.03501308	          0.14030396	          0.03503659	          0.01957304	          0.16663369	          0.04795240	          0.01000428	          0.01000041	          0.06165993	          0.01000082	          0.28632537	          0.01000046	          0.08809586	          0.02796568	          0.01000159	          0.01000071	          0.01000027	          0.25695921	
          0.29704116	         -4.11824660	          2.66411441	          0.42451430	          0.35843113	          0.86320441	          0.00288809	          6.18093069	         -0.65521081	         -0.04506508	         -7.74461914	          7.00771550	          5.00090751	         28.00363415	          0.12182850	        -11.68125636	        -60.05952808	          2.85775488	          2.34262212	         -8.64093999	          3.07993433	         -2.66486359	          0.04694984	          0.01000159	          0.01000213	          0.10062150	          0.01120186	          0.04090660	          0.01001231	          0.02365047	          0.01000180	          0.01000517	          0.03050297	          0.15643944	          0.03419746	          0.01655288	          0.16145843	          0.04706537	          0.01000417	          0.01000059	          0.05210602	          0.01000071	          0.24196033	          0.01000059	          0.08887682	          0.02987025	          0.01000289	          0.01000061	          0.01000029	          0.27613521	
          0.30804268	         -4.08082947	          2.64495824	          0.01916374	          0.37058893	          0.86358591	          0.00349898	          4.76943906	         -0.59540141	          0.15508782	         -6.69395133	          6.88552400	          5.48308955	         29.22729083	          0.05877429	        -12.10551831	        -58.20109300	          3.40052939	          2.00257927	         -8.73288717	          3.09248770	         -2.30450174	          0.04697681	          0.01000164	          0.01000221	          0.09919948	          0.01000340	          0.04179299	          0.01001429	          0.02232176	          0.01000193	          0.01000474	          0.02614179	          0.17255869	          0.03331028	          0.01409301	          0.15614468	          0.04701751	          0.01000400	          0.01000097	          0.04403244	          0.01000066	          0.20446953	          0.01000080	          0.08862909	          0.03017961	          0.01000370	          0.01000057	          0.01000031	          0.29061018	
          0.31904421	         -4.04615304	          2.59045614	         -0.38863801	          0.38287559	          0.86372644	          0.00410644	          3.33190975	         -0.51258436	          0.35040870	         -5.60814204	          6.74805511	          5.97292836	         30.25064530	         -0.03905302	        -12.49969688	        -55.94140886	          3.80391286	          1.70596941	         -8.80025380	          3.12928192	         -1.94083179	          0.04673914	          0.01000169	          0.01000231	          0.09796011	          0.01000495	          0.04284468	          0.01001642	          0.02117635	          0.01000207	          0.01000442	          0.02224521	          0.18872798	          0.03356707	          0.02211370	          0.15028745	          0.04744161	          0.01000383	          0.01000189	          0.03720983	          0.01000063	          0.17278787	          0.01000116	          0.08766939	          0.02921418	          0.01000271	          0.01000057	          0.01000037	          0.29783005	
          0.33004573	         -4.01509999	          2.50055493	         -0.79866211	          0.39529449	          0.86360095	          0.00471118	          1.87053709	         -0.40667699	          0.54083035	         -4.49380291	          6.60627836	          6.46478249	         31.07112307	         -0.16546572	        -12.85237294	        -53.29740315	          4.04702109	          1.45006008	         -8.84331463	          3.19113899	         -1.57421466	          0.04611173	          0.01000177	          0.01000241	          0.09693633	          0.01000525	          0.04412531	          0.01001993	          0.02028120	          0.01000224	          0.01000410	          0.01882240	          0.20505055	          0.03516708	          0.04060138	          0.14427096	          0.04822095	          0.01000371	          0.01000461	          0.03144437	          0.01000063	          0.14601532	          0.01000174	          0.08619545	          0.02729592	          0.01000167	          0.01000064	          0.01000048	          0.29627341	
          0.34104726	         -3.98848603	          2.37619397	         -1.21080093	          0.40784548	          0.86318254	          0.00531403	          0.38921253	         -0.27860773	          0.72663824	         -3.35960756	          6.46711590	          6.95750327	         31.69057406	         -0.31383908	        -13.15192894	        -50.29055509	          4.11644871	          1.23277954	         -8.86298069	          3.27758752	         -1.20501231	          0.04502072	          0.01000183	          0.01000254	          0.09677271	          0.01000583	          0.04589149	          0.01002887	          0.01907418	          0.01000249	          0.01000376	          0.01592130	          0.22156143	          0.03834559	          0.06698572	          0.13828772	          0.04930277	          0.01000362	          0.01002424	          0.02657224	          0.01000065	          0.12339133	          0.01000290	          0.08513504	          0.02480907	          0.01000111	          0.01000080	          0.01000071	          0.28704783	
          0.35204878	         -3.96706278	          2.21963128	         -1.62524033	          0.42052335	          0.86244610	          0.00591557	         -1.10341174	         -0.13060251	          0.90731875	         -2.22270395	          6.33590273	          7.45871970	         32.11508124	         -0.47670022	        -13.38436439	        -46.94509766	          4.01714676	          1.05172029	         -8.86098039	          3.38652069	         -0.83359526	          0.04247658	          0.01000188	          0.01000267	          0.09823272	          0.01000621	          0.04652706	          0.10073546	          0.02104257	          0.01000246	          0.01000383	          0.01768486	          0.23825860	          0.04327911	          0.08654412	          0.13264879	          0.05069124	          0.01000361	          0.01005863	          0.02245505	          0.01000070	          0.10427345	          0.01000707	          0.08713443	          0.02199382	          0.01000084	          0.01000109	          0.01000106	          0.27392281	
          0.36305030	         -3.95150270	          2.03498531	         -2.04265918	          0.43331152	          0.86137347	          0.00651562	         -2.58205719	          0.03375961	          1.07937185	         -1.13058807	          6.22938114	          7.98330679	         32.35588278	         -0.64545372	        -13.53089041	        -43.28930838	          3.78003948	          0.90271159	         -8.84065085	          3.51357201	         -0.46033613	          0.04162048	          0.01000191	          0.01000275	          0.10193446	          0.01000677	          0.04804903	          0.20198674	          0.02223818	          0.01000262	          0.01000388	          0.01887634	          0.25506993	          0.04981802	          0.10467679	          0.12855655	          0.05226063	          0.01000357	          0.01000523	          0.01897583	          0.01000076	          0.08812034	          0.01565253	          0.09410102	          0.01898875	          0.01000067	          0.01000177	          0.01000154	          0.26086319	
          0.37405183	         -3.94229678	          1.82791073	         -2.46390151	          0.44619863	          0.85995719	          0.00711163	         -4.02020098	          0.20928542	          1.24046440	         -0.13461962	          6.17515257	          8.54151915	         32.42408750	         -0.81269132	        -13.57430721	        -39.35385477	          3.45678104	          0.77904416	         -8.80429855	          3.65300925	         -0.08570331	          0.04324820	          0.01000193	          0.01000276	          0.10867563	          0.01000748	          0.04936361	          0.30443204	          0.02226575	          0.01000303	          0.01000392	          0.01597147	          0.27167381	          0.05803338	          0.12273983	          0.12634465	          0.05313960	          0.01000344	          0.01000211	          0.01603573	          0.01000079	          0.07920056	          0.02986353	          0.10559643	          0.01683423	          0.01000059	          0.01000316	          0.01000192	          0.25030888	
          0.38505335	         -3.93962072	          1.60565212	         -2.88954974	          0.45918228	          0.85819939	          0.00769996	         -5.39558499	          0.38894135	          1.38901098	          0.72062450	          6.20072470	          9.14151947	         32.33603900	         -0.97602765	        -13.50718567	        -35.19614903	          3.10178061	          0.67364282	         -8.75257562	          3.79757197	          0.28924235	          0.04428562	          0.01000188	          0.01000269	          0.11811522	          0.01000698	          0.04732651	          0.40505698	          0.01884016	          0.01000339	          0.01000400	          0.01350321	          0.28821241	          0.06782710	          0.14070619	          0.12579348	          0.05765193	          0.01000332	          0.01000138	          0.01355129	          0.01000079	          0.13023253	          0.05319834	          0.12094422	          0.01789355	          0.01000066	          0.01000408	          0.01000242	          0.23992883	
          0.39605488	         -3.94331072	          1.37785228	         -3.31877536	          0.47225712	          0.85610864	          0.00828014	         -6.69310884	          0.56320563	          1.52448231	          1.40521393	          6.32680195	          9.79002518	         32.13456680	         -1.14140221	        -13.33395363	        -30.95634735	          2.75648527	          0.58343249	         -8.68646617	          3.93606771	          0.66239137	          0.04460789	          0.01000175	          0.01000263	          0.12577348	          0.01000630	          0.04410257	          0.49953080	          0.01592355	          0.01000457	          0.01000350	          0.01141546	          0.30457817	          0.07959292	          0.15900598	          0.12412342	          0.06636034	          0.01000328	          0.01000101	          0.01145210	          0.01000083	          0.14505429	          0.07325274	          0.13888110	          0.01863234	          0.01000073	          0.01000458	          0.01000266	          0.23265615	
          0.40705640	         -3.95331439	          1.15549232	         -3.74983820	          0.48541804	          0.85371250	          0.00885126	         -7.90537765	          0.72144099	          1.64433585	          1.90674690	          6.55808580	         10.49384092	         31.86115801	         -1.31221550	        -13.05789090	        -26.75984213	          2.44584614	          0.50741214	         -8.60719840	          4.05511843	          1.03223142	          0.04151634	          0.01000176	          0.01000247	          0.13036533	          0.01000561	          0.03788874	          0.58349197	          0.01345765	          0.01000481	          0.01000281	          0.01000505	          0.32070834	          0.09328938	          0.17521768	          0.12280022	          0.07951567	          0.01000359	          0.01000072	          0.01000275	          0.01000094	          0.14673928	          0.08841022	          0.15607847	          0.01916197	          0.01000082	          0.01000515	          0.01000285	          0.22734193	
          0.41805793	         -3.96978060	          0.94906141	         -4.18024163	          0.49866016	          0.85105718	          0.00941584	         -9.03241005	          0.85366505	          1.74693635	          2.23132306	          6.87475023	         11.26533619	         31.55082490	         -1.48963085	        -12.67931670	        -22.70323569	          2.18238782	          0.44460818	         -8.51638791	          4.14027741	          1.39766838	          0.03509484	          0.01000153	          0.01000226	          0.13091986	          0.01000500	          0.03204458	          0.65056473	          0.01137348	          0.01039477	          0.01000213	          0.01000233	          0.33604697	          0.10959295	          0.17114630	          0.12415923	          0.09828107	          0.01000291	          0.01000055	          0.01000839	          0.01000096	          0.14404998	          0.09560453	          0.16757006	          0.02116274	          0.01000092	          0.01000497	          0.01000289	          0.22415847	
          0.42905945	         -3.99299074	          0.76730032	         -4.60579224	          0.51198003	          0.84820682	          0.00997808	        -10.08203592	          0.95171490	          1.83203990	          2.40311613	          7.23385320	         12.12376085	         31.23361179	         -1.67277453	        -12.20178244	        -18.86628591	          1.97279679	          0.39368596	         -8.41589483	          4.17751329	          1.75738106	          0.02965805	          0.01000165	          0.01000212	          0.12853702	          0.01000551	          0.04293357	          0.69607975	          0.01000446	          0.05604523	          0.01000167	          0.01000181	          0.35025772	          0.12779301	          0.14463123	          0.11855896	          0.12047340	          0.01000404	          0.01000059	          0.02819211	          0.01000116	          0.14757510	          0.09204980	          0.17307524	          0.01888928	          0.01000106	          0.01000450	          0.01000288	          0.22281944	
          0.44006097	         -4.02341739	          0.61682188	         -5.02142702	          0.52536575	          0.84524128	          0.01052728	        -11.05289001	          1.00902151	          1.89867303	          2.42856785	          7.60826200	         13.07661992	         30.93543679	         -1.85320946	        -11.64751757	        -15.31823348	          1.82153915	          0.35322855	         -8.30977644	          4.15716486	          2.11262869	          0.02506321	          0.01000169	          0.01000205	          0.12635063	          0.01000564	          0.05832674	          0.71714957	          0.01001052	          0.11813614	          0.01000138	          0.01000151	          0.36288265	          0.14729400	          0.12222195	          0.11175100	          0.14558943	          0.01000580	          0.01000078	          0.04533088	          0.01000145	          0.15021373	          0.08323017	          0.17473399	          0.01597541	          0.01000130	          0.01000545	          0.01000275	          0.22382789	
          0.45106250	         -4.06140247	          0.50095494	         -5.42111880	          0.53880433	          0.84224273	          0.01104535	        -11.94150465	          1.02369461	          1.93715063	          2.30897429	          7.97976304	         14.11763528	         30.67728904	         -2.01933612	        -11.04763954	        -12.11313535	          1.73507547	          0.32175081	         -8.20317984	          4.07429197	          2.46604716	          0.02118028	          0.01000144	          0.01000226	          0.12684776	          0.01000457	          0.07085942	          0.71232098	          0.01000924	          0.18973692	          0.01000115	          0.01000130	          0.37334769	          0.16733728	          0.10328444	          0.09929348	          0.16908779	          0.01012641	          0.01000148	          0.05950318	          0.01000906	          0.12831198	          0.07034113	          0.17764710	          0.01350601	          0.01000168	          0.01000297	          0.01000192	          0.22722469	
          0.46206402	         -4.10694006	          0.42000608	         -5.79933717	          0.55229025	          0.83928810	          0.01151067	        -12.74612240	          0.99732141	          1.93652992	          2.04873677	          8.32094128	         15.24329866	         30.46959606	         -2.15850619	        -10.42690403	         -9.27793876	          1.71883298	          0.29789999	         -8.10097187	          3.92852887	          2.82051760	          0.01789986	          0.01000149	          0.01000196	          0.12763811	          0.01000537	          0.05993077	          0.68085566	          0.01002944	          0.28582993	          0.01000120	          0.01000127	          0.38105509	          0.18708307	          0.08728105	          0.10334796	          0.17522686	          0.01002283	          0.01000152	          0.05061078	          0.03797342	          0.11169122	          0.05944271	          0.18331205	          0.01143019	          0.01000208	          0.01000351	          0.01000206	          0.22683561	
          0.47306555	         -4.15879595	          0.37171304	         -6.15433480	          0.56584007	          0.83644712	          0.01191854	        -13.46233550	          0.93379236	          1.89423371	          1.64123189	          8.60850601	         16.45182654	         30.31845327	         -2.26750948	         -9.80053525	         -6.87465112	          1.77036040	          0.28183091	         -8.00379925	          3.72123991	          3.17491034	          0.01514989	          0.01000108	          0.01000175	          0.12417660	          0.01000495	          0.05064962	          0.62684763	          0.01000947	          0.37759071	          0.01000140	          0.01000126	          0.38532409	          0.20542045	          0.07375726	          0.10833665	          0.17838182	          0.01000726	          0.01000182	          0.04278095	          0.07203900	          0.09449177	          0.05023264	          0.19097977	          0.01488739	          0.01000327	          0.01000245	          0.01000163	          0.22857622	
          0.48406707	         -4.21519698	          0.35008304	         -6.48490802	          0.57948172	          0.83377821	          0.01226639	        -14.08416556	          0.84030906	          1.81083196	          1.07258497	          8.82309618	         17.74241498	         30.22183065	         -2.34510719	         -9.18285646	         -4.96106410	          1.88027964	          0.27184411	         -7.91049695	          3.45865893	          3.52555148	          0.01822001	          0.01000087	          0.01000160	          0.12101783	          0.01000414	          0.04280468	          0.54933309	          0.01000684	          0.44418981	          0.01000162	          0.01000127	          0.38526951	          0.22191717	          0.06232890	          0.11200854	          0.18515552	          0.01000627	          0.01000263	          0.03619840	          0.09997441	          0.10185211	          0.04244955	          0.19367112	          0.02246749	          0.01000447	          0.01000185	          0.01000132	          0.23098871	
          0.49506860	         -4.27420445	          0.34771291	         -6.78910761	          0.59325136	          0.83132100	          0.01254996	        -14.61556949	          0.72565834	          1.68180688	          0.34583941	          8.93950481	         19.11424101	         30.17639457	         -2.38915875	         -8.58678090	         -3.58854838	          2.03597052	          0.26709096	         -7.81861218	          3.14927155	          3.87011213	          0.02581784	          0.01000068	          0.01000148	          0.11507937	          0.01000334	          0.03617465	          0.46422138	          0.01000298	          0.48144371	          0.01000191	          0.01000123	          0.38066203	          0.23574927	          0.05267131	          0.11604451	          0.19400412	          0.01000473	          0.01000771	          0.03264287	          0.12131185	          0.16155179	          0.03587238	          0.19273194	          0.01959899	          0.01423899	          0.01000146	          0.01000116	          0.23278430	
          0.50607012	         -4.33354102	          0.35652705	         -7.06349588	          0.60719053	          0.82909473	          0.01276461	        -15.06757083	          0.59839067	          1.50780849	         -0.52633660	          8.93508371	         20.56173413	         30.18270639	         -2.39681115	         -8.02361200	         -2.81640322	          2.21691493	          0.26649944	         -7.72468171	          2.80223970	          4.20674023	          0.03608202	          0.01000061	          0.01000127	          0.10066539	          0.01000340	          0.03057181	          0.39229322	          0.01000618	          0.47114788	          0.01000249	          0.01000133	          0.37123776	          0.24631238	          0.04451012	          0.12484035	          0.20193100	          0.01000425	          0.01333525	          0.04123625	          0.13573136	          0.22261187	          0.03031427	          0.18717520	          0.01656672	          0.01399501	          0.01000139	          0.01000098	          0.23411623	
          0.51707165	         -4.39070469	          0.36652229	         -7.30423210	          0.62134979	          0.82710036	          0.01290988	        -15.45208648	          0.46725387	          1.30111179	         -1.53397532	          8.79409507	         22.07394687	         30.23321836	         -2.36467189	         -7.50675990	         -2.68045878	          2.38776031	          0.26858869	         -7.62361517	          2.42811413	          4.53338493	          0.04598618	          0.01000053	          0.01000112	          0.08506809	          0.01000323	          0.02583710	          0.33150942	          0.01002678	          0.42531887	          0.01000357	          0.01000140	          0.35690612	          0.25302154	          0.03761348	          0.13220855	          0.20946376	          0.01000373	          0.01403248	          0.04908330	          0.14118961	          0.26298182	          0.02561736	          0.17499907	          0.01400225	          0.01183147	          0.01000203	          0.01000104	          0.23529972	
          0.52807317	         -4.44324775	          0.36793156	         -7.50695222	          0.63577893	          0.82531857	          0.01299184	        -15.78277869	          0.34195297	          1.06813360	         -2.66435603	          8.50478770	         23.63700720	         30.31426587	         -2.29072465	         -7.05315890	         -3.18656311	          2.49368708	          0.27263054	         -7.51041503	          2.03607304	          4.84706307	          0.05025786	          0.01000049	          0.01000105	          0.07188717	          0.01000297	          0.02183624	          0.28014363	          0.01055501	          0.35943607	          0.01000621	          0.01000154	          0.33820112	          0.25509724	          0.03178544	          0.13826486	          0.20731865	          0.01000347	          0.01186100	          0.04938714	          0.13380093	          0.27949261	          0.02164827	          0.14788596	          0.01183489	          0.01000324	          0.01000443	          0.01000126	          0.23610741	
          0.53907469	         -4.48915528	          0.35351336	         -7.66808875	          0.65051686	          0.82371420	          0.01302173	        -16.07022765	          0.23128653	          0.80697901	         -3.90838543	          8.06391503	         25.23237105	         30.40293650	         -2.17820647	         -6.67777495	         -4.30866857	          2.43866470	          0.27649695	         -7.38138916	          1.63261298	          5.14368970	          0.06365308	          0.01000035	          0.01000094	          0.06074852	          0.01000218	          0.01845587	          0.23673667	          0.01000134	          0.30374430	          0.01001010	          0.01000102	          0.31453113	          0.25334169	          0.02686045	          0.12650726	          0.19450274	          0.01000242	          0.01002432	          0.07461962	          0.12461743	          0.26910223	          0.01829454	          0.12497172	          0.01000852	          0.01000181	          0.01445843	          0.01000099	          0.26181679	
          0.55007622	         -4.52686523	          0.32438183	         -7.78436083	          0.66559222	          0.82225609	          0.01299072	        -16.30969909	          0.13374439	          0.51732139	         -5.28212779	          7.48196920	         26.83521312	         30.45218060	         -2.04473946	         -6.35545800	         -5.96023505	          2.13963537	          0.27825903	         -7.23294309	          1.22230629	          5.42117195	          0.10294048	          0.01000065	          0.01000137	          0.05133574	          0.01000593	          0.01560478	          0.20005536	          0.01001123	          0.25668066	          0.01001452	          0.01000170	          0.28945674	          0.24776704	          0.02269856	          0.10690611	          0.16436616	          0.01000330	          0.01000022	          0.13941448	          0.10695214	          0.24517083	          0.04438206	          0.10560782	          0.01000640	          0.01000071	          0.01956212	          0.01219364	          0.27425221	
          0.56107774	         -4.55548720	          0.30593102	         -7.85884015	          0.68100509	          0.82097241	          0.01290220	        -16.47208991	          0.02212945	          0.19654615	         -6.83228498	          6.77168045	         28.41489600	         30.35635563	         -1.93738257	         -5.94835920	         -7.62827068	          1.70593675	          0.26275072	         -7.05892281	          0.78706064	          5.68108355	          0.11396004	          0.01000043	          0.01000361	          0.04338144	          0.01004910	          0.01400316	          0.16905765	          0.01000423	          0.21690911	          0.01000261	          0.01000143	          0.25183016	          0.23756017	          0.01918156	          0.09034173	          0.13889867	          0.01000175	          0.02076467	          0.11781312	          0.09493756	          0.20720120	          0.08356321	          0.08924424	          0.01000110	          0.01000038	          0.01653129	          0.01030457	          0.37538821	
          0.57207927	         -4.57726429	          0.29675522	         -7.88665091	          0.69658038	          0.81997944	          0.01269874	        -16.48271846	         -0.10267567	         -0.16089696	         -8.66201227	          5.93845296	         29.92048748	         30.15059955	         -1.82542846	         -5.60677836	         -9.07676994	          1.12698177	          0.25165836	         -6.87976815	          0.34059853	          5.91694844	          0.12348680	          0.01000034	          0.01000123	          0.03665963	          0.01000252	          0.01187762	          0.14286291	          0.01000313	          0.18330000	          0.01001944	          0.01000433	          0.21280993	          0.22341780	          0.01620952	          0.10370638	          0.11737686	          0.01000177	          0.06768049	          0.12316932	          0.08125745	          0.17509776	          0.09838205	          0.07541615	          0.01000136	          0.01000058	          0.01397002	          0.01000040	          0.46193204	
          0.58308079	         -4.59247550	          0.28083145	         -7.87118162	          0.71214240	          0.81938624	          0.01238521	        -16.27805009	         -0.22465981	         -0.55827096	        -10.85670185	          4.98238968	         31.26421412	         29.92270100	         -1.71104936	         -5.34790729	        -10.48589985	          0.55711144	          0.23531328	         -6.71628820	         -0.09856549	          6.12635683	          0.15977176	          0.01000047	          0.01000116	          0.03097934	          0.01019020	          0.02273073	          0.12072698	          0.01183236	          0.15489848	          0.01001086	          0.01243793	          0.17983561	          0.20624893	          0.01369802	          0.11063618	          0.09918972	          0.01000177	          0.11043770	          0.17158920	          0.07157683	          0.14796777	          0.11026511	          0.06373068	          0.01000149	          0.01000066	          0.01180575	          0.01000049	          0.50753986	
          0.59408232	         -4.60040460	          0.26034301	         -7.81848191	          0.72760282	          0.81926135	          0.01196835	        -15.82434713	         -0.35040536	         -1.00181964	        -13.45582818	          3.91635548	         32.30364442	         29.71254121	         -1.59260324	         -5.14607668	        -11.96138085	          0.18703266	          0.21759555	         -6.57232722	         -0.52906849	          6.31111901	          0.18837856	          0.01000052	          0.01000110	          0.02617920	          0.05208570	          0.02831246	          0.10202098	          0.01000432	          0.13089769	          0.01000619	          0.01051910	          0.15197055	          0.18635959	          0.01157580	          0.11711282	          0.08382060	          0.01000167	          0.14694872	          0.21922403	          0.06105705	          0.12504123	          0.12870771	          0.05385585	          0.01000195	          0.01000312	          0.01000142	          0.01000088	          0.49503726	
          0.60508384	         -4.60119302	          0.23302216	         -7.73037882	          0.74286694	          0.81967610	          0.01146191	        -15.07281551	         -0.48187207	         -1.50440034	        -16.52413006	          2.75838772	         32.86411260	         29.53635738	         -1.47617953	         -4.99034945	        -13.53298124	          0.10159484	          0.20074570	         -6.45272142	         -0.94623157	          6.47037952	          0.21012539	          0.01000060	          0.01000107	          0.02212282	          0.11613108	          0.02475697	          0.08621350	          0.01000098	          0.11061575	          0.01000384	          0.01000215	          0.12842310	          0.15748456	          0.01000072	          0.12133621	          0.07083288	          0.01000156	          0.16903767	          0.26146610	          0.05723963	          0.10566710	          0.13288141	          0.04551109	          0.01000194	          0.02766575	          0.01000143	          0.01000069	          0.46578622	
          0.61608536	         -4.59575645	          0.19402501	         -7.60803250	          0.75789599	          0.82065700	          0.01088723	        -13.99397962	         -0.62293857	         -2.08113536	        -20.09359365	          1.50375456	         32.78032098	         29.34620646	         -1.36193327	         -4.86044203	        -15.10574027	          0.30348951	          0.18875923	         -6.35614624	         -1.34387954	          6.60271374	          0.21685567	          0.01000073	          0.01000112	          0.01869497	          0.17929529	          0.02211145	          0.07285548	          0.01000068	          0.09347644	          0.01000301	          0.01000107	          0.10852427	          0.13308280	          0.01000068	          0.12137243	          0.05985757	          0.01000161	          0.17887963	          0.28750174	          0.05571613	          0.08929500	          0.12737623	          0.03845932	          0.01000171	          0.04392010	          0.01000100	          0.01000045	          0.40769776	
          0.62708689	         -4.58534432	          0.14030611	         -7.45234250	          0.77268688	          0.82215668	          0.01026595	        -12.58832168	         -0.78279081	         -2.72606798	        -24.11747275	          0.03403302	         32.06260058	         29.07550139	         -1.24523328	         -4.72579802	        -16.55224992	          0.76710435	          0.19869836	         -6.27879989	         -1.71895642	          6.70609703	          0.21583975	          0.01000096	          0.01000121	          0.01579826	          0.24564704	          0.02811723	          0.06156757	          0.01000057	          0.07899282	          0.01000237	          0.01000057	          0.09170873	          0.11246197	          0.01000055	          0.11071470	          0.05058285	          0.01000169	          0.18196871	          0.29141224	          0.05711752	          0.07545979	          0.11151509	          0.03250021	          0.01000163	          0.07297109	          0.01000146	          0.01000068	          0.34452814	
          0.63808841	         -4.57223424	          0.06853316	         -7.26231963	          0.78722372	          0.82411266	          0.00961570	        -10.87710051	         -0.96812738	         -3.41796018	        -28.48954528	         -1.78819857	         30.75167433	         28.65261047	         -1.12154018	         -4.55898544	        -17.73081810	          1.45083726	          0.26150171	         -6.22096420	         -2.06824086	          6.77844091	          0.20881143	          0.01000075	          0.01000141	          0.01335041	          0.29475782	          0.03756673	          0.05202972	          0.01000047	          0.06675342	          0.01000204	          0.01000036	          0.07749873	          0.09503627	          0.01000030	          0.09356257	          0.04274523	          0.01000176	          0.17799983	          0.27402557	          0.05949027	          0.06376834	          0.09423832	          0.02746445	          0.01000140	          0.10163140	          0.01000110	          0.01000052	          0.29114585	
          0.64908994	         -4.55882255	         -0.02543899	         -7.03605425	          0.80147133	          0.82645324	          0.00894549	         -8.90151124	         -1.17981155	         -4.11604588	        -33.05598472	         -4.07777745	         28.89659357	         28.04396834	         -0.99371466	         -4.35157688	        -18.55623717	          2.23910056	          0.37533306	         -6.18789457	         -2.38642531	          6.81736651	          0.20519962	          0.02331013	          0.01000116	          0.01128191	          0.25664472	          0.06483427	          0.04397480	          0.01000424	          0.05641052	          0.01000147	          0.01000026	          0.06549057	          0.08031065	          0.01000399	          0.07906600	          0.03612203	          0.01000241	          0.17008652	          0.23187942	          0.06535810	          0.05388841	          0.07963713	          0.02320897	          0.01000137	          0.11135312	          0.01000212	          0.01000086	          0.24603533	
          0.66009146	         -4.54614860	         -0.14135705	         -6.77974107	          0.81539336	          0.82905972	          0.00825454	         -6.72421177	         -1.41409710	         -4.76329832	        -37.68396664	         -6.53869023	         26.21767548	         27.27484247	         -0.87048218	         -4.11375370	        -19.05326297	          3.03769336	          0.52735406	         -6.18567926	         -2.66785803	          6.82310377	          0.21597816	          0.05615221	          0.01000363	          0.01040471	          0.21687890	          0.05479858	          0.05154118	          0.01184325	          0.04767041	          0.01000166	          0.01000019	          0.05534317	          0.06786672	          0.13448057	          0.06681519	          0.03052509	          0.01000190	          0.16799491	          0.19595215	          0.06650202	          0.04553922	          0.06791663	          0.01961287	          0.01000105	          0.13080550	          0.01000091	          0.01000043	          0.21253336	
          0.67109299	         -4.53441111	         -0.27191714	         -6.49567670	          0.82897857	          0.83177529	          0.00755713	         -4.45536065	         -1.61701969	         -5.30067220	        -42.20520554	         -8.20414588	         22.85936174	         26.35961591	         -0.75313112	         -3.86129077	        -19.23009038	          3.77173336	          0.70832402	         -6.21557325	         -2.91279647	          6.78636206	          0.22083673	          0.06240573	          0.01001470	          0.01181913	          0.18327469	          0.04631288	          0.09862949	          0.01000868	          0.04028524	          0.01000139	          0.01000011	          0.04677109	          0.05735096	          0.14476843	          0.05646270	          0.02579539	          0.01000165	          0.15552091	          0.16559174	          0.06891084	          0.03848359	          0.06388348	          0.01657398	          0.01000105	          0.13770162	          0.01000100	          0.01000054	          0.19057971	
          0.68209451	         -4.52360026	         -0.41252263	         -6.18582046	          0.84224727	          0.83455158	          0.00687332	         -2.17596781	         -1.73614516	         -5.74287297	        -46.32612609	         -8.72700149	         19.87958031	         25.32698849	         -0.64518289	         -3.60512163	        -19.14512069	          4.46340491	          0.89900891	         -6.27508658	         -3.12328071	          6.70558928	          0.21434207	          0.06126378	          0.01000501	          0.01000056	          0.15487870	          0.03914014	          0.10866840	          0.01000052	          0.03404710	          0.01000173	          0.01000012	          0.06339320	          0.04846460	          0.18814049	          0.04771521	          0.02179856	          0.01000178	          0.14218691	          0.13993499	          0.07005499	          0.03252114	          0.05575182	          0.01400598	          0.01000120	          0.13288394	          0.01000097	          0.01000062	          0.17374824	
          0.69309603	         -4.51310384	         -0.56404442	         -5.85530096	          0.85522616	          0.83737358	          0.00618977	          0.10259177	         -1.78204668	         -6.12921373	        -49.98851490	         -8.64900503	         17.29490798	         24.21745037	         -0.55229197	         -3.34335650	        -18.87329057	          5.09891485	          1.08144379	         -6.36315686	         -3.29492977	          6.58831944	          0.20825446	          0.06014637	          0.01000385	          0.01000035	          0.13955436	          0.03307790	          0.13515534	          0.01000044	          0.03174664	          0.01000198	          0.01000013	          0.06047977	          0.04095516	          0.20320247	          0.04247133	          0.01842104	          0.01000192	          0.12956269	          0.11825342	          0.06983656	          0.02748251	          0.05009150	          0.01183593	          0.01000139	          0.12419760	          0.01000093	          0.01000072	          0.16059642	
          0.70409756	         -4.50193797	         -0.72861580	         -5.50808576	          0.86795383	          0.84019788	          0.00549908	          2.36852822	         -1.76601131	         -6.49274180	        -53.16856996	         -8.25317438	         15.04789134	         23.05914921	         -0.48104087	         -3.08079162	        -18.46763529	          5.65836366	          1.24938751	         -6.47697928	         -3.42387040	          6.44071149	          0.19927830	          0.06040415	          0.01000422	          0.01000032	          0.14264886	          0.02795447	          0.16914680	          0.01000039	          0.03938290	          0.01000245	          0.01000014	          0.05384624	          0.03460928	          0.19861025	          0.04374559	          0.01556690	          0.01000201	          0.11796882	          0.09993117	          0.06953920	          0.02322459	          0.04922249	          0.01000231	          0.01000151	          0.11533499	          0.01000095	          0.01000092	          0.14691351	
          0.71509908	         -4.48914653	         -0.90809935	         -5.14652113	          0.88047365	          0.84297584	          0.00480685	          4.60987390	         -1.69079675	         -6.84885268	        -55.85892033	         -7.65386238	         13.09302305	         21.86497906	         -0.43696391	         -2.82368003	        -17.95559861	          6.12895056	          1.40669695	         -6.61234733	         -3.50916630	          6.26495013	          0.19261034	          0.06096673	          0.01000440	          0.01000029	          0.14540481	          0.02362459	          0.21586243	          0.01000036	          0.04484630	          0.01000317	          0.01000015	          0.04550432	          0.02924668	          0.18857148	          0.04439404	          0.01315505	          0.01000204	          0.10880118	          0.08444768	          0.06919907	          0.01962645	          0.04861847	          0.01000075	          0.01000166	          0.10667501	          0.01000088	          0.01000096	          0.12459549	
          0.72610061	         -4.47390368	         -1.10148681	         -4.77310274	          0.89282336	          0.84566356	          0.00411868	          6.81904192	         -1.56162056	         -7.20652056	        -58.06960021	         -6.92619988	         11.39091191	         20.64216126	         -0.42082390	         -2.57224297	        -17.35555298	          6.51090100	          1.56026231	         -6.76504422	         -3.55307838	          6.06285518	          0.18701351	          0.06264968	          0.01000453	          0.01000027	          0.15057439	          0.01996544	          0.27511085	          0.01000034	          0.04987576	          0.01000398	          0.01000017	          0.03845408	          0.02471500	          0.17884823	          0.04551327	          0.01111710	          0.01000207	          0.10134602	          0.07136316	          0.06813936	          0.01658587	          0.04735730	          0.01000084	          0.01000187	          0.09950457	          0.01000090	          0.01000120	          0.10529439	
          0.73710213	         -4.45556858	         -1.30551375	         -4.39052357	          0.90503473	          0.84822234	          0.00343873	          8.99285621	         -1.38664175	         -7.57075859	        -59.82854810	         -6.11463011	          9.90853785	         19.39399141	         -0.43030968	         -2.32558906	        -16.68249810	          6.83070545	          1.71274088	         -6.93111917	         -3.56000602	          5.83610328	          0.18236936	          0.06540453	          0.01000461	          0.01000025	          0.15603352	          0.01687319	          0.34326221	          0.01000032	          0.05463881	          0.01000471	          0.01000019	          0.03249603	          0.02088550	          0.17142315	          0.04623194	          0.01000118	          0.01000209	          0.09549256	          0.06030596	          0.06613756	          0.01401654	          0.04500622	          0.01000084	          0.01000225	          0.09351554	          0.01000117	          0.01000281	          0.08898135	
          0.74810366	         -4.43375488	         -1.51511637	         -4.00148690	          0.91713262	          0.85061870	          0.00276955	         11.13209406	         -1.17630617	         -7.94319021	        -61.17930540	         -5.23904375	          8.61665706	         18.12195835	         -0.46079983	         -2.08250544	        -15.94392360	          7.09504656	          1.87020400	         -7.10724070	         -3.53601472	          5.58634313	          0.17918635	          0.06751231	          0.01000469	          0.01000024	          0.16249992	          0.01426008	          0.41497706	          0.01000031	          0.05917988	          0.01000523	          0.01000020	          0.02746109	          0.01764937	          0.16680635	          0.04584828	          0.01000152	          0.01000209	          0.09125645	          0.05096198	          0.06373938	          0.01184563	          0.04220449	          0.01000087	          0.01000256	          0.08570254	          0.01000106	          0.01494303	          0.07519572	
          0.75910518	         -4.40839561	         -1.72377617	         -3.60818700	          0.92913296	          0.85282778	          0.00211233	         13.24025183	         -0.94247923	         -8.32276834	        -62.17457594	         -4.30825990	          7.49017719	         16.82984411	         -0.50572267	         -1.84101563	        -15.14390106	          7.27980699	          2.04755039	         -7.29100318	         -3.48864151	          5.31542527	          0.17747156	          0.06932601	          0.01000478	          0.01000023	          0.16635421	          0.01205203	          0.48326823	          0.01000031	          0.06332662	          0.01000568	          0.01000022	          0.02320626	          0.01491468	          0.16513709	          0.04490991	          0.01000145	          0.01000208	          0.08872850	          0.04306579	          0.06078665	          0.01001247	          0.03903794	          0.01000092	          0.01000309	          0.07732283	          0.01000907	          0.02364541	          0.06354607	
          0.77010671	         -4.37967509	         -1.92411453	         -3.21222895	          0.94104798	          0.85483465	          0.00146757	         15.32054364	         -0.69828573	         -8.70745453	        -62.86757558	         -3.33088377	          6.50742180	         15.52276248	         -0.55756520	         -1.60024636	        -14.29043942	          7.37117851	          2.26393193	         -7.48021931	         -3.42630815	          5.02517087	          0.17693638	          0.06780308	          0.01000480	          0.01000023	          0.16924886	          0.01018689	          0.53885211	          0.01000030	          0.06618077	          0.01000631	          0.01000023	          0.01961068	          0.01260373	          0.16608467	          0.04548563	          0.01000144	          0.01000206	          0.08938959	          0.03639308	          0.05817051	          0.01000527	          0.03801355	          0.01000098	          0.01000329	          0.06917511	          0.03454558	          0.02606709	          0.05370210	
          0.78110823	         -4.34786933	         -2.10891873	         -2.81452676	          0.95288693	          0.85663387	          0.00083653	         17.37338368	         -0.45796647	         -9.09632509	        -63.30390271	         -2.32370343	          5.64946597	         14.21402996	         -0.60932497	         -1.36107700	        -13.40973472	          7.37763345	          2.53617008	         -7.67275987	         -3.35768027	          4.71740799	          0.17892905	          0.06961986	          0.01000463	          0.01000021	          0.14307755	          0.01000427	          0.57002128	          0.01000029	          0.07136294	          0.01000788	          0.01000027	          0.01657222	          0.01065090	          0.16964258	          0.04563471	          0.01000138	          0.01000203	          0.09541611	          0.03075427	          0.05328808	          0.01000613	          0.03538193	          0.01000105	          0.01000410	          0.06327418	          0.05437372	          0.02971509	          0.04538343	
          0.79210975	         -4.31326442	         -2.27196521	         -2.41725616	          0.96466991	          0.85822393	          0.00021179	         19.39375962	         -0.24405655	         -9.49602306	        -63.51618409	         -1.31500212	          4.90009371	         12.90635004	         -0.65430810	         -1.12651870	        -12.51750003	          7.34719999	          2.86239888	         -7.86509989	         -3.28858105	          4.39551908	          0.17941539	          0.06729929	          0.01000454	          0.01000020	          0.12090978	          0.01000315	          0.56145559	          0.01000029	          0.07528639	          0.01001227	          0.01000033	          0.01400457	          0.01000023	          0.18103021	          0.04645291	          0.01000137	          0.01000201	          0.10053734	          0.02598919	          0.04838214	          0.01000669	          0.03251045	          0.01000116	          0.01000486	          0.05761163	          0.07284820	          0.03222894	          0.03835381	
          0.80311128	         -4.27625054	         -2.40974346	         -2.02123077	          0.97643063	          0.85960871	         -0.00041185	         21.36287950	         -0.07266497	         -9.91177487	        -63.50113297	         -0.33847380	          4.24522609	         11.59378911	         -0.68807890	         -0.89839356	        -11.61222995	          7.30472143	          3.23412919	         -8.05215696	         -3.22280108	          4.06267610	          0.17857787	          0.05942463	          0.01000452	          0.01000022	          0.10217573	          0.01000194	          0.47446715	          0.01000030	          0.07974284	          0.01003448	          0.01000042	          0.01183482	          0.01000027	          0.19699317	          0.04667106	          0.01000140	          0.01000199	          0.10282750	          0.02196247	          0.04462201	          0.01000760	          0.03011902	          0.01000130	          0.01000557	          0.05151970	          0.09034182	          0.03402973	          0.03241370	
          0.81411280	         -4.23739447	         -2.51981901	         -1.62508535	          0.98821330	          0.86079777	         -0.00103460	         23.24241961	          0.04964847	        -10.34430767	        -63.20003860	          0.58302897	          3.67251927	         10.26961858	         -0.70738878	         -0.67647008	        -10.68796277	          7.25382414	          3.64160150	         -8.22765536	         -3.16482144	          3.72152382	          0.17558968	          0.05360074	          0.01000452	          0.01000025	          0.08634419	          0.01000133	          0.40095080	          0.01000032	          0.08335273	          0.01711282	          0.01000057	          0.01000168	          0.01000028	          0.21420610	          0.04648769	          0.01000146	          0.01000199	          0.10349292	          0.01855972	          0.04218402	          0.01000858	          0.02840160	          0.01000143	          0.01000585	          0.04546582	          0.10729676	          0.03503733	          0.02739459	
          0.82511433	         -4.19749185	         -2.60010596	         -1.22733890	          1.00005611	          0.86179677	         -0.00165543	         24.99367484	          0.12153616	        -10.78938329	        -62.54875267	          1.43388581	          3.17079856	          8.92854016	         -0.70968698	         -0.46052255	         -9.73850792	          7.19011795	          4.07612133	         -8.38642028	         -3.11914278	          3.37402875	          0.17134897	          0.04996346	          0.01000442	          0.01000031	          0.07296560	          0.01000101	          0.33882506	          0.01000038	          0.08620441	          0.02406980	          0.01000090	          0.01000079	          0.01000026	          0.23598347	          0.04639679	          0.01000150	          0.01000203	          0.10314844	          0.01568431	          0.04087176	          0.01000968	          0.02665774	          0.01000155	          0.01000578	          0.03997334	          0.12393728	          0.03533447	          0.02315423	
          0.83611585	         -4.15745692	         -2.64873753	         -0.82724374	          1.01198621	          0.86260257	         -0.00227347	         26.58773102	          0.14440627	        -11.23862685	        -61.50792007	          2.19641146	          2.73007585	          7.56665741	         -0.69286516	         -0.25014862	         -8.75873237	          7.10896694	          4.53087588	         -8.52497366	         -3.08972744	          3.02153888	          0.16663369	          0.04795240	          0.01000428	          0.01000041	          0.06165993	          0.01000082	          0.28632537	          0.01000046	          0.08809586	          0.02796568	          0.01000159	          0.01000071	          0.01000027	          0.25695921	          0.04665979	          0.01000155	          0.01000207	          0.10204974	          0.01325459	          0.04051421	          0.01001088	          0.02511638	          0.01000167	          0.01000552	          0.03501308	          0.14030396	          0.03503659	          0.01957304	
          0.84711738	         -4.11824660	         -2.66411441	         -0.42451430	          1.02402336	          0.86320441	         -0.00288809	         28.00363415	          0.12182850	        -11.68125636	        -60.05952808	          2.85775488	          2.34262212	          6.18093069	         -0.65521081	         -0.04506508	         -7.74461914	          7.00771550	          5.00090751	         -8.64093999	         -3.07993433	          2.66486359	          0.16145843	          0.04706537	          0.01000417	          0.01000059	          0.05210602	          0.01000071	          0.24196033	          0.01000059	          0.08887682	          0.02987025	          0.01000289	          0.01000061	          0.01000029	          0.27613521	          0.04694984	          0.01000159	          0.01000213	          0.10062150	          0.01120186	          0.04090660	          0.01001231	          0.02365047	          0.01000180	          0.01000517	          0.03050297	          0.15643944	          0.03419746	          0.01655288	
          0.85811890	         -4.08082947	         -2.64495824	         -0.01916374	          1.03618115	          0.86358591	         -0.00349898	         29.22729083	          0.05877429	        -12.10551831	        -58.20109300	          3.40052939	          2.00257927	          4.76943906	         -0.59540141	          0.15508782	         -6.69395133	          6.88552400	          5.48308955	         -8.73288717	         -3.09248770	          2.30450174	          0.15614468	          0.04701751	          0.01000400	          0.01000097	          0.04403244	          0.01000066	          0.20446953	          0.01000080	          0.08862909	          0.03017961	          0.01000370	          0.01000057	          0.01000031	          0.29061018	          0.04697681	          0.01000164	          0.01000221	          0.09919948	          0.01000340	          0.04179299	          0.01001429	          0.02232176	          0.01000193	          0.01000474	          0.02614179	          0.17255869	          0.03331028	          0.01409301	
          0.86912042	         -4.04615304	         -2.59045614	          0.38863801	          1.04846781	          0.86372644	         -0.00410644	         30.25064530	         -0.03905302	        -12.49969688	        -55.94140886	          3.80391286	          1.70596941	          3.33190975	         -0.51258436	          0.35040870	         -5.60814204	          6.74805511	          5.97292836	         -8.80025380	         -3.12928192	          1.94083179	          0.15028745	          0.04744161	          0.01000383	          0.01000189	          0.03720983	          0.01000063	          0.17278787	          0.01000116	          0.08766939	          0.02921418	          0.01000271	          0.01000057	          0.01000037	          0.29783005	          0.04673914	          0.01000169	          0.01000231	          0.09796011	          0.01000495	          0.04284468	          0.01001642	          0.02117635	          0.01000207	          0.01000442	          0.02224521	          0.18872798	          0.03356707	          0.02211370	
          0.88012195	         -4.01509999	         -2.50055493	          0.79866211	          1.06088672	          0.86360095	         -0.00471118	         31.07112307	         -0.16546572	        -12.85237294	        -53.29740315	          4.04702109	          1.45006008	          1.87053709	         -0.40667699	          0.54083035	         -4.49380291	          6.60627836	          6.46478249	         -8.84331463	         -3.19113899	          1.57421466	          0.14427096	          0.04822095	          0.01000371	          0.01000461	          0.03144437	          0.01000063	          0.14601532	          0.01000174	          0.08619545	          0.02729592	          0.01000167	          0.01000064	          0.01000048	          0.29627341	          0.04611173	          0.01000177	          0.01000241	          0.09693633	          0.01000525	          0.04412531	          0.01001993	          0.02028120	          0.01000224	          0.01000410	          0.01882240	          0.20505055	          0.03516708	          0.04060138	
          0.89112347	         -3.98848603	         -2.37619397	          1.21080093	          1.07343770	          0.86318254	         -0.00531403	         31.69057406	         -0.31383908	        -13.15192894	        -50.29055509	          4.11644871	          1.23277954	          0.38921253	         -0.27860773	          0.72663824	         -3.35960756	          6.46711590	          6.95750327	         -8.86298069	         -3.27758752	          1.20501231	          0.13828772	          0.04930277	          0.01000362	          0.01002424	          0.02657224	          0.01000065	          0.12339133	          0.01000290	          0.08513504	          0.02480907	          0.01000111	          0.01000080	          0.01000071	          0.28704783	          0.04502072	          0.01000183	          0.01000254	          0.09677271	          0.01000583	          0.04589149	          0.01002887	          0.01907418	          0.01000249	          0.01000376	          0.01592130	          0.22156143	          0.03834559	          0.06698572	
          0.90212500	         -3.96706278	         -2.21963128	          1.62524033	          1.08611558	          0.86244610	         -0.00591557	         32.11508124	         -0.47670022	        -13.38436439	        -46.94509766	          4.01714676	          1.05172029	         -1.10341174	         -0.13060251	          0.90731875	         -2.22270395	          6.33590273	          7.45871970	         -8.86098039	         -3.38652069	          0.83359526	          0.13264879	          0.05069124	          0.01000361	          0.01005863	          0.02245505	          0.01000070	          0.10427345	          0.01000707	          0.08713443	          0.02199382	          0.01000084	          0.01000109	          0.01000106	          0.27392281	          0.04247658	          0.01000188	          0.01000267	          0.09823272	          0.01000621	          0.04652706	          0.10073546	          0.02104257	          0.01000246	          0.01000383	          0.01768486	          0.23825860	          0.04327911	          0.08654412	
          0.91312652	         -3.95150270	         -2.03498531	          2.04265918	          1.09890374	          0.86137347	         -0.00651562	         32.35588278	         -0.64545372	        -13.53089041	        -43.28930838	          3.78003948	          0.90271159	         -2.58205719	          0.03375961	          1.07937185	         -1.13058807	          6.22938114	          7.98330679	         -8.84065085	         -3.51357201	          0.46033613	          0.12855655	          0.05226063	          0.01000357	          0.01000523	          0.01897583	          0.01000076	          0.08812034	          0.01565253	          0.09410102	          0.01898875	          0.01000067	          0.01000177	          0.01000154	          0.26086319	          0.04162048	          0.01000191	          0.01000275	          0.10193446	          0.01000677	          0.04804903	          0.20198674	          0.02223818	          0.01000262	          0.01000388	          0.01887634	          0.25506993	          0.04981802	          0.10467679	
          0.92412805	         -3.94229678	         -1.82791073	          2.46390151	          1.11179086	          0.85995719	         -0.00711163	         32.42408750	         -0.81269132	        -13.57430721	        -39.35385477	          3.45678104	          0.77904416	         -4.02020098	          0.20928542	          1.24046440	         -0.13461962	          6.17515257	          8.54151915	         -8.80429855	         -3.65300925	          0.08570331	          0.12634465	          0.05313960	          0.01000344	          0.01000211	          0.01603573	          0.01000079	          0.07920056	          0.02986353	          0.10559643	          0.01683423	          0.01000059	          0.01000316	          0.01000192	          0.25030888	          0.04324820	          0.01000193	          0.01000276	          0.10867563	          0.01000748	          0.04936361	          0.30443204	          0.02226575	          0.01000303	          0.01000392	          0.01597147	          0.27167381	          0.05803338	          0.12273983	
          0.93512957	         -3.93962072	         -1.60565212	          2.88954974	          1.12477451	          0.85819939	         -0.00769996	         32.33603900	         -0.97602765	        -13.50718567	        -35.19614903	          3.10178061	          0.67364282	         -5.39558499	          0.38894135	          1.38901098	          0.72062450	          6.20072470	          9.14151947	         -8.75257562	         -3.79757197	         -0.28924235	          0.12579348	          0.05765193	          0.01000332	          0.01000138	          0.01355129	          0.01000079	          0.13023253	          0.05319834	          0.12094422	          0.01789355	          0.01000066	          0.01000408	          0.01000242	          0.23992883	          0.04428562	          0.01000188	          0.01000269	          0.11811522	          0.01000698	          0.04732651	          0.40505698	          0.01884016	          0.01000339	          0.01000400	          0.01350321	          0.28821241	          0.06782710	          0.14070619	
          0.94613110	         -3.94331072	         -1.37785228	          3.31877536	          1.13784934	          0.85610864	         -0.00828014	         32.13456680	         -1.14140221	        -13.33395363	        -30.95634735	          2.75648527	          0.58343249	         -6.69310884	          0.56320563	          1.52448231	          1.40521393	          6.32680195	          9.79002518	         -8.68646617	         -3.93606771	         -0.66239137	          0.12412342	          0.06636034	          0.01000328	          0.01000101	          0.01145210	          0.01000083	          0.14505429	          0.07325274	          0.13888110	          0.01863234	          0.01000073	          0.01000458	          0.01000266	          0.23265615	          0.04460789	          0.01000175	          0.01000263	          0.12577348	          0.01000630	          0.04410257	          0.49953080	          0.01592355	          0.01000457	          0.01000350	          0.01141546	          0.30457817	          0.07959292	          0.15900598	
          0.95713262	         -3.95331439	         -1.15549232	          3.74983820	          1.15101027	          0.85371250	         -0.00885126	         31.86115801	         -1.31221550	        -13.05789090	        -26.75984213	          2.44584614	          0.50741214	         -7.90537765	          0.72144099	          1.64433585	          1.90674690	          6.55808580	         10.49384092	         -8.60719840	         -4.05511843	         -1.03223142	          0.12280022	          0.07951567	          0.01000359	          0.01000072	          0.01000275	          0.01000094	          0.14673928	          0.08841022	          0.15607847	          0.01916197	          0.01000082	          0.01000515	          0.01000285	          0.22734193	          0.04151634	          0.01000176	          0.01000247	          0.13036533	          0.01000561	          0.03788874	          0.58349197	          0.01345765	          0.01000481	          0.01000281	          0.01000505	          0.32070834	          0.09328938	          0.17521768	
          0.96813414	         -3.96978060	         -0.94906141	          4.18024163	          1.16425238	          0.85105718	         -0.00941584	         31.55082490	         -1.48963085	        -12.67931670	        -22.70323569	          2.18238782	          0.44460818	         -9.03241005	          0.85366505	          1.74693635	          2.23132306	          6.87475023	         11.26533619	         -8.51638791	         -4.14027741	         -1.39766838	          0.12415923	          0.09828107	          0.01000291	          0.01000055	          0.01000839	          0.01000096	          0.14404998	          0.09560453	          0.16757006	          0.02116274	          0.01000092	          0.01000497	          0.01000289	          0.22415847	          0.03509484	          0.01000153	          0.01000226	          0.13091986	          0.01000500	          0.03204458	          0.65056473	          0.01137348	          0.01039477	          0.01000213	          0.01000233	          0.33604697	          0.10959295	          0.17114630	
          0.97913567	         -3.99299074	         -0.76730032	          4.60579224	          1.17757226	          0.84820682	         -0.00997808	         31.23361179	         -1.67277453	        -12.20178244	        -18.86628591	          1.97279679	          0.39368596	        -10.08203592	          0.95171490	          1.83203990	          2.40311613	          7.23385320	         12.12376085	         -8.41589483	         -4.17751329	         -1.75738106	          0.11855896	          0.12047340	          0.01000404	          0.01000059	          0.02819211	          0.01000116	          0.14757510	          0.09204980	          0.17307524	          0.01888928	          0.01000106	          0.01000450	          0.01000288	          0.22281944	          0.02965805	          0.01000165	          0.01000212	          0.12853702	          0.01000551	          0.04293357	          0.69607975	          0.01000446	          0.05604523	          0.01000167	          0.01000181	          0.35025772	          0.12779301	          0.14463123	
          0.99013719	         -4.02341739	         -0.61682188	          5.02142702	          1.19095797	          0.84524128	         -0.01052728	         30.93543679	         -1.85320946	        -11.64751757	        -15.31823348	          1.82153915	          0.35322855	        -11.05289001	          1.00902151	          1.89867303	          2.42856785	          7.60826200	         13.07661992	         -8.30977644	         -4.15716486	         -2.11262869	          0.11175100	          0.14558943	          0.01000580	          0.01000078	          0.04533088	          0.01000145	          0.15021373	          0.08323017	          0.17473399	          0.01597541	          0.01000130	          0.01000545	          0.01000275	          0.22382789	          0.02506321	          0.01000169	          0.01000205	          0.12635063	          0.01000564	          0.05832674	          0.71714957	          0.01001052	          0.11813614	          0.01000138	          0.01000151	          0.36288265	          0.14729400	          0.12222195	
          1.00113872	         -4.06140247	         -0.50095494	          5.42111880	          1.20439655	          0.84224273	         -0.01104535	         30.67728904	         -2.01933612	        -11.04763954	        -12.11313535	          1.73507547	          0.32175081	        -11.94150465	          1.02369461	          1.93715063	          2.30897429	          7.97976304	         14.11763528	         -8.20317984	         -4.07429197	         -2.46604716	          0.09929348	          0.16908779	          0.01012641	          0.01000148	          0.05950318	          0.01000906	          0.12831198	          0.07034113	          0.17764710	          0.01350601	          0.01000168	          0.01000297	          0.01000192	          0.22722469	          0.02118028	          0.01000144	          0.01000226	          0.12684776	          0.01000457	          0.07085942	          0.71232098	          0.01000924	          0.18973692	          0.01000115	          0.01000130	          0.37334769	          0.16733728	          0.10328444	
          1.01214024	         -4.10694006	         -0.42000608	          5.79933717	          1.21788247	          0.83928810	         -0.01151067	         30.46959606	         -2.15850619	        -10.42690403	         -9.27793876	          1.71883298	          0.29789999	        -12.74612240	          0.99732141	          1.93652992	          2.04873677	          8.32094128	         15.24329866	         -8.10097187	         -3.92852887	         -2.82051760	          0.10334796	          0.17522686	          0.01002283	          0.01000152	          0.05061078	          0.03797342	          0.11169122	          0.05944271	          0.18331205	          0.01143019	          0.01000208	          0.01000351	          0.01000206	          0.22683561	          0.01789986	          0.01000149	          0.01000196	          0.12763811	          0.01000537	          0.05993077	          0.68085566	          0.01002944	          0.28582993	          0.01000120	          0.01000127	          0.38105509	          0.18708307	          0.08728105	
          1.02314177	         -4.15879595	         -0.37171304	          6.15433480	          1.23143229	          0.83644712	         -0.01191854	         30.31845327	         -2.26750948	         -9.80053525	         -6.87465112	          1.77036040	          0.28183091	        -13.46233550	          0.93379236	          1.89423371	          1.64123189	          8.60850601	         16.45182654	         -8.00379925	         -3.72123991	         -3.17491034	          0.10833665	          0.17838182	          0.01000726	          0.01000182	          0.04278095	          0.07203900	          0.09449177	          0.05023264	          0.19097977	          0.01488739	          0.01000327	          0.01000245	          0.01000163	          0.22857622	          0.01514989	          0.01000108	          0.01000175	          0.12417660	          0.01000495	          0.05064962	          0.62684763	          0.01000947	          0.37759071	          0.01000140	          0.01000126	          0.38532409	          0.20542045	          0.07375726	
          1.03414329	         -4.21519698	         -0.35008304	          6.48490802	          1.24507394	          0.83377821	         -0.01226639	         30.22183065	         -2.34510719	         -9.18285646	         -4.96106410	          1.88027964	          0.27184411	        -14.08416556	          0.84030906	          1.81083196	          1.07258497	          8.82309618	         17.74241498	         -7.91049695	         -3.45865893	         -3.52555148	          0.11200854	          0.18515552	          0.01000627	          0.01000263	          0.03619840	          0.09997441	          0.10185211	          0.04244955	          0.19367112	          0.02246749	          0.01000447	          0.01000185	          0.01000132	          0.23098871	          0.01822001	          0.01000087	          0.01000160	          0.12101783	          0.01000414	          0.04280468	          0.54933309	          0.01000684	          0.44418981	          0.01000162	          0.01000127	          0.38526951	          0.22191717	          0.06232890	
          1.04514481	         -4.27420445	         -0.34771291	          6.78910761	          1.25884359	          0.83132100	         -0.01254996	         30.17639457	         -2.38915875	         -8.58678090	         -3.58854838	          2.03597052	          0.26709096	        -14.61556949	          0.72565834	          1.68180688	          0.34583941	          8.93950481	         19.11424101	         -7.81861218	         -3.14927155	         -3.87011213	          0.11604451	          0.19400412	          0.01000473	          0.01000771	          0.03264287	          0.12131185	          0.16155179	          0.03587238	          0.19273194	          0.01959899	          0.01423899	          0.01000146	          0.01000116	          0.23278430	          0.02581784	          0.01000068	          0.01000148	          0.11507937	          0.01000334	          0.03617465	          0.46422138	          0.01000298	          0.48144371	          0.01000191	          0.01000123	          0.38066203	          0.23574927	          0.05267131	
          1.05614634	         -4.33354102	         -0.35652705	          7.06349588	          1.27278275	          0.82909473	         -0.01276461	         30.18270639	         -2.39681115	         -8.02361200	         -2.81640322	          2.21691493	          0.26649944	        -15.06757083	          0.59839067	          1.50780849	         -0.52633660	          8.93508371	         20.56173413	         -7.72468171	         -2.80223970	         -4.20674023	          0.12484035	          0.20193100	          0.01000425	          0.01333525	          0.04123625	          0.13573136	          0.22261187	          0.03031427	          0.18717520	          0.01656672	          0.01399501	          0.01000139	          0.01000098	          0.23411623	          0.03608202	          0.01000061	          0.01000127	          0.10066539	          0.01000340	          0.03057181	          0.39229322	          0.01000618	          0.47114788	          0.01000249	          0.01000133	          0.37123776	          0.24631238	          0.04451012	
          1.06714786	         -4.39070469	         -0.36652229	          7.30423210	          1.28694201	          0.82710036	         -0.01290988	         30.23321836	         -2.36467189	         -7.50675990	         -2.68045878	          2.38776031	          0.26858869	        -15.45208648	          0.46725387	          1.30111179	         -1.53397532	          8.79409507	         22.07394687	         -7.62361517	         -2.42811413	         -4.53338493	          0.13220855	          0.20946376	          0.01000373	          0.01403248	          0.04908330	          0.14118961	          0.26298182	          0.02561736	          0.17499907	          0.01400225	          0.01183147	          0.01000203	          0.01000104	          0.23529972	          0.04598618	          0.01000053	          0.01000112	          0.08506809	          0.01000323	          0.02583710	          0.33150942	          0.01002678	          0.42531887	          0.01000357	          0.01000140	          0.35690612	          0.25302154	          0.03761348	
          1.07814939	         -4.44324775	         -0.36793156	          7.50695222	          1.30137115	          0.82531857	         -0.01299184	         30.31426587	         -2.29072465	         -7.05315890	         -3.18656311	          2.49368708	          0.27263054	        -15.78277869	          0.34195297	          1.06813360	         -2.66435603	          8.50478770	         23.63700720	         -7.51041503	         -2.03607304	         -4.84706307	          0.13826486	          0.20731865	          0.01000347	          0.01186100	          0.04938714	          0.13380093	          0.27949261	          0.02164827	          0.14788596	          0.01183489	          0.01000324	          0.01000443	          0.01000126	          0.23610741	          0.05025786	          0.01000049	          0.01000105	          0.07188717	          0.01000297	          0.02183624	          0.28014363	          0.01055501	          0.35943607	          0.01000621	          0.01000154	          0.33820112	          0.25509724	          0.03178544	
          1.08915091	         -4.48915528	         -0.35351336	          7.66808875	          1.31610908	          0.82371420	         -0.01302173	         30.40293650	         -2.17820647	         -6.67777495	         -4.30866857	          2.43866470	          0.27649695	        -16.07022765	          0.23128653	          0.80697901	         -3.90838543	          8.06391503	         25.23237105	         -7.38138916	         -1.63261298	         -5.14368970	          0.12650726	          0.19450274	          0.01000242	          0.01002432	          0.07461962	          0.12461743	          0.26910223	          0.01829454	          0.12497172	          0.01000852	          0.01000181	          0.01445843	          0.01000099	          0.26181679	          0.06365308	          0.01000035	          0.01000094	          0.06074852	          0.01000218	          0.01845587	          0.23673667	          0.01000134	          0.30374430	          0.01001010	          0.01000102	          0.31453113	          0.25334169	          0.02686045	
          1.10015244	         -4.52686523	         -0.32438183	          7.78436083	          1.33118445	          0.82225609	         -0.01299072	         30.45218060	         -2.04473946	         -6.35545800	         -5.96023505	          2.13963537	          0.27825903	        -16.30969909	          0.13374439	          0.51732139	         -5.28212779	          7.48196920	         26.83521312	         -7.23294309	         -1.22230629	         -5.42117195	          0.10690611	          0.16436616	          0.01000330	          0.01000022	          0.13941448	          0.10695214	          0.24517083	          0.04438206	          0.10560782	          0.01000640	          0.01000071	          0.01956212	          0.01219364	          0.27425221	          0.10294048	          0.01000065	          0.01000137	          0.05133574	          0.01000593	          0.01560478	          0.20005536	          0.01001123	          0.25668066	          0.01001452	          0.01000170	          0.28945674	          0.24776704	          0.02269856	
          1.11115396	         -4.55548720	         -0.30593102	          7.85884015	          1.34659732	          0.82097241	         -0.01290220	         30.35635563	         -1.93738257	         -5.94835920	         -7.62827068	          1.70593675	          0.26275072	        -16.47208991	          0.02212945	          0.19654615	         -6.83228498	          6.77168045	         28.41489600	         -7.05892281	         -0.78706064	         -5.68108355	          0.09034173	          0.13889867	          0.01000175	          0.02076467	          0.11781312	          0.09493756	          0.20720120	          0.08356321	          0.08924424	          0.01000110	          0.01000038	          0.01653129	          0.01030457	          0.37538821	          0.11396004	          0.01000043	          0.01000361	          0.04338144	          0.01004910	          0.01400316	          0.16905765	          0.01000423	          0.21690911	          0.01000261	          0.01000143	          0.25183016	          0.23756017	          0.01918156	
          1.12215549	         -4.57726429	         -0.29675522	          7.88665091	          1.36217261	          0.81997944	         -0.01269874	         30.15059955	         -1.82542846	         -5.60677836	         -9.07676994	          1.12698177	          0.25165836	        -16.48271846	         -0.10267567	         -0.16089696	         -8.66201227	          5.93845296	         29.92048748	         -6.87976815	         -0.34059853	         -5.91694844	          0.10370638	          0.11737686	          0.01000177	          0.06768049	          0.12316932	          0.08125745	          0.17509776	          0.09838205	          0.07541615	          0.01000136	          0.01000058	          0.01397002	          0.01000040	          0.46193204	          0.12348680	          0.01000034	          0.01000123	          0.03665963	          0.01000252	          0.01187762	          0.14286291	          0.01000313	          0.18330000	          0.01001944	          0.01000433	          0.21280993	          0.22341780	          0.01620952	
          1.13315701	         -4.59247550	         -0.28083145	          7.87118162	          1.37773463	          0.81938624	         -0.01238521	         29.92270100	         -1.71104936	         -5.34790729	        -10.48589985	          0.55711144	          0.23531328	        -16.27805009	         -0.22465981	         -0.55827096	        -10.85670185	          4.98238968	         31.26421412	         -6.71628820	          0.09856549	         -6.12635683	          0.11063618	          0.09918972	          0.01000177	          0.11043770	          0.17158920	          0.07157683	          0.14796777	          0.11026511	          0.06373068	          0.01000149	          0.01000066	          0.01180575	          0.01000049	          0.50753986	          0.15977176	          0.01000047	          0.01000116	          0.03097934	          0.01019020	          0.02273073	          0.12072698	          0.01183236	          0.15489848	          0.01001086	          0.01243793	          0.17983561	          0.20624893	          0.01369802	
          1.14415853	         -4.60040460	         -0.26034301	          7.81848191	          1.39319504	          0.81926135	         -0.01196835	         29.71254121	         -1.59260324	         -5.14607668	        -11.96138085	          0.18703266	          0.21759555	        -15.82434713	         -0.35040536	         -1.00181964	        -13.45582818	          3.91635548	         32.30364442	         -6.57232722	          0.52906849	         -6.31111901	          0.11711282	          0.08382060	          0.01000167	          0.14694872	          0.21922403	          0.06105705	          0.12504123	          0.12870771	          0.05385585	          0.01000195	          0.01000312	          0.01000142	          0.01000088	          0.49503726	          0.18837856	          0.01000052	          0.01000110	          0.02617920	          0.05208570	          0.02831246	          0.10202098	          0.01000432	          0.13089769	          0.01000619	          0.01051910	          0.15197055	          0.18635959	          0.01157580	
          1.15516006	         -4.60119302	         -0.23302216	          7.73037882	          1.40845916	          0.81967610	         -0.01146191	         29.53635738	         -1.47617953	         -4.99034945	        -13.53298124	          0.10159484	          0.20074570	        -15.07281551	         -0.48187207	         -1.50440034	        -16.52413006	          2.75838772	         32.86411260	         -6.45272142	          0.94623157	         -6.47037952	          0.12133621	          0.07083288	          0.01000156	          0.16903767	          0.26146610	          0.05723963	          0.10566710	          0.13288141	          0.04551109	          0.01000194	          0.02766575	          0.01000143	          0.01000069	          0.46578622	          0.21012539	          0.01000060	          0.01000107	          0.02212282	          0.11613108	          0.02475697	          0.08621350	          0.01000098	          0.11061575	          0.01000384	          0.01000215	          0.12842310	          0.15748456	          0.01000072	
          1.16616158	         -4.59575645	         -0.19402501	          7.60803250	          1.42348821	          0.82065700	         -0.01088723	         29.34620646	         -1.36193327	         -4.86044203	        -15.10574027	          0.30348951	          0.18875923	        -13.99397962	         -0.62293857	         -2.08113536	        -20.09359365	          1.50375456	         32.78032098	         -6.35614624	          1.34387954	         -6.60271374	          0.12137243	          0.05985757	          0.01000161	          0.17887963	          0.28750174	          0.05571613	          0.08929500	          0.12737623	          0.03845932	          0.01000171	          0.04392010	          0.01000100	          0.01000045	          0.40769776	          0.21685567	          0.01000073	          0.01000112	          0.01869497	          0.17929529	          0.02211145	          0.07285548	          0.01000068	          0.09347644	          0.01000301	          0.01000107	          0.10852427	          0.13308280	          0.01000068	
          1.17716311	         -4.58534432	         -0.14030611	          7.45234250	          1.43827910	          0.82215668	         -0.01026595	         29.07550139	         -1.24523328	         -4.72579802	        -16.55224992	          0.76710435	          0.19869836	        -12.58832168	         -0.78279081	         -2.72606798	        -24.11747275	          0.03403302	         32.06260058	         -6.27879989	          1.71895642	         -6.70609703	          0.11071470	          0.05058285	          0.01000169	          0.18196871	          0.29141224	          0.05711752	          0.07545979	          0.11151509	          0.03250021	          0.01000163	          0.07297109	          0.01000146	          0.01000068	          0.34452814	          0.21583975	          0.01000096	          0.01000121	          0.01579826	          0.24564704	          0.02811723	          0.06156757	          0.01000057	          0.07899282	          0.01000237	          0.01000057	          0.09170873	          0.11246197	          0.01000055	
          1.18816463	         -4.57223424	         -0.06853316	          7.26231963	          1.45281594	          0.82411266	         -0.00961570	         28.65261047	         -1.12154018	         -4.55898544	        -17.73081810	          1.45083726	          0.26150171	        -10.87710051	         -0.96812738	         -3.41796018	        -28.48954528	         -1.78819857	         30.75167433	         -6.22096420	          2.06824086	         -6.77844091	          0.09356257	          0.04274523	          0.01000176	          0.17799983	          0.27402557	          0.05949027	          0.06376834	          0.09423832	          0.02746445	          0.01000140	          0.10163140	          0.01000110	          0.01000052	          0.29114585	          0.20881143	          0.01000075	          0.01000141	          0.01335041	          0.29475782	          0.03756673	          0.05202972	          0.01000047	          0.06675342	          0.01000204	          0.01000036	          0.07749873	          0.09503627	          0.01000030	
          1.19916616	         -4.55882255	          0.02543899	          7.03605425	          1.46706355	          0.82645324	         -0.00894549	         28.04396834	         -0.99371466	         -4.35157688	        -18.55623717	          2.23910056	          0.37533306	         -8.90151124	         -1.17981155	         -4.11604588	        -33.05598472	         -4.07777745	         28.89659357	         -6.18789457	          2.38642531	         -6.81736651	          0.07906600	          0.03612203	          0.01000241	          0.17008652	          0.23187942	          0.06535810	          0.05388841	          0.07963713	          0.02320897	          0.01000137	          0.11135312	          0.01000212	          0.01000086	          0.24603533	          0.20519962	          0.02331013	          0.01000116	          0.01128191	          0.25664472	          0.06483427	          0.04397480	          0.01000424	          0.05641052	          0.01000147	          0.01000026	          0.06549057	          0.08031065	          0.01000399	
          1.21016768	         -4.54614860	          0.14135705	          6.77974107	          1.48098559	          0.82905972	         -0.00825454	         27.27484247	         -0.87048218	         -4.11375370	        -19.05326297	          3.03769336	          0.52735406	         -6.72421177	         -1.41409710	         -4.76329832	        -37.68396664	         -6.53869023	         26.21767548	         -6.18567926	          2.66785803	         -6.82310377	          0.06681519	          0.03052509	          0.01000190	          0.16799491	          0.19595215	          0.06650202	          0.04553922	          0.06791663	          0.01961287	          0.01000105	          0.13080550	          0.01000091	          0.01000043	          0.21253336	          0.21597816	          0.05615221	          0.01000363	          0.01040471	          0.21687890	          0.05479858	          0.05154118	          0.01184325	          0.04767041	          0.01000166	          0.01000019	          0.05534317	          0.06786672	          0.13448057	
          1.22116920	         -4.53441111	          0.27191714	          6.49567670	          1.49457079	          0.83177529	         -0.00755713	         26.35961591	         -0.75313112	         -3.86129077	        -19.23009038	          3.77173336	          0.70832402	         -4.45536065	         -1.61701969	         -5.30067220	        -42.20520554	         -8.20414588	         22.85936174	         -6.21557325	          2.91279647	         -6.78636206	          0.05646270	          0.02579539	          0.01000165	          0.15552091	          0.16559174	          0.06891084	          0.03848359	          0.06388348	          0.01657398	          0.01000105	          0.13770162	          0.01000100	          0.01000054	          0.19057971	          0.22083673	          0.06240573	          0.01001470	          0.01181913	          0.18327469	          0.04631288	          0.09862949	          0.01000868	          0.04028524	          0.01000139	          0.01000011	          0.04677109	          0.05735096	          0.14476843	
          1.23217073	         -4.52360026	          0.41252263	          6.18582046	          1.50783949	          0.83455158	         -0.00687332	         25.32698849	         -0.64518289	         -3.60512163	        -19.14512069	          4.46340491	          0.89900891	         -2.17596781	         -1.73614516	         -5.74287297	        -46.32612609	         -8.72700149	         19.87958031	         -6.27508658	          3.12328071	         -6.70558928	          0.04771521	          0.02179856	          0.01000178	          0.14218691	          0.13993499	          0.07005499	          0.03252114	          0.05575182	          0.01400598	          0.01000120	          0.13288394	          0.01000097	          0.01000062	          0.17374824	          0.21434207	          0.06126378	          0.01000501	          0.01000056	          0.15487870	          0.03914014	          0.10866840	          0.01000052	          0.03404710	          0.01000173	          0.01000012	          0.06339320	          0.04846460	          0.18814049	
          1.24317225	         -4.51310384	          0.56404442	          5.85530096	          1.52081839	          0.83737358	         -0.00618977	         24.21745037	         -0.55229197	         -3.34335650	        -18.87329057	          5.09891485	          1.08144379	          0.10259177	         -1.78204668	         -6.12921373	        -49.98851490	         -8.64900503	         17.29490798	         -6.36315686	          3.29492977	         -6.58831944	          0.04247133	          0.01842104	          0.01000192	          0.12956269	          0.11825342	          0.06983656	          0.02748251	          0.05009150	          0.01183593	          0.01000139	          0.12419760	          0.01000093	          0.01000072	          0.16059642	          0.20825446	          0.06014637	          0.01000385	          0.01000035	          0.13955436	          0.03307790	          0.13515534	          0.01000044	          0.03174664	          0.01000198	          0.01000013	          0.06047977	          0.04095516	          0.20320247	
          1.25417378	         -4.50193797	          0.72861580	          5.50808576	          1.53354605	          0.84019788	         -0.00549908	         23.05914921	         -0.48104087	         -3.08079162	        -18.46763529	          5.65836366	          1.24938751	          2.36852822	         -1.76601131	         -6.49274180	        -53.16856996	         -8.25317438	         15.04789134	         -6.47697928	          3.42387040	         -6.44071149	          0.04374559	          0.01556690	          0.01000201	          0.11796882	          0.09993117	          0.06953920	          0.02322459	          0.04922249	          0.01000231	          0.01000151	          0.11533499	          0.01000095	          0.01000092	          0.14691351	          0.19927830	          0.06040415	          0.01000422	          0.01000032	          0.14264886	          0.02795447	          0.16914680	          0.01000039	          0.03938290	          0.01000245	          0.01000014	          0.05384624	          0.03460928	          0.19861025	
          1.26517530	         -4.48914653	          0.90809935	          5.14652113	          1.54606588	          0.84297584	         -0.00480685	         21.86497906	         -0.43696391	         -2.82368003	        -17.95559861	          6.12895056	          1.40669695	          4.60987390	         -1.69079675	         -6.84885268	        -55.85892033	         -7.65386238	         13.09302305	         -6.61234733	          3.50916630	         -6.26495013	          0.04439404	          0.01315505	          0.01000204	          0.10880118	          0.08444768	          0.06919907	          0.01962645	          0.04861847	          0.01000075	          0.01000166	          0.10667501	          0.01000088	          0.01000096	          0.12459549	          0.19261034	          0.06096673	          0.01000440	          0.01000029	          0.14540481	          0.02362459	          0.21586243	          0.01000036	          0.04484630	          0.01000317	          0.01000015	          0.04550432	          0.02924668	          0.18857148	
          1.27617683	         -4.47390368	          1.10148681	          4.77310274	          1.55841559	          0.84566356	         -0.00411868	         20.64216126	         -0.42082390	         -2.57224297	        -17.35555298	          6.51090100	          1.56026231	          6.81904192	         -1.56162056	         -7.20652056	        -58.06960021	         -6.92619988	         11.39091191	         -6.76504422	          3.55307838	         -6.06285518	          0.04551327	          0.01111710	          0.01000207	          0.10134602	          0.07136316	          0.06813936	          0.01658587	          0.04735730	          0.01000084	          0.01000187	          0.09950457	          0.01000090	          0.01000120	          0.10529439	          0.18701351	          0.06264968	          0.01000453	          0.01000027	          0.15057439	          0.01996544	          0.27511085	          0.01000034	          0.04987576	          0.01000398	          0.01000017	          0.03845408	          0.02471500	          0.17884823	
          1.28717835	         -4.45556858	          1.30551375	          4.39052357	          1.57062695	          0.84822234	         -0.00343873	         19.39399141	         -0.43030968	         -2.32558906	        -16.68249810	          6.83070545	          1.71274088	          8.99285621	         -1.38664175	         -7.57075859	        -59.82854810	         -6.11463011	          9.90853785	         -6.93111917	          3.56000602	         -5.83610328	          0.04623194	          0.01000118	          0.01000209	          0.09549256	          0.06030596	          0.06613756	          0.01401654	          0.04500622	          0.01000084	          0.01000225	          0.09351554	          0.01000117	          0.01000281	          0.08898135	          0.18236936	          0.06540453	          0.01000461	          0.01000025	          0.15603352	          0.01687319	          0.34326221	          0.01000032	          0.05463881	          0.01000471	          0.01000019	          0.03249603	          0.02088550	          0.17142315	
          1.29817987	         -4.43375488	          1.51511637	          4.00148690	          1.58272484	          0.85061870	         -0.00276955	         18.12195835	         -0.46079983	         -2.08250544	        -15.94392360	          7.09504656	          1.87020400	         11.13209406	         -1.17630617	         -7.94319021	        -61.17930540	         -5.23904375	          8.61665706	         -7.10724070	          3.53601472	         -5.58634313	          0.04584828	          0.01000152	          0.01000209	          0.09125645	          0.05096198	          0.06373938	          0.01184563	          0.04220449	          0.01000087	          0.01000256	          0.08570254	          0.01000106	          0.01494303	          0.07519572	          0.17918635	          0.06751231	          0.01000469	          0.01000024	          0.16249992	          0.01426008	          0.41497706	          0.01000031	          0.05917988	          0.01000523	          0.01000020	          0.02746109	          0.01764937	          0.16680635	
          1.30918140	         -4.40839561	          1.72377617	          3.60818700	          1.59472518	          0.85282778	         -0.00211233	         16.82984411	         -0.50572267	         -1.84101563	        -15.14390106	          7.27980699	          2.04755039	         13.24025183	         -0.94247923	         -8.32276834	        -62.17457594	         -4.30825990	          7.49017719	         -7.29100318	          3.48864151	         -5.31542527	          0.04490991	          0.01000145	          0.01000208	          0.08872850	          0.04306579	          0.06078665	          0.01001247	          0.03903794	          0.01000092	          0.01000309	          0.07732283	          0.01000907	          0.02364541	          0.06354607	          0.17747156	          0.06932601	          0.01000478	          0.01000023	          0.16635421	          0.01205203	          0.48326823	          0.01000031	          0.06332662	          0.01000568	          0.01000022	          0.02320626	          0.01491468	          0.16513709	
          1.32018292	         -4.37967509	          1.92411453	          3.21222895	          1.60664021	          0.85483465	         -0.00146757	         15.52276248	         -0.55756520	         -1.60024636	        -14.29043942	          7.37117851	          2.26393193	         15.32054364	         -0.69828573	         -8.70745453	        -62.86757558	         -3.33088377	          6.50742180	         -7.48021931	          3.42630815	         -5.02517087	          0.04548563	          0.01000144	          0.01000206	          0.08938959	          0.03639308	          0.05817051	          0.01000527	          0.03801355	          0.01000098	          0.01000329	          0.06917511	          0.03454558	          0.02606709	          0.05370210	          0.17693638	          0.06780308	          0.01000480	          0.01000023	          0.16924886	          0.01018689	          0.53885211	          0.01000030	          0.06618077	          0.01000631	          0.01000023	          0.01961068	          0.01260373	          0.16608467	
          1.33118445	         -4.34786933	          2.10891873	          2.81452676	          1.61847916	          0.85663387	         -0.00083653	         14.21402996	         -0.60932497	         -1.36107700	        -13.40973472	          7.37763345	          2.53617008	         17.37338368	         -0.45796647	         -9.09632509	        -63.30390271	         -2.32370343	          5.64946597	         -7.67275987	          3.35768027	         -4.71740799	          0.04563471	          0.01000138	          0.01000203	          0.09541611	          0.03075427	          0.05328808	          0.01000613	          0.03538193	          0.01000105	          0.01000410	          0.06327418	          0.05437372	          0.02971509	          0.04538343	          0.17892905	          0.06961986	          0.01000463	          0.01000021	          0.14307755	          0.01000427	          0.57002128	          0.01000029	          0.07136294	          0.01000788	          0.01000027	          0.01657222	          0.01065090	          0.16964258	
          1.34218597	         -4.31326442	          2.27196521	          2.41725616	          1.63026213	          0.85822393	         -0.00021179	         12.90635004	         -0.65430810	         -1.12651870	        -12.51750003	          7.34719999	          2.86239888	         19.39375962	         -0.24405655	         -9.49602306	        -63.51618409	         -1.31500212	          4.90009371	         -7.86509989	          3.28858105	         -4.39551908	          0.04645291	          0.01000137	          0.01000201	          0.10053734	          0.02598919	          0.04838214	          0.01000669	          0.03251045	          0.01000116	          0.01000486	          0.05761163	          0.07284820	          0.03222894	          0.03835381	          0.17941539	          0.06729929	          0.01000454	          0.01000020	          0.12090978	          0.01000315	          0.56145559	          0.01000029	          0.07528639	          0.01001227	          0.01000033	          0.01400457	          0.01000023	          0.18103021	
          1.35318750	         -4.27625054	          2.40974346	          2.02123077	          1.64202285	          0.85960871	          0.00041185	         11.59378911	         -0.68807890	         -0.89839356	        -11.61222995	          7.30472143	          3.23412919	         21.36287950	         -0.07266497	         -9.91177487	        -63.50113297	         -0.33847380	          4.24522609	         -8.05215696	          3.22280108	         -4.06267610	          0.04667106	          0.01000140	          0.01000199	          0.10282750	          0.02196247	          0.04462201	          0.01000760	          0.03011902	          0.01000130	          0.01000557	          0.05151970	          0.09034182	          0.03402973	          0.03241370	          0.17857787	          0.05942463	          0.01000452	          0.01000022	          0.10217573	          0.01000194	          0.47446715	          0.01000030	          0.07974284	          0.01003448	          0.01000042	          0.01183482	          0.01000027	          0.19699317	
          1.36418902	         -4.23739447	          2.51981901	          1.62508535	          1.65380553	          0.86079777	          0.00103460	         10.26961858	         -0.70738878	         -0.67647008	        -10.68796277	          7.25382414	          3.64160150	         23.24241961	          0.04964847	        -10.34430767	        -63.20003860	          0.58302897	          3.67251927	         -8.22765536	          3.16482144	         -3.72152382	          0.04648769	          0.01000146	          0.01000199	          0.10349292	          0.01855972	          0.04218402	          0.01000858	          0.02840160	          0.01000143	          0.01000585	          0.04546582	          0.10729676	          0.03503733	          0.02739459	          0.17558968	          0.05360074	          0.01000452	          0.01000025	          0.08634419	          0.01000133	          0.40095080	          0.01000032	          0.08335273	          0.01711282	          0.01000057	          0.01000168	          0.01000028	          0.21420610	
          1.37519055	         -4.19749185	          2.60010596	          1.22733890	          1.66564833	          0.86179677	          0.00165543	          8.92854016	         -0.70968698	         -0.46052255	         -9.73850792	          7.19011795	          4.07612133	         24.99367484	          0.12153616	        -10.78938329	        -62.54875267	          1.43388581	          3.17079856	         -8.38642028	          3.11914278	         -3.37402875	          0.04639679	          0.01000150	          0.01000203	          0.10314844	          0.01568431	          0.04087176	          0.01000968	          0.02665774	          0.01000155	          0.01000578	          0.03997334	          0.12393728	          0.03533447	          0.02315423	          0.17134897	          0.04996346	          0.01000442	          0.01000031	          0.07296560	          0.01000101	          0.33882506	          0.01000038	          0.08620441	          0.02406980	          0.01000090	          0.01000079	          0.01000026	          0.23598347	
          1.38619207	         -4.15745692	          2.64873753	          0.82724374	          1.67757843	          0.86260257	          0.00227347	          7.56665741	         -0.69286516	         -0.25014862	         -8.75873237	          7.10896694	          4.53087588	         26.58773102	          0.14440627	        -11.23862685	        -61.50792007	          2.19641146	          2.73007585	         -8.52497366	          3.08972744	         -3.02153888	          0.04665979	          0.01000155	          0.01000207	          0.10204974	          0.01325459	          0.04051421	          0.01001088	          0.02511638	          0.01000167	          0.01000552	          0.03501308	          0.14030396	          0.03503659	          0.01957304	          0.16663369	          0.04795240	          0.01000428	          0.01000041	          0.06165993	          0.01000082	          0.28632537	          0.01000046	          0.08809586	          0.02796568	          0.01000159	          0.01000071	          0.01000027	          0.25695921	
          1.39719359	         -4.11824660	          2.66411441	          0.42451430	          1.68961558	          0.86320441	          0.00288809	          6.18093069	         -0.65521081	         -0.04506508	         -7.74461914	          7.00771550	          5.00090751	         28.00363415	          0.12182850	        -11.68125636	        -60.05952808	          2.85775488	          2.34262212	         -8.64093999	          3.07993433	         -2.66486359	          0.04694984	          0.01000159	          0.01000213	          0.10062150	          0.01120186	          0.04090660	          0.01001231	          0.02365047	          0.01000180	          0.01000517	          0.03050297	          0.15643944	          0.03419746	          0.01655288	          0.16145843	          0.04706537	          0.01000417	          0.01000059	          0.05210602	          0.01000071	          0.24196033	          0.01000059	          0.08887682	          0.02987025	          0.01000289	          0.01000061	          0.01000029	          0.27613521	
          1.40819512	         -4.08082947	          2.64495824	          0.01916374	          1.70177337	          0.86358591	          0.00349898	          4.76943906	         -0.59540141	          0.15508782	         -6.69395133	          6.88552400	          5.48308955	         29.22729083	          0.05877429	        -12.10551831	        -58.20109300	          3.40052939	          2.00257927	         -8.73288717	          3.09248770	         -2.30450174	          0.04697681	          0.01000164	          0.01000221	          0.09919948	          0.01000340	          0.04179299	          0.01001429	          0.02232176	          0.01000193	          0.01000474	          0.02614179	          0.17255869	          0.03331028	          0.01409301	          0.15614468	          0.04701751	          0.01000400	          0.01000097	          0.04403244	          0.01000066	          0.20446953	          0.01000080	          0.08862909	          0.03017961	          0.01000370	          0.01000057	          0.01000031	          0.29061018	
          1.41919664	         -4.04615304	          2.59045614	         -0.38863801	          1.71406004	          0.86372644	          0.00410644	          3.33190975	         -0.51258436	          0.35040870	         -5.60814204	          6.74805511	          5.97292836	         30.25064530	         -0.03905302	        -12.49969688	        -55.94140886	          3.80391286	          1.70596941	         -8.80025380	          3.12928192	         -1.94083179	          0.04673914	          0.01000169	          0.01000231	          0.09796011	          0.01000495	          0.04284468	          0.01001642	          0.02117635	          0.01000207	          0.01000442	          0.02224521	          0.18872798	          0.03356707	          0.02211370	          0.15028745	          0.04744161	          0.01000383	          0.01000189	          0.03720983	          0.01000063	          0.17278787	          0.01000116	          0.08766939	          0.02921418	          0.01000271	          0.01000057	          0.01000037	          0.29783005	
          1.43019817	         -4.01509999	          2.50055493	         -0.79866211	          1.72647894	          0.86360095	          0.00471118	          1.87053709	         -0.40667699	          0.54083035	         -4.49380291	          6.60627836	          6.46478249	         31.07112307	         -0.16546572	        -12.85237294	        -53.29740315	          4.04702109	          1.45006008	         -8.84331463	          3.19113899	         -1.57421466	          0.04611173	          0.01000177	          0.01000241	          0.09693633	          0.01000525	          0.04412531	          0.01001993	          0.02028120	          0.01000224	          0.01000410	          0.01882240	          0.20505055	          0.03516708	          0.04060138	          0.14427096	          0.04822095	          0.01000371	          0.01000461	          0.03144437	          0.01000063	          0.14601532	          0.01000174	          0.08619545	          0.02729592	          0.01000167	          0.01000064	          0.01000048	          0.29627341	
          1.44119969	         -3.98848603	          2.37619397	         -1.21080093	          1.73902992	          0.86318254	          0.00531403	          0.38921253	         -0.27860773	          0.72663824	         -3.35960756	          6.46711590	          6.95750327	         31.69057406	         -0.31383908	        -13.15192894	        -50.29055509	          4.11644871	          1.23277954	         -8.86298069	          3.27758752	         -1.20501231	          0.04502072	          0.01000183	          0.01000254	          0.09677271	          0.01000583	          0.04589149	          0.01002887	          0.01907418	          0.01000249	          0.01000376	          0.01592130	          0.22156143	          0.03834559	          0.06698572	          0.13828772	          0.04930277	          0.01000362	          0.01002424	          0.02657224	          0.01000065	          0.12339133	          0.01000290	          0.08513504	          0.02480907	          0.01000111	          0.01000080	          0.01000071	          0.28704783	
          1.45220122	         -3.96706278	          2.21963128	         -1.62524033	          1.75170780	          0.86244610	          0.00591557	         -1.10341174	         -0.13060251	          0.90731875	         -2.22270395	          6.33590273	          7.45871970	         32.11508124	         -0.47670022	        -13.38436439	        -46.94509766	          4.01714676	          1.05172029	         -8.86098039	          3.38652069	         -0.83359526	          0.04247658	          0.01000188	          0.01000267	          0.09823272	          0.01000621	          0.04652706	          0.10073546	          0.02104257	          0.01000246	          0.01000383	          0.01768486	          0.23825860	          0.04327911	          0.08654412	          0.13264879	          0.05069124	          0.01000361	          0.01005863	          0.02245505	          0.01000070	          0.10427345	          0.01000707	          0.08713443	          0.02199382	          0.01000084	          0.01000109	          0.01000106	          0.27392281	
          1.46320274	         -3.95150270	          2.03498531	         -2.04265918	          1.76449597	          0.86137347	          0.00651562	         -2.58205719	          0.03375961	          1.07937185	         -1.13058807	          6.22938114	          7.98330679	         32.35588278	         -0.64545372	        -13.53089041	        -43.28930838	          3.78003948	          0.90271159	         -8.84065085	          3.51357201	         -0.46033613	          0.04162048	          0.01000191	          0.01000275	          0.10193446	          0.01000677	          0.04804903	          0.20198674	          0.02223818	          0.01000262	          0.01000388	          0.01887634	          0.25506993	          0.04981802	          0.10467679	          0.12855655	          0.05226063	          0.01000357	          0.01000523	          0.01897583	          0.01000076	          0.08812034	          0.01565253	          0.09410102	          0.01898875	          0.01000067	          0.01000177	          0.01000154	          0.26086319	
          1.47420426	         -3.94229678	          1.82791073	         -2.46390151	          1.77738308	          0.85995719	          0.00711163	         -4.02020098	          0.20928542	          1.24046440	         -0.13461962	          6.17515257	          8.54151915	         32.42408750	         -0.81269132	        -13.57430721	        -39.35385477	          3.45678104	          0.77904416	         -8.80429855	          3.65300925	         -0.08570331	          0.04324820	          0.01000193	          0.01000276	          0.10867563	          0.01000748	          0.04936361	          0.30443204	          0.02226575	          0.01000303	          0.01000392	          0.01597147	          0.27167381	          0.05803338	          0.12273983	          0.12634465	          0.05313960	          0.01000344	          0.01000211	          0.01603573	          0.01000079	          0.07920056	          0.02986353	          0.10559643	          0.01683423	          0.01000059	          0.01000316	          0.01000192	          0.25030888	
          1.48520579	         -3.93962072	          1.60565212	         -2.88954974	          1.79036673	          0.85819939	          0.00769996	         -5.39558499	          0.38894135	          1.38901098	          0.72062450	          6.20072470	          9.14151947	         32.33603900	         -0.97602765	        -13.50718567	        -35.19614903	          3.10178061	          0.67364282	         -8.75257562	          3.79757197	          0.28924235	          0.04428562	          0.01000188	          0.01000269	          0.11811522	          0.01000698	          0.04732651	          0.40505698	          0.01884016	          0.01000339	          0.01000400	          0.01350321	          0.28821241	          0.06782710	          0.14070619	          0.12579348	          0.05765193	          0.01000332	          0.01000138	          0.01355129	          0.01000079	          0.13023253	          0.05319834	          0.12094422	          0.01789355	          0.01000066	          0.01000408	          0.01000242	          0.23992883	
          1.49620731	         -3.94331072	          1.37785228	         -3.31877536	          1.80344157	          0.85610864	          0.00828014	         -6.69310884	          0.56320563	          1.52448231	          1.40521393	          6.32680195	          9.79002518	         32.13456680	         -1.14140221	        -13.33395363	        -30.95634735	          2.75648527	          0.58343249	         -8.68646617	          3.93606771	          0.66239137	          0.04460789	          0.01000175	          0.01000263	          0.12577348	          0.01000630	          0.04410257	          0.49953080	          0.01592355	          0.01000457	          0.01000350	          0.01141546	          0.30457817	          0.07959292	          0.15900598	          0.12412342	          0.06636034	          0.01000328	          0.01000101	          0.01145210	          0.01000083	          0.14505429	          0.07325274	          0.13888110	          0.01863234	          0.01000073	          0.01000458	          0.01000266	          0.23265615	
          1.50720884	         -3.95331439	          1.15549232	         -3.74983820	          1.81660249	          0.85371250	          0.00885126	         -7.90537765	          0.72144099	          1.64433585	          1.90674690	          6.55808580	         10.49384092	         31.86115801	         -1.31221550	        -13.05789090	        -26.75984213	          2.44584614	          0.50741214	         -8.60719840	          4.05511843	          1.03223142	          0.04151634	          0.01000176	          0.01000247	          0.13036533	          0.01000561	          0.03788874	          0.58349197	          0.01345765	          0.01000481	          0.01000281	          0.01000505	          0.32070834	          0.09328938	          0.17521768	          0.12280022	          0.07951567	          0.01000359	          0.01000072	          0.01000275	          0.01000094	          0.14673928	          0.08841022	          0.15607847	          0.01916197	          0.01000082	          0.01000515	          0.01000285	          0.22734193	
          1.51821036	         -3.96978060	          0.94906141	         -4.18024163	          1.82984461	          0.85105718	          0.00941584	         -9.03241005	          0.85366505	          1.74693635	          2.23132306	          6.87475023	         11.26533619	         31.55082490	         -1.48963085	        -12.67931670	        -22.70323569	          2.18238782	          0.44460818	         -8.51638791	          4.14027741	          1.39766838	          0.03509484	          0.01000153	          0.01000226	          0.13091986	          0.01000500	          0.03204458	          0.65056473	          0.01137348	          0.01039477	          0.01000213	          0.01000233	          0.33604697	          0.10959295	          0.17114630	          0.12415923	          0.09828107	          0.01000291	          0.01000055	          0.01000839	          0.01000096	          0.14404998	          0.09560453	          0.16757006	          0.02116274	          0.01000092	          0.01000497	          0.01000289	          0.22415847	
          1.52921189	         -3.99299074	          0.76730032	         -4.60579224	          1.84316448	          0.84820682	          0.00997808	        -10.08203592	          0.95171490	          1.83203990	          2.40311613	          7.23385320	         12.12376085	         31.23361179	         -1.67277453	        -12.20178244	        -18.86628591	          1.97279679	          0.39368596	         -8.41589483	          4.17751329	          1.75738106	          0.02965805	          0.01000165	          0.01000212	          0.12853702	          0.01000551	          0.04293357	          0.69607975	          0.01000446	          0.05604523	          0.01000167	          0.01000181	          0.35025772	          0.12779301	          0.14463123	          0.11855896	          0.12047340	          0.01000404	          0.01000059	          0.02819211	          0.01000116	          0.14757510	          0.09204980	          0.17307524	          0.01888928	          0.01000106	          0.01000450	          0.01000288	          0.22281944	
          1.54021341	         -4.02341739	          0.61682188	         -5.02142702	          1.85655020	          0.84524128	          0.01052728	        -11.05289001	          1.00902151	          1.89867303	          2.42856785	          7.60826200	         13.07661992	         30.93543679	         -1.85320946	        -11.64751757	        -15.31823348	          1.82153915	          0.35322855	         -8.30977644	          4.15716486	          2.11262869	          0.02506321	          0.01000169	          0.01000205	          0.12635063	          0.01000564	          0.05832674	          0.71714957	          0.01001052	          0.11813614	          0.01000138	          0.01000151	          0.36288265	          0.14729400	          0.12222195	          0.11175100	          0.14558943	          0.01000580	          0.01000078	          0.04533088	          0.01000145	          0.15021373	          0.08323017	          0.17473399	          0.01597541	          0.01000130	          0.01000545	          0.01000275	          0.22382789	
          1.55121494	         -4.06140247	          0.50095494	         -5.42111880	          1.86998878	          0.84224273	          0.01104535	        -11.94150465	          1.02369461	          1.93715063	          2.30897429	          7.97976304	         14.11763528	         30.67728904	         -2.01933612	        -11.04763954	        -12.11313535	          1.73507547	          0.32175081	         -8.20317984	          4.07429197	          2.46604716	          0.02118028	          0.01000144	          0.01000226	          0.12684776	          0.01000457	          0.07085942	          0.71232098	          0.01000924	          0.18973692	          0.01000115	          0.01000130	          0.37334769	          0.16733728	          0.10328444	          0.09929348	          0.16908779	          0.01012641	          0.01000148	          0.05950318	          0.01000906	          0.12831198	          0.07034113	          0.17764710	          0.01350601	          0.01000168	          0.01000297	          0.01000192	          0.22722469	
          1.56221646	         -4.10694006	          0.42000608	         -5.79933717	          1.88347469	          0.83928810	          0.01151067	        -12.74612240	          0.99732141	          1.93652992	          2.04873677	          8.32094128	         15.24329866	         30.46959606	         -2.15850619	        -10.42690403	         -9.27793876	          1.71883298	          0.29789999	         -8.10097187	          3.92852887	          2.82051760	          0.01789986	          0.01000149	          0.01000196	          0.12763811	          0.01000537	          0.05993077	          0.68085566	          0.01002944	          0.28582993	          0.01000120	          0.01000127	          0.38105509	          0.18708307	          0.08728105	          0.10334796	          0.17522686	          0.01002283	          0.01000152	          0.05061078	          0.03797342	          0.11169122	          0.05944271	          0.18331205	          0.01143019	          0.01000208	          0.01000351	          0.01000206	          0.22683561	
          1.57321798	         -4.15879595	          0.37171304	         -6.15433480	          1.89702452	          0.83644712	          0.01191854	        -13.46233550	          0.93379236	          1.89423371	          1.64123189	          8.60850601	         16.45182654	         30.31845327	         -2.26750948	         -9.80053525	         -6.87465112	          1.77036040	          0.28183091	         -8.00379925	          3.72123991	          3.17491034	          0.01514989	          0.01000108	          0.01000175	          0.12417660	          0.01000495	          0.05064962	          0.62684763	          0.01000947	          0.37759071	          0.01000140	          0.01000126	          0.38532409	          0.20542045	          0.07375726	          0.10833665	          0.17838182	          0.01000726	          0.01000182	          0.04278095	          0.07203900	          0.09449177	          0.05023264	          0.19097977	          0.01488739	          0.01000327	          0.01000245	          0.01000163	          0.22857622	
          1.58421951	         -4.21519698	          0.35008304	         -6.48490802	          1.91066617	          0.83377821	          0.01226639	        -14.08416556	          0.84030906	          1.81083196	          1.07258497	          8.82309618	         17.74241498	         30.22183065	         -2.34510719	         -9.18285646	         -4.96106410	          1.88027964	          0.27184411	         -7.91049695	          3.45865893	          3.52555148	          0.01822001	          0.01000087	          0.01000160	          0.12101783	          0.01000414	          0.04280468	          0.54933309	          0.01000684	          0.44418981	          0.01000162	          0.01000127	          0.38526951	          0.22191717	          0.06232890	          0.11200854	          0.18515552	          0.01000627	          0.01000263	          0.03619840	          0.09997441	          0.10185211	          0.04244955	          0.19367112	          0.02246749	          0.01000447	          0.01000185	          0.01000132	          0.23098871	
          1.59522103	         -4.27420445	          0.34771291	         -6.78910761	          1.92443581	          0.83132100	          0.01254996	        -14.61556949	          0.72565834	          1.68180688	          0.34583941	          8.93950481	         19.11424101	         30.17639457	         -2.38915875	         -8.58678090	         -3.58854838	          2.03597052	          0.26709096	         -7.81861218	          3.14927155	          3.87011213	          0.02581784	          0.01000068	          0.01000148	          0.11507937	          0.01000334	          0.03617465	          0.46422138	          0.01000298	          0.48144371	          0.01000191	          0.01000123	          0.38066203	          0.23574927	          0.05267131	          0.11604451	          0.19400412	          0.01000473	          0.01000771	          0.03264287	          0.12131185	          0.16155179	          0.03587238	          0.19273194	          0.01959899	          0.01423899	          0.01000146	          0.01000116	          0.23278430	
          1.60622256	         -4.33354102	          0.35652705	         -7.06349588	          1.93837498	          0.82909473	          0.01276461	        -15.06757083	          0.59839067	          1.50780849	         -0.52633660	          8.93508371	         20.56173413	         30.18270639	         -2.39681115	         -8.02361200	         -2.81640322	          2.21691493	          0.26649944	         -7.72468171	          2.80223970	          4.20674023	          0.03608202	          0.01000061	          0.01000127	          0.10066539	          0.01000340	          0.03057181	          0.39229322	          0.01000618	          0.47114788	          0.01000249	          0.01000133	          0.37123776	          0.24631238	          0.04451012	          0.12484035	          0.20193100	          0.01000425	          0.01333525	          0.04123625	          0.13573136	          0.22261187	          0.03031427	          0.18717520	          0.01656672	          0.01399501	          0.01000139	          0.01000098	          0.23411623	
          1.61722408	         -4.39070469	          0.36652229	         -7.30423210	          1.95253424	          0.82710036	          0.01290988	        -15.45208648	          0.46725387	          1.30111179	         -1.53397532	          8.79409507	         22.07394687	         30.23321836	         -2.36467189	         -7.50675990	         -2.68045878	          2.38776031	          0.26858869	         -7.62361517	          2.42811413	          4.53338493	          0.04598618	          0.01000053	          0.01000112	          0.08506809	          0.01000323	          0.02583710	          0.33150942	          0.01002678	          0.42531887	          0.01000357	          0.01000140	          0.35690612	          0.25302154	          0.03761348	          0.13220855	          0.20946376	          0.01000373	          0.01403248	          0.04908330	          0.14118961	          0.26298182	          0.02561736	          0.17499907	          0.01400225	          0.01183147	          0.01000203	          0.01000104	          0.23529972	
          1.62822561	         -4.44324775	          0.36793156	         -7.50695222	          1.96696337	          0.82531857	          0.01299184	        -15.78277869	          0.34195297	          1.06813360	         -2.66435603	          8.50478770	         23.63700720	         30.31426587	         -2.29072465	         -7.05315890	         -3.18656311	          2.49368708	          0.27263054	         -7.51041503	          2.03607304	          4.84706307	          0.05025786	          0.01000049	          0.01000105	          0.07188717	          0.01000297	          0.02183624	          0.28014363	          0.01055501	          0.35943607	          0.01000621	          0.01000154	          0.33820112	          0.25509724	          0.03178544	          0.13826486	          0.20731865	          0.01000347	          0.01186100	          0.04938714	          0.13380093	          0.27949261	          0.02164827	          0.14788596	          0.01183489	          0.01000324	          0.01000443	          0.01000126	          0.23610741	
          1.63922713	         -4.48915528	          0.35351336	         -7.66808875	          1.98170131	          0.82371420	          0.01302173	        -16.07022765	          0.23128653	          0.80697901	         -3.90838543	          8.06391503	         25.23237105	         30.40293650	         -2.17820647	         -6.67777495	         -4.30866857	          2.43866470	          0.27649695	         -7.38138916	          1.63261298	          5.14368970	          0.06365308	          0.01000035	          0.01000094	          0.06074852	          0.01000218	          0.01845587	          0.23673667	          0.01000134	          0.30374430	          0.01001010	          0.01000102	          0.31453113	          0.25334169	          0.02686045	          0.12650726	          0.19450274	          0.01000242	          0.01002432	          0.07461962	          0.12461743	          0.26910223	          0.01829454	          0.12497172	          0.01000852	          0.01000181	          0.01445843	          0.01000099	          0.26181679	
          1.65022865	         -4.52686523	          0.32438183	         -7.78436083	          1.99677667	          0.82225609	          0.01299072	        -16.30969909	          0.13374439	          0.51732139	         -5.28212779	          7.48196920	         26.83521312	         30.45218060	         -2.04473946	         -6.35545800	         -5.96023505	          2.13963537	          0.27825903	         -7.23294309	          1.22230629	          5.42117195	          0.10294048	          0.01000065	          0.01000137	          0.05133574	          0.01000593	          0.01560478	          0.20005536	          0.01001123	          0.25668066	          0.01001452	          0.01000170	          0.28945674	          0.24776704	          0.02269856	          0.10690611	          0.16436616	          0.01000330	          0.01000022	          0.13941448	          0.10695214	          0.24517083	          0.04438206	          0.10560782	          0.01000640	          0.01000071	          0.01956212	          0.01219364	          0.27425221	
          1.66123018	         -4.55548720	          0.30593102	         -7.85884015	          2.01218954	          0.82097241	          0.01290220	        -16.47208991	          0.02212945	          0.19654615	         -6.83228498	          6.77168045	         28.41489600	         30.35635563	         -1.93738257	         -5.94835920	         -7.62827068	          1.70593675	          0.26275072	         -7.05892281	          0.78706064	          5.68108355	          0.11396004	          0.01000043	          0.01000361	          0.04338144	          0.01004910	          0.01400316	          0.16905765	          0.01000423	          0.21690911	          0.01000261	          0.01000143	          0.25183016	          0.23756017	          0.01918156	          0.09034173	          0.13889867	          0.01000175	          0.02076467	          0.11781312	          0.09493756	          0.20720120	          0.08356321	          0.08924424	          0.01000110	          0.01000038	          0.01653129	          0.01030457	          0.37538821	
          1.67223170	         -4.57726429	          0.29675522	         -7.88665091	          2.02776483	          0.81997944	          0.01269874	        -16.48271846	         -0.10267567	         -0.16089696	         -8.66201227	          5.93845296	         29.92048748	         30.15059955	         -1.82542846	         -5.60677836	         -9.07676994	          1.12698177	          0.25165836	         -6.87976815	          0.34059853	          5.91694844	          0.12348680	          0.01000034	          0.01000123	          0.03665963	          0.01000252	          0.01187762	          0.14286291	          0.01000313	          0.18330000	          0.01001944	          0.01000433	          0.21280993	          0.22341780	          0.01620952	          0.10370638	          0.11737686	          0.01000177	          0.06768049	          0.12316932	          0.08125745	          0.17509776	          0.09838205	          0.07541615	          0.01000136	          0.01000058	          0.01397002	          0.01000040	          0.46193204	
          1.68323323	         -4.59247550	          0.28083145	         -7.87118162	          2.04332685	          0.81938624	          0.01238521	        -16.27805009	         -0.22465981	         -0.55827096	        -10.85670185	          4.98238968	         31.26421412	         29.92270100	         -1.71104936	         -5.34790729	        -10.48589985	          0.55711144	          0.23531328	         -6.71628820	         -0.09856549	          6.12635683	          0.15977176	          0.01000047	          0.01000116	          0.03097934	          0.01019020	          0.02273073	          0.12072698	          0.01183236	          0.15489848	          0.01001086	          0.01243793	          0.17983561	          0.20624893	          0.01369802	          0.11063618	          0.09918972	          0.01000177	          0.11043770	          0.17158920	          0.07157683	          0.14796777	          0.11026511	          0.06373068	          0.01000149	          0.01000066	          0.01180575	          0.01000049	          0.50753986	
          1.69423475	         -4.60040460	          0.26034301	         -7.81848191	          2.05878726	          0.81926135	          0.01196835	        -15.82434713	         -0.35040536	         -1.00181964	        -13.45582818	          3.91635548	         32.30364442	         29.71254121	         -1.59260324	         -5.14607668	        -11.96138085	          0.18703266	          0.21759555	         -6.57232722	         -0.52906849	          6.31111901	          0.18837856	          0.01000052	          0.01000110	          0.02617920	          0.05208570	          0.02831246	          0.10202098	          0.01000432	          0.13089769	          0.01000619	          0.01051910	          0.15197055	          0.18635959	          0.01157580	          0.11711282	          0.08382060	          0.01000167	          0.14694872	          0.21922403	          0.06105705	          0.12504123	          0.12870771	          0.05385585	          0.01000195	          0.01000312	          0.01000142	          0.01000088	          0.49503726	
          1.70523628	         -4.60119302	          0.23302216	         -7.73037882	          2.07405139	          0.81967610	          0.01146191	        -15.07281551	         -0.48187207	         -1.50440034	        -16.52413006	          2.75838772	         32.86411260	         29.53635738	         -1.47617953	         -4.99034945	        -13.53298124	          0.10159484	          0.20074570	         -6.45272142	         -0.94623157	          6.47037952	          0.21012539	          0.01000060	          0.01000107	          0.02212282	          0.11613108	          0.02475697	          0.08621350	          0.01000098	          0.11061575	          0.01000384	          0.01000215	          0.12842310	          0.15748456	          0.01000072	          0.12133621	          0.07083288	          0.01000156	          0.16903767	          0.26146610	          0.05723963	          0.10566710	          0.13288141	          0.04551109	          0.01000194	          0.02766575	          0.01000143	          0.01000069	          0.46578622	
          1.71623780	         -4.59575645	          0.19402501	         -7.60803250	          2.08908043	          0.82065700	          0.01088723	        -13.99397962	         -0.62293857	         -2.08113536	        -20.09359365	          1.50375456	         32.78032098	         29.34620646	         -1.36193327	         -4.86044203	        -15.10574027	          0.30348951	          0.18875923	         -6.35614624	         -1.34387954	          6.60271374	          0.21685567	          0.01000073	          0.01000112	          0.01869497	          0.17929529	          0.02211145	          0.07285548	          0.01000068	          0.09347644	          0.01000301	          0.01000107	          0.10852427	          0.13308280	          0.01000068	          0.12137243	          0.05985757	          0.01000161	          0.17887963	          0.28750174	          0.05571613	          0.08929500	          0.12737623	          0.03845932	          0.01000171	          0.04392010	          0.01000100	          0.01000045	          0.40769776	
          1.72723933	         -4.58534432	          0.14030611	         -7.45234250	          2.10387132	          0.82215668	          0.01026595	        -12.58832168	         -0.78279081	         -2.72606798	        -24.11747275	          0.03403302	         32.06260058	         29.07550139	         -1.24523328	         -4.72579802	        -16.55224992	          0.76710435	          0.19869836	         -6.27879989	         -1.71895642	          6.70609703	          0.21583975	          0.01000096	          0.01000121	          0.01579826	          0.24564704	          0.02811723	          0.06156757	          0.01000057	          0.07899282	          0.01000237	          0.01000057	          0.09170873	          0.11246197	          0.01000055	          0.11071470	          0.05058285	          0.01000169	          0.18196871	          0.29141224	          0.05711752	          0.07545979	          0.11151509	          0.03250021	          0.01000163	          0.07297109	          0.01000146	          0.01000068	          0.34452814	
          1.73824085	         -4.57223424	          0.06853316	         -7.26231963	          2.11840817	          0.82411266	          0.00961570	        -10.87710051	         -0.96812738	         -3.41796018	        -28.48954528	         -1.78819857	         30.75167433	         28.65261047	         -1.12154018	         -4.55898544	        -17.73081810	          1.45083726	          0.26150171	         -6.22096420	         -2.06824086	          6.77844091	          0.20881143	          0.01000075	          0.01000141	          0.01335041	          0.29475782	          0.03756673	          0.05202972	          0.01000047	          0.06675342	          0.01000204	          0.01000036	          0.07749873	          0.09503627	          0.01000030	          0.09356257	          0.04274523	          0.01000176	          0.17799983	          0.27402557	          0.05949027	          0.06376834	          0.09423832	          0.02746445	          0.01000140	          0.10163140	          0.01000110	          0.01000052	          0.29114585	
          1.74924237	         -4.55882255	         -0.02543899	         -7.03605425	          2.13265578	          0.82645324	          0.00894549	         -8.90151124	         -1.17981155	         -4.11604588	        -33.05598472	         -4.07777745	         28.89659357	         28.04396834	         -0.99371466	         -4.35157688	        -18.55623717	          2.23910056	          0.37533306	         -6.18789457	         -2.38642531	          6.81736651	          0.20519962	          0.02331013	          0.01000116	          0.01128191	          0.25664472	          0.06483427	          0.04397480	          0.01000424	          0.05641052	          0.01000147	          0.01000026	          0.06549057	          0.08031065	          0.01000399	          0.07906600	          0.03612203	          0.01000241	          0.17008652	          0.23187942	          0.06535810	          0.05388841	          0.07963713	          0.02320897	          0.01000137	          0.11135312	          0.01000212	          0.01000086	          0.24603533	
          1.76024390	         -4.54614860	         -0.14135705	         -6.77974107	          2.14657781	          0.82905972	          0.00825454	         -6.72421177	         -1.41409710	         -4.76329832	        -37.68396664	         -6.53869023	         26.21767548	         27.27484247	         -0.87048218	         -4.11375370	        -19.05326297	          3.03769336	          0.52735406	         -6.18567926	         -2.66785803	          6.82310377	          0.21597816	          0.05615221	          0.01000363	          0.01040471	          0.21687890	          0.05479858	          0.05154118	          0.01184325	          0.04767041	          0.01000166	          0.01000019	          0.05534317	          0.06786672	          0.13448057	          0.06681519	          0.03052509	          0.01000190	          0.16799491	          0.19595215	          0.06650202	          0.04553922	          0.06791663	          0.01961287	          0.01000105	          0.13080550	          0.01000091	          0.01000043	          0.21253336	
          1.77124542	         -4.53441111	         -0.27191714	         -6.49567670	          2.16016301	          0.83177529	          0.00755713	         -4.45536065	         -1.61701969	         -5.30067220	        -42.20520554	         -8.20414588	         22.85936174	         26.35961591	         -0.75313112	         -3.86129077	        -19.23009038	          3.77173336	          0.70832402	         -6.21557325	         -2.91279647	          6.78636206	          0.22083673	          0.06240573	          0.01001470	          0.01181913	          0.18327469	          0.04631288	          0.09862949	          0.01000868	          0.04028524	          0.01000139	          0.01000011	          0.04677109	          0.05735096	          0.14476843	          0.05646270	          0.02579539	          0.01000165	          0.15552091	          0.16559174	          0.06891084	          0.03848359	          0.06388348	          0.01657398	          0.01000105	          0.13770162	          0.01000100	          0.01000054	          0.19057971	
          1.78224695	         -4.52360026	         -0.41252263	         -6.18582046	          2.17343172	          0.83455158	          0.00687332	         -2.17596781	         -1.73614516	         -5.74287297	        -46.32612609	         -8.72700149	         19.87958031	         25.32698849	         -0.64518289	         -3.60512163	        -19.14512069	          4.46340491	          0.89900891	         -6.27508658	         -3.12328071	          6.70558928	          0.21434207	          0.06126378	          0.01000501	          0.01000056	          0.15487870	          0.03914014	          0.10866840	          0.01000052	          0.03404710	          0.01000173	          0.01000012	          0.06339320	          0.04846460	          0.18814049	          0.04771521	          0.02179856	          0.01000178	          0.14218691	          0.13993499	          0.07005499	          0.03252114	          0.05575182	          0.01400598	          0.01000120	          0.13288394	          0.01000097	          0.01000062	          0.17374824	
          1.79324847	         -4.51310384	         -0.56404442	         -5.85530096	          2.18641061	          0.83737358	          0.00618977	          0.10259177	         -1.78204668	         -6.12921373	        -49.98851490	         -8.64900503	         17.29490798	         24.21745037	         -0.55229197	         -3.34335650	        -18.87329057	          5.09891485	          1.08144379	         -6.36315686	         -3.29492977	          6.58831944	          0.20825446	          0.06014637	          0.01000385	          0.01000035	          0.13955436	          0.03307790	          0.13515534	          0.01000044	          0.03174664	          0.01000198	          0.01000013	          0.06047977	          0.04095516	          0.20320247	          0.04247133	          0.01842104	          0.01000192	          0.12956269	          0.11825342	          0.06983656	          0.02748251	          0.05009150	          0.01183593	          0.01000139	          0.12419760	          0.01000093	          0.01000072	          0.16059642	
          1.80425000	         -4.50193797	         -0.72861580	         -5.50808576	          2.19913828	          0.84019788	          0.00549908	          2.36852822	         -1.76601131	         -6.49274180	        -53.16856996	         -8.25317438	         15.04789134	         23.05914921	         -0.48104087	         -3.08079162	        -18.46763529	          5.65836366	          1.24938751	         -6.47697928	         -3.42387040	          6.44071149	          0.19927830	          0.06040415	          0.01000422	          0.01000032	          0.14264886	          0.02795447	          0.16914680	          0.01000039	          0.03938290	          0.01000245	          0.01000014	          0.05384624	          0.03460928	          0.19861025	          0.04374559	          0.01556690	          0.01000201	          0.11796882	          0.09993117	          0.06953920	          0.02322459	          0.04922249	          0.01000231	          0.01000151	          0.11533499	          0.01000095	          0.01000092	          0.14691351	
          1.81525152	         -4.48914653	         -0.90809935	         -5.14652113	          2.21165810	          0.84297584	          0.00480685	          4.60987390	         -1.69079675	         -6.84885268	        -55.85892033	         -7.65386238	         13.09302305	         21.86497906	         -0.43696391	         -2.82368003	        -17.95559861	          6.12895056	          1.40669695	         -6.61234733	         -3.50916630	          6.26495013	          0.19261034	          0.06096673	          0.01000440	          0.01000029	          0.14540481	          0.02362459	          0.21586243	          0.01000036	          0.04484630	          0.01000317	          0.01000015	          0.04550432	          0.02924668	          0.18857148	          0.04439404	          0.01315505	          0.01000204	          0.10880118	          0.08444768	          0.06919907	          0.01962645	          0.04861847	          0.01000075	          0.01000166	          0.10667501	          0.01000088	          0.01000096	          0.12459549	
          1.82625304	         -4.47390368	         -1.10148681	         -4.77310274	          2.22400781	          0.84566356	          0.00411868	          6.81904192	         -1.56162056	         -7.20652056	        -58.06960021	         -6.92619988	         11.39091191	         20.64216126	         -0.42082390	         -2.57224297	        -17.35555298	          6.51090100	          1.56026231	         -6.76504422	         -3.55307838	          6.06285518	          0.18701351	          0.06264968	          0.01000453	          0.01000027	          0.15057439	          0.01996544	          0.27511085	          0.01000034	          0.04987576	          0.01000398	          0.01000017	          0.03845408	          0.02471500	          0.17884823	          0.04551327	          0.01111710	          0.01000207	          0.10134602	          0.07136316	          0.06813936	          0.01658587	          0.04735730	          0.01000084	          0.01000187	          0.09950457	          0.01000090	          0.01000120	          0.10529439	
          1.83725457	         -4.45556858	         -1.30551375	         -4.39052357	          2.23621918	          0.84822234	          0.00343873	          8.99285621	         -1.38664175	         -7.57075859	        -59.82854810	         -6.11463011	          9.90853785	         19.39399141	         -0.43030968	         -2.32558906	        -16.68249810	          6.83070545	          1.71274088	         -6.93111917	         -3.56000602	          5.83610328	          0.18236936	          0.06540453	          0.01000461	          0.01000025	          0.15603352	          0.01687319	          0.34326221	          0.01000032	          0.05463881	          0.01000471	          0.01000019	          0.03249603	          0.02088550	          0.17142315	          0.04623194	          0.01000118	          0.01000209	          0.09549256	          0.06030596	          0.06613756	          0.01401654	          0.04500622	          0.01000084	          0.01000225	          0.09351554	          0.01000117	          0.01000281	          0.08898135	
          1.84825609	         -4.43375488	         -1.51511637	         -4.00148690	          2.24831707	          0.85061870	          0.00276955	         11.13209406	         -1.17630617	         -7.94319021	        -61.17930540	         -5.23904375	          8.61665706	         18.12195835	         -0.46079983	         -2.08250544	        -15.94392360	          7.09504656	          1.87020400	         -7.10724070	         -3.53601472	          5.58634313	          0.17918635	          0.06751231	          0.01000469	          0.01000024	          0.16249992	          0.01426008	          0.41497706	          0.01000031	          0.05917988	          0.01000523	          0.01000020	          0.02746109	          0.01764937	          0.16680635	          0.04584828	          0.01000152	          0.01000209	          0.09125645	          0.05096198	          0.06373938	          0.01184563	          0.04220449	          0.01000087	          0.01000256	          0.08570254	          0.01000106	          0.01494303	          0.07519572	
          1.85925762	         -4.40839561	         -1.72377617	         -3.60818700	          2.26031741	          0.85282778	          0.00211233	         13.24025183	         -0.94247923	         -8.32276834	        -62.17457594	         -4.30825990	          7.49017719	         16.82984411	         -0.50572267	         -1.84101563	        -15.14390106	          7.27980699	          2.04755039	         -7.29100318	         -3.48864151	          5.31542527	          0.17747156	          0.06932601	          0.01000478	          0.01000023	          0.16635421	          0.01205203	          0.48326823	          0.01000031	          0.06332662	          0.01000568	          0.01000022	          0.02320626	          0.01491468	          0.16513709	          0.04490991	          0.01000145	          0.01000208	          0.08872850	          0.04306579	          0.06078665	          0.01001247	          0.03903794	          0.01000092	          0.01000309	          0.07732283	          0.01000907	          0.02364541	          0.06354607	
          1.87025914	         -4.37967509	         -1.92411453	         -3.21222895	          2.27223243	          0.85483465	          0.00146757	         15.32054364	         -0.69828573	         -8.70745453	        -62.86757558	         -3.33088377	          6.50742180	         15.52276248	         -0.55756520	         -1.60024636	        -14.29043942	          7.37117851	          2.26393193	         -7.48021931	         -3.42630815	          5.02517087	          0.17693638	          0.06780308	          0.01000480	          0.01000023	          0.16924886	          0.01018689	          0.53885211	          0.01000030	          0.06618077	          0.01000631	          0.01000023	          0.01961068	          0.01260373	          0.16608467	          0.04548563	          0.01000144	          0.01000206	          0.08938959	          0.03639308	          0.05817051	          0.01000527	          0.03801355	          0.01000098	          0.01000329	          0.06917511	          0.03454558	          0.02606709	          0.05370210	
          1.88126067	         -4.34786933	         -2.10891873	         -2.81452676	          2.28407138	          0.85663387	          0.00083653	         17.37338368	         -0.45796647	         -9.09632509	        -63.30390271	         -2.32370343	          5.64946597	         14.21402996	         -0.60932497	         -1.36107700	        -13.40973472	          7.37763345	          2.53617008	         -7.67275987	         -3.35768027	          4.71740799	          0.17892905	          0.06961986	          0.01000463	          0.01000021	          0.14307755	          0.01000427	          0.57002128	          0.01000029	          0.07136294	          0.01000788	          0.01000027	          0.01657222	          0.01065090	          0.16964258	          0.04563471	          0.01000138	          0.01000203	          0.09541611	          0.03075427	          0.05328808	          0.01000613	          0.03538193	          0.01000105	          0.01000410	          0.06327418	          0.05437372	          0.02971509	          0.04538343	
          1.89226219	         -4.31326442	         -2.27196521	         -2.41725616	          2.29585436	          0.85822393	          0.00021179	         19.39375962	         -0.24405655	         -9.49602306	        -63.51618409	         -1.31500212	          4.90009371	         12.90635004	         -0.65430810	         -1.12651870	        -12.51750003	          7.34719999	          2.86239888	         -7.86509989	         -3.28858105	          4.39551908	          0.17941539	          0.06729929	          0.01000454	          0.01000020	          0.12090978	          0.01000315	          0.56145559	          0.01000029	          0.07528639	          0.01001227	          0.01000033	          0.01400457	          0.01000023	          0.18103021	          0.04645291	          0.01000137	          0.01000201	          0.10053734	          0.02598919	          0.04838214	          0.01000669	          0.03251045	          0.01000116	          0.01000486	          0.05761163	          0.07284820	          0.03222894	          0.03835381	
          1.90326371	         -4.27625054	         -2.40974346	         -2.02123077	          2.30761507	          0.85960871	         -0.00041185	         21.36287950	         -0.07266497	         -9.91177487	        -63.50113297	         -0.33847380	          4.24522609	         11.59378911	         -0.68807890	         -0.89839356	        -11.61222995	          7.30472143	          3.23412919	         -8.05215696	         -3.22280108	          4.06267610	          0.17857787	          0.05942463	          0.01000452	          0.01000022	          0.10217573	          0.01000194	          0.47446715	          0.01000030	          0.07974284	          0.01003448	          0.01000042	          0.01183482	          0.01000027	          0.19699317	          0.04667106	          0.01000140	          0.01000199	          0.10282750	          0.02196247	          0.04462201	          0.01000760	          0.03011902	          0.01000130	          0.01000557	          0.05151970	          0.09034182	          0.03402973	          0.03241370	
          1.91426524	         -4.23739447	         -2.51981901	         -1.62508535	          2.31939775	          0.86079777	         -0.00103460	         23.24241961	          0.04964847	        -10.34430767	        -63.20003860	          0.58302897	          3.67251927	         10.26961858	         -0.70738878	         -0.67647008	        -10.68796277	          7.25382414	          3.64160150	         -8.22765536	         -3.16482144	          3.72152382	          0.17558968	          0.05360074	          0.01000452	          0.01000025	          0.08634419	          0.01000133	          0.40095080	          0.01000032	          0.08335273	          0.01711282	          0.01000057	          0.01000168	          0.01000028	          0.21420610	          0.04648769	          0.01000146	          0.01000199	          0.10349292	          0.01855972	          0.04218402	          0.01000858	          0.02840160	          0.01000143	          0.01000585	          0.04546582	          0.10729676	          0.03503733	          0.02739459	
          1.92526676	         -4.19749185	         -2.60010596	         -1.22733890	          2.33124056	          0.86179677	         -0.00165543	         24.99367484	          0.12153616	        -10.78938329	        -62.54875267	          1.43388581	          3.17079856	          8.92854016	         -0.70968698	         -0.46052255	         -9.73850792	          7.19011795	          4.07612133	         -8.38642028	         -3.11914278	          3.37402875	          0.17134897	          0.04996346	          0.01000442	          0.01000031	          0.07296560	          0.01000101	          0.33882506	          0.01000038	          0.08620441	          0.02406980	          0.01000090	          0.01000079	          0.01000026	          0.23598347	          0.04639679	          0.01000150	          0.01000203	          0.10314844	          0.01568431	          0.04087176	          0.01000968	          0.02665774	          0.01000155	          0.01000578	          0.03997334	          0.12393728	          0.03533447	          0.02315423	
          1.93626829	         -4.15745692	         -2.64873753	         -0.82724374	          2.34317066	          0.86260257	         -0.00227347	         26.58773102	          0.14440627	        -11.23862685	        -61.50792007	          2.19641146	          2.73007585	          7.56665741	         -0.69286516	         -0.25014862	         -8.75873237	          7.10896694	          4.53087588	         -8.52497366	         -3.08972744	          3.02153888	          0.16663369	          0.04795240	          0.01000428	          0.01000041	          0.06165993	          0.01000082	          0.28632537	          0.01000046	          0.08809586	          0.02796568	          0.01000159	          0.01000071	          0.01000027	          0.25695921	          0.04665979	          0.01000155	          0.01000207	          0.10204974	          0.01325459	          0.04051421	          0.01001088	          0.02511638	          0.01000167	          0.01000552	          0.03501308	          0.14030396	          0.03503659	          0.01957304	
          1.94726981	         -4.11824660	         -2.66411441	         -0.42451430	          2.35520780	          0.86320441	         -0.00288809	         28.00363415	          0.12182850	        -11.68125636	        -60.05952808	          2.85775488	          2.34262212	          6.18093069	         -0.65521081	         -0.04506508	         -7.74461914	          7.00771550	          5.00090751	         -8.64093999	         -3.07993433	          2.66486359	          0.16145843	          0.04706537	          0.01000417	          0.01000059	          0.05210602	          0.01000071	          0.24196033	          0.01000059	          0.08887682	          0.02987025	          0.01000289	          0.01000061	          0.01000029	          0.27613521	          0.04694984	          0.01000159	          0.01000213	          0.10062150	          0.01120186	          0.04090660	          0.01001231	          0.02365047	          0.01000180	          0.01000517	          0.03050297	          0.15643944	          0.03419746	          0.01655288	
          1.95827134	         -4.08082947	         -2.64495824	         -0.01916374	          2.36736560	          0.86358591	         -0.00349898	         29.22729083	          0.05877429	        -12.10551831	        -58.20109300	          3.40052939	          2.00257927	          4.76943906	         -0.59540141	          0.15508782	         -6.69395133	          6.88552400	          5.48308955	         -8.73288717	         -3.09248770	          2.30450174	          0.15614468	          0.04701751	          0.01000400	          0.01000097	          0.04403244	          0.01000066	          0.20446953	          0.01000080	          0.08862909	          0.03017961	          0.01000370	          0.01000057	          0.01000031	          0.29061018	          0.04697681	          0.01000164	          0.01000221	          0.09919948	          0.01000340	          0.04179299	          0.01001429	          0.02232176	          0.01000193	          0.01000474	          0.02614179	          0.17255869	          0.03331028	          0.01409301	
          1.96927286	         -4.04615304	         -2.59045614	          0.38863801	          2.37965226	          0.86372644	         -0.00410644	         30.25064530	         -0.03905302	        -12.49969688	        -55.94140886	          3.80391286	          1.70596941	          3.33190975	         -0.51258436	          0.35040870	         -5.60814204	          6.74805511	          5.97292836	         -8.80025380	         -3.12928192	          1.94083179	          0.15028745	          0.04744161	          0.01000383	          0.01000189	          0.03720983	          0.01000063	          0.17278787	          0.01000116	          0.08766939	          0.02921418	          0.01000271	          0.01000057	          0.01000037	          0.29783005	          0.04673914	          0.01000169	          0.01000231	          0.09796011	          0.01000495	          0.04284468	          0.01001642	          0.02117635	          0.01000207	          0.01000442	          0.02224521	          0.18872798	          0.03356707	          0.02211370	
          1.98027439	         -4.01509999	         -2.50055493	          0.79866211	          2.39207117	          0.86360095	         -0.00471118	         31.07112307	         -0.16546572	        -12.85237294	        -53.29740315	          4.04702109	          1.45006008	          1.87053709	         -0.40667699	          0.54083035	         -4.49380291	          6.60627836	          6.46478249	         -8.84331463	         -3.19113899	          1.57421466	          0.14427096	          0.04822095	          0.01000371	          0.01000461	          0.03144437	          0.01000063	          0.14601532	          0.01000174	          0.08619545	          0.02729592	          0.01000167	          0.01000064	          0.01000048	          0.29627341	          0.04611173	          0.01000177	          0.01000241	          0.09693633	          0.01000525	          0.04412531	          0.01001993	          0.02028120	          0.01000224	          0.01000410	          0.01882240	          0.20505055	          0.03516708	          0.04060138	
          1.99127591	         -3.98848603	         -2.37619397	          1.21080093	          2.40462215	          0.86318254	         -0.00531403	         31.69057406	         -0.31383908	        -13.15192894	        -50.29055509	          4.11644871	          1.23277954	          0.38921253	         -0.27860773	          0.72663824	         -3.35960756	          6.46711590	          6.95750327	         -8.86298069	         -3.27758752	          1.20501231	          0.13828772	          0.04930277	          0.01000362	          0.01002424	          0.02657224	          0.01000065	          0.12339133	          0.01000290	          0.08513504	          0.02480907	          0.01000111	          0.01000080	          0.01000071	          0.28704783	          0.04502072	          0.01000183	          0.01000254	          0.09677271	          0.01000583	          0.04589149	          0.01002887	          0.01907418	          0.01000249	          0.01000376	          0.01592130	          0.22156143	          0.03834559	          0.06698572	
          2.00227743	         -3.96706278	         -2.21963128	          1.62524033	          2.41730002	          0.86244610	         -0.00591557	         32.11508124	         -0.47670022	        -13.38436439	        -46.94509766	          4.01714676	          1.05172029	         -1.10341174	         -0.13060251	          0.90731875	         -2.22270395	          6.33590273	          7.45871970	         -8.86098039	         -3.38652069	          0.83359526	          0.13264879	          0.05069124	          0.01000361	          0.01005863	          0.02245505	          0.01000070	          0.10427345	          0.01000707	          0.08713443	          0.02199382	          0.01000084	          0.01000109	          0.01000106	          0.27392281	          0.04247658	          0.01000188	          0.01000267	          0.09823272	          0.01000621	          0.04652706	          0.10073546	          0.02104257	          0.01000246	          0.01000383	          0.01768486	          0.23825860	          0.04327911	          0.08654412	
          2.01327896	         -3.95150270	         -2.03498531	          2.04265918	          2.43008819	          0.86137347	         -0.00651562	         32.35588278	         -0.64545372	        -13.53089041	        -43.28930838	          3.78003948	          0.90271159	         -2.58205719	          0.03375961	          1.07937185	         -1.13058807	          6.22938114	          7.98330679	         -8.84065085	         -3.51357201	          0.46033613	          0.12855655	          0.05226063	          0.01000357	          0.01000523	          0.01897583	          0.01000076	          0.08812034	          0.01565253	          0.09410102	          0.01898875	          0.01000067	          0.01000177	          0.01000154	          0.26086319	          0.04162048	          0.01000191	          0.01000275	          0.10193446	          0.01000677	          0.04804903	          0.20198674	          0.02223818	          0.01000262	          0.01000388	          0.01887634	          0.25506993	          0.04981802	          0.10467679	
          2.02428048	         -3.94229678	         -1.82791073	          2.46390151	          2.44297530	          0.85995719	         -0.00711163	         32.42408750	         -0.81269132	        -13.57430721	        -39.35385477	          3.45678104	          0.77904416	         -4.02020098	          0.20928542	          1.24046440	         -0.13461962	          6.17515257	          8.54151915	         -8.80429855	         -3.65300925	          0.08570331	          0.12634465	          0.05313960	          0.01000344	          0.01000211	          0.01603573	          0.01000079	          0.07920056	          0.02986353	          0.10559643	          0.01683423	          0.01000059	          0.01000316	          0.01000192	          0.25030888	          0.04324820	          0.01000193	          0.01000276	          0.10867563	          0.01000748	          0.04936361	          0.30443204	          0.02226575	          0.01000303	          0.01000392	          0.01597147	          0.27167381	          0.05803338	          0.12273983	
          2.03528201	         -3.93962072	         -1.60565212	          2.88954974	          2.45595896	          0.85819939	         -0.00769996	         32.33603900	         -0.97602765	        -13.50718567	        -35.19614903	          3.10178061	          0.67364282	         -5.39558499	          0.38894135	          1.38901098	          0.72062450	          6.20072470	          9.14151947	         -8.75257562	         -3.79757197	         -0.28924235	          0.12579348	          0.05765193	          0.01000332	          0.01000138	          0.01355129	          0.01000079	          0.13023253	          0.05319834	          0.12094422	          0.01789355	          0.01000066	          0.01000408	          0.01000242	          0.23992883	          0.04428562	          0.01000188	          0.01000269	          0.11811522	          0.01000698	          0.04732651	          0.40505698	          0.01884016	          0.01000339	          0.01000400	          0.01350321	          0.28821241	          0.06782710	          0.14070619	
          2.04628353	         -3.94331072	         -1.37785228	          3.31877536	          2.46903379	          0.85610864	         -0.00828014	         32.13456680	         -1.14140221	        -13.33395363	        -30.95634735	          2.75648527	          0.58343249	         -6.69310884	          0.56320563	          1.52448231	          1.40521393	          6.32680195	          9.79002518	         -8.68646617	         -3.93606771	         -0.66239137	          0.12412342	          0.06636034	          0.01000328	          0.01000101	          0.01145210	          0.01000083	          0.14505429	          0.07325274	          0.13888110	          0.01863234	          0.01000073	          0.01000458	          0.01000266	          0.23265615	          0.04460789	          0.01000175	          0.01000263	          0.12577348	          0.01000630	          0.04410257	          0.49953080	          0.01592355	          0.01000457	          0.01000350	          0.01141546	          0.30457817	          0.07959292	          0.15900598	
          2.05728506	         -3.95331439	         -1.15549232	          3.74983820	          2.48219472	          0.85371250	         -0.00885126	         31.86115801	         -1.31221550	        -13.05789090	        -26.75984213	          2.44584614	          0.50741214	         -7.90537765	          0.72144099	          1.64433585	          1.90674690	          6.55808580	         10.49384092	         -8.60719840	         -4.05511843	         -1.03223142	          0.12280022	          0.07951567	          0.01000359	          0.01000072	          0.01000275	          0.01000094	          0.14673928	          0.08841022	          0.15607847	          0.01916197	          0.01000082	          0.01000515	          0.01000285	          0.22734193	          0.04151634	          0.01000176	          0.01000247	          0.13036533	          0.01000561	          0.03788874	          0.58349197	          0.01345765	          0.01000481	          0.01000281	          0.01000505	          0.32070834	          0.09328938	          0.17521768	
          2.06828658	         -3.96978060	         -0.94906141	          4.18024163	          2.49543683	          0.85105718	         -0.00941584	         31.55082490	         -1.48963085	        -12.67931670	        -22.70323569	          2.18238782	          0.44460818	         -9.03241005	          0.85366505	          1.74693635	          2.23132306	          6.87475023	         11.26533619	         -8.51638791	         -4.14027741	         -1.39766838	          0.12415923	          0.09828107	          0.01000291	          0.01000055	          0.01000839	          0.01000096	          0.14404998	          0.09560453	          0.16757006	          0.02116274	          0.01000092	          0.01000497	          0.01000289	          0.22415847	          0.03509484	          0.01000153	          0.01000226	          0.13091986	          0.01000500	          0.03204458	          0.65056473	          0.01137348	          0.01039477	          0.01000213	          0.01000233	          0.33604697	          0.10959295	          0.17114630	
          2.07928810	         -3.99299074	         -0.76730032	          4.60579224	          2.50875670	          0.84820682	         -0.00997808	         31.23361179	         -1.67277453	        -12.20178244	        -18.86628591	          1.97279679	          0.39368596	        -10.08203592	          0.95171490	          1.83203990	          2.40311613	          7.23385320	         12.12376085	         -8.41589483	         -4.17751329	         -1.75738106	          0.11855896	          0.12047340	          0.01000404	          0.01000059	          0.02819211	          0.01000116	          0.14757510	          0.09204980	          0.17307524	          0.01888928	          0.01000106	          0.01000450	          0.01000288	          0.22281944	          0.02965805	          0.01000165	          0.01000212	          0.12853702	          0.01000551	          0.04293357	          0.69607975	          0.01000446	          0.05604523	          0.01000167	          0.01000181	          0.35025772	          0.12779301	          0.14463123	
          2.09028963	         -4.02341739	         -0.61682188	          5.02142702	          2.52214242	          0.84524128	         -0.01052728	         30.93543679	         -1.85320946	        -11.64751757	        -15.31823348	          1.82153915	          0.35322855	        -11.05289001	          1.00902151	          1.89867303	          2.42856785	          7.60826200	         13.07661992	         -8.30977644	         -4.15716486	         -2.11262869	          0.11175100	          0.14558943	          0.01000580	          0.01000078	          0.04533088	          0.01000145	          0.15021373	          0.08323017	          0.17473399	          0.01597541	          0.01000130	          0.01000545	          0.01000275	          0.22382789	          0.02506321	          0.01000169	          0.01000205	          0.12635063	          0.01000564	          0.05832674	          0.71714957	          0.01001052	          0.11813614	          0.01000138	          0.01000151	          0.36288265	          0.14729400	          0.12222195	
          2.10129115	         -4.06140247	         -0.50095494	          5.42111880	          2.53558100	          0.84224273	         -0.01104535	         30.67728904	         -2.01933612	        -11.04763954	        -12.11313535	          1.73507547	          0.32175081	        -11.94150465	          1.02369461	          1.93715063	          2.30897429	          7.97976304	         14.11763528	         -8.20317984	         -4.07429197	         -2.46604716	          0.09929348	          0.16908779	          0.01012641	          0.01000148	          0.05950318	          0.01000906	          0.12831198	          0.07034113	          0.17764710	          0.01350601	          0.01000168	          0.01000297	          0.01000192	          0.22722469	          0.02118028	          0.01000144	          0.01000226	          0.12684776	          0.01000457	          0.07085942	          0.71232098	          0.01000924	          0.18973692	          0.01000115	          0.01000130	          0.37334769	          0.16733728	          0.10328444	
          2.11229268	         -4.10694006	         -0.42000608	          5.79933717	          2.54906692	          0.83928810	         -0.01151067	         30.46959606	         -2.15850619	        -10.42690403	         -9.27793876	          1.71883298	          0.29789999	        -12.74612240	          0.99732141	          1.93652992	          2.04873677	          8.32094128	         15.24329866	         -8.10097187	         -3.92852887	         -2.82051760	          0.10334796	          0.17522686	          0.01002283	          0.01000152	          0.05061078	          0.03797342	          0.11169122	          0.05944271	          0.18331205	          0.01143019	          0.01000208	          0.01000351	          0.01000206	          0.22683561	          0.01789986	          0.01000149	          0.01000196	          0.12763811	          0.01000537	          0.05993077	          0.68085566	          0.01002944	          0.28582993	          0.01000120	          0.01000127	          0.38105509	          0.18708307	          0.08728105	
          2.12329420	         -4.15879595	         -0.37171304	          6.15433480	          2.56261674	          0.83644712	         -0.01191854	         30.31845327	         -2.26750948	         -9.80053525	         -6.87465112	          1.77036040	          0.28183091	        -13.46233550	          0.93379236	          1.89423371	          1.64123189	          8.60850601	         16.45182654	         -8.00379925	         -3.72123991	         -3.17491034	          0.10833665	          0.17838182	          0.01000726	          0.01000182	          0.04278095	          0.07203900	          0.09449177	          0.05023264	          0.19097977	          0.01488739	          0.01000327	          0.01000245	          0.01000163	          0.22857622	          0.01514989	          0.01000108	          0.01000175	          0.12417660	          0.01000495	          0.05064962	          0.62684763	          0.01000947	          0.37759071	          0.01000140	          0.01000126	          0.38532409	          0.20542045	          0.07375726	
          2.13429573	         -4.21519698	         -0.35008304	          6.48490802	          2.57625839	          0.83377821	         -0.01226639	         30.22183065	         -2.34510719	         -9.18285646	         -4.96106410	          1.88027964	          0.27184411	        -14.08416556	          0.84030906	          1.81083196	          1.07258497	          8.82309618	         17.74241498	         -7.91049695	         -3.45865893	         -3.52555148	          0.11200854	          0.18515552	          0.01000627	          0.01000263	          0.03619840	          0.09997441	          0.10185211	          0.04244955	          0.19367112	          0.02246749	          0.01000447	          0.01000185	          0.01000132	          0.23098871	          0.01822001	          0.01000087	          0.01000160	          0.12101783	          0.01000414	          0.04280468	          0.54933309	          0.01000684	          0.44418981	          0.01000162	          0.01000127	          0.38526951	          0.22191717	          0.06232890	
          2.14529725	         -4.27420445	         -0.34771291	          6.78910761	          2.59002804	          0.83132100	         -0.01254996	         30.17639457	         -2.38915875	         -8.58678090	         -3.58854838	          2.03597052	          0.26709096	        -14.61556949	          0.72565834	          1.68180688	          0.34583941	          8.93950481	         19.11424101	         -7.81861218	         -3.14927155	         -3.87011213	          0.11604451	          0.19400412	          0.01000473	          0.01000771	          0.03264287	          0.12131185	          0.16155179	          0.03587238	          0.19273194	          0.01959899	          0.01423899	          0.01000146	          0.01000116	          0.23278430	          0.02581784	          0.01000068	          0.01000148	          0.11507937	          0.01000334	          0.03617465	          0.46422138	          0.01000298	          0.48144371	          0.01000191	          0.01000123	          0.38066203	          0.23574927	          0.05267131	
          2.15629878	         -4.33354102	         -0.35652705	          7.06349588	          2.60396720	          0.82909473	         -0.01276461	         30.18270639	         -2.39681115	         -8.02361200	         -2.81640322	          2.21691493	          0.26649944	        -15.06757083	          0.59839067	          1.50780849	         -0.52633660	          8.93508371	         20.56173413	         -7.72468171	         -2.80223970	         -4.20674023	          0.12484035	          0.20193100	          0.01000425	          0.01333525	          0.04123625	          0.13573136	          0.22261187	          0.03031427	          0.18717520	          0.01656672	          0.01399501	          0.01000139	          0.01000098	          0.23411623	          0.03608202	          0.01000061	          0.01000127	          0.10066539	          0.01000340	          0.03057181	          0.39229322	          0.01000618	          0.47114788	          0.01000249	          0.01000133	          0.37123776	          0.24631238	          0.04451012	
          2.16730030	         -4.39070469	         -0.36652229	          7.30423210	          2.61812646	          0.82710036	         -0.01290988	         30.23321836	         -2.36467189	         -7.50675990	         -2.68045878	          2.38776031	          0.26858869	        -15.45208648	          0.46725387	          1.30111179	         -1.53397532	          8.79409507	         22.07394687	         -7.62361517	         -2.42811413	         -4.53338493	          0.13220855	          0.20946376	          0.01000373	          0.01403248	          0.04908330	          0.14118961	          0.26298182	          0.02561736	          0.17499907	          0.01400225	          0.01183147	          0.01000203	          0.01000104	          0.23529972	          0.04598618	          0.01000053	          0.01000112	          0.08506809	          0.01000323	          0.02583710	          0.33150942	          0.01002678	          0.42531887	          0.01000357	          0.01000140	          0.35690612	          0.25302154	          0.03761348	
          2.17830182	         -4.44324775	         -0.36793156	          7.50695222	          2.63255560	          0.82531857	         -0.01299184	         30.31426587	         -2.29072465	         -7.05315890	         -3.18656311	          2.49368708	          0.27263054	        -15.78277869	          0.34195297	          1.06813360	         -2.66435603	          8.50478770	         23.63700720	         -7.51041503	         -2.03607304	         -4.84706307	          0.13826486	          0.20731865	          0.01000347	          0.01186100	          0.04938714	          0.13380093	          0.27949261	          0.02164827	          0.14788596	          0.01183489	          0.01000324	          0.01000443	          0.01000126	          0.23610741	          0.05025786	          0.01000049	          0.01000105	          0.07188717	          0.01000297	          0.02183624	          0.28014363	          0.01055501	          0.35943607	          0.01000621	          0.01000154	          0.33820112	          0.25509724	          0.03178544	
          2.18930335	         -4.48915528	         -0.35351336	          7.66808875	          2.64729353	          0.82371420	         -0.01302173	         30.40293650	         -2.17820647	         -6.67777495	         -4.30866857	          2.43866470	          0.27649695	        -16.07022765	          0.23128653	          0.80697901	         -3.90838543	          8.06391503	         25.23237105	         -7.38138916	         -1.63261298	         -5.14368970	          0.12650726	          0.19450274	          0.01000242	          0.01002432	          0.07461962	          0.12461743	          0.26910223	          0.01829454	          0.12497172	          0.01000852	          0.01000181	          0.01445843	          0.01000099	          0.26181679	          0.06365308	          0.01000035	          0.01000094	          0.06074852	          0.01000218	          0.01845587	          0.23673667	          0.01000134	          0.30374430	          0.01001010	          0.01000102	          0.31453113	          0.25334169	          0.02686045	
