[2025-11-30 20:04:30.397] [info] Loaded model SUBJ06_AdaptedForPredSim from file C:\Users\menth\Documents\Programmas\PredSim\Subjects\SUBJ06mtu3D\SUBJ06mtu3D.osim
[2025-11-30 20:04:30.398] [warning] Couldn't find file 'sacrum.vtp'.
[2025-11-30 20:04:30.398] [warning] Couldn't find file 'pelvis.vtp'.
[2025-11-30 20:04:30.398] [warning] Couldn't find file 'l_pelvis.vtp'.
[2025-11-30 20:04:30.398] [warning] Couldn't find file 'r_femur.vtp'.
[2025-11-30 20:04:30.398] [warning] Couldn't find file 'r_tibia.vtp'.
[2025-11-30 20:04:30.398] [warning] Couldn't find file 'fibula.vtp'.
[2025-11-30 20:04:30.398] [warning] Couldn't find file 'talus.vtp'.
[2025-11-30 20:04:30.399] [warning] Couldn't find file 'foot.vtp'.
[2025-11-30 20:04:30.399] [warning] Couldn't find file 'bofoot.vtp'.
[2025-11-30 20:04:30.399] [warning] Couldn't find file 'l_femur.vtp'.
[2025-11-30 20:04:30.399] [warning] Couldn't find file 'l_tibia.vtp'.
[2025-11-30 20:04:30.399] [warning] Couldn't find file 'l_fibula.vtp'.
[2025-11-30 20:04:30.399] [warning] Couldn't find file 'l_talus.vtp'.
[2025-11-30 20:04:30.399] [warning] Couldn't find file 'l_foot.vtp'.
[2025-11-30 20:04:30.399] [warning] Couldn't find file 'l_bofoot.vtp'.
[2025-11-30 20:04:30.399] [warning] Couldn't find file 'hat_spine.vtp'.
[2025-11-30 20:04:30.399] [warning] Couldn't find file 'hat_jaw.vtp'.
[2025-11-30 20:04:30.399] [warning] Couldn't find file 'hat_skull.vtp'.
[2025-11-30 20:04:30.400] [warning] Couldn't find file 'hat_ribs_scap.vtp'.
[2025-11-30 20:04:40.766] [info] Loaded model SUBJ06_AdaptedForPredSim from file C:\Users\menth\Documents\Programmas\PredSim\Subjects\SUBJ06mtu3D\SUBJ06mtu3D.osim
[2025-11-30 20:04:40.766] [warning] Couldn't find file 'sacrum.vtp'.
[2025-11-30 20:04:40.766] [warning] Couldn't find file 'pelvis.vtp'.
[2025-11-30 20:04:40.767] [warning] Couldn't find file 'l_pelvis.vtp'.
[2025-11-30 20:04:40.767] [warning] Couldn't find file 'r_femur.vtp'.
[2025-11-30 20:04:40.767] [warning] Couldn't find file 'r_tibia.vtp'.
[2025-11-30 20:04:40.767] [warning] Couldn't find file 'fibula.vtp'.
[2025-11-30 20:04:40.767] [warning] Couldn't find file 'talus.vtp'.
[2025-11-30 20:04:40.767] [warning] Couldn't find file 'foot.vtp'.
[2025-11-30 20:04:40.767] [warning] Couldn't find file 'bofoot.vtp'.
[2025-11-30 20:04:40.767] [warning] Couldn't find file 'l_femur.vtp'.
[2025-11-30 20:04:40.767] [warning] Couldn't find file 'l_tibia.vtp'.
[2025-11-30 20:04:40.767] [warning] Couldn't find file 'l_fibula.vtp'.
[2025-11-30 20:04:40.767] [warning] Couldn't find file 'l_talus.vtp'.
[2025-11-30 20:04:40.767] [warning] Couldn't find file 'l_foot.vtp'.
[2025-11-30 20:04:40.767] [warning] Couldn't find file 'l_bofoot.vtp'.
[2025-11-30 20:04:40.767] [warning] Couldn't find file 'hat_spine.vtp'.
[2025-11-30 20:04:40.767] [warning] Couldn't find file 'hat_jaw.vtp'.
[2025-11-30 20:04:40.768] [warning] Couldn't find file 'hat_skull.vtp'.
[2025-11-30 20:04:40.768] [warning] Couldn't find file 'hat_ribs_scap.vtp'.
[2025-11-30 20:05:47.427] [info] Loaded model SUBJ06_AdaptedForPredSim from file C:\Users\menth\Documents\Programmas\PredSim\Subjects\SUBJ06mtu3D\SUBJ06mtu3D.osim
[2025-11-30 20:05:47.428] [warning] Couldn't find file 'sacrum.vtp'.
[2025-11-30 20:05:47.428] [warning] Couldn't find file 'pelvis.vtp'.
[2025-11-30 20:05:47.428] [warning] Couldn't find file 'l_pelvis.vtp'.
[2025-11-30 20:05:47.428] [warning] Couldn't find file 'r_femur.vtp'.
[2025-11-30 20:05:47.428] [warning] Couldn't find file 'r_tibia.vtp'.
[2025-11-30 20:05:47.428] [warning] Couldn't find file 'fibula.vtp'.
[2025-11-30 20:05:47.428] [warning] Couldn't find file 'talus.vtp'.
[2025-11-30 20:05:47.428] [warning] Couldn't find file 'foot.vtp'.
[2025-11-30 20:05:47.428] [warning] Couldn't find file 'bofoot.vtp'.
[2025-11-30 20:05:47.428] [warning] Couldn't find file 'l_femur.vtp'.
[2025-11-30 20:05:47.428] [warning] Couldn't find file 'l_tibia.vtp'.
[2025-11-30 20:05:47.428] [warning] Couldn't find file 'l_fibula.vtp'.
[2025-11-30 20:05:47.428] [warning] Couldn't find file 'l_talus.vtp'.
[2025-11-30 20:05:47.429] [warning] Couldn't find file 'l_foot.vtp'.
[2025-11-30 20:05:47.429] [warning] Couldn't find file 'l_bofoot.vtp'.
[2025-11-30 20:05:47.429] [warning] Couldn't find file 'hat_spine.vtp'.
[2025-11-30 20:05:47.429] [warning] Couldn't find file 'hat_jaw.vtp'.
[2025-11-30 20:05:47.429] [warning] Couldn't find file 'hat_skull.vtp'.
[2025-11-30 20:05:47.429] [warning] Couldn't find file 'hat_ribs_scap.vtp'.
[2025-11-30 20:05:59.536] [info] Loaded model SUBJ06_AdaptedForPredSim from file C:\Users\menth\Documents\Programmas\PredSim\Subjects\SUBJ06mtu3D\SUBJ06mtu3D.osim
[2025-11-30 20:05:59.537] [warning] Couldn't find file 'sacrum.vtp'.
[2025-11-30 20:05:59.537] [warning] Couldn't find file 'pelvis.vtp'.
[2025-11-30 20:05:59.537] [warning] Couldn't find file 'l_pelvis.vtp'.
[2025-11-30 20:05:59.537] [warning] Couldn't find file 'r_femur.vtp'.
[2025-11-30 20:05:59.537] [warning] Couldn't find file 'r_tibia.vtp'.
[2025-11-30 20:05:59.537] [warning] Couldn't find file 'fibula.vtp'.
[2025-11-30 20:05:59.537] [warning] Couldn't find file 'talus.vtp'.
[2025-11-30 20:05:59.537] [warning] Couldn't find file 'foot.vtp'.
[2025-11-30 20:05:59.537] [warning] Couldn't find file 'bofoot.vtp'.
[2025-11-30 20:05:59.537] [warning] Couldn't find file 'l_femur.vtp'.
[2025-11-30 20:05:59.537] [warning] Couldn't find file 'l_tibia.vtp'.
[2025-11-30 20:05:59.538] [warning] Couldn't find file 'l_fibula.vtp'.
[2025-11-30 20:05:59.538] [warning] Couldn't find file 'l_talus.vtp'.
[2025-11-30 20:05:59.538] [warning] Couldn't find file 'l_foot.vtp'.
[2025-11-30 20:05:59.538] [warning] Couldn't find file 'l_bofoot.vtp'.
[2025-11-30 20:05:59.538] [warning] Couldn't find file 'hat_spine.vtp'.
[2025-11-30 20:05:59.538] [warning] Couldn't find file 'hat_jaw.vtp'.
[2025-11-30 20:05:59.538] [warning] Couldn't find file 'hat_skull.vtp'.
[2025-11-30 20:05:59.538] [warning] Couldn't find file 'hat_ribs_scap.vtp'.
[2025-11-30 20:12:37.797] [info] Loaded model SUBJ06_AdaptedForPredSim from file C:\Users\menth\Documents\Programmas\PredSim\Subjects\SUBJ06mtu3D\SUBJ06mtu3D.osim
[2025-11-30 20:12:37.797] [warning] Couldn't find file 'sacrum.vtp'.
[2025-11-30 20:12:37.797] [warning] Couldn't find file 'pelvis.vtp'.
[2025-11-30 20:12:37.797] [warning] Couldn't find file 'l_pelvis.vtp'.
[2025-11-30 20:12:37.797] [warning] Couldn't find file 'r_femur.vtp'.
[2025-11-30 20:12:37.797] [warning] Couldn't find file 'r_tibia.vtp'.
[2025-11-30 20:12:37.797] [warning] Couldn't find file 'fibula.vtp'.
[2025-11-30 20:12:37.797] [warning] Couldn't find file 'talus.vtp'.
[2025-11-30 20:12:37.797] [warning] Couldn't find file 'foot.vtp'.
[2025-11-30 20:12:37.798] [warning] Couldn't find file 'bofoot.vtp'.
[2025-11-30 20:12:37.798] [warning] Couldn't find file 'l_femur.vtp'.
[2025-11-30 20:12:37.798] [warning] Couldn't find file 'l_tibia.vtp'.
[2025-11-30 20:12:37.798] [warning] Couldn't find file 'l_fibula.vtp'.
[2025-11-30 20:12:37.798] [warning] Couldn't find file 'l_talus.vtp'.
[2025-11-30 20:12:37.798] [warning] Couldn't find file 'l_foot.vtp'.
[2025-11-30 20:12:37.798] [warning] Couldn't find file 'l_bofoot.vtp'.
[2025-11-30 20:12:37.798] [warning] Couldn't find file 'hat_spine.vtp'.
[2025-11-30 20:12:37.798] [warning] Couldn't find file 'hat_jaw.vtp'.
[2025-11-30 20:12:37.798] [warning] Couldn't find file 'hat_skull.vtp'.
[2025-11-30 20:12:37.798] [warning] Couldn't find file 'hat_ribs_scap.vtp'.
[2025-11-30 20:12:39.062] [info] Loaded model SUBJ06_AdaptedForPredSim from file C:\Users\menth\Documents\Programmas\PredSim\Subjects\SUBJ06mtu3D\SUBJ06mtu3D.osim
[2025-11-30 20:12:39.063] [warning] Couldn't find file 'sacrum.vtp'.
[2025-11-30 20:12:39.063] [warning] Couldn't find file 'pelvis.vtp'.
[2025-11-30 20:12:39.063] [warning] Couldn't find file 'l_pelvis.vtp'.
[2025-11-30 20:12:39.063] [warning] Couldn't find file 'r_femur.vtp'.
[2025-11-30 20:12:39.063] [warning] Couldn't find file 'r_tibia.vtp'.
[2025-11-30 20:12:39.063] [warning] Couldn't find file 'fibula.vtp'.
[2025-11-30 20:12:39.063] [warning] Couldn't find file 'talus.vtp'.
[2025-11-30 20:12:39.063] [warning] Couldn't find file 'foot.vtp'.
[2025-11-30 20:12:39.063] [warning] Couldn't find file 'bofoot.vtp'.
[2025-11-30 20:12:39.063] [warning] Couldn't find file 'l_femur.vtp'.
[2025-11-30 20:12:39.063] [warning] Couldn't find file 'l_tibia.vtp'.
[2025-11-30 20:12:39.063] [warning] Couldn't find file 'l_fibula.vtp'.
[2025-11-30 20:12:39.064] [warning] Couldn't find file 'l_talus.vtp'.
[2025-11-30 20:12:39.064] [warning] Couldn't find file 'l_foot.vtp'.
[2025-11-30 20:12:39.064] [warning] Couldn't find file 'l_bofoot.vtp'.
[2025-11-30 20:12:39.064] [warning] Couldn't find file 'hat_spine.vtp'.
[2025-11-30 20:12:39.064] [warning] Couldn't find file 'hat_jaw.vtp'.
[2025-11-30 20:12:39.064] [warning] Couldn't find file 'hat_skull.vtp'.
[2025-11-30 20:12:39.064] [warning] Couldn't find file 'hat_ribs_scap.vtp'.
[2025-11-30 20:12:40.232] [info] Loaded model SUBJ06_AdaptedForPredSim from file C:\Users\menth\Documents\Programmas\PredSim\Subjects\SUBJ06mtu3D\SUBJ06mtu3D.osim
[2025-11-30 20:12:40.232] [warning] Couldn't find file 'sacrum.vtp'.
[2025-11-30 20:12:40.232] [warning] Couldn't find file 'pelvis.vtp'.
[2025-11-30 20:12:40.232] [warning] Couldn't find file 'l_pelvis.vtp'.
[2025-11-30 20:12:40.232] [warning] Couldn't find file 'r_femur.vtp'.
[2025-11-30 20:12:40.232] [warning] Couldn't find file 'r_tibia.vtp'.
[2025-11-30 20:12:40.232] [warning] Couldn't find file 'fibula.vtp'.
[2025-11-30 20:12:40.233] [warning] Couldn't find file 'talus.vtp'.
[2025-11-30 20:12:40.233] [warning] Couldn't find file 'foot.vtp'.
[2025-11-30 20:12:40.233] [warning] Couldn't find file 'bofoot.vtp'.
[2025-11-30 20:12:40.233] [warning] Couldn't find file 'l_femur.vtp'.
[2025-11-30 20:12:40.233] [warning] Couldn't find file 'l_tibia.vtp'.
[2025-11-30 20:12:40.233] [warning] Couldn't find file 'l_fibula.vtp'.
[2025-11-30 20:12:40.233] [warning] Couldn't find file 'l_talus.vtp'.
[2025-11-30 20:12:40.233] [warning] Couldn't find file 'l_foot.vtp'.
[2025-11-30 20:12:40.233] [warning] Couldn't find file 'l_bofoot.vtp'.
[2025-11-30 20:12:40.233] [warning] Couldn't find file 'hat_spine.vtp'.
[2025-11-30 20:12:40.233] [warning] Couldn't find file 'hat_jaw.vtp'.
[2025-11-30 20:12:40.233] [warning] Couldn't find file 'hat_skull.vtp'.
[2025-11-30 20:12:40.233] [warning] Couldn't find file 'hat_ribs_scap.vtp'.
[2025-11-30 20:12:41.326] [info] Loaded model SUBJ06_AdaptedForPredSim from file C:\Users\menth\Documents\Programmas\PredSim\Subjects\SUBJ06mtu3D\SUBJ06mtu3D.osim
[2025-11-30 20:12:41.326] [warning] Couldn't find file 'sacrum.vtp'.
[2025-11-30 20:12:41.327] [warning] Couldn't find file 'pelvis.vtp'.
[2025-11-30 20:12:41.327] [warning] Couldn't find file 'l_pelvis.vtp'.
[2025-11-30 20:12:41.327] [warning] Couldn't find file 'r_femur.vtp'.
[2025-11-30 20:12:41.327] [warning] Couldn't find file 'r_tibia.vtp'.
[2025-11-30 20:12:41.327] [warning] Couldn't find file 'fibula.vtp'.
[2025-11-30 20:12:41.327] [warning] Couldn't find file 'talus.vtp'.
[2025-11-30 20:12:41.327] [warning] Couldn't find file 'foot.vtp'.
[2025-11-30 20:12:41.327] [warning] Couldn't find file 'bofoot.vtp'.
[2025-11-30 20:12:41.327] [warning] Couldn't find file 'l_femur.vtp'.
[2025-11-30 20:12:41.327] [warning] Couldn't find file 'l_tibia.vtp'.
[2025-11-30 20:12:41.327] [warning] Couldn't find file 'l_fibula.vtp'.
[2025-11-30 20:12:41.327] [warning] Couldn't find file 'l_talus.vtp'.
[2025-11-30 20:12:41.327] [warning] Couldn't find file 'l_foot.vtp'.
[2025-11-30 20:12:41.327] [warning] Couldn't find file 'l_bofoot.vtp'.
[2025-11-30 20:12:41.327] [warning] Couldn't find file 'hat_spine.vtp'.
[2025-11-30 20:12:41.328] [warning] Couldn't find file 'hat_jaw.vtp'.
[2025-11-30 20:12:41.328] [warning] Couldn't find file 'hat_skull.vtp'.
[2025-11-30 20:12:41.328] [warning] Couldn't find file 'hat_ribs_scap.vtp'.
[2025-11-30 20:12:42.703] [info] Loaded model SUBJ06_AdaptedForPredSim from file C:\Users\menth\Documents\Programmas\PredSim\Subjects\SUBJ06mtu3D\SUBJ06mtu3D.osim
[2025-11-30 20:12:42.703] [warning] Couldn't find file 'sacrum.vtp'.
[2025-11-30 20:12:42.704] [warning] Couldn't find file 'pelvis.vtp'.
[2025-11-30 20:12:42.704] [warning] Couldn't find file 'l_pelvis.vtp'.
[2025-11-30 20:12:42.704] [warning] Couldn't find file 'r_femur.vtp'.
[2025-11-30 20:12:42.704] [warning] Couldn't find file 'r_tibia.vtp'.
[2025-11-30 20:12:42.704] [warning] Couldn't find file 'fibula.vtp'.
[2025-11-30 20:12:42.704] [warning] Couldn't find file 'talus.vtp'.
[2025-11-30 20:12:42.704] [warning] Couldn't find file 'foot.vtp'.
[2025-11-30 20:12:42.704] [warning] Couldn't find file 'bofoot.vtp'.
[2025-11-30 20:12:42.704] [warning] Couldn't find file 'l_femur.vtp'.
[2025-11-30 20:12:42.705] [warning] Couldn't find file 'l_tibia.vtp'.
[2025-11-30 20:12:42.705] [warning] Couldn't find file 'l_fibula.vtp'.
[2025-11-30 20:12:42.705] [warning] Couldn't find file 'l_talus.vtp'.
[2025-11-30 20:12:42.705] [warning] Couldn't find file 'l_foot.vtp'.
[2025-11-30 20:12:42.705] [warning] Couldn't find file 'l_bofoot.vtp'.
[2025-11-30 20:12:42.705] [warning] Couldn't find file 'hat_spine.vtp'.
[2025-11-30 20:12:42.705] [warning] Couldn't find file 'hat_jaw.vtp'.
[2025-11-30 20:12:42.705] [warning] Couldn't find file 'hat_skull.vtp'.
[2025-11-30 20:12:42.705] [warning] Couldn't find file 'hat_ribs_scap.vtp'.
[2025-11-30 20:12:43.902] [info] Loaded model SUBJ06_AdaptedForPredSim from file C:\Users\menth\Documents\Programmas\PredSim\Subjects\SUBJ06mtu3D\SUBJ06mtu3D.osim
[2025-11-30 20:12:43.902] [warning] Couldn't find file 'sacrum.vtp'.
[2025-11-30 20:12:43.902] [warning] Couldn't find file 'pelvis.vtp'.
[2025-11-30 20:12:43.903] [warning] Couldn't find file 'l_pelvis.vtp'.
[2025-11-30 20:12:43.903] [warning] Couldn't find file 'r_femur.vtp'.
[2025-11-30 20:12:43.903] [warning] Couldn't find file 'r_tibia.vtp'.
[2025-11-30 20:12:43.903] [warning] Couldn't find file 'fibula.vtp'.
[2025-11-30 20:12:43.903] [warning] Couldn't find file 'talus.vtp'.
[2025-11-30 20:12:43.903] [warning] Couldn't find file 'foot.vtp'.
[2025-11-30 20:12:43.903] [warning] Couldn't find file 'bofoot.vtp'.
[2025-11-30 20:12:43.903] [warning] Couldn't find file 'l_femur.vtp'.
[2025-11-30 20:12:43.903] [warning] Couldn't find file 'l_tibia.vtp'.
[2025-11-30 20:12:43.903] [warning] Couldn't find file 'l_fibula.vtp'.
[2025-11-30 20:12:43.903] [warning] Couldn't find file 'l_talus.vtp'.
[2025-11-30 20:12:43.903] [warning] Couldn't find file 'l_foot.vtp'.
[2025-11-30 20:12:43.903] [warning] Couldn't find file 'l_bofoot.vtp'.
[2025-11-30 20:12:43.904] [warning] Couldn't find file 'hat_spine.vtp'.
[2025-11-30 20:12:43.904] [warning] Couldn't find file 'hat_jaw.vtp'.
[2025-11-30 20:12:43.904] [warning] Couldn't find file 'hat_skull.vtp'.
[2025-11-30 20:12:43.904] [warning] Couldn't find file 'hat_ribs_scap.vtp'.
[2025-11-30 20:12:45.323] [info] Loaded model SUBJ06_AdaptedForPredSim from file C:\Users\menth\Documents\Programmas\PredSim\Subjects\SUBJ06mtu3D\SUBJ06mtu3D.osim
[2025-11-30 20:12:45.323] [warning] Couldn't find file 'sacrum.vtp'.
[2025-11-30 20:12:45.324] [warning] Couldn't find file 'pelvis.vtp'.
[2025-11-30 20:12:45.324] [warning] Couldn't find file 'l_pelvis.vtp'.
[2025-11-30 20:12:45.324] [warning] Couldn't find file 'r_femur.vtp'.
[2025-11-30 20:12:45.324] [warning] Couldn't find file 'r_tibia.vtp'.
[2025-11-30 20:12:45.324] [warning] Couldn't find file 'fibula.vtp'.
[2025-11-30 20:12:45.324] [warning] Couldn't find file 'talus.vtp'.
[2025-11-30 20:12:45.324] [warning] Couldn't find file 'foot.vtp'.
[2025-11-30 20:12:45.324] [warning] Couldn't find file 'bofoot.vtp'.
[2025-11-30 20:12:45.324] [warning] Couldn't find file 'l_femur.vtp'.
[2025-11-30 20:12:45.324] [warning] Couldn't find file 'l_tibia.vtp'.
[2025-11-30 20:12:45.325] [warning] Couldn't find file 'l_fibula.vtp'.
[2025-11-30 20:12:45.325] [warning] Couldn't find file 'l_talus.vtp'.
[2025-11-30 20:12:45.325] [warning] Couldn't find file 'l_foot.vtp'.
[2025-11-30 20:12:45.325] [warning] Couldn't find file 'l_bofoot.vtp'.
[2025-11-30 20:12:45.325] [warning] Couldn't find file 'hat_spine.vtp'.
[2025-11-30 20:12:45.325] [warning] Couldn't find file 'hat_jaw.vtp'.
[2025-11-30 20:12:45.325] [warning] Couldn't find file 'hat_skull.vtp'.
[2025-11-30 20:12:45.325] [warning] Couldn't find file 'hat_ribs_scap.vtp'.
[2025-11-30 20:12:46.982] [info] Loaded model SUBJ06_AdaptedForPredSim from file C:\Users\menth\Documents\Programmas\PredSim\Subjects\SUBJ06mtu3D\SUBJ06mtu3D.osim
[2025-11-30 20:12:46.983] [warning] Couldn't find file 'sacrum.vtp'.
[2025-11-30 20:12:46.983] [warning] Couldn't find file 'pelvis.vtp'.
[2025-11-30 20:12:46.983] [warning] Couldn't find file 'l_pelvis.vtp'.
[2025-11-30 20:12:46.983] [warning] Couldn't find file 'r_femur.vtp'.
[2025-11-30 20:12:46.983] [warning] Couldn't find file 'r_tibia.vtp'.
[2025-11-30 20:12:46.983] [warning] Couldn't find file 'fibula.vtp'.
[2025-11-30 20:12:46.984] [warning] Couldn't find file 'talus.vtp'.
[2025-11-30 20:12:46.984] [warning] Couldn't find file 'foot.vtp'.
[2025-11-30 20:12:46.984] [warning] Couldn't find file 'bofoot.vtp'.
[2025-11-30 20:12:46.984] [warning] Couldn't find file 'l_femur.vtp'.
[2025-11-30 20:12:46.984] [warning] Couldn't find file 'l_tibia.vtp'.
[2025-11-30 20:12:46.984] [warning] Couldn't find file 'l_fibula.vtp'.
[2025-11-30 20:12:46.984] [warning] Couldn't find file 'l_talus.vtp'.
[2025-11-30 20:12:46.984] [warning] Couldn't find file 'l_foot.vtp'.
[2025-11-30 20:12:46.984] [warning] Couldn't find file 'l_bofoot.vtp'.
[2025-11-30 20:12:46.985] [warning] Couldn't find file 'hat_spine.vtp'.
[2025-11-30 20:12:46.985] [warning] Couldn't find file 'hat_jaw.vtp'.
[2025-11-30 20:12:46.985] [warning] Couldn't find file 'hat_skull.vtp'.
[2025-11-30 20:12:46.985] [warning] Couldn't find file 'hat_ribs_scap.vtp'.
[2025-11-30 20:26:27.991] [info] Loaded model SUBJ06_AdaptedForPredSim from file C:\Users\menth\Documents\Programmas\PredSim\Subjects\SUBJ06mtu3D\SUBJ06mtu3D.osim
[2025-11-30 20:26:27.991] [warning] Couldn't find file 'sacrum.vtp'.
[2025-11-30 20:26:27.991] [warning] Couldn't find file 'pelvis.vtp'.
[2025-11-30 20:26:27.992] [warning] Couldn't find file 'l_pelvis.vtp'.
[2025-11-30 20:26:27.992] [warning] Couldn't find file 'r_femur.vtp'.
[2025-11-30 20:26:27.992] [warning] Couldn't find file 'r_tibia.vtp'.
[2025-11-30 20:26:27.992] [warning] Couldn't find file 'fibula.vtp'.
[2025-11-30 20:26:27.992] [warning] Couldn't find file 'talus.vtp'.
[2025-11-30 20:26:27.992] [warning] Couldn't find file 'foot.vtp'.
[2025-11-30 20:26:27.992] [warning] Couldn't find file 'bofoot.vtp'.
[2025-11-30 20:26:27.992] [warning] Couldn't find file 'l_femur.vtp'.
[2025-11-30 20:26:27.992] [warning] Couldn't find file 'l_tibia.vtp'.
[2025-11-30 20:26:27.992] [warning] Couldn't find file 'l_fibula.vtp'.
[2025-11-30 20:26:27.993] [warning] Couldn't find file 'l_talus.vtp'.
[2025-11-30 20:26:27.993] [warning] Couldn't find file 'l_foot.vtp'.
[2025-11-30 20:26:27.993] [warning] Couldn't find file 'l_bofoot.vtp'.
[2025-11-30 20:26:27.993] [warning] Couldn't find file 'hat_spine.vtp'.
[2025-11-30 20:26:27.993] [warning] Couldn't find file 'hat_jaw.vtp'.
[2025-11-30 20:26:27.993] [warning] Couldn't find file 'hat_skull.vtp'.
[2025-11-30 20:26:27.993] [warning] Couldn't find file 'hat_ribs_scap.vtp'.
[2025-11-30 20:26:29.298] [info] Loaded model SUBJ06_AdaptedForPredSim from file C:\Users\menth\Documents\Programmas\PredSim\Subjects\SUBJ06mtu3D\SUBJ06mtu3D.osim
[2025-11-30 20:26:29.298] [warning] Couldn't find file 'sacrum.vtp'.
[2025-11-30 20:26:29.298] [warning] Couldn't find file 'pelvis.vtp'.
[2025-11-30 20:26:29.299] [warning] Couldn't find file 'l_pelvis.vtp'.
[2025-11-30 20:26:29.299] [warning] Couldn't find file 'r_femur.vtp'.
[2025-11-30 20:26:29.299] [warning] Couldn't find file 'r_tibia.vtp'.
[2025-11-30 20:26:29.299] [warning] Couldn't find file 'fibula.vtp'.
[2025-11-30 20:26:29.299] [warning] Couldn't find file 'talus.vtp'.
[2025-11-30 20:26:29.299] [warning] Couldn't find file 'foot.vtp'.
[2025-11-30 20:26:29.299] [warning] Couldn't find file 'bofoot.vtp'.
[2025-11-30 20:26:29.299] [warning] Couldn't find file 'l_femur.vtp'.
[2025-11-30 20:26:29.299] [warning] Couldn't find file 'l_tibia.vtp'.
[2025-11-30 20:26:29.299] [warning] Couldn't find file 'l_fibula.vtp'.
[2025-11-30 20:26:29.299] [warning] Couldn't find file 'l_talus.vtp'.
[2025-11-30 20:26:29.300] [warning] Couldn't find file 'l_foot.vtp'.
[2025-11-30 20:26:29.300] [warning] Couldn't find file 'l_bofoot.vtp'.
[2025-11-30 20:26:29.300] [warning] Couldn't find file 'hat_spine.vtp'.
[2025-11-30 20:26:29.300] [warning] Couldn't find file 'hat_jaw.vtp'.
[2025-11-30 20:26:29.300] [warning] Couldn't find file 'hat_skull.vtp'.
[2025-11-30 20:26:29.300] [warning] Couldn't find file 'hat_ribs_scap.vtp'.
[2025-11-30 20:26:30.600] [info] Loaded model SUBJ06_AdaptedForPredSim from file C:\Users\menth\Documents\Programmas\PredSim\Subjects\SUBJ06mtu3D\SUBJ06mtu3D.osim
[2025-11-30 20:26:30.600] [warning] Couldn't find file 'sacrum.vtp'.
[2025-11-30 20:26:30.600] [warning] Couldn't find file 'pelvis.vtp'.
[2025-11-30 20:26:30.600] [warning] Couldn't find file 'l_pelvis.vtp'.
[2025-11-30 20:26:30.600] [warning] Couldn't find file 'r_femur.vtp'.
[2025-11-30 20:26:30.600] [warning] Couldn't find file 'r_tibia.vtp'.
[2025-11-30 20:26:30.600] [warning] Couldn't find file 'fibula.vtp'.
[2025-11-30 20:26:30.601] [warning] Couldn't find file 'talus.vtp'.
[2025-11-30 20:26:30.601] [warning] Couldn't find file 'foot.vtp'.
[2025-11-30 20:26:30.601] [warning] Couldn't find file 'bofoot.vtp'.
[2025-11-30 20:26:30.601] [warning] Couldn't find file 'l_femur.vtp'.
[2025-11-30 20:26:30.601] [warning] Couldn't find file 'l_tibia.vtp'.
[2025-11-30 20:26:30.601] [warning] Couldn't find file 'l_fibula.vtp'.
[2025-11-30 20:26:30.601] [warning] Couldn't find file 'l_talus.vtp'.
[2025-11-30 20:26:30.601] [warning] Couldn't find file 'l_foot.vtp'.
[2025-11-30 20:26:30.601] [warning] Couldn't find file 'l_bofoot.vtp'.
[2025-11-30 20:26:30.601] [warning] Couldn't find file 'hat_spine.vtp'.
[2025-11-30 20:26:30.601] [warning] Couldn't find file 'hat_jaw.vtp'.
[2025-11-30 20:26:30.601] [warning] Couldn't find file 'hat_skull.vtp'.
[2025-11-30 20:26:30.601] [warning] Couldn't find file 'hat_ribs_scap.vtp'.
[2025-11-30 20:26:31.849] [info] Loaded model SUBJ06_AdaptedForPredSim from file C:\Users\menth\Documents\Programmas\PredSim\Subjects\SUBJ06mtu3D\SUBJ06mtu3D.osim
[2025-11-30 20:26:31.850] [warning] Couldn't find file 'sacrum.vtp'.
[2025-11-30 20:26:31.850] [warning] Couldn't find file 'pelvis.vtp'.
[2025-11-30 20:26:31.850] [warning] Couldn't find file 'l_pelvis.vtp'.
[2025-11-30 20:26:31.850] [warning] Couldn't find file 'r_femur.vtp'.
[2025-11-30 20:26:31.850] [warning] Couldn't find file 'r_tibia.vtp'.
[2025-11-30 20:26:31.850] [warning] Couldn't find file 'fibula.vtp'.
[2025-11-30 20:26:31.850] [warning] Couldn't find file 'talus.vtp'.
[2025-11-30 20:26:31.850] [warning] Couldn't find file 'foot.vtp'.
[2025-11-30 20:26:31.850] [warning] Couldn't find file 'bofoot.vtp'.
[2025-11-30 20:26:31.850] [warning] Couldn't find file 'l_femur.vtp'.
[2025-11-30 20:26:31.850] [warning] Couldn't find file 'l_tibia.vtp'.
[2025-11-30 20:26:31.851] [warning] Couldn't find file 'l_fibula.vtp'.
[2025-11-30 20:26:31.851] [warning] Couldn't find file 'l_talus.vtp'.
[2025-11-30 20:26:31.851] [warning] Couldn't find file 'l_foot.vtp'.
[2025-11-30 20:26:31.851] [warning] Couldn't find file 'l_bofoot.vtp'.
[2025-11-30 20:26:31.851] [warning] Couldn't find file 'hat_spine.vtp'.
[2025-11-30 20:26:31.851] [warning] Couldn't find file 'hat_jaw.vtp'.
[2025-11-30 20:26:31.851] [warning] Couldn't find file 'hat_skull.vtp'.
[2025-11-30 20:26:31.851] [warning] Couldn't find file 'hat_ribs_scap.vtp'.
[2025-11-30 20:26:33.093] [info] Loaded model SUBJ06_AdaptedForPredSim from file C:\Users\menth\Documents\Programmas\PredSim\Subjects\SUBJ06mtu3D\SUBJ06mtu3D.osim
[2025-11-30 20:26:33.093] [warning] Couldn't find file 'sacrum.vtp'.
[2025-11-30 20:26:33.094] [warning] Couldn't find file 'pelvis.vtp'.
[2025-11-30 20:26:33.094] [warning] Couldn't find file 'l_pelvis.vtp'.
[2025-11-30 20:26:33.094] [warning] Couldn't find file 'r_femur.vtp'.
[2025-11-30 20:26:33.094] [warning] Couldn't find file 'r_tibia.vtp'.
[2025-11-30 20:26:33.094] [warning] Couldn't find file 'fibula.vtp'.
[2025-11-30 20:26:33.094] [warning] Couldn't find file 'talus.vtp'.
[2025-11-30 20:26:33.094] [warning] Couldn't find file 'foot.vtp'.
[2025-11-30 20:26:33.094] [warning] Couldn't find file 'bofoot.vtp'.
[2025-11-30 20:26:33.094] [warning] Couldn't find file 'l_femur.vtp'.
[2025-11-30 20:26:33.095] [warning] Couldn't find file 'l_tibia.vtp'.
[2025-11-30 20:26:33.095] [warning] Couldn't find file 'l_fibula.vtp'.
[2025-11-30 20:26:33.095] [warning] Couldn't find file 'l_talus.vtp'.
[2025-11-30 20:26:33.095] [warning] Couldn't find file 'l_foot.vtp'.
[2025-11-30 20:26:33.095] [warning] Couldn't find file 'l_bofoot.vtp'.
[2025-11-30 20:26:33.095] [warning] Couldn't find file 'hat_spine.vtp'.
[2025-11-30 20:26:33.095] [warning] Couldn't find file 'hat_jaw.vtp'.
[2025-11-30 20:26:33.095] [warning] Couldn't find file 'hat_skull.vtp'.
[2025-11-30 20:26:33.095] [warning] Couldn't find file 'hat_ribs_scap.vtp'.
[2025-11-30 20:26:34.403] [info] Loaded model SUBJ06_AdaptedForPredSim from file C:\Users\menth\Documents\Programmas\PredSim\Subjects\SUBJ06mtu3D\SUBJ06mtu3D.osim
[2025-11-30 20:26:34.404] [warning] Couldn't find file 'sacrum.vtp'.
[2025-11-30 20:26:34.404] [warning] Couldn't find file 'pelvis.vtp'.
[2025-11-30 20:26:34.404] [warning] Couldn't find file 'l_pelvis.vtp'.
[2025-11-30 20:26:34.404] [warning] Couldn't find file 'r_femur.vtp'.
[2025-11-30 20:26:34.404] [warning] Couldn't find file 'r_tibia.vtp'.
[2025-11-30 20:26:34.404] [warning] Couldn't find file 'fibula.vtp'.
[2025-11-30 20:26:34.404] [warning] Couldn't find file 'talus.vtp'.
[2025-11-30 20:26:34.405] [warning] Couldn't find file 'foot.vtp'.
[2025-11-30 20:26:34.405] [warning] Couldn't find file 'bofoot.vtp'.
[2025-11-30 20:26:34.405] [warning] Couldn't find file 'l_femur.vtp'.
[2025-11-30 20:26:34.405] [warning] Couldn't find file 'l_tibia.vtp'.
[2025-11-30 20:26:34.405] [warning] Couldn't find file 'l_fibula.vtp'.
[2025-11-30 20:26:34.405] [warning] Couldn't find file 'l_talus.vtp'.
[2025-11-30 20:26:34.405] [warning] Couldn't find file 'l_foot.vtp'.
[2025-11-30 20:26:34.405] [warning] Couldn't find file 'l_bofoot.vtp'.
[2025-11-30 20:26:34.405] [warning] Couldn't find file 'hat_spine.vtp'.
[2025-11-30 20:26:34.405] [warning] Couldn't find file 'hat_jaw.vtp'.
[2025-11-30 20:26:34.406] [warning] Couldn't find file 'hat_skull.vtp'.
[2025-11-30 20:26:34.406] [warning] Couldn't find file 'hat_ribs_scap.vtp'.
[2025-11-30 20:26:35.915] [info] Loaded model SUBJ06_AdaptedForPredSim from file C:\Users\menth\Documents\Programmas\PredSim\Subjects\SUBJ06mtu3D\SUBJ06mtu3D.osim
[2025-11-30 20:26:35.916] [warning] Couldn't find file 'sacrum.vtp'.
[2025-11-30 20:26:35.916] [warning] Couldn't find file 'pelvis.vtp'.
[2025-11-30 20:26:35.916] [warning] Couldn't find file 'l_pelvis.vtp'.
[2025-11-30 20:26:35.916] [warning] Couldn't find file 'r_femur.vtp'.
[2025-11-30 20:26:35.916] [warning] Couldn't find file 'r_tibia.vtp'.
[2025-11-30 20:26:35.916] [warning] Couldn't find file 'fibula.vtp'.
[2025-11-30 20:26:35.916] [warning] Couldn't find file 'talus.vtp'.
[2025-11-30 20:26:35.917] [warning] Couldn't find file 'foot.vtp'.
[2025-11-30 20:26:35.917] [warning] Couldn't find file 'bofoot.vtp'.
[2025-11-30 20:26:35.917] [warning] Couldn't find file 'l_femur.vtp'.
[2025-11-30 20:26:35.917] [warning] Couldn't find file 'l_tibia.vtp'.
[2025-11-30 20:26:35.917] [warning] Couldn't find file 'l_fibula.vtp'.
[2025-11-30 20:26:35.917] [warning] Couldn't find file 'l_talus.vtp'.
[2025-11-30 20:26:35.917] [warning] Couldn't find file 'l_foot.vtp'.
[2025-11-30 20:26:35.918] [warning] Couldn't find file 'l_bofoot.vtp'.
[2025-11-30 20:26:35.918] [warning] Couldn't find file 'hat_spine.vtp'.
[2025-11-30 20:26:35.918] [warning] Couldn't find file 'hat_jaw.vtp'.
[2025-11-30 20:26:35.918] [warning] Couldn't find file 'hat_skull.vtp'.
[2025-11-30 20:26:35.918] [warning] Couldn't find file 'hat_ribs_scap.vtp'.
[2025-11-30 20:26:37.564] [info] Loaded model SUBJ06_AdaptedForPredSim from file C:\Users\menth\Documents\Programmas\PredSim\Subjects\SUBJ06mtu3D\SUBJ06mtu3D.osim
[2025-11-30 20:26:37.565] [warning] Couldn't find file 'sacrum.vtp'.
[2025-11-30 20:26:37.565] [warning] Couldn't find file 'pelvis.vtp'.
[2025-11-30 20:26:37.565] [warning] Couldn't find file 'l_pelvis.vtp'.
[2025-11-30 20:26:37.565] [warning] Couldn't find file 'r_femur.vtp'.
[2025-11-30 20:26:37.565] [warning] Couldn't find file 'r_tibia.vtp'.
[2025-11-30 20:26:37.565] [warning] Couldn't find file 'fibula.vtp'.
[2025-11-30 20:26:37.565] [warning] Couldn't find file 'talus.vtp'.
[2025-11-30 20:26:37.565] [warning] Couldn't find file 'foot.vtp'.
[2025-11-30 20:26:37.566] [warning] Couldn't find file 'bofoot.vtp'.
[2025-11-30 20:26:37.566] [warning] Couldn't find file 'l_femur.vtp'.
[2025-11-30 20:26:37.566] [warning] Couldn't find file 'l_tibia.vtp'.
[2025-11-30 20:26:37.566] [warning] Couldn't find file 'l_fibula.vtp'.
[2025-11-30 20:26:37.566] [warning] Couldn't find file 'l_talus.vtp'.
[2025-11-30 20:26:37.566] [warning] Couldn't find file 'l_foot.vtp'.
[2025-11-30 20:26:37.566] [warning] Couldn't find file 'l_bofoot.vtp'.
[2025-11-30 20:26:37.566] [warning] Couldn't find file 'hat_spine.vtp'.
[2025-11-30 20:26:37.566] [warning] Couldn't find file 'hat_jaw.vtp'.
[2025-11-30 20:26:37.566] [warning] Couldn't find file 'hat_skull.vtp'.
[2025-11-30 20:26:37.566] [warning] Couldn't find file 'hat_ribs_scap.vtp'.
[2025-11-30 20:40:59.294] [info] Loaded model SUBJ06_AdaptedForPredSim from file C:\Users\menth\Documents\Programmas\PredSim\Subjects\SUBJ06mtu3D\SUBJ06mtu3D.osim
[2025-11-30 20:40:59.294] [warning] Couldn't find file 'sacrum.vtp'.
[2025-11-30 20:40:59.295] [warning] Couldn't find file 'pelvis.vtp'.
[2025-11-30 20:40:59.295] [warning] Couldn't find file 'l_pelvis.vtp'.
[2025-11-30 20:40:59.295] [warning] Couldn't find file 'r_femur.vtp'.
[2025-11-30 20:40:59.295] [warning] Couldn't find file 'r_tibia.vtp'.
[2025-11-30 20:40:59.295] [warning] Couldn't find file 'fibula.vtp'.
[2025-11-30 20:40:59.295] [warning] Couldn't find file 'talus.vtp'.
[2025-11-30 20:40:59.295] [warning] Couldn't find file 'foot.vtp'.
[2025-11-30 20:40:59.296] [warning] Couldn't find file 'bofoot.vtp'.
[2025-11-30 20:40:59.296] [warning] Couldn't find file 'l_femur.vtp'.
[2025-11-30 20:40:59.296] [warning] Couldn't find file 'l_tibia.vtp'.
[2025-11-30 20:40:59.296] [warning] Couldn't find file 'l_fibula.vtp'.
[2025-11-30 20:40:59.296] [warning] Couldn't find file 'l_talus.vtp'.
[2025-11-30 20:40:59.296] [warning] Couldn't find file 'l_foot.vtp'.
[2025-11-30 20:40:59.296] [warning] Couldn't find file 'l_bofoot.vtp'.
[2025-11-30 20:40:59.296] [warning] Couldn't find file 'hat_spine.vtp'.
[2025-11-30 20:40:59.296] [warning] Couldn't find file 'hat_jaw.vtp'.
[2025-11-30 20:40:59.296] [warning] Couldn't find file 'hat_skull.vtp'.
[2025-11-30 20:40:59.296] [warning] Couldn't find file 'hat_ribs_scap.vtp'.
[2025-11-30 20:41:00.628] [info] Loaded model SUBJ06_AdaptedForPredSim from file C:\Users\menth\Documents\Programmas\PredSim\Subjects\SUBJ06mtu3D\SUBJ06mtu3D.osim
[2025-11-30 20:41:00.628] [warning] Couldn't find file 'sacrum.vtp'.
[2025-11-30 20:41:00.628] [warning] Couldn't find file 'pelvis.vtp'.
[2025-11-30 20:41:00.629] [warning] Couldn't find file 'l_pelvis.vtp'.
[2025-11-30 20:41:00.629] [warning] Couldn't find file 'r_femur.vtp'.
[2025-11-30 20:41:00.629] [warning] Couldn't find file 'r_tibia.vtp'.
[2025-11-30 20:41:00.629] [warning] Couldn't find file 'fibula.vtp'.
[2025-11-30 20:41:00.629] [warning] Couldn't find file 'talus.vtp'.
[2025-11-30 20:41:00.629] [warning] Couldn't find file 'foot.vtp'.
[2025-11-30 20:41:00.629] [warning] Couldn't find file 'bofoot.vtp'.
[2025-11-30 20:41:00.629] [warning] Couldn't find file 'l_femur.vtp'.
[2025-11-30 20:41:00.629] [warning] Couldn't find file 'l_tibia.vtp'.
[2025-11-30 20:41:00.629] [warning] Couldn't find file 'l_fibula.vtp'.
[2025-11-30 20:41:00.629] [warning] Couldn't find file 'l_talus.vtp'.
[2025-11-30 20:41:00.629] [warning] Couldn't find file 'l_foot.vtp'.
[2025-11-30 20:41:00.629] [warning] Couldn't find file 'l_bofoot.vtp'.
[2025-11-30 20:41:00.630] [warning] Couldn't find file 'hat_spine.vtp'.
[2025-11-30 20:41:00.630] [warning] Couldn't find file 'hat_jaw.vtp'.
[2025-11-30 20:41:00.630] [warning] Couldn't find file 'hat_skull.vtp'.
[2025-11-30 20:41:00.630] [warning] Couldn't find file 'hat_ribs_scap.vtp'.
[2025-11-30 20:41:01.921] [info] Loaded model SUBJ06_AdaptedForPredSim from file C:\Users\menth\Documents\Programmas\PredSim\Subjects\SUBJ06mtu3D\SUBJ06mtu3D.osim
[2025-11-30 20:41:01.922] [warning] Couldn't find file 'sacrum.vtp'.
[2025-11-30 20:41:01.922] [warning] Couldn't find file 'pelvis.vtp'.
[2025-11-30 20:41:01.922] [warning] Couldn't find file 'l_pelvis.vtp'.
[2025-11-30 20:41:01.922] [warning] Couldn't find file 'r_femur.vtp'.
[2025-11-30 20:41:01.922] [warning] Couldn't find file 'r_tibia.vtp'.
[2025-11-30 20:41:01.922] [warning] Couldn't find file 'fibula.vtp'.
[2025-11-30 20:41:01.922] [warning] Couldn't find file 'talus.vtp'.
[2025-11-30 20:41:01.922] [warning] Couldn't find file 'foot.vtp'.
[2025-11-30 20:41:01.923] [warning] Couldn't find file 'bofoot.vtp'.
[2025-11-30 20:41:01.923] [warning] Couldn't find file 'l_femur.vtp'.
[2025-11-30 20:41:01.923] [warning] Couldn't find file 'l_tibia.vtp'.
[2025-11-30 20:41:01.923] [warning] Couldn't find file 'l_fibula.vtp'.
[2025-11-30 20:41:01.923] [warning] Couldn't find file 'l_talus.vtp'.
[2025-11-30 20:41:01.923] [warning] Couldn't find file 'l_foot.vtp'.
[2025-11-30 20:41:01.923] [warning] Couldn't find file 'l_bofoot.vtp'.
[2025-11-30 20:41:01.923] [warning] Couldn't find file 'hat_spine.vtp'.
[2025-11-30 20:41:01.923] [warning] Couldn't find file 'hat_jaw.vtp'.
[2025-11-30 20:41:01.924] [warning] Couldn't find file 'hat_skull.vtp'.
[2025-11-30 20:41:01.924] [warning] Couldn't find file 'hat_ribs_scap.vtp'.
[2025-11-30 20:41:03.183] [info] Loaded model SUBJ06_AdaptedForPredSim from file C:\Users\menth\Documents\Programmas\PredSim\Subjects\SUBJ06mtu3D\SUBJ06mtu3D.osim
[2025-11-30 20:41:03.183] [warning] Couldn't find file 'sacrum.vtp'.
[2025-11-30 20:41:03.184] [warning] Couldn't find file 'pelvis.vtp'.
[2025-11-30 20:41:03.184] [warning] Couldn't find file 'l_pelvis.vtp'.
[2025-11-30 20:41:03.184] [warning] Couldn't find file 'r_femur.vtp'.
[2025-11-30 20:41:03.184] [warning] Couldn't find file 'r_tibia.vtp'.
[2025-11-30 20:41:03.184] [warning] Couldn't find file 'fibula.vtp'.
[2025-11-30 20:41:03.184] [warning] Couldn't find file 'talus.vtp'.
[2025-11-30 20:41:03.185] [warning] Couldn't find file 'foot.vtp'.
[2025-11-30 20:41:03.185] [warning] Couldn't find file 'bofoot.vtp'.
[2025-11-30 20:41:03.185] [warning] Couldn't find file 'l_femur.vtp'.
[2025-11-30 20:41:03.185] [warning] Couldn't find file 'l_tibia.vtp'.
[2025-11-30 20:41:03.185] [warning] Couldn't find file 'l_fibula.vtp'.
[2025-11-30 20:41:03.185] [warning] Couldn't find file 'l_talus.vtp'.
[2025-11-30 20:41:03.186] [warning] Couldn't find file 'l_foot.vtp'.
[2025-11-30 20:41:03.186] [warning] Couldn't find file 'l_bofoot.vtp'.
[2025-11-30 20:41:03.186] [warning] Couldn't find file 'hat_spine.vtp'.
[2025-11-30 20:41:03.186] [warning] Couldn't find file 'hat_jaw.vtp'.
[2025-11-30 20:41:03.186] [warning] Couldn't find file 'hat_skull.vtp'.
[2025-11-30 20:41:03.186] [warning] Couldn't find file 'hat_ribs_scap.vtp'.
[2025-11-30 20:41:04.440] [info] Loaded model SUBJ06_AdaptedForPredSim from file C:\Users\menth\Documents\Programmas\PredSim\Subjects\SUBJ06mtu3D\SUBJ06mtu3D.osim
[2025-11-30 20:41:04.441] [warning] Couldn't find file 'sacrum.vtp'.
[2025-11-30 20:41:04.441] [warning] Couldn't find file 'pelvis.vtp'.
[2025-11-30 20:41:04.441] [warning] Couldn't find file 'l_pelvis.vtp'.
[2025-11-30 20:41:04.441] [warning] Couldn't find file 'r_femur.vtp'.
[2025-11-30 20:41:04.441] [warning] Couldn't find file 'r_tibia.vtp'.
[2025-11-30 20:41:04.441] [warning] Couldn't find file 'fibula.vtp'.
[2025-11-30 20:41:04.441] [warning] Couldn't find file 'talus.vtp'.
[2025-11-30 20:41:04.442] [warning] Couldn't find file 'foot.vtp'.
[2025-11-30 20:41:04.442] [warning] Couldn't find file 'bofoot.vtp'.
[2025-11-30 20:41:04.442] [warning] Couldn't find file 'l_femur.vtp'.
[2025-11-30 20:41:04.442] [warning] Couldn't find file 'l_tibia.vtp'.
[2025-11-30 20:41:04.442] [warning] Couldn't find file 'l_fibula.vtp'.
[2025-11-30 20:41:04.442] [warning] Couldn't find file 'l_talus.vtp'.
[2025-11-30 20:41:04.442] [warning] Couldn't find file 'l_foot.vtp'.
[2025-11-30 20:41:04.442] [warning] Couldn't find file 'l_bofoot.vtp'.
[2025-11-30 20:41:04.443] [warning] Couldn't find file 'hat_spine.vtp'.
[2025-11-30 20:41:04.443] [warning] Couldn't find file 'hat_jaw.vtp'.
[2025-11-30 20:41:04.443] [warning] Couldn't find file 'hat_skull.vtp'.
[2025-11-30 20:41:04.443] [warning] Couldn't find file 'hat_ribs_scap.vtp'.
[2025-11-30 20:41:05.771] [info] Loaded model SUBJ06_AdaptedForPredSim from file C:\Users\menth\Documents\Programmas\PredSim\Subjects\SUBJ06mtu3D\SUBJ06mtu3D.osim
[2025-11-30 20:41:05.771] [warning] Couldn't find file 'sacrum.vtp'.
[2025-11-30 20:41:05.771] [warning] Couldn't find file 'pelvis.vtp'.
[2025-11-30 20:41:05.771] [warning] Couldn't find file 'l_pelvis.vtp'.
[2025-11-30 20:41:05.771] [warning] Couldn't find file 'r_femur.vtp'.
[2025-11-30 20:41:05.772] [warning] Couldn't find file 'r_tibia.vtp'.
[2025-11-30 20:41:05.772] [warning] Couldn't find file 'fibula.vtp'.
[2025-11-30 20:41:05.772] [warning] Couldn't find file 'talus.vtp'.
[2025-11-30 20:41:05.772] [warning] Couldn't find file 'foot.vtp'.
[2025-11-30 20:41:05.772] [warning] Couldn't find file 'bofoot.vtp'.
[2025-11-30 20:41:05.772] [warning] Couldn't find file 'l_femur.vtp'.
[2025-11-30 20:41:05.772] [warning] Couldn't find file 'l_tibia.vtp'.
[2025-11-30 20:41:05.772] [warning] Couldn't find file 'l_fibula.vtp'.
[2025-11-30 20:41:05.772] [warning] Couldn't find file 'l_talus.vtp'.
[2025-11-30 20:41:05.772] [warning] Couldn't find file 'l_foot.vtp'.
[2025-11-30 20:41:05.772] [warning] Couldn't find file 'l_bofoot.vtp'.
[2025-11-30 20:41:05.772] [warning] Couldn't find file 'hat_spine.vtp'.
[2025-11-30 20:41:05.772] [warning] Couldn't find file 'hat_jaw.vtp'.
[2025-11-30 20:41:05.773] [warning] Couldn't find file 'hat_skull.vtp'.
[2025-11-30 20:41:05.773] [warning] Couldn't find file 'hat_ribs_scap.vtp'.
[2025-11-30 20:41:07.262] [info] Loaded model SUBJ06_AdaptedForPredSim from file C:\Users\menth\Documents\Programmas\PredSim\Subjects\SUBJ06mtu3D\SUBJ06mtu3D.osim
[2025-11-30 20:41:07.263] [warning] Couldn't find file 'sacrum.vtp'.
[2025-11-30 20:41:07.263] [warning] Couldn't find file 'pelvis.vtp'.
[2025-11-30 20:41:07.263] [warning] Couldn't find file 'l_pelvis.vtp'.
[2025-11-30 20:41:07.263] [warning] Couldn't find file 'r_femur.vtp'.
[2025-11-30 20:41:07.263] [warning] Couldn't find file 'r_tibia.vtp'.
[2025-11-30 20:41:07.264] [warning] Couldn't find file 'fibula.vtp'.
[2025-11-30 20:41:07.264] [warning] Couldn't find file 'talus.vtp'.
[2025-11-30 20:41:07.264] [warning] Couldn't find file 'foot.vtp'.
[2025-11-30 20:41:07.264] [warning] Couldn't find file 'bofoot.vtp'.
[2025-11-30 20:41:07.264] [warning] Couldn't find file 'l_femur.vtp'.
[2025-11-30 20:41:07.264] [warning] Couldn't find file 'l_tibia.vtp'.
[2025-11-30 20:41:07.264] [warning] Couldn't find file 'l_fibula.vtp'.
[2025-11-30 20:41:07.264] [warning] Couldn't find file 'l_talus.vtp'.
[2025-11-30 20:41:07.264] [warning] Couldn't find file 'l_foot.vtp'.
[2025-11-30 20:41:07.265] [warning] Couldn't find file 'l_bofoot.vtp'.
[2025-11-30 20:41:07.265] [warning] Couldn't find file 'hat_spine.vtp'.
[2025-11-30 20:41:07.265] [warning] Couldn't find file 'hat_jaw.vtp'.
[2025-11-30 20:41:07.265] [warning] Couldn't find file 'hat_skull.vtp'.
[2025-11-30 20:41:07.265] [warning] Couldn't find file 'hat_ribs_scap.vtp'.
[2025-11-30 20:41:08.853] [info] Loaded model SUBJ06_AdaptedForPredSim from file C:\Users\menth\Documents\Programmas\PredSim\Subjects\SUBJ06mtu3D\SUBJ06mtu3D.osim
[2025-11-30 20:41:08.854] [warning] Couldn't find file 'sacrum.vtp'.
[2025-11-30 20:41:08.854] [warning] Couldn't find file 'pelvis.vtp'.
[2025-11-30 20:41:08.854] [warning] Couldn't find file 'l_pelvis.vtp'.
[2025-11-30 20:41:08.854] [warning] Couldn't find file 'r_femur.vtp'.
[2025-11-30 20:41:08.854] [warning] Couldn't find file 'r_tibia.vtp'.
[2025-11-30 20:41:08.854] [warning] Couldn't find file 'fibula.vtp'.
[2025-11-30 20:41:08.855] [warning] Couldn't find file 'talus.vtp'.
[2025-11-30 20:41:08.855] [warning] Couldn't find file 'foot.vtp'.
[2025-11-30 20:41:08.855] [warning] Couldn't find file 'bofoot.vtp'.
[2025-11-30 20:41:08.855] [warning] Couldn't find file 'l_femur.vtp'.
[2025-11-30 20:41:08.855] [warning] Couldn't find file 'l_tibia.vtp'.
[2025-11-30 20:41:08.855] [warning] Couldn't find file 'l_fibula.vtp'.
[2025-11-30 20:41:08.855] [warning] Couldn't find file 'l_talus.vtp'.
[2025-11-30 20:41:08.856] [warning] Couldn't find file 'l_foot.vtp'.
[2025-11-30 20:41:08.856] [warning] Couldn't find file 'l_bofoot.vtp'.
[2025-11-30 20:41:08.856] [warning] Couldn't find file 'hat_spine.vtp'.
[2025-11-30 20:41:08.856] [warning] Couldn't find file 'hat_jaw.vtp'.
[2025-11-30 20:41:08.856] [warning] Couldn't find file 'hat_skull.vtp'.
[2025-11-30 20:41:08.856] [warning] Couldn't find file 'hat_ribs_scap.vtp'.
[2025-11-30 20:55:19.457] [info] Loaded model SUBJ06_AdaptedForPredSim from file C:\Users\menth\Documents\Programmas\PredSim\Subjects\SUBJ06mtu3D\SUBJ06mtu3D.osim
[2025-11-30 20:55:19.458] [warning] Couldn't find file 'sacrum.vtp'.
[2025-11-30 20:55:19.458] [warning] Couldn't find file 'pelvis.vtp'.
[2025-11-30 20:55:19.458] [warning] Couldn't find file 'l_pelvis.vtp'.
[2025-11-30 20:55:19.458] [warning] Couldn't find file 'r_femur.vtp'.
[2025-11-30 20:55:19.458] [warning] Couldn't find file 'r_tibia.vtp'.
[2025-11-30 20:55:19.458] [warning] Couldn't find file 'fibula.vtp'.
[2025-11-30 20:55:19.458] [warning] Couldn't find file 'talus.vtp'.
[2025-11-30 20:55:19.458] [warning] Couldn't find file 'foot.vtp'.
[2025-11-30 20:55:19.458] [warning] Couldn't find file 'bofoot.vtp'.
[2025-11-30 20:55:19.458] [warning] Couldn't find file 'l_femur.vtp'.
[2025-11-30 20:55:19.459] [warning] Couldn't find file 'l_tibia.vtp'.
[2025-11-30 20:55:19.459] [warning] Couldn't find file 'l_fibula.vtp'.
[2025-11-30 20:55:19.459] [warning] Couldn't find file 'l_talus.vtp'.
[2025-11-30 20:55:19.459] [warning] Couldn't find file 'l_foot.vtp'.
[2025-11-30 20:55:19.459] [warning] Couldn't find file 'l_bofoot.vtp'.
[2025-11-30 20:55:19.459] [warning] Couldn't find file 'hat_spine.vtp'.
[2025-11-30 20:55:19.459] [warning] Couldn't find file 'hat_jaw.vtp'.
[2025-11-30 20:55:19.459] [warning] Couldn't find file 'hat_skull.vtp'.
[2025-11-30 20:55:19.459] [warning] Couldn't find file 'hat_ribs_scap.vtp'.
[2025-11-30 20:55:20.712] [info] Loaded model SUBJ06_AdaptedForPredSim from file C:\Users\menth\Documents\Programmas\PredSim\Subjects\SUBJ06mtu3D\SUBJ06mtu3D.osim
[2025-11-30 20:55:20.712] [warning] Couldn't find file 'sacrum.vtp'.
[2025-11-30 20:55:20.713] [warning] Couldn't find file 'pelvis.vtp'.
[2025-11-30 20:55:20.713] [warning] Couldn't find file 'l_pelvis.vtp'.
[2025-11-30 20:55:20.713] [warning] Couldn't find file 'r_femur.vtp'.
[2025-11-30 20:55:20.713] [warning] Couldn't find file 'r_tibia.vtp'.
[2025-11-30 20:55:20.713] [warning] Couldn't find file 'fibula.vtp'.
[2025-11-30 20:55:20.713] [warning] Couldn't find file 'talus.vtp'.
[2025-11-30 20:55:20.713] [warning] Couldn't find file 'foot.vtp'.
[2025-11-30 20:55:20.713] [warning] Couldn't find file 'bofoot.vtp'.
[2025-11-30 20:55:20.714] [warning] Couldn't find file 'l_femur.vtp'.
[2025-11-30 20:55:20.714] [warning] Couldn't find file 'l_tibia.vtp'.
[2025-11-30 20:55:20.714] [warning] Couldn't find file 'l_fibula.vtp'.
[2025-11-30 20:55:20.714] [warning] Couldn't find file 'l_talus.vtp'.
[2025-11-30 20:55:20.714] [warning] Couldn't find file 'l_foot.vtp'.
[2025-11-30 20:55:20.714] [warning] Couldn't find file 'l_bofoot.vtp'.
[2025-11-30 20:55:20.714] [warning] Couldn't find file 'hat_spine.vtp'.
[2025-11-30 20:55:20.714] [warning] Couldn't find file 'hat_jaw.vtp'.
[2025-11-30 20:55:20.714] [warning] Couldn't find file 'hat_skull.vtp'.
[2025-11-30 20:55:20.714] [warning] Couldn't find file 'hat_ribs_scap.vtp'.
[2025-11-30 20:55:21.942] [info] Loaded model SUBJ06_AdaptedForPredSim from file C:\Users\menth\Documents\Programmas\PredSim\Subjects\SUBJ06mtu3D\SUBJ06mtu3D.osim
[2025-11-30 20:55:21.942] [warning] Couldn't find file 'sacrum.vtp'.
[2025-11-30 20:55:21.943] [warning] Couldn't find file 'pelvis.vtp'.
[2025-11-30 20:55:21.943] [warning] Couldn't find file 'l_pelvis.vtp'.
[2025-11-30 20:55:21.943] [warning] Couldn't find file 'r_femur.vtp'.
[2025-11-30 20:55:21.943] [warning] Couldn't find file 'r_tibia.vtp'.
[2025-11-30 20:55:21.943] [warning] Couldn't find file 'fibula.vtp'.
[2025-11-30 20:55:21.943] [warning] Couldn't find file 'talus.vtp'.
[2025-11-30 20:55:21.943] [warning] Couldn't find file 'foot.vtp'.
[2025-11-30 20:55:21.944] [warning] Couldn't find file 'bofoot.vtp'.
[2025-11-30 20:55:21.944] [warning] Couldn't find file 'l_femur.vtp'.
[2025-11-30 20:55:21.944] [warning] Couldn't find file 'l_tibia.vtp'.
[2025-11-30 20:55:21.944] [warning] Couldn't find file 'l_fibula.vtp'.
[2025-11-30 20:55:21.944] [warning] Couldn't find file 'l_talus.vtp'.
[2025-11-30 20:55:21.944] [warning] Couldn't find file 'l_foot.vtp'.
[2025-11-30 20:55:21.944] [warning] Couldn't find file 'l_bofoot.vtp'.
[2025-11-30 20:55:21.944] [warning] Couldn't find file 'hat_spine.vtp'.
[2025-11-30 20:55:21.945] [warning] Couldn't find file 'hat_jaw.vtp'.
[2025-11-30 20:55:21.945] [warning] Couldn't find file 'hat_skull.vtp'.
[2025-11-30 20:55:21.945] [warning] Couldn't find file 'hat_ribs_scap.vtp'.
[2025-11-30 20:55:23.141] [info] Loaded model SUBJ06_AdaptedForPredSim from file C:\Users\menth\Documents\Programmas\PredSim\Subjects\SUBJ06mtu3D\SUBJ06mtu3D.osim
[2025-11-30 20:55:23.141] [warning] Couldn't find file 'sacrum.vtp'.
[2025-11-30 20:55:23.141] [warning] Couldn't find file 'pelvis.vtp'.
[2025-11-30 20:55:23.142] [warning] Couldn't find file 'l_pelvis.vtp'.
[2025-11-30 20:55:23.142] [warning] Couldn't find file 'r_femur.vtp'.
[2025-11-30 20:55:23.142] [warning] Couldn't find file 'r_tibia.vtp'.
[2025-11-30 20:55:23.142] [warning] Couldn't find file 'fibula.vtp'.
[2025-11-30 20:55:23.142] [warning] Couldn't find file 'talus.vtp'.
[2025-11-30 20:55:23.142] [warning] Couldn't find file 'foot.vtp'.
[2025-11-30 20:55:23.142] [warning] Couldn't find file 'bofoot.vtp'.
[2025-11-30 20:55:23.142] [warning] Couldn't find file 'l_femur.vtp'.
[2025-11-30 20:55:23.142] [warning] Couldn't find file 'l_tibia.vtp'.
[2025-11-30 20:55:23.142] [warning] Couldn't find file 'l_fibula.vtp'.
[2025-11-30 20:55:23.142] [warning] Couldn't find file 'l_talus.vtp'.
[2025-11-30 20:55:23.142] [warning] Couldn't find file 'l_foot.vtp'.
[2025-11-30 20:55:23.142] [warning] Couldn't find file 'l_bofoot.vtp'.
[2025-11-30 20:55:23.143] [warning] Couldn't find file 'hat_spine.vtp'.
[2025-11-30 20:55:23.143] [warning] Couldn't find file 'hat_jaw.vtp'.
[2025-11-30 20:55:23.143] [warning] Couldn't find file 'hat_skull.vtp'.
[2025-11-30 20:55:23.143] [warning] Couldn't find file 'hat_ribs_scap.vtp'.
[2025-11-30 20:55:24.386] [info] Loaded model SUBJ06_AdaptedForPredSim from file C:\Users\menth\Documents\Programmas\PredSim\Subjects\SUBJ06mtu3D\SUBJ06mtu3D.osim
[2025-11-30 20:55:24.386] [warning] Couldn't find file 'sacrum.vtp'.
[2025-11-30 20:55:24.386] [warning] Couldn't find file 'pelvis.vtp'.
[2025-11-30 20:55:24.386] [warning] Couldn't find file 'l_pelvis.vtp'.
[2025-11-30 20:55:24.386] [warning] Couldn't find file 'r_femur.vtp'.
[2025-11-30 20:55:24.386] [warning] Couldn't find file 'r_tibia.vtp'.
[2025-11-30 20:55:24.386] [warning] Couldn't find file 'fibula.vtp'.
[2025-11-30 20:55:24.387] [warning] Couldn't find file 'talus.vtp'.
[2025-11-30 20:55:24.387] [warning] Couldn't find file 'foot.vtp'.
[2025-11-30 20:55:24.387] [warning] Couldn't find file 'bofoot.vtp'.
[2025-11-30 20:55:24.387] [warning] Couldn't find file 'l_femur.vtp'.
[2025-11-30 20:55:24.387] [warning] Couldn't find file 'l_tibia.vtp'.
[2025-11-30 20:55:24.387] [warning] Couldn't find file 'l_fibula.vtp'.
[2025-11-30 20:55:24.387] [warning] Couldn't find file 'l_talus.vtp'.
[2025-11-30 20:55:24.387] [warning] Couldn't find file 'l_foot.vtp'.
[2025-11-30 20:55:24.387] [warning] Couldn't find file 'l_bofoot.vtp'.
[2025-11-30 20:55:24.387] [warning] Couldn't find file 'hat_spine.vtp'.
[2025-11-30 20:55:24.387] [warning] Couldn't find file 'hat_jaw.vtp'.
[2025-11-30 20:55:24.387] [warning] Couldn't find file 'hat_skull.vtp'.
[2025-11-30 20:55:24.388] [warning] Couldn't find file 'hat_ribs_scap.vtp'.
[2025-11-30 20:55:25.666] [info] Loaded model SUBJ06_AdaptedForPredSim from file C:\Users\menth\Documents\Programmas\PredSim\Subjects\SUBJ06mtu3D\SUBJ06mtu3D.osim
[2025-11-30 20:55:25.667] [warning] Couldn't find file 'sacrum.vtp'.
[2025-11-30 20:55:25.667] [warning] Couldn't find file 'pelvis.vtp'.
[2025-11-30 20:55:25.667] [warning] Couldn't find file 'l_pelvis.vtp'.
[2025-11-30 20:55:25.667] [warning] Couldn't find file 'r_femur.vtp'.
[2025-11-30 20:55:25.667] [warning] Couldn't find file 'r_tibia.vtp'.
[2025-11-30 20:55:25.667] [warning] Couldn't find file 'fibula.vtp'.
[2025-11-30 20:55:25.667] [warning] Couldn't find file 'talus.vtp'.
[2025-11-30 20:55:25.668] [warning] Couldn't find file 'foot.vtp'.
[2025-11-30 20:55:25.668] [warning] Couldn't find file 'bofoot.vtp'.
[2025-11-30 20:55:25.668] [warning] Couldn't find file 'l_femur.vtp'.
[2025-11-30 20:55:25.668] [warning] Couldn't find file 'l_tibia.vtp'.
[2025-11-30 20:55:25.668] [warning] Couldn't find file 'l_fibula.vtp'.
[2025-11-30 20:55:25.668] [warning] Couldn't find file 'l_talus.vtp'.
[2025-11-30 20:55:25.668] [warning] Couldn't find file 'l_foot.vtp'.
[2025-11-30 20:55:25.668] [warning] Couldn't find file 'l_bofoot.vtp'.
[2025-11-30 20:55:25.669] [warning] Couldn't find file 'hat_spine.vtp'.
[2025-11-30 20:55:25.669] [warning] Couldn't find file 'hat_jaw.vtp'.
[2025-11-30 20:55:25.669] [warning] Couldn't find file 'hat_skull.vtp'.
[2025-11-30 20:55:25.669] [warning] Couldn't find file 'hat_ribs_scap.vtp'.
[2025-11-30 20:55:27.082] [info] Loaded model SUBJ06_AdaptedForPredSim from file C:\Users\menth\Documents\Programmas\PredSim\Subjects\SUBJ06mtu3D\SUBJ06mtu3D.osim
[2025-11-30 20:55:27.083] [warning] Couldn't find file 'sacrum.vtp'.
[2025-11-30 20:55:27.083] [warning] Couldn't find file 'pelvis.vtp'.
[2025-11-30 20:55:27.083] [warning] Couldn't find file 'l_pelvis.vtp'.
[2025-11-30 20:55:27.083] [warning] Couldn't find file 'r_femur.vtp'.
[2025-11-30 20:55:27.083] [warning] Couldn't find file 'r_tibia.vtp'.
[2025-11-30 20:55:27.084] [warning] Couldn't find file 'fibula.vtp'.
[2025-11-30 20:55:27.084] [warning] Couldn't find file 'talus.vtp'.
[2025-11-30 20:55:27.084] [warning] Couldn't find file 'foot.vtp'.
[2025-11-30 20:55:27.084] [warning] Couldn't find file 'bofoot.vtp'.
[2025-11-30 20:55:27.084] [warning] Couldn't find file 'l_femur.vtp'.
[2025-11-30 20:55:27.084] [warning] Couldn't find file 'l_tibia.vtp'.
[2025-11-30 20:55:27.084] [warning] Couldn't find file 'l_fibula.vtp'.
[2025-11-30 20:55:27.084] [warning] Couldn't find file 'l_talus.vtp'.
[2025-11-30 20:55:27.085] [warning] Couldn't find file 'l_foot.vtp'.
[2025-11-30 20:55:27.085] [warning] Couldn't find file 'l_bofoot.vtp'.
[2025-11-30 20:55:27.085] [warning] Couldn't find file 'hat_spine.vtp'.
[2025-11-30 20:55:27.085] [warning] Couldn't find file 'hat_jaw.vtp'.
[2025-11-30 20:55:27.085] [warning] Couldn't find file 'hat_skull.vtp'.
[2025-11-30 20:55:27.085] [warning] Couldn't find file 'hat_ribs_scap.vtp'.
[2025-11-30 20:55:28.579] [info] Loaded model SUBJ06_AdaptedForPredSim from file C:\Users\menth\Documents\Programmas\PredSim\Subjects\SUBJ06mtu3D\SUBJ06mtu3D.osim
[2025-11-30 20:55:28.580] [warning] Couldn't find file 'sacrum.vtp'.
[2025-11-30 20:55:28.580] [warning] Couldn't find file 'pelvis.vtp'.
[2025-11-30 20:55:28.580] [warning] Couldn't find file 'l_pelvis.vtp'.
[2025-11-30 20:55:28.580] [warning] Couldn't find file 'r_femur.vtp'.
[2025-11-30 20:55:28.580] [warning] Couldn't find file 'r_tibia.vtp'.
[2025-11-30 20:55:28.580] [warning] Couldn't find file 'fibula.vtp'.
[2025-11-30 20:55:28.580] [warning] Couldn't find file 'talus.vtp'.
[2025-11-30 20:55:28.580] [warning] Couldn't find file 'foot.vtp'.
[2025-11-30 20:55:28.580] [warning] Couldn't find file 'bofoot.vtp'.
[2025-11-30 20:55:28.581] [warning] Couldn't find file 'l_femur.vtp'.
[2025-11-30 20:55:28.581] [warning] Couldn't find file 'l_tibia.vtp'.
[2025-11-30 20:55:28.581] [warning] Couldn't find file 'l_fibula.vtp'.
[2025-11-30 20:55:28.581] [warning] Couldn't find file 'l_talus.vtp'.
[2025-11-30 20:55:28.581] [warning] Couldn't find file 'l_foot.vtp'.
[2025-11-30 20:55:28.581] [warning] Couldn't find file 'l_bofoot.vtp'.
[2025-11-30 20:55:28.581] [warning] Couldn't find file 'hat_spine.vtp'.
[2025-11-30 20:55:28.581] [warning] Couldn't find file 'hat_jaw.vtp'.
[2025-11-30 20:55:28.581] [warning] Couldn't find file 'hat_skull.vtp'.
[2025-11-30 20:55:28.581] [warning] Couldn't find file 'hat_ribs_scap.vtp'.
[2025-11-30 21:11:52.888] [info] Loaded model SUBJ06_AdaptedForPredSim from file C:\Users\menth\Documents\Programmas\PredSim\Subjects\SUBJ06mtu3D\SUBJ06mtu3D.osim
[2025-11-30 21:11:52.889] [warning] Couldn't find file 'sacrum.vtp'.
[2025-11-30 21:11:52.889] [warning] Couldn't find file 'pelvis.vtp'.
[2025-11-30 21:11:52.889] [warning] Couldn't find file 'l_pelvis.vtp'.
[2025-11-30 21:11:52.889] [warning] Couldn't find file 'r_femur.vtp'.
[2025-11-30 21:11:52.889] [warning] Couldn't find file 'r_tibia.vtp'.
[2025-11-30 21:11:52.889] [warning] Couldn't find file 'fibula.vtp'.
[2025-11-30 21:11:52.889] [warning] Couldn't find file 'talus.vtp'.
[2025-11-30 21:11:52.890] [warning] Couldn't find file 'foot.vtp'.
[2025-11-30 21:11:52.890] [warning] Couldn't find file 'bofoot.vtp'.
[2025-11-30 21:11:52.890] [warning] Couldn't find file 'l_femur.vtp'.
[2025-11-30 21:11:52.890] [warning] Couldn't find file 'l_tibia.vtp'.
[2025-11-30 21:11:52.890] [warning] Couldn't find file 'l_fibula.vtp'.
[2025-11-30 21:11:52.890] [warning] Couldn't find file 'l_talus.vtp'.
[2025-11-30 21:11:52.890] [warning] Couldn't find file 'l_foot.vtp'.
[2025-11-30 21:11:52.890] [warning] Couldn't find file 'l_bofoot.vtp'.
[2025-11-30 21:11:52.891] [warning] Couldn't find file 'hat_spine.vtp'.
[2025-11-30 21:11:52.891] [warning] Couldn't find file 'hat_jaw.vtp'.
[2025-11-30 21:11:52.891] [warning] Couldn't find file 'hat_skull.vtp'.
[2025-11-30 21:11:52.891] [warning] Couldn't find file 'hat_ribs_scap.vtp'.
[2025-11-30 21:11:53.875] [info] Loaded model SUBJ06_AdaptedForPredSim from file C:\Users\menth\Documents\Programmas\PredSim\Subjects\SUBJ06mtu3D\SUBJ06mtu3D.osim
[2025-11-30 21:11:53.876] [warning] Couldn't find file 'sacrum.vtp'.
[2025-11-30 21:11:53.876] [warning] Couldn't find file 'pelvis.vtp'.
[2025-11-30 21:11:53.876] [warning] Couldn't find file 'l_pelvis.vtp'.
[2025-11-30 21:11:53.876] [warning] Couldn't find file 'r_femur.vtp'.
[2025-11-30 21:11:53.876] [warning] Couldn't find file 'r_tibia.vtp'.
[2025-11-30 21:11:53.876] [warning] Couldn't find file 'fibula.vtp'.
[2025-11-30 21:11:53.876] [warning] Couldn't find file 'talus.vtp'.
[2025-11-30 21:11:53.877] [warning] Couldn't find file 'foot.vtp'.
[2025-11-30 21:11:53.877] [warning] Couldn't find file 'bofoot.vtp'.
[2025-11-30 21:11:53.877] [warning] Couldn't find file 'l_femur.vtp'.
[2025-11-30 21:11:53.877] [warning] Couldn't find file 'l_tibia.vtp'.
[2025-11-30 21:11:53.877] [warning] Couldn't find file 'l_fibula.vtp'.
[2025-11-30 21:11:53.877] [warning] Couldn't find file 'l_talus.vtp'.
[2025-11-30 21:11:53.877] [warning] Couldn't find file 'l_foot.vtp'.
[2025-11-30 21:11:53.878] [warning] Couldn't find file 'l_bofoot.vtp'.
[2025-11-30 21:11:53.878] [warning] Couldn't find file 'hat_spine.vtp'.
[2025-11-30 21:11:53.878] [warning] Couldn't find file 'hat_jaw.vtp'.
[2025-11-30 21:11:53.878] [warning] Couldn't find file 'hat_skull.vtp'.
[2025-11-30 21:11:53.878] [warning] Couldn't find file 'hat_ribs_scap.vtp'.
[2025-11-30 21:11:55.101] [info] Loaded model SUBJ06_AdaptedForPredSim from file C:\Users\menth\Documents\Programmas\PredSim\Subjects\SUBJ06mtu3D\SUBJ06mtu3D.osim
[2025-11-30 21:11:55.102] [warning] Couldn't find file 'sacrum.vtp'.
[2025-11-30 21:11:55.102] [warning] Couldn't find file 'pelvis.vtp'.
[2025-11-30 21:11:55.102] [warning] Couldn't find file 'l_pelvis.vtp'.
[2025-11-30 21:11:55.102] [warning] Couldn't find file 'r_femur.vtp'.
[2025-11-30 21:11:55.102] [warning] Couldn't find file 'r_tibia.vtp'.
[2025-11-30 21:11:55.103] [warning] Couldn't find file 'fibula.vtp'.
[2025-11-30 21:11:55.103] [warning] Couldn't find file 'talus.vtp'.
[2025-11-30 21:11:55.103] [warning] Couldn't find file 'foot.vtp'.
[2025-11-30 21:11:55.103] [warning] Couldn't find file 'bofoot.vtp'.
[2025-11-30 21:11:55.103] [warning] Couldn't find file 'l_femur.vtp'.
[2025-11-30 21:11:55.103] [warning] Couldn't find file 'l_tibia.vtp'.
[2025-11-30 21:11:55.103] [warning] Couldn't find file 'l_fibula.vtp'.
[2025-11-30 21:11:55.103] [warning] Couldn't find file 'l_talus.vtp'.
[2025-11-30 21:11:55.103] [warning] Couldn't find file 'l_foot.vtp'.
[2025-11-30 21:11:55.104] [warning] Couldn't find file 'l_bofoot.vtp'.
[2025-11-30 21:11:55.104] [warning] Couldn't find file 'hat_spine.vtp'.
[2025-11-30 21:11:55.104] [warning] Couldn't find file 'hat_jaw.vtp'.
[2025-11-30 21:11:55.104] [warning] Couldn't find file 'hat_skull.vtp'.
[2025-11-30 21:11:55.104] [warning] Couldn't find file 'hat_ribs_scap.vtp'.
[2025-11-30 21:11:56.336] [info] Loaded model SUBJ06_AdaptedForPredSim from file C:\Users\menth\Documents\Programmas\PredSim\Subjects\SUBJ06mtu3D\SUBJ06mtu3D.osim
[2025-11-30 21:11:56.336] [warning] Couldn't find file 'sacrum.vtp'.
[2025-11-30 21:11:56.336] [warning] Couldn't find file 'pelvis.vtp'.
[2025-11-30 21:11:56.337] [warning] Couldn't find file 'l_pelvis.vtp'.
[2025-11-30 21:11:56.337] [warning] Couldn't find file 'r_femur.vtp'.
[2025-11-30 21:11:56.337] [warning] Couldn't find file 'r_tibia.vtp'.
[2025-11-30 21:11:56.337] [warning] Couldn't find file 'fibula.vtp'.
[2025-11-30 21:11:56.337] [warning] Couldn't find file 'talus.vtp'.
[2025-11-30 21:11:56.337] [warning] Couldn't find file 'foot.vtp'.
[2025-11-30 21:11:56.337] [warning] Couldn't find file 'bofoot.vtp'.
[2025-11-30 21:11:56.337] [warning] Couldn't find file 'l_femur.vtp'.
[2025-11-30 21:11:56.337] [warning] Couldn't find file 'l_tibia.vtp'.
[2025-11-30 21:11:56.337] [warning] Couldn't find file 'l_fibula.vtp'.
[2025-11-30 21:11:56.338] [warning] Couldn't find file 'l_talus.vtp'.
[2025-11-30 21:11:56.338] [warning] Couldn't find file 'l_foot.vtp'.
[2025-11-30 21:11:56.338] [warning] Couldn't find file 'l_bofoot.vtp'.
[2025-11-30 21:11:56.338] [warning] Couldn't find file 'hat_spine.vtp'.
[2025-11-30 21:11:56.338] [warning] Couldn't find file 'hat_jaw.vtp'.
[2025-11-30 21:11:56.338] [warning] Couldn't find file 'hat_skull.vtp'.
[2025-11-30 21:11:56.339] [warning] Couldn't find file 'hat_ribs_scap.vtp'.
[2025-11-30 21:11:57.585] [info] Loaded model SUBJ06_AdaptedForPredSim from file C:\Users\menth\Documents\Programmas\PredSim\Subjects\SUBJ06mtu3D\SUBJ06mtu3D.osim
[2025-11-30 21:11:57.586] [warning] Couldn't find file 'sacrum.vtp'.
[2025-11-30 21:11:57.586] [warning] Couldn't find file 'pelvis.vtp'.
[2025-11-30 21:11:57.586] [warning] Couldn't find file 'l_pelvis.vtp'.
[2025-11-30 21:11:57.586] [warning] Couldn't find file 'r_femur.vtp'.
[2025-11-30 21:11:57.586] [warning] Couldn't find file 'r_tibia.vtp'.
[2025-11-30 21:11:57.586] [warning] Couldn't find file 'fibula.vtp'.
[2025-11-30 21:11:57.586] [warning] Couldn't find file 'talus.vtp'.
[2025-11-30 21:11:57.587] [warning] Couldn't find file 'foot.vtp'.
[2025-11-30 21:11:57.587] [warning] Couldn't find file 'bofoot.vtp'.
[2025-11-30 21:11:57.587] [warning] Couldn't find file 'l_femur.vtp'.
[2025-11-30 21:11:57.587] [warning] Couldn't find file 'l_tibia.vtp'.
[2025-11-30 21:11:57.587] [warning] Couldn't find file 'l_fibula.vtp'.
[2025-11-30 21:11:57.587] [warning] Couldn't find file 'l_talus.vtp'.
[2025-11-30 21:11:57.587] [warning] Couldn't find file 'l_foot.vtp'.
[2025-11-30 21:11:57.587] [warning] Couldn't find file 'l_bofoot.vtp'.
[2025-11-30 21:11:57.587] [warning] Couldn't find file 'hat_spine.vtp'.
[2025-11-30 21:11:57.587] [warning] Couldn't find file 'hat_jaw.vtp'.
[2025-11-30 21:11:57.587] [warning] Couldn't find file 'hat_skull.vtp'.
[2025-11-30 21:11:57.587] [warning] Couldn't find file 'hat_ribs_scap.vtp'.
[2025-11-30 21:11:58.861] [info] Loaded model SUBJ06_AdaptedForPredSim from file C:\Users\menth\Documents\Programmas\PredSim\Subjects\SUBJ06mtu3D\SUBJ06mtu3D.osim
[2025-11-30 21:11:58.862] [warning] Couldn't find file 'sacrum.vtp'.
[2025-11-30 21:11:58.862] [warning] Couldn't find file 'pelvis.vtp'.
[2025-11-30 21:11:58.862] [warning] Couldn't find file 'l_pelvis.vtp'.
[2025-11-30 21:11:58.862] [warning] Couldn't find file 'r_femur.vtp'.
[2025-11-30 21:11:58.862] [warning] Couldn't find file 'r_tibia.vtp'.
[2025-11-30 21:11:58.862] [warning] Couldn't find file 'fibula.vtp'.
[2025-11-30 21:11:58.862] [warning] Couldn't find file 'talus.vtp'.
[2025-11-30 21:11:58.862] [warning] Couldn't find file 'foot.vtp'.
[2025-11-30 21:11:58.862] [warning] Couldn't find file 'bofoot.vtp'.
[2025-11-30 21:11:58.863] [warning] Couldn't find file 'l_femur.vtp'.
[2025-11-30 21:11:58.863] [warning] Couldn't find file 'l_tibia.vtp'.
[2025-11-30 21:11:58.863] [warning] Couldn't find file 'l_fibula.vtp'.
[2025-11-30 21:11:58.863] [warning] Couldn't find file 'l_talus.vtp'.
[2025-11-30 21:11:58.863] [warning] Couldn't find file 'l_foot.vtp'.
[2025-11-30 21:11:58.863] [warning] Couldn't find file 'l_bofoot.vtp'.
[2025-11-30 21:11:58.863] [warning] Couldn't find file 'hat_spine.vtp'.
[2025-11-30 21:11:58.863] [warning] Couldn't find file 'hat_jaw.vtp'.
[2025-11-30 21:11:58.863] [warning] Couldn't find file 'hat_skull.vtp'.
[2025-11-30 21:11:58.864] [warning] Couldn't find file 'hat_ribs_scap.vtp'.
[2025-11-30 21:12:00.304] [info] Loaded model SUBJ06_AdaptedForPredSim from file C:\Users\menth\Documents\Programmas\PredSim\Subjects\SUBJ06mtu3D\SUBJ06mtu3D.osim
[2025-11-30 21:12:00.304] [warning] Couldn't find file 'sacrum.vtp'.
[2025-11-30 21:12:00.304] [warning] Couldn't find file 'pelvis.vtp'.
[2025-11-30 21:12:00.305] [warning] Couldn't find file 'l_pelvis.vtp'.
[2025-11-30 21:12:00.305] [warning] Couldn't find file 'r_femur.vtp'.
[2025-11-30 21:12:00.305] [warning] Couldn't find file 'r_tibia.vtp'.
[2025-11-30 21:12:00.305] [warning] Couldn't find file 'fibula.vtp'.
[2025-11-30 21:12:00.305] [warning] Couldn't find file 'talus.vtp'.
[2025-11-30 21:12:00.305] [warning] Couldn't find file 'foot.vtp'.
[2025-11-30 21:12:00.305] [warning] Couldn't find file 'bofoot.vtp'.
[2025-11-30 21:12:00.305] [warning] Couldn't find file 'l_femur.vtp'.
[2025-11-30 21:12:00.305] [warning] Couldn't find file 'l_tibia.vtp'.
[2025-11-30 21:12:00.306] [warning] Couldn't find file 'l_fibula.vtp'.
[2025-11-30 21:12:00.306] [warning] Couldn't find file 'l_talus.vtp'.
[2025-11-30 21:12:00.306] [warning] Couldn't find file 'l_foot.vtp'.
[2025-11-30 21:12:00.306] [warning] Couldn't find file 'l_bofoot.vtp'.
[2025-11-30 21:12:00.306] [warning] Couldn't find file 'hat_spine.vtp'.
[2025-11-30 21:12:00.306] [warning] Couldn't find file 'hat_jaw.vtp'.
[2025-11-30 21:12:00.306] [warning] Couldn't find file 'hat_skull.vtp'.
[2025-11-30 21:12:00.306] [warning] Couldn't find file 'hat_ribs_scap.vtp'.
[2025-11-30 21:12:01.870] [info] Loaded model SUBJ06_AdaptedForPredSim from file C:\Users\menth\Documents\Programmas\PredSim\Subjects\SUBJ06mtu3D\SUBJ06mtu3D.osim
[2025-11-30 21:12:01.871] [warning] Couldn't find file 'sacrum.vtp'.
[2025-11-30 21:12:01.871] [warning] Couldn't find file 'pelvis.vtp'.
[2025-11-30 21:12:01.871] [warning] Couldn't find file 'l_pelvis.vtp'.
[2025-11-30 21:12:01.871] [warning] Couldn't find file 'r_femur.vtp'.
[2025-11-30 21:12:01.871] [warning] Couldn't find file 'r_tibia.vtp'.
[2025-11-30 21:12:01.872] [warning] Couldn't find file 'fibula.vtp'.
[2025-11-30 21:12:01.872] [warning] Couldn't find file 'talus.vtp'.
[2025-11-30 21:12:01.872] [warning] Couldn't find file 'foot.vtp'.
[2025-11-30 21:12:01.872] [warning] Couldn't find file 'bofoot.vtp'.
[2025-11-30 21:12:01.872] [warning] Couldn't find file 'l_femur.vtp'.
[2025-11-30 21:12:01.872] [warning] Couldn't find file 'l_tibia.vtp'.
[2025-11-30 21:12:01.872] [warning] Couldn't find file 'l_fibula.vtp'.
[2025-11-30 21:12:01.872] [warning] Couldn't find file 'l_talus.vtp'.
[2025-11-30 21:12:01.873] [warning] Couldn't find file 'l_foot.vtp'.
[2025-11-30 21:12:01.873] [warning] Couldn't find file 'l_bofoot.vtp'.
[2025-11-30 21:12:01.873] [warning] Couldn't find file 'hat_spine.vtp'.
[2025-11-30 21:12:01.873] [warning] Couldn't find file 'hat_jaw.vtp'.
[2025-11-30 21:12:01.873] [warning] Couldn't find file 'hat_skull.vtp'.
[2025-11-30 21:12:01.873] [warning] Couldn't find file 'hat_ribs_scap.vtp'.
[2025-11-30 21:24:40.123] [info] Loaded model SUBJ06_AdaptedForPredSim from file C:\Users\menth\Documents\Programmas\PredSim\Subjects\SUBJ06mtu3D\SUBJ06mtu3D.osim
[2025-11-30 21:24:40.123] [warning] Couldn't find file 'sacrum.vtp'.
[2025-11-30 21:24:40.123] [warning] Couldn't find file 'pelvis.vtp'.
[2025-11-30 21:24:40.123] [warning] Couldn't find file 'l_pelvis.vtp'.
[2025-11-30 21:24:40.123] [warning] Couldn't find file 'r_femur.vtp'.
[2025-11-30 21:24:40.123] [warning] Couldn't find file 'r_tibia.vtp'.
[2025-11-30 21:24:40.123] [warning] Couldn't find file 'fibula.vtp'.
[2025-11-30 21:24:40.123] [warning] Couldn't find file 'talus.vtp'.
[2025-11-30 21:24:40.124] [warning] Couldn't find file 'foot.vtp'.
[2025-11-30 21:24:40.124] [warning] Couldn't find file 'bofoot.vtp'.
[2025-11-30 21:24:40.124] [warning] Couldn't find file 'l_femur.vtp'.
[2025-11-30 21:24:40.124] [warning] Couldn't find file 'l_tibia.vtp'.
[2025-11-30 21:24:40.124] [warning] Couldn't find file 'l_fibula.vtp'.
[2025-11-30 21:24:40.124] [warning] Couldn't find file 'l_talus.vtp'.
[2025-11-30 21:24:40.124] [warning] Couldn't find file 'l_foot.vtp'.
[2025-11-30 21:24:40.124] [warning] Couldn't find file 'l_bofoot.vtp'.
[2025-11-30 21:24:40.124] [warning] Couldn't find file 'hat_spine.vtp'.
[2025-11-30 21:24:40.124] [warning] Couldn't find file 'hat_jaw.vtp'.
[2025-11-30 21:24:40.124] [warning] Couldn't find file 'hat_skull.vtp'.
[2025-11-30 21:24:40.124] [warning] Couldn't find file 'hat_ribs_scap.vtp'.
[2025-11-30 21:24:41.089] [info] Loaded model SUBJ06_AdaptedForPredSim from file C:\Users\menth\Documents\Programmas\PredSim\Subjects\SUBJ06mtu3D\SUBJ06mtu3D.osim
[2025-11-30 21:24:41.090] [warning] Couldn't find file 'sacrum.vtp'.
[2025-11-30 21:24:41.090] [warning] Couldn't find file 'pelvis.vtp'.
[2025-11-30 21:24:41.090] [warning] Couldn't find file 'l_pelvis.vtp'.
[2025-11-30 21:24:41.090] [warning] Couldn't find file 'r_femur.vtp'.
[2025-11-30 21:24:41.091] [warning] Couldn't find file 'r_tibia.vtp'.
[2025-11-30 21:24:41.091] [warning] Couldn't find file 'fibula.vtp'.
[2025-11-30 21:24:41.091] [warning] Couldn't find file 'talus.vtp'.
[2025-11-30 21:24:41.091] [warning] Couldn't find file 'foot.vtp'.
[2025-11-30 21:24:41.091] [warning] Couldn't find file 'bofoot.vtp'.
[2025-11-30 21:24:41.091] [warning] Couldn't find file 'l_femur.vtp'.
[2025-11-30 21:24:41.091] [warning] Couldn't find file 'l_tibia.vtp'.
[2025-11-30 21:24:41.091] [warning] Couldn't find file 'l_fibula.vtp'.
[2025-11-30 21:24:41.091] [warning] Couldn't find file 'l_talus.vtp'.
[2025-11-30 21:24:41.092] [warning] Couldn't find file 'l_foot.vtp'.
[2025-11-30 21:24:41.092] [warning] Couldn't find file 'l_bofoot.vtp'.
[2025-11-30 21:24:41.092] [warning] Couldn't find file 'hat_spine.vtp'.
[2025-11-30 21:24:41.092] [warning] Couldn't find file 'hat_jaw.vtp'.
[2025-11-30 21:24:41.092] [warning] Couldn't find file 'hat_skull.vtp'.
[2025-11-30 21:24:41.092] [warning] Couldn't find file 'hat_ribs_scap.vtp'.
[2025-11-30 21:24:42.354] [info] Loaded model SUBJ06_AdaptedForPredSim from file C:\Users\menth\Documents\Programmas\PredSim\Subjects\SUBJ06mtu3D\SUBJ06mtu3D.osim
[2025-11-30 21:24:42.354] [warning] Couldn't find file 'sacrum.vtp'.
[2025-11-30 21:24:42.354] [warning] Couldn't find file 'pelvis.vtp'.
[2025-11-30 21:24:42.354] [warning] Couldn't find file 'l_pelvis.vtp'.
[2025-11-30 21:24:42.355] [warning] Couldn't find file 'r_femur.vtp'.
[2025-11-30 21:24:42.355] [warning] Couldn't find file 'r_tibia.vtp'.
[2025-11-30 21:24:42.355] [warning] Couldn't find file 'fibula.vtp'.
[2025-11-30 21:24:42.355] [warning] Couldn't find file 'talus.vtp'.
[2025-11-30 21:24:42.355] [warning] Couldn't find file 'foot.vtp'.
[2025-11-30 21:24:42.355] [warning] Couldn't find file 'bofoot.vtp'.
[2025-11-30 21:24:42.355] [warning] Couldn't find file 'l_femur.vtp'.
[2025-11-30 21:24:42.355] [warning] Couldn't find file 'l_tibia.vtp'.
[2025-11-30 21:24:42.355] [warning] Couldn't find file 'l_fibula.vtp'.
[2025-11-30 21:24:42.356] [warning] Couldn't find file 'l_talus.vtp'.
[2025-11-30 21:24:42.356] [warning] Couldn't find file 'l_foot.vtp'.
[2025-11-30 21:24:42.356] [warning] Couldn't find file 'l_bofoot.vtp'.
[2025-11-30 21:24:42.356] [warning] Couldn't find file 'hat_spine.vtp'.
[2025-11-30 21:24:42.356] [warning] Couldn't find file 'hat_jaw.vtp'.
[2025-11-30 21:24:42.356] [warning] Couldn't find file 'hat_skull.vtp'.
[2025-11-30 21:24:42.356] [warning] Couldn't find file 'hat_ribs_scap.vtp'.
[2025-11-30 21:24:43.556] [info] Loaded model SUBJ06_AdaptedForPredSim from file C:\Users\menth\Documents\Programmas\PredSim\Subjects\SUBJ06mtu3D\SUBJ06mtu3D.osim
[2025-11-30 21:24:43.556] [warning] Couldn't find file 'sacrum.vtp'.
[2025-11-30 21:24:43.556] [warning] Couldn't find file 'pelvis.vtp'.
[2025-11-30 21:24:43.557] [warning] Couldn't find file 'l_pelvis.vtp'.
[2025-11-30 21:24:43.557] [warning] Couldn't find file 'r_femur.vtp'.
[2025-11-30 21:24:43.557] [warning] Couldn't find file 'r_tibia.vtp'.
[2025-11-30 21:24:43.557] [warning] Couldn't find file 'fibula.vtp'.
[2025-11-30 21:24:43.557] [warning] Couldn't find file 'talus.vtp'.
[2025-11-30 21:24:43.557] [warning] Couldn't find file 'foot.vtp'.
[2025-11-30 21:24:43.557] [warning] Couldn't find file 'bofoot.vtp'.
[2025-11-30 21:24:43.557] [warning] Couldn't find file 'l_femur.vtp'.
[2025-11-30 21:24:43.557] [warning] Couldn't find file 'l_tibia.vtp'.
[2025-11-30 21:24:43.557] [warning] Couldn't find file 'l_fibula.vtp'.
[2025-11-30 21:24:43.557] [warning] Couldn't find file 'l_talus.vtp'.
[2025-11-30 21:24:43.557] [warning] Couldn't find file 'l_foot.vtp'.
[2025-11-30 21:24:43.557] [warning] Couldn't find file 'l_bofoot.vtp'.
[2025-11-30 21:24:43.557] [warning] Couldn't find file 'hat_spine.vtp'.
[2025-11-30 21:24:43.557] [warning] Couldn't find file 'hat_jaw.vtp'.
[2025-11-30 21:24:43.557] [warning] Couldn't find file 'hat_skull.vtp'.
[2025-11-30 21:24:43.558] [warning] Couldn't find file 'hat_ribs_scap.vtp'.
[2025-11-30 21:24:44.770] [info] Loaded model SUBJ06_AdaptedForPredSim from file C:\Users\menth\Documents\Programmas\PredSim\Subjects\SUBJ06mtu3D\SUBJ06mtu3D.osim
[2025-11-30 21:24:44.770] [warning] Couldn't find file 'sacrum.vtp'.
[2025-11-30 21:24:44.770] [warning] Couldn't find file 'pelvis.vtp'.
[2025-11-30 21:24:44.770] [warning] Couldn't find file 'l_pelvis.vtp'.
[2025-11-30 21:24:44.770] [warning] Couldn't find file 'r_femur.vtp'.
[2025-11-30 21:24:44.770] [warning] Couldn't find file 'r_tibia.vtp'.
[2025-11-30 21:24:44.770] [warning] Couldn't find file 'fibula.vtp'.
[2025-11-30 21:24:44.770] [warning] Couldn't find file 'talus.vtp'.
[2025-11-30 21:24:44.771] [warning] Couldn't find file 'foot.vtp'.
[2025-11-30 21:24:44.771] [warning] Couldn't find file 'bofoot.vtp'.
[2025-11-30 21:24:44.771] [warning] Couldn't find file 'l_femur.vtp'.
[2025-11-30 21:24:44.771] [warning] Couldn't find file 'l_tibia.vtp'.
[2025-11-30 21:24:44.771] [warning] Couldn't find file 'l_fibula.vtp'.
[2025-11-30 21:24:44.771] [warning] Couldn't find file 'l_talus.vtp'.
[2025-11-30 21:24:44.771] [warning] Couldn't find file 'l_foot.vtp'.
[2025-11-30 21:24:44.771] [warning] Couldn't find file 'l_bofoot.vtp'.
[2025-11-30 21:24:44.771] [warning] Couldn't find file 'hat_spine.vtp'.
[2025-11-30 21:24:44.771] [warning] Couldn't find file 'hat_jaw.vtp'.
[2025-11-30 21:24:44.771] [warning] Couldn't find file 'hat_skull.vtp'.
[2025-11-30 21:24:44.771] [warning] Couldn't find file 'hat_ribs_scap.vtp'.
[2025-11-30 21:24:46.069] [info] Loaded model SUBJ06_AdaptedForPredSim from file C:\Users\menth\Documents\Programmas\PredSim\Subjects\SUBJ06mtu3D\SUBJ06mtu3D.osim
[2025-11-30 21:24:46.069] [warning] Couldn't find file 'sacrum.vtp'.
[2025-11-30 21:24:46.069] [warning] Couldn't find file 'pelvis.vtp'.
[2025-11-30 21:24:46.069] [warning] Couldn't find file 'l_pelvis.vtp'.
[2025-11-30 21:24:46.069] [warning] Couldn't find file 'r_femur.vtp'.
[2025-11-30 21:24:46.070] [warning] Couldn't find file 'r_tibia.vtp'.
[2025-11-30 21:24:46.070] [warning] Couldn't find file 'fibula.vtp'.
[2025-11-30 21:24:46.070] [warning] Couldn't find file 'talus.vtp'.
[2025-11-30 21:24:46.070] [warning] Couldn't find file 'foot.vtp'.
[2025-11-30 21:24:46.070] [warning] Couldn't find file 'bofoot.vtp'.
[2025-11-30 21:24:46.070] [warning] Couldn't find file 'l_femur.vtp'.
[2025-11-30 21:24:46.070] [warning] Couldn't find file 'l_tibia.vtp'.
[2025-11-30 21:24:46.070] [warning] Couldn't find file 'l_fibula.vtp'.
[2025-11-30 21:24:46.070] [warning] Couldn't find file 'l_talus.vtp'.
[2025-11-30 21:24:46.071] [warning] Couldn't find file 'l_foot.vtp'.
[2025-11-30 21:24:46.071] [warning] Couldn't find file 'l_bofoot.vtp'.
[2025-11-30 21:24:46.071] [warning] Couldn't find file 'hat_spine.vtp'.
[2025-11-30 21:24:46.071] [warning] Couldn't find file 'hat_jaw.vtp'.
[2025-11-30 21:24:46.071] [warning] Couldn't find file 'hat_skull.vtp'.
[2025-11-30 21:24:46.071] [warning] Couldn't find file 'hat_ribs_scap.vtp'.
[2025-11-30 21:24:47.512] [info] Loaded model SUBJ06_AdaptedForPredSim from file C:\Users\menth\Documents\Programmas\PredSim\Subjects\SUBJ06mtu3D\SUBJ06mtu3D.osim
[2025-11-30 21:24:47.513] [warning] Couldn't find file 'sacrum.vtp'.
[2025-11-30 21:24:47.513] [warning] Couldn't find file 'pelvis.vtp'.
[2025-11-30 21:24:47.513] [warning] Couldn't find file 'l_pelvis.vtp'.
[2025-11-30 21:24:47.513] [warning] Couldn't find file 'r_femur.vtp'.
[2025-11-30 21:24:47.514] [warning] Couldn't find file 'r_tibia.vtp'.
[2025-11-30 21:24:47.514] [warning] Couldn't find file 'fibula.vtp'.
[2025-11-30 21:24:47.514] [warning] Couldn't find file 'talus.vtp'.
[2025-11-30 21:24:47.514] [warning] Couldn't find file 'foot.vtp'.
[2025-11-30 21:24:47.514] [warning] Couldn't find file 'bofoot.vtp'.
[2025-11-30 21:24:47.514] [warning] Couldn't find file 'l_femur.vtp'.
[2025-11-30 21:24:47.515] [warning] Couldn't find file 'l_tibia.vtp'.
[2025-11-30 21:24:47.515] [warning] Couldn't find file 'l_fibula.vtp'.
[2025-11-30 21:24:47.515] [warning] Couldn't find file 'l_talus.vtp'.
[2025-11-30 21:24:47.515] [warning] Couldn't find file 'l_foot.vtp'.
[2025-11-30 21:24:47.515] [warning] Couldn't find file 'l_bofoot.vtp'.
[2025-11-30 21:24:47.515] [warning] Couldn't find file 'hat_spine.vtp'.
[2025-11-30 21:24:47.515] [warning] Couldn't find file 'hat_jaw.vtp'.
[2025-11-30 21:24:47.515] [warning] Couldn't find file 'hat_skull.vtp'.
[2025-11-30 21:24:47.515] [warning] Couldn't find file 'hat_ribs_scap.vtp'.
[2025-11-30 21:24:49.013] [info] Loaded model SUBJ06_AdaptedForPredSim from file C:\Users\menth\Documents\Programmas\PredSim\Subjects\SUBJ06mtu3D\SUBJ06mtu3D.osim
[2025-11-30 21:24:49.013] [warning] Couldn't find file 'sacrum.vtp'.
[2025-11-30 21:24:49.013] [warning] Couldn't find file 'pelvis.vtp'.
[2025-11-30 21:24:49.013] [warning] Couldn't find file 'l_pelvis.vtp'.
[2025-11-30 21:24:49.014] [warning] Couldn't find file 'r_femur.vtp'.
[2025-11-30 21:24:49.014] [warning] Couldn't find file 'r_tibia.vtp'.
[2025-11-30 21:24:49.014] [warning] Couldn't find file 'fibula.vtp'.
[2025-11-30 21:24:49.014] [warning] Couldn't find file 'talus.vtp'.
[2025-11-30 21:24:49.014] [warning] Couldn't find file 'foot.vtp'.
[2025-11-30 21:24:49.014] [warning] Couldn't find file 'bofoot.vtp'.
[2025-11-30 21:24:49.014] [warning] Couldn't find file 'l_femur.vtp'.
[2025-11-30 21:24:49.014] [warning] Couldn't find file 'l_tibia.vtp'.
[2025-11-30 21:24:49.014] [warning] Couldn't find file 'l_fibula.vtp'.
[2025-11-30 21:24:49.015] [warning] Couldn't find file 'l_talus.vtp'.
[2025-11-30 21:24:49.015] [warning] Couldn't find file 'l_foot.vtp'.
[2025-11-30 21:24:49.015] [warning] Couldn't find file 'l_bofoot.vtp'.
[2025-11-30 21:24:49.015] [warning] Couldn't find file 'hat_spine.vtp'.
[2025-11-30 21:24:49.015] [warning] Couldn't find file 'hat_jaw.vtp'.
[2025-11-30 21:24:49.015] [warning] Couldn't find file 'hat_skull.vtp'.
[2025-11-30 21:24:49.015] [warning] Couldn't find file 'hat_ribs_scap.vtp'.
[2025-12-01 08:51:45.243] [info] Loaded model SUBJ06_AdaptedForPredSim from file C:\Users\menth\Documents\Programmas\PredSim\Subjects\SUBJ06mtu3D\SUBJ06mtu3D.osim
[2025-12-01 08:51:45.246] [warning] Couldn't find file 'sacrum.vtp'.
[2025-12-01 08:51:45.246] [warning] Couldn't find file 'pelvis.vtp'.
[2025-12-01 08:51:45.246] [warning] Couldn't find file 'l_pelvis.vtp'.
[2025-12-01 08:51:45.247] [warning] Couldn't find file 'r_femur.vtp'.
[2025-12-01 08:51:45.247] [warning] Couldn't find file 'r_tibia.vtp'.
[2025-12-01 08:51:45.247] [warning] Couldn't find file 'fibula.vtp'.
[2025-12-01 08:51:45.247] [warning] Couldn't find file 'talus.vtp'.
[2025-12-01 08:51:45.247] [warning] Couldn't find file 'foot.vtp'.
[2025-12-01 08:51:45.248] [warning] Couldn't find file 'bofoot.vtp'.
[2025-12-01 08:51:45.248] [warning] Couldn't find file 'l_femur.vtp'.
[2025-12-01 08:51:45.248] [warning] Couldn't find file 'l_tibia.vtp'.
[2025-12-01 08:51:45.248] [warning] Couldn't find file 'l_fibula.vtp'.
[2025-12-01 08:51:45.248] [warning] Couldn't find file 'l_talus.vtp'.
[2025-12-01 08:51:45.249] [warning] Couldn't find file 'l_foot.vtp'.
[2025-12-01 08:51:45.249] [warning] Couldn't find file 'l_bofoot.vtp'.
[2025-12-01 08:51:45.249] [warning] Couldn't find file 'hat_spine.vtp'.
[2025-12-01 08:51:45.250] [warning] Couldn't find file 'hat_jaw.vtp'.
[2025-12-01 08:51:45.250] [warning] Couldn't find file 'hat_skull.vtp'.
[2025-12-01 08:51:45.250] [warning] Couldn't find file 'hat_ribs_scap.vtp'.
[2025-12-01 08:52:10.394] [info] Loaded model SUBJ06_AdaptedForPredSim from file C:\Users\menth\Documents\Programmas\PredSim\Subjects\SUBJ06mtu3D\SUBJ06mtu3D.osim
[2025-12-01 08:52:10.395] [warning] Couldn't find file 'sacrum.vtp'.
[2025-12-01 08:52:10.395] [warning] Couldn't find file 'pelvis.vtp'.
[2025-12-01 08:52:10.395] [warning] Couldn't find file 'l_pelvis.vtp'.
[2025-12-01 08:52:10.395] [warning] Couldn't find file 'r_femur.vtp'.
[2025-12-01 08:52:10.396] [warning] Couldn't find file 'r_tibia.vtp'.
[2025-12-01 08:52:10.396] [warning] Couldn't find file 'fibula.vtp'.
[2025-12-01 08:52:10.396] [warning] Couldn't find file 'talus.vtp'.
[2025-12-01 08:52:10.396] [warning] Couldn't find file 'foot.vtp'.
[2025-12-01 08:52:10.396] [warning] Couldn't find file 'bofoot.vtp'.
[2025-12-01 08:52:10.396] [warning] Couldn't find file 'l_femur.vtp'.
[2025-12-01 08:52:10.396] [warning] Couldn't find file 'l_tibia.vtp'.
[2025-12-01 08:52:10.397] [warning] Couldn't find file 'l_fibula.vtp'.
[2025-12-01 08:52:10.397] [warning] Couldn't find file 'l_talus.vtp'.
[2025-12-01 08:52:10.397] [warning] Couldn't find file 'l_foot.vtp'.
[2025-12-01 08:52:10.397] [warning] Couldn't find file 'l_bofoot.vtp'.
[2025-12-01 08:52:10.397] [warning] Couldn't find file 'hat_spine.vtp'.
[2025-12-01 08:52:10.397] [warning] Couldn't find file 'hat_jaw.vtp'.
[2025-12-01 08:52:10.398] [warning] Couldn't find file 'hat_skull.vtp'.
[2025-12-01 08:52:10.398] [warning] Couldn't find file 'hat_ribs_scap.vtp'.
[2025-12-01 08:52:26.295] [info] Loaded model SUBJ06_AdaptedForPredSim from file C:\Users\menth\Documents\Programmas\PredSim\Subjects\SUBJ06mtu3D\SUBJ06mtu3D.osim
[2025-12-01 08:52:26.296] [warning] Couldn't find file 'sacrum.vtp'.
[2025-12-01 08:52:26.296] [warning] Couldn't find file 'pelvis.vtp'.
[2025-12-01 08:52:26.297] [warning] Couldn't find file 'l_pelvis.vtp'.
[2025-12-01 08:52:26.297] [warning] Couldn't find file 'r_femur.vtp'.
[2025-12-01 08:52:26.297] [warning] Couldn't find file 'r_tibia.vtp'.
[2025-12-01 08:52:26.297] [warning] Couldn't find file 'fibula.vtp'.
[2025-12-01 08:52:26.297] [warning] Couldn't find file 'talus.vtp'.
[2025-12-01 08:52:26.297] [warning] Couldn't find file 'foot.vtp'.
[2025-12-01 08:52:26.298] [warning] Couldn't find file 'bofoot.vtp'.
[2025-12-01 08:52:26.298] [warning] Couldn't find file 'l_femur.vtp'.
[2025-12-01 08:52:26.298] [warning] Couldn't find file 'l_tibia.vtp'.
[2025-12-01 08:52:26.298] [warning] Couldn't find file 'l_fibula.vtp'.
[2025-12-01 08:52:26.298] [warning] Couldn't find file 'l_talus.vtp'.
[2025-12-01 08:52:26.298] [warning] Couldn't find file 'l_foot.vtp'.
[2025-12-01 08:52:26.299] [warning] Couldn't find file 'l_bofoot.vtp'.
[2025-12-01 08:52:26.299] [warning] Couldn't find file 'hat_spine.vtp'.
[2025-12-01 08:52:26.299] [warning] Couldn't find file 'hat_jaw.vtp'.
[2025-12-01 08:52:26.299] [warning] Couldn't find file 'hat_skull.vtp'.
[2025-12-01 08:52:26.299] [warning] Couldn't find file 'hat_ribs_scap.vtp'.
[2025-12-01 08:52:29.159] [info] Loaded model SUBJ06_AdaptedForPredSim from file C:\Users\menth\Documents\Programmas\PredSim\Subjects\SUBJ06mtu3D\SUBJ06mtu3D.osim
[2025-12-01 08:52:29.160] [warning] Couldn't find file 'sacrum.vtp'.
[2025-12-01 08:52:29.160] [warning] Couldn't find file 'pelvis.vtp'.
[2025-12-01 08:52:29.160] [warning] Couldn't find file 'l_pelvis.vtp'.
[2025-12-01 08:52:29.160] [warning] Couldn't find file 'r_femur.vtp'.
[2025-12-01 08:52:29.161] [warning] Couldn't find file 'r_tibia.vtp'.
[2025-12-01 08:52:29.161] [warning] Couldn't find file 'fibula.vtp'.
[2025-12-01 08:52:29.161] [warning] Couldn't find file 'talus.vtp'.
[2025-12-01 08:52:29.161] [warning] Couldn't find file 'foot.vtp'.
[2025-12-01 08:52:29.161] [warning] Couldn't find file 'bofoot.vtp'.
[2025-12-01 08:52:29.161] [warning] Couldn't find file 'l_femur.vtp'.
[2025-12-01 08:52:29.162] [warning] Couldn't find file 'l_tibia.vtp'.
[2025-12-01 08:52:29.162] [warning] Couldn't find file 'l_fibula.vtp'.
[2025-12-01 08:52:29.162] [warning] Couldn't find file 'l_talus.vtp'.
[2025-12-01 08:52:29.162] [warning] Couldn't find file 'l_foot.vtp'.
[2025-12-01 08:52:29.162] [warning] Couldn't find file 'l_bofoot.vtp'.
[2025-12-01 08:52:29.162] [warning] Couldn't find file 'hat_spine.vtp'.
[2025-12-01 08:52:29.163] [warning] Couldn't find file 'hat_jaw.vtp'.
[2025-12-01 08:52:29.163] [warning] Couldn't find file 'hat_skull.vtp'.
[2025-12-01 08:52:29.163] [warning] Couldn't find file 'hat_ribs_scap.vtp'.
[2025-12-01 08:52:31.614] [info] Loaded model SUBJ06_AdaptedForPredSim from file C:\Users\menth\Documents\Programmas\PredSim\Subjects\SUBJ06mtu3D\SUBJ06mtu3D.osim
[2025-12-01 08:52:31.615] [warning] Couldn't find file 'sacrum.vtp'.
[2025-12-01 08:52:31.615] [warning] Couldn't find file 'pelvis.vtp'.
[2025-12-01 08:52:31.615] [warning] Couldn't find file 'l_pelvis.vtp'.
[2025-12-01 08:52:31.615] [warning] Couldn't find file 'r_femur.vtp'.
[2025-12-01 08:52:31.616] [warning] Couldn't find file 'r_tibia.vtp'.
[2025-12-01 08:52:31.616] [warning] Couldn't find file 'fibula.vtp'.
[2025-12-01 08:52:31.616] [warning] Couldn't find file 'talus.vtp'.
[2025-12-01 08:52:31.616] [warning] Couldn't find file 'foot.vtp'.
[2025-12-01 08:52:31.616] [warning] Couldn't find file 'bofoot.vtp'.
[2025-12-01 08:52:31.616] [warning] Couldn't find file 'l_femur.vtp'.
[2025-12-01 08:52:31.616] [warning] Couldn't find file 'l_tibia.vtp'.
[2025-12-01 08:52:31.617] [warning] Couldn't find file 'l_fibula.vtp'.
[2025-12-01 08:52:31.617] [warning] Couldn't find file 'l_talus.vtp'.
[2025-12-01 08:52:31.617] [warning] Couldn't find file 'l_foot.vtp'.
[2025-12-01 08:52:31.621] [warning] Couldn't find file 'l_bofoot.vtp'.
[2025-12-01 08:52:31.621] [warning] Couldn't find file 'hat_spine.vtp'.
[2025-12-01 08:52:31.621] [warning] Couldn't find file 'hat_jaw.vtp'.
[2025-12-01 08:52:31.621] [warning] Couldn't find file 'hat_skull.vtp'.
[2025-12-01 08:52:31.622] [warning] Couldn't find file 'hat_ribs_scap.vtp'.
[2025-12-01 08:52:33.880] [info] Loaded model SUBJ06_AdaptedForPredSim from file C:\Users\menth\Documents\Programmas\PredSim\Subjects\SUBJ06mtu3D\SUBJ06mtu3D.osim
[2025-12-01 08:52:33.880] [warning] Couldn't find file 'sacrum.vtp'.
[2025-12-01 08:52:33.881] [warning] Couldn't find file 'pelvis.vtp'.
[2025-12-01 08:52:33.881] [warning] Couldn't find file 'l_pelvis.vtp'.
[2025-12-01 08:52:33.881] [warning] Couldn't find file 'r_femur.vtp'.
[2025-12-01 08:52:33.881] [warning] Couldn't find file 'r_tibia.vtp'.
[2025-12-01 08:52:33.881] [warning] Couldn't find file 'fibula.vtp'.
[2025-12-01 08:52:33.882] [warning] Couldn't find file 'talus.vtp'.
[2025-12-01 08:52:33.882] [warning] Couldn't find file 'foot.vtp'.
[2025-12-01 08:52:33.882] [warning] Couldn't find file 'bofoot.vtp'.
[2025-12-01 08:52:33.882] [warning] Couldn't find file 'l_femur.vtp'.
[2025-12-01 08:52:33.882] [warning] Couldn't find file 'l_tibia.vtp'.
[2025-12-01 08:52:33.883] [warning] Couldn't find file 'l_fibula.vtp'.
[2025-12-01 08:52:33.883] [warning] Couldn't find file 'l_talus.vtp'.
[2025-12-01 08:52:33.883] [warning] Couldn't find file 'l_foot.vtp'.
[2025-12-01 08:52:33.883] [warning] Couldn't find file 'l_bofoot.vtp'.
[2025-12-01 08:52:33.883] [warning] Couldn't find file 'hat_spine.vtp'.
[2025-12-01 08:52:33.884] [warning] Couldn't find file 'hat_jaw.vtp'.
[2025-12-01 08:52:33.884] [warning] Couldn't find file 'hat_skull.vtp'.
[2025-12-01 08:52:33.884] [warning] Couldn't find file 'hat_ribs_scap.vtp'.
[2025-12-01 08:52:36.906] [info] Loaded model SUBJ06_AdaptedForPredSim from file C:\Users\menth\Documents\Programmas\PredSim\Subjects\SUBJ06mtu3D\SUBJ06mtu3D.osim
[2025-12-01 08:52:36.906] [warning] Couldn't find file 'sacrum.vtp'.
[2025-12-01 08:52:36.907] [warning] Couldn't find file 'pelvis.vtp'.
[2025-12-01 08:52:36.907] [warning] Couldn't find file 'l_pelvis.vtp'.
[2025-12-01 08:52:36.907] [warning] Couldn't find file 'r_femur.vtp'.
[2025-12-01 08:52:36.908] [warning] Couldn't find file 'r_tibia.vtp'.
[2025-12-01 08:52:36.908] [warning] Couldn't find file 'fibula.vtp'.
[2025-12-01 08:52:36.908] [warning] Couldn't find file 'talus.vtp'.
[2025-12-01 08:52:36.908] [warning] Couldn't find file 'foot.vtp'.
[2025-12-01 08:52:36.908] [warning] Couldn't find file 'bofoot.vtp'.
[2025-12-01 08:52:36.909] [warning] Couldn't find file 'l_femur.vtp'.
[2025-12-01 08:52:36.909] [warning] Couldn't find file 'l_tibia.vtp'.
[2025-12-01 08:52:36.909] [warning] Couldn't find file 'l_fibula.vtp'.
[2025-12-01 08:52:36.910] [warning] Couldn't find file 'l_talus.vtp'.
[2025-12-01 08:52:36.910] [warning] Couldn't find file 'l_foot.vtp'.
[2025-12-01 08:52:36.910] [warning] Couldn't find file 'l_bofoot.vtp'.
[2025-12-01 08:52:36.910] [warning] Couldn't find file 'hat_spine.vtp'.
[2025-12-01 08:52:36.910] [warning] Couldn't find file 'hat_jaw.vtp'.
[2025-12-01 08:52:36.910] [warning] Couldn't find file 'hat_skull.vtp'.
[2025-12-01 08:52:36.911] [warning] Couldn't find file 'hat_ribs_scap.vtp'.
[2025-12-01 08:52:39.309] [info] Loaded model SUBJ06_AdaptedForPredSim from file C:\Users\menth\Documents\Programmas\PredSim\Subjects\SUBJ06mtu3D\SUBJ06mtu3D.osim
[2025-12-01 08:52:39.310] [warning] Couldn't find file 'sacrum.vtp'.
[2025-12-01 08:52:39.310] [warning] Couldn't find file 'pelvis.vtp'.
[2025-12-01 08:52:39.310] [warning] Couldn't find file 'l_pelvis.vtp'.
[2025-12-01 08:52:39.311] [warning] Couldn't find file 'r_femur.vtp'.
[2025-12-01 08:52:39.311] [warning] Couldn't find file 'r_tibia.vtp'.
[2025-12-01 08:52:39.311] [warning] Couldn't find file 'fibula.vtp'.
[2025-12-01 08:52:39.311] [warning] Couldn't find file 'talus.vtp'.
[2025-12-01 08:52:39.311] [warning] Couldn't find file 'foot.vtp'.
[2025-12-01 08:52:39.312] [warning] Couldn't find file 'bofoot.vtp'.
[2025-12-01 08:52:39.312] [warning] Couldn't find file 'l_femur.vtp'.
[2025-12-01 08:52:39.312] [warning] Couldn't find file 'l_tibia.vtp'.
[2025-12-01 08:52:39.312] [warning] Couldn't find file 'l_fibula.vtp'.
[2025-12-01 08:52:39.312] [warning] Couldn't find file 'l_talus.vtp'.
[2025-12-01 08:52:39.312] [warning] Couldn't find file 'l_foot.vtp'.
[2025-12-01 08:52:39.312] [warning] Couldn't find file 'l_bofoot.vtp'.
[2025-12-01 08:52:39.313] [warning] Couldn't find file 'hat_spine.vtp'.
[2025-12-01 08:52:39.313] [warning] Couldn't find file 'hat_jaw.vtp'.
[2025-12-01 08:52:39.313] [warning] Couldn't find file 'hat_skull.vtp'.
[2025-12-01 08:52:39.313] [warning] Couldn't find file 'hat_ribs_scap.vtp'.
[2025-12-01 08:52:41.036] [info] Loaded model SUBJ06_AdaptedForPredSim from file C:\Users\menth\Documents\Programmas\PredSim\Subjects\SUBJ06mtu3D\SUBJ06mtu3D.osim
[2025-12-01 08:52:41.036] [warning] Couldn't find file 'sacrum.vtp'.
[2025-12-01 08:52:41.037] [warning] Couldn't find file 'pelvis.vtp'.
[2025-12-01 08:52:41.037] [warning] Couldn't find file 'l_pelvis.vtp'.
[2025-12-01 08:52:41.037] [warning] Couldn't find file 'r_femur.vtp'.
[2025-12-01 08:52:41.037] [warning] Couldn't find file 'r_tibia.vtp'.
[2025-12-01 08:52:41.037] [warning] Couldn't find file 'fibula.vtp'.
[2025-12-01 08:52:41.037] [warning] Couldn't find file 'talus.vtp'.
[2025-12-01 08:52:41.037] [warning] Couldn't find file 'foot.vtp'.
[2025-12-01 08:52:41.038] [warning] Couldn't find file 'bofoot.vtp'.
[2025-12-01 08:52:41.038] [warning] Couldn't find file 'l_femur.vtp'.
[2025-12-01 08:52:41.038] [warning] Couldn't find file 'l_tibia.vtp'.
[2025-12-01 08:52:41.038] [warning] Couldn't find file 'l_fibula.vtp'.
[2025-12-01 08:52:41.038] [warning] Couldn't find file 'l_talus.vtp'.
[2025-12-01 08:52:41.038] [warning] Couldn't find file 'l_foot.vtp'.
[2025-12-01 08:52:41.038] [warning] Couldn't find file 'l_bofoot.vtp'.
[2025-12-01 08:52:41.038] [warning] Couldn't find file 'hat_spine.vtp'.
[2025-12-01 08:52:41.039] [warning] Couldn't find file 'hat_jaw.vtp'.
[2025-12-01 08:52:41.039] [warning] Couldn't find file 'hat_skull.vtp'.
[2025-12-01 08:52:41.039] [warning] Couldn't find file 'hat_ribs_scap.vtp'.
[2025-12-01 09:05:15.545] [info] Loaded model SUBJ06_AdaptedForPredSim from file C:\Users\menth\Documents\Programmas\PredSim\Subjects\SUBJ06mtu3D\SUBJ06mtu3D.osim
[2025-12-01 09:05:15.546] [warning] Couldn't find file 'sacrum.vtp'.
[2025-12-01 09:05:15.546] [warning] Couldn't find file 'pelvis.vtp'.
[2025-12-01 09:05:15.546] [warning] Couldn't find file 'l_pelvis.vtp'.
[2025-12-01 09:05:15.546] [warning] Couldn't find file 'r_femur.vtp'.
[2025-12-01 09:05:15.546] [warning] Couldn't find file 'r_tibia.vtp'.
[2025-12-01 09:05:15.546] [warning] Couldn't find file 'fibula.vtp'.
[2025-12-01 09:05:15.546] [warning] Couldn't find file 'talus.vtp'.
[2025-12-01 09:05:15.546] [warning] Couldn't find file 'foot.vtp'.
[2025-12-01 09:05:15.546] [warning] Couldn't find file 'bofoot.vtp'.
[2025-12-01 09:05:15.546] [warning] Couldn't find file 'l_femur.vtp'.
[2025-12-01 09:05:15.546] [warning] Couldn't find file 'l_tibia.vtp'.
[2025-12-01 09:05:15.547] [warning] Couldn't find file 'l_fibula.vtp'.
[2025-12-01 09:05:15.547] [warning] Couldn't find file 'l_talus.vtp'.
[2025-12-01 09:05:15.547] [warning] Couldn't find file 'l_foot.vtp'.
[2025-12-01 09:05:15.547] [warning] Couldn't find file 'l_bofoot.vtp'.
[2025-12-01 09:05:15.547] [warning] Couldn't find file 'hat_spine.vtp'.
[2025-12-01 09:05:15.547] [warning] Couldn't find file 'hat_jaw.vtp'.
[2025-12-01 09:05:15.547] [warning] Couldn't find file 'hat_skull.vtp'.
[2025-12-01 09:05:15.547] [warning] Couldn't find file 'hat_ribs_scap.vtp'.
[2025-12-01 09:05:17.211] [info] Loaded model SUBJ06_AdaptedForPredSim from file C:\Users\menth\Documents\Programmas\PredSim\Subjects\SUBJ06mtu3D\SUBJ06mtu3D.osim
[2025-12-01 09:05:17.212] [warning] Couldn't find file 'sacrum.vtp'.
[2025-12-01 09:05:17.212] [warning] Couldn't find file 'pelvis.vtp'.
[2025-12-01 09:05:17.212] [warning] Couldn't find file 'l_pelvis.vtp'.
[2025-12-01 09:05:17.212] [warning] Couldn't find file 'r_femur.vtp'.
[2025-12-01 09:05:17.212] [warning] Couldn't find file 'r_tibia.vtp'.
[2025-12-01 09:05:17.212] [warning] Couldn't find file 'fibula.vtp'.
[2025-12-01 09:05:17.212] [warning] Couldn't find file 'talus.vtp'.
[2025-12-01 09:05:17.212] [warning] Couldn't find file 'foot.vtp'.
[2025-12-01 09:05:17.213] [warning] Couldn't find file 'bofoot.vtp'.
[2025-12-01 09:05:17.213] [warning] Couldn't find file 'l_femur.vtp'.
[2025-12-01 09:05:17.213] [warning] Couldn't find file 'l_tibia.vtp'.
[2025-12-01 09:05:17.213] [warning] Couldn't find file 'l_fibula.vtp'.
[2025-12-01 09:05:17.213] [warning] Couldn't find file 'l_talus.vtp'.
[2025-12-01 09:05:17.213] [warning] Couldn't find file 'l_foot.vtp'.
[2025-12-01 09:05:17.213] [warning] Couldn't find file 'l_bofoot.vtp'.
[2025-12-01 09:05:17.214] [warning] Couldn't find file 'hat_spine.vtp'.
[2025-12-01 09:05:17.214] [warning] Couldn't find file 'hat_jaw.vtp'.
[2025-12-01 09:05:17.214] [warning] Couldn't find file 'hat_skull.vtp'.
[2025-12-01 09:05:17.214] [warning] Couldn't find file 'hat_ribs_scap.vtp'.
[2025-12-01 09:05:18.328] [info] Loaded model SUBJ06_AdaptedForPredSim from file C:\Users\menth\Documents\Programmas\PredSim\Subjects\SUBJ06mtu3D\SUBJ06mtu3D.osim
[2025-12-01 09:05:18.328] [warning] Couldn't find file 'sacrum.vtp'.
[2025-12-01 09:05:18.328] [warning] Couldn't find file 'pelvis.vtp'.
[2025-12-01 09:05:18.328] [warning] Couldn't find file 'l_pelvis.vtp'.
[2025-12-01 09:05:18.328] [warning] Couldn't find file 'r_femur.vtp'.
[2025-12-01 09:05:18.328] [warning] Couldn't find file 'r_tibia.vtp'.
[2025-12-01 09:05:18.329] [warning] Couldn't find file 'fibula.vtp'.
[2025-12-01 09:05:18.329] [warning] Couldn't find file 'talus.vtp'.
[2025-12-01 09:05:18.329] [warning] Couldn't find file 'foot.vtp'.
[2025-12-01 09:05:18.329] [warning] Couldn't find file 'bofoot.vtp'.
[2025-12-01 09:05:18.329] [warning] Couldn't find file 'l_femur.vtp'.
[2025-12-01 09:05:18.329] [warning] Couldn't find file 'l_tibia.vtp'.
[2025-12-01 09:05:18.329] [warning] Couldn't find file 'l_fibula.vtp'.
[2025-12-01 09:05:18.329] [warning] Couldn't find file 'l_talus.vtp'.
[2025-12-01 09:05:18.329] [warning] Couldn't find file 'l_foot.vtp'.
[2025-12-01 09:05:18.329] [warning] Couldn't find file 'l_bofoot.vtp'.
[2025-12-01 09:05:18.330] [warning] Couldn't find file 'hat_spine.vtp'.
[2025-12-01 09:05:18.330] [warning] Couldn't find file 'hat_jaw.vtp'.
[2025-12-01 09:05:18.330] [warning] Couldn't find file 'hat_skull.vtp'.
[2025-12-01 09:05:18.330] [warning] Couldn't find file 'hat_ribs_scap.vtp'.
[2025-12-01 09:05:19.522] [info] Loaded model SUBJ06_AdaptedForPredSim from file C:\Users\menth\Documents\Programmas\PredSim\Subjects\SUBJ06mtu3D\SUBJ06mtu3D.osim
[2025-12-01 09:05:19.522] [warning] Couldn't find file 'sacrum.vtp'.
[2025-12-01 09:05:19.522] [warning] Couldn't find file 'pelvis.vtp'.
[2025-12-01 09:05:19.522] [warning] Couldn't find file 'l_pelvis.vtp'.
[2025-12-01 09:05:19.523] [warning] Couldn't find file 'r_femur.vtp'.
[2025-12-01 09:05:19.523] [warning] Couldn't find file 'r_tibia.vtp'.
[2025-12-01 09:05:19.523] [warning] Couldn't find file 'fibula.vtp'.
[2025-12-01 09:05:19.523] [warning] Couldn't find file 'talus.vtp'.
[2025-12-01 09:05:19.523] [warning] Couldn't find file 'foot.vtp'.
[2025-12-01 09:05:19.523] [warning] Couldn't find file 'bofoot.vtp'.
[2025-12-01 09:05:19.523] [warning] Couldn't find file 'l_femur.vtp'.
[2025-12-01 09:05:19.523] [warning] Couldn't find file 'l_tibia.vtp'.
[2025-12-01 09:05:19.524] [warning] Couldn't find file 'l_fibula.vtp'.
[2025-12-01 09:05:19.524] [warning] Couldn't find file 'l_talus.vtp'.
[2025-12-01 09:05:19.524] [warning] Couldn't find file 'l_foot.vtp'.
[2025-12-01 09:05:19.524] [warning] Couldn't find file 'l_bofoot.vtp'.
[2025-12-01 09:05:19.524] [warning] Couldn't find file 'hat_spine.vtp'.
[2025-12-01 09:05:19.524] [warning] Couldn't find file 'hat_jaw.vtp'.
[2025-12-01 09:05:19.524] [warning] Couldn't find file 'hat_skull.vtp'.
[2025-12-01 09:05:19.524] [warning] Couldn't find file 'hat_ribs_scap.vtp'.
[2025-12-01 09:05:20.722] [info] Loaded model SUBJ06_AdaptedForPredSim from file C:\Users\menth\Documents\Programmas\PredSim\Subjects\SUBJ06mtu3D\SUBJ06mtu3D.osim
[2025-12-01 09:05:20.722] [warning] Couldn't find file 'sacrum.vtp'.
[2025-12-01 09:05:20.722] [warning] Couldn't find file 'pelvis.vtp'.
[2025-12-01 09:05:20.723] [warning] Couldn't find file 'l_pelvis.vtp'.
[2025-12-01 09:05:20.723] [warning] Couldn't find file 'r_femur.vtp'.
[2025-12-01 09:05:20.723] [warning] Couldn't find file 'r_tibia.vtp'.
[2025-12-01 09:05:20.723] [warning] Couldn't find file 'fibula.vtp'.
[2025-12-01 09:05:20.723] [warning] Couldn't find file 'talus.vtp'.
[2025-12-01 09:05:20.723] [warning] Couldn't find file 'foot.vtp'.
[2025-12-01 09:05:20.723] [warning] Couldn't find file 'bofoot.vtp'.
[2025-12-01 09:05:20.723] [warning] Couldn't find file 'l_femur.vtp'.
[2025-12-01 09:05:20.723] [warning] Couldn't find file 'l_tibia.vtp'.
[2025-12-01 09:05:20.724] [warning] Couldn't find file 'l_fibula.vtp'.
[2025-12-01 09:05:20.724] [warning] Couldn't find file 'l_talus.vtp'.
[2025-12-01 09:05:20.724] [warning] Couldn't find file 'l_foot.vtp'.
[2025-12-01 09:05:20.724] [warning] Couldn't find file 'l_bofoot.vtp'.
[2025-12-01 09:05:20.724] [warning] Couldn't find file 'hat_spine.vtp'.
[2025-12-01 09:05:20.724] [warning] Couldn't find file 'hat_jaw.vtp'.
[2025-12-01 09:05:20.724] [warning] Couldn't find file 'hat_skull.vtp'.
[2025-12-01 09:05:20.724] [warning] Couldn't find file 'hat_ribs_scap.vtp'.
[2025-12-01 09:05:21.846] [info] Loaded model SUBJ06_AdaptedForPredSim from file C:\Users\menth\Documents\Programmas\PredSim\Subjects\SUBJ06mtu3D\SUBJ06mtu3D.osim
[2025-12-01 09:05:21.846] [warning] Couldn't find file 'sacrum.vtp'.
[2025-12-01 09:05:21.846] [warning] Couldn't find file 'pelvis.vtp'.
[2025-12-01 09:05:21.846] [warning] Couldn't find file 'l_pelvis.vtp'.
[2025-12-01 09:05:21.847] [warning] Couldn't find file 'r_femur.vtp'.
[2025-12-01 09:05:21.847] [warning] Couldn't find file 'r_tibia.vtp'.
[2025-12-01 09:05:21.847] [warning] Couldn't find file 'fibula.vtp'.
[2025-12-01 09:05:21.847] [warning] Couldn't find file 'talus.vtp'.
[2025-12-01 09:05:21.847] [warning] Couldn't find file 'foot.vtp'.
[2025-12-01 09:05:21.847] [warning] Couldn't find file 'bofoot.vtp'.
[2025-12-01 09:05:21.847] [warning] Couldn't find file 'l_femur.vtp'.
[2025-12-01 09:05:21.847] [warning] Couldn't find file 'l_tibia.vtp'.
[2025-12-01 09:05:21.847] [warning] Couldn't find file 'l_fibula.vtp'.
[2025-12-01 09:05:21.847] [warning] Couldn't find file 'l_talus.vtp'.
[2025-12-01 09:05:21.847] [warning] Couldn't find file 'l_foot.vtp'.
[2025-12-01 09:05:21.848] [warning] Couldn't find file 'l_bofoot.vtp'.
[2025-12-01 09:05:21.848] [warning] Couldn't find file 'hat_spine.vtp'.
[2025-12-01 09:05:21.848] [warning] Couldn't find file 'hat_jaw.vtp'.
[2025-12-01 09:05:21.848] [warning] Couldn't find file 'hat_skull.vtp'.
[2025-12-01 09:05:21.848] [warning] Couldn't find file 'hat_ribs_scap.vtp'.
[2025-12-01 09:05:22.999] [info] Loaded model SUBJ06_AdaptedForPredSim from file C:\Users\menth\Documents\Programmas\PredSim\Subjects\SUBJ06mtu3D\SUBJ06mtu3D.osim
[2025-12-01 09:05:23.000] [warning] Couldn't find file 'sacrum.vtp'.
[2025-12-01 09:05:23.000] [warning] Couldn't find file 'pelvis.vtp'.
[2025-12-01 09:05:23.000] [warning] Couldn't find file 'l_pelvis.vtp'.
[2025-12-01 09:05:23.000] [warning] Couldn't find file 'r_femur.vtp'.
[2025-12-01 09:05:23.000] [warning] Couldn't find file 'r_tibia.vtp'.
[2025-12-01 09:05:23.000] [warning] Couldn't find file 'fibula.vtp'.
[2025-12-01 09:05:23.000] [warning] Couldn't find file 'talus.vtp'.
[2025-12-01 09:05:23.000] [warning] Couldn't find file 'foot.vtp'.
[2025-12-01 09:05:23.001] [warning] Couldn't find file 'bofoot.vtp'.
[2025-12-01 09:05:23.001] [warning] Couldn't find file 'l_femur.vtp'.
[2025-12-01 09:05:23.001] [warning] Couldn't find file 'l_tibia.vtp'.
[2025-12-01 09:05:23.001] [warning] Couldn't find file 'l_fibula.vtp'.
[2025-12-01 09:05:23.001] [warning] Couldn't find file 'l_talus.vtp'.
[2025-12-01 09:05:23.001] [warning] Couldn't find file 'l_foot.vtp'.
[2025-12-01 09:05:23.001] [warning] Couldn't find file 'l_bofoot.vtp'.
[2025-12-01 09:05:23.001] [warning] Couldn't find file 'hat_spine.vtp'.
[2025-12-01 09:05:23.002] [warning] Couldn't find file 'hat_jaw.vtp'.
[2025-12-01 09:05:23.002] [warning] Couldn't find file 'hat_skull.vtp'.
[2025-12-01 09:05:23.002] [warning] Couldn't find file 'hat_ribs_scap.vtp'.
[2025-12-01 09:05:24.196] [info] Loaded model SUBJ06_AdaptedForPredSim from file C:\Users\menth\Documents\Programmas\PredSim\Subjects\SUBJ06mtu3D\SUBJ06mtu3D.osim
[2025-12-01 09:05:24.197] [warning] Couldn't find file 'sacrum.vtp'.
[2025-12-01 09:05:24.197] [warning] Couldn't find file 'pelvis.vtp'.
[2025-12-01 09:05:24.197] [warning] Couldn't find file 'l_pelvis.vtp'.
[2025-12-01 09:05:24.197] [warning] Couldn't find file 'r_femur.vtp'.
[2025-12-01 09:05:24.197] [warning] Couldn't find file 'r_tibia.vtp'.
[2025-12-01 09:05:24.197] [warning] Couldn't find file 'fibula.vtp'.
[2025-12-01 09:05:24.197] [warning] Couldn't find file 'talus.vtp'.
[2025-12-01 09:05:24.198] [warning] Couldn't find file 'foot.vtp'.
[2025-12-01 09:05:24.198] [warning] Couldn't find file 'bofoot.vtp'.
[2025-12-01 09:05:24.198] [warning] Couldn't find file 'l_femur.vtp'.
[2025-12-01 09:05:24.198] [warning] Couldn't find file 'l_tibia.vtp'.
[2025-12-01 09:05:24.198] [warning] Couldn't find file 'l_fibula.vtp'.
[2025-12-01 09:05:24.198] [warning] Couldn't find file 'l_talus.vtp'.
[2025-12-01 09:05:24.198] [warning] Couldn't find file 'l_foot.vtp'.
[2025-12-01 09:05:24.198] [warning] Couldn't find file 'l_bofoot.vtp'.
[2025-12-01 09:05:24.198] [warning] Couldn't find file 'hat_spine.vtp'.
[2025-12-01 09:05:24.198] [warning] Couldn't find file 'hat_jaw.vtp'.
[2025-12-01 09:05:24.198] [warning] Couldn't find file 'hat_skull.vtp'.
[2025-12-01 09:05:24.199] [warning] Couldn't find file 'hat_ribs_scap.vtp'.
[2025-12-01 09:23:54.521] [info] Loaded model SUBJ06_AdaptedForPredSim from file C:\Users\menth\Documents\Programmas\PredSim\Subjects\SUBJ06mtu3D\SUBJ06mtu3D.osim
[2025-12-01 09:23:54.521] [warning] Couldn't find file 'sacrum.vtp'.
[2025-12-01 09:23:54.521] [warning] Couldn't find file 'pelvis.vtp'.
[2025-12-01 09:23:54.521] [warning] Couldn't find file 'l_pelvis.vtp'.
[2025-12-01 09:23:54.521] [warning] Couldn't find file 'r_femur.vtp'.
[2025-12-01 09:23:54.521] [warning] Couldn't find file 'r_tibia.vtp'.
[2025-12-01 09:23:54.521] [warning] Couldn't find file 'fibula.vtp'.
[2025-12-01 09:23:54.521] [warning] Couldn't find file 'talus.vtp'.
[2025-12-01 09:23:54.521] [warning] Couldn't find file 'foot.vtp'.
[2025-12-01 09:23:54.521] [warning] Couldn't find file 'bofoot.vtp'.
[2025-12-01 09:23:54.521] [warning] Couldn't find file 'l_femur.vtp'.
[2025-12-01 09:23:54.521] [warning] Couldn't find file 'l_tibia.vtp'.
[2025-12-01 09:23:54.522] [warning] Couldn't find file 'l_fibula.vtp'.
[2025-12-01 09:23:54.522] [warning] Couldn't find file 'l_talus.vtp'.
[2025-12-01 09:23:54.522] [warning] Couldn't find file 'l_foot.vtp'.
[2025-12-01 09:23:54.522] [warning] Couldn't find file 'l_bofoot.vtp'.
[2025-12-01 09:23:54.522] [warning] Couldn't find file 'hat_spine.vtp'.
[2025-12-01 09:23:54.522] [warning] Couldn't find file 'hat_jaw.vtp'.
[2025-12-01 09:23:54.522] [warning] Couldn't find file 'hat_skull.vtp'.
[2025-12-01 09:23:54.522] [warning] Couldn't find file 'hat_ribs_scap.vtp'.
[2025-12-01 09:23:55.528] [info] Loaded model SUBJ06_AdaptedForPredSim from file C:\Users\menth\Documents\Programmas\PredSim\Subjects\SUBJ06mtu3D\SUBJ06mtu3D.osim
[2025-12-01 09:23:55.528] [warning] Couldn't find file 'sacrum.vtp'.
[2025-12-01 09:23:55.528] [warning] Couldn't find file 'pelvis.vtp'.
[2025-12-01 09:23:55.528] [warning] Couldn't find file 'l_pelvis.vtp'.
[2025-12-01 09:23:55.528] [warning] Couldn't find file 'r_femur.vtp'.
[2025-12-01 09:23:55.529] [warning] Couldn't find file 'r_tibia.vtp'.
[2025-12-01 09:23:55.529] [warning] Couldn't find file 'fibula.vtp'.
[2025-12-01 09:23:55.529] [warning] Couldn't find file 'talus.vtp'.
[2025-12-01 09:23:55.529] [warning] Couldn't find file 'foot.vtp'.
[2025-12-01 09:23:55.529] [warning] Couldn't find file 'bofoot.vtp'.
[2025-12-01 09:23:55.529] [warning] Couldn't find file 'l_femur.vtp'.
[2025-12-01 09:23:55.529] [warning] Couldn't find file 'l_tibia.vtp'.
[2025-12-01 09:23:55.529] [warning] Couldn't find file 'l_fibula.vtp'.
[2025-12-01 09:23:55.529] [warning] Couldn't find file 'l_talus.vtp'.
[2025-12-01 09:23:55.529] [warning] Couldn't find file 'l_foot.vtp'.
[2025-12-01 09:23:55.529] [warning] Couldn't find file 'l_bofoot.vtp'.
[2025-12-01 09:23:55.529] [warning] Couldn't find file 'hat_spine.vtp'.
[2025-12-01 09:23:55.529] [warning] Couldn't find file 'hat_jaw.vtp'.
[2025-12-01 09:23:55.529] [warning] Couldn't find file 'hat_skull.vtp'.
[2025-12-01 09:23:55.529] [warning] Couldn't find file 'hat_ribs_scap.vtp'.
[2025-12-01 09:23:56.438] [info] Loaded model SUBJ06_AdaptedForPredSim from file C:\Users\menth\Documents\Programmas\PredSim\Subjects\SUBJ06mtu3D\SUBJ06mtu3D.osim
[2025-12-01 09:23:56.439] [warning] Couldn't find file 'sacrum.vtp'.
[2025-12-01 09:23:56.439] [warning] Couldn't find file 'pelvis.vtp'.
[2025-12-01 09:23:56.439] [warning] Couldn't find file 'l_pelvis.vtp'.
[2025-12-01 09:23:56.439] [warning] Couldn't find file 'r_femur.vtp'.
[2025-12-01 09:23:56.439] [warning] Couldn't find file 'r_tibia.vtp'.
[2025-12-01 09:23:56.439] [warning] Couldn't find file 'fibula.vtp'.
[2025-12-01 09:23:56.439] [warning] Couldn't find file 'talus.vtp'.
[2025-12-01 09:23:56.439] [warning] Couldn't find file 'foot.vtp'.
[2025-12-01 09:23:56.440] [warning] Couldn't find file 'bofoot.vtp'.
[2025-12-01 09:23:56.440] [warning] Couldn't find file 'l_femur.vtp'.
[2025-12-01 09:23:56.440] [warning] Couldn't find file 'l_tibia.vtp'.
[2025-12-01 09:23:56.440] [warning] Couldn't find file 'l_fibula.vtp'.
[2025-12-01 09:23:56.440] [warning] Couldn't find file 'l_talus.vtp'.
[2025-12-01 09:23:56.440] [warning] Couldn't find file 'l_foot.vtp'.
[2025-12-01 09:23:56.440] [warning] Couldn't find file 'l_bofoot.vtp'.
[2025-12-01 09:23:56.440] [warning] Couldn't find file 'hat_spine.vtp'.
[2025-12-01 09:23:56.440] [warning] Couldn't find file 'hat_jaw.vtp'.
[2025-12-01 09:23:56.440] [warning] Couldn't find file 'hat_skull.vtp'.
[2025-12-01 09:23:56.440] [warning] Couldn't find file 'hat_ribs_scap.vtp'.
[2025-12-01 09:23:57.372] [info] Loaded model SUBJ06_AdaptedForPredSim from file C:\Users\menth\Documents\Programmas\PredSim\Subjects\SUBJ06mtu3D\SUBJ06mtu3D.osim
[2025-12-01 09:23:57.372] [warning] Couldn't find file 'sacrum.vtp'.
[2025-12-01 09:23:57.372] [warning] Couldn't find file 'pelvis.vtp'.
[2025-12-01 09:23:57.372] [warning] Couldn't find file 'l_pelvis.vtp'.
[2025-12-01 09:23:57.373] [warning] Couldn't find file 'r_femur.vtp'.
[2025-12-01 09:23:57.373] [warning] Couldn't find file 'r_tibia.vtp'.
[2025-12-01 09:23:57.373] [warning] Couldn't find file 'fibula.vtp'.
[2025-12-01 09:23:57.373] [warning] Couldn't find file 'talus.vtp'.
[2025-12-01 09:23:57.373] [warning] Couldn't find file 'foot.vtp'.
[2025-12-01 09:23:57.373] [warning] Couldn't find file 'bofoot.vtp'.
[2025-12-01 09:23:57.373] [warning] Couldn't find file 'l_femur.vtp'.
[2025-12-01 09:23:57.373] [warning] Couldn't find file 'l_tibia.vtp'.
[2025-12-01 09:23:57.373] [warning] Couldn't find file 'l_fibula.vtp'.
[2025-12-01 09:23:57.373] [warning] Couldn't find file 'l_talus.vtp'.
[2025-12-01 09:23:57.373] [warning] Couldn't find file 'l_foot.vtp'.
[2025-12-01 09:23:57.373] [warning] Couldn't find file 'l_bofoot.vtp'.
[2025-12-01 09:23:57.373] [warning] Couldn't find file 'hat_spine.vtp'.
[2025-12-01 09:23:57.373] [warning] Couldn't find file 'hat_jaw.vtp'.
[2025-12-01 09:23:57.374] [warning] Couldn't find file 'hat_skull.vtp'.
[2025-12-01 09:23:57.374] [warning] Couldn't find file 'hat_ribs_scap.vtp'.
[2025-12-01 09:23:58.402] [info] Loaded model SUBJ06_AdaptedForPredSim from file C:\Users\menth\Documents\Programmas\PredSim\Subjects\SUBJ06mtu3D\SUBJ06mtu3D.osim
[2025-12-01 09:23:58.403] [warning] Couldn't find file 'sacrum.vtp'.
[2025-12-01 09:23:58.403] [warning] Couldn't find file 'pelvis.vtp'.
[2025-12-01 09:23:58.403] [warning] Couldn't find file 'l_pelvis.vtp'.
[2025-12-01 09:23:58.403] [warning] Couldn't find file 'r_femur.vtp'.
[2025-12-01 09:23:58.403] [warning] Couldn't find file 'r_tibia.vtp'.
[2025-12-01 09:23:58.403] [warning] Couldn't find file 'fibula.vtp'.
[2025-12-01 09:23:58.403] [warning] Couldn't find file 'talus.vtp'.
[2025-12-01 09:23:58.403] [warning] Couldn't find file 'foot.vtp'.
[2025-12-01 09:23:58.403] [warning] Couldn't find file 'bofoot.vtp'.
[2025-12-01 09:23:58.403] [warning] Couldn't find file 'l_femur.vtp'.
[2025-12-01 09:23:58.403] [warning] Couldn't find file 'l_tibia.vtp'.
[2025-12-01 09:23:58.404] [warning] Couldn't find file 'l_fibula.vtp'.
[2025-12-01 09:23:58.404] [warning] Couldn't find file 'l_talus.vtp'.
[2025-12-01 09:23:58.404] [warning] Couldn't find file 'l_foot.vtp'.
[2025-12-01 09:23:58.404] [warning] Couldn't find file 'l_bofoot.vtp'.
[2025-12-01 09:23:58.404] [warning] Couldn't find file 'hat_spine.vtp'.
[2025-12-01 09:23:58.404] [warning] Couldn't find file 'hat_jaw.vtp'.
[2025-12-01 09:23:58.404] [warning] Couldn't find file 'hat_skull.vtp'.
[2025-12-01 09:23:58.404] [warning] Couldn't find file 'hat_ribs_scap.vtp'.
[2025-12-01 09:23:59.574] [info] Loaded model SUBJ06_AdaptedForPredSim from file C:\Users\menth\Documents\Programmas\PredSim\Subjects\SUBJ06mtu3D\SUBJ06mtu3D.osim
[2025-12-01 09:23:59.574] [warning] Couldn't find file 'sacrum.vtp'.
[2025-12-01 09:23:59.574] [warning] Couldn't find file 'pelvis.vtp'.
[2025-12-01 09:23:59.574] [warning] Couldn't find file 'l_pelvis.vtp'.
[2025-12-01 09:23:59.574] [warning] Couldn't find file 'r_femur.vtp'.
[2025-12-01 09:23:59.574] [warning] Couldn't find file 'r_tibia.vtp'.
[2025-12-01 09:23:59.575] [warning] Couldn't find file 'fibula.vtp'.
[2025-12-01 09:23:59.575] [warning] Couldn't find file 'talus.vtp'.
[2025-12-01 09:23:59.575] [warning] Couldn't find file 'foot.vtp'.
[2025-12-01 09:23:59.575] [warning] Couldn't find file 'bofoot.vtp'.
[2025-12-01 09:23:59.575] [warning] Couldn't find file 'l_femur.vtp'.
[2025-12-01 09:23:59.575] [warning] Couldn't find file 'l_tibia.vtp'.
[2025-12-01 09:23:59.575] [warning] Couldn't find file 'l_fibula.vtp'.
[2025-12-01 09:23:59.575] [warning] Couldn't find file 'l_talus.vtp'.
[2025-12-01 09:23:59.575] [warning] Couldn't find file 'l_foot.vtp'.
[2025-12-01 09:23:59.575] [warning] Couldn't find file 'l_bofoot.vtp'.
[2025-12-01 09:23:59.575] [warning] Couldn't find file 'hat_spine.vtp'.
[2025-12-01 09:23:59.575] [warning] Couldn't find file 'hat_jaw.vtp'.
[2025-12-01 09:23:59.575] [warning] Couldn't find file 'hat_skull.vtp'.
[2025-12-01 09:23:59.575] [warning] Couldn't find file 'hat_ribs_scap.vtp'.
[2025-12-01 09:24:00.879] [info] Loaded model SUBJ06_AdaptedForPredSim from file C:\Users\menth\Documents\Programmas\PredSim\Subjects\SUBJ06mtu3D\SUBJ06mtu3D.osim
[2025-12-01 09:24:00.879] [warning] Couldn't find file 'sacrum.vtp'.
[2025-12-01 09:24:00.879] [warning] Couldn't find file 'pelvis.vtp'.
[2025-12-01 09:24:00.879] [warning] Couldn't find file 'l_pelvis.vtp'.
[2025-12-01 09:24:00.880] [warning] Couldn't find file 'r_femur.vtp'.
[2025-12-01 09:24:00.880] [warning] Couldn't find file 'r_tibia.vtp'.
[2025-12-01 09:24:00.880] [warning] Couldn't find file 'fibula.vtp'.
[2025-12-01 09:24:00.880] [warning] Couldn't find file 'talus.vtp'.
[2025-12-01 09:24:00.880] [warning] Couldn't find file 'foot.vtp'.
[2025-12-01 09:24:00.880] [warning] Couldn't find file 'bofoot.vtp'.
[2025-12-01 09:24:00.880] [warning] Couldn't find file 'l_femur.vtp'.
[2025-12-01 09:24:00.880] [warning] Couldn't find file 'l_tibia.vtp'.
[2025-12-01 09:24:00.880] [warning] Couldn't find file 'l_fibula.vtp'.
[2025-12-01 09:24:00.881] [warning] Couldn't find file 'l_talus.vtp'.
[2025-12-01 09:24:00.881] [warning] Couldn't find file 'l_foot.vtp'.
[2025-12-01 09:24:00.881] [warning] Couldn't find file 'l_bofoot.vtp'.
[2025-12-01 09:24:00.881] [warning] Couldn't find file 'hat_spine.vtp'.
[2025-12-01 09:24:00.881] [warning] Couldn't find file 'hat_jaw.vtp'.
[2025-12-01 09:24:00.881] [warning] Couldn't find file 'hat_skull.vtp'.
[2025-12-01 09:24:00.881] [warning] Couldn't find file 'hat_ribs_scap.vtp'.
[2025-12-01 09:24:02.288] [info] Loaded model SUBJ06_AdaptedForPredSim from file C:\Users\menth\Documents\Programmas\PredSim\Subjects\SUBJ06mtu3D\SUBJ06mtu3D.osim
[2025-12-01 09:24:02.289] [warning] Couldn't find file 'sacrum.vtp'.
[2025-12-01 09:24:02.289] [warning] Couldn't find file 'pelvis.vtp'.
[2025-12-01 09:24:02.289] [warning] Couldn't find file 'l_pelvis.vtp'.
[2025-12-01 09:24:02.290] [warning] Couldn't find file 'r_femur.vtp'.
[2025-12-01 09:24:02.290] [warning] Couldn't find file 'r_tibia.vtp'.
[2025-12-01 09:24:02.290] [warning] Couldn't find file 'fibula.vtp'.
[2025-12-01 09:24:02.290] [warning] Couldn't find file 'talus.vtp'.
[2025-12-01 09:24:02.290] [warning] Couldn't find file 'foot.vtp'.
[2025-12-01 09:24:02.290] [warning] Couldn't find file 'bofoot.vtp'.
[2025-12-01 09:24:02.290] [warning] Couldn't find file 'l_femur.vtp'.
[2025-12-01 09:24:02.290] [warning] Couldn't find file 'l_tibia.vtp'.
[2025-12-01 09:24:02.291] [warning] Couldn't find file 'l_fibula.vtp'.
[2025-12-01 09:24:02.291] [warning] Couldn't find file 'l_talus.vtp'.
[2025-12-01 09:24:02.291] [warning] Couldn't find file 'l_foot.vtp'.
[2025-12-01 09:24:02.291] [warning] Couldn't find file 'l_bofoot.vtp'.
[2025-12-01 09:24:02.291] [warning] Couldn't find file 'hat_spine.vtp'.
[2025-12-01 09:24:02.291] [warning] Couldn't find file 'hat_jaw.vtp'.
[2025-12-01 09:24:02.291] [warning] Couldn't find file 'hat_skull.vtp'.
[2025-12-01 09:24:02.291] [warning] Couldn't find file 'hat_ribs_scap.vtp'.
[2025-12-01 09:24:50.312] [info] Loaded model SUBJ06_AdaptedForPredSim from file C:\Users\menth\Documents\Programmas\PredSim\Subjects\SUBJ06mtu3D\SUBJ06mtu3D.osim
[2025-12-01 09:24:50.312] [warning] Couldn't find file 'sacrum.vtp'.
[2025-12-01 09:24:50.312] [warning] Couldn't find file 'pelvis.vtp'.
[2025-12-01 09:24:50.312] [warning] Couldn't find file 'l_pelvis.vtp'.
[2025-12-01 09:24:50.312] [warning] Couldn't find file 'r_femur.vtp'.
[2025-12-01 09:24:50.312] [warning] Couldn't find file 'r_tibia.vtp'.
[2025-12-01 09:24:50.312] [warning] Couldn't find file 'fibula.vtp'.
[2025-12-01 09:24:50.312] [warning] Couldn't find file 'talus.vtp'.
[2025-12-01 09:24:50.313] [warning] Couldn't find file 'foot.vtp'.
[2025-12-01 09:24:50.313] [warning] Couldn't find file 'bofoot.vtp'.
[2025-12-01 09:24:50.313] [warning] Couldn't find file 'l_femur.vtp'.
[2025-12-01 09:24:50.313] [warning] Couldn't find file 'l_tibia.vtp'.
[2025-12-01 09:24:50.313] [warning] Couldn't find file 'l_fibula.vtp'.
[2025-12-01 09:24:50.313] [warning] Couldn't find file 'l_talus.vtp'.
[2025-12-01 09:24:50.313] [warning] Couldn't find file 'l_foot.vtp'.
[2025-12-01 09:24:50.313] [warning] Couldn't find file 'l_bofoot.vtp'.
[2025-12-01 09:24:50.313] [warning] Couldn't find file 'hat_spine.vtp'.
[2025-12-01 09:24:50.313] [warning] Couldn't find file 'hat_jaw.vtp'.
[2025-12-01 09:24:50.313] [warning] Couldn't find file 'hat_skull.vtp'.
[2025-12-01 09:24:50.313] [warning] Couldn't find file 'hat_ribs_scap.vtp'.
[2025-12-01 09:24:51.142] [info] Loaded model SUBJ06_AdaptedForPredSim from file C:\Users\menth\Documents\Programmas\PredSim\Subjects\SUBJ06mtu3D\SUBJ06mtu3D.osim
[2025-12-01 09:24:51.142] [warning] Couldn't find file 'sacrum.vtp'.
[2025-12-01 09:24:51.142] [warning] Couldn't find file 'pelvis.vtp'.
[2025-12-01 09:24:51.142] [warning] Couldn't find file 'l_pelvis.vtp'.
[2025-12-01 09:24:51.142] [warning] Couldn't find file 'r_femur.vtp'.
[2025-12-01 09:24:51.142] [warning] Couldn't find file 'r_tibia.vtp'.
[2025-12-01 09:24:51.142] [warning] Couldn't find file 'fibula.vtp'.
[2025-12-01 09:24:51.142] [warning] Couldn't find file 'talus.vtp'.
[2025-12-01 09:24:51.143] [warning] Couldn't find file 'foot.vtp'.
[2025-12-01 09:24:51.143] [warning] Couldn't find file 'bofoot.vtp'.
[2025-12-01 09:24:51.143] [warning] Couldn't find file 'l_femur.vtp'.
[2025-12-01 09:24:51.143] [warning] Couldn't find file 'l_tibia.vtp'.
[2025-12-01 09:24:51.143] [warning] Couldn't find file 'l_fibula.vtp'.
[2025-12-01 09:24:51.143] [warning] Couldn't find file 'l_talus.vtp'.
[2025-12-01 09:24:51.143] [warning] Couldn't find file 'l_foot.vtp'.
[2025-12-01 09:24:51.143] [warning] Couldn't find file 'l_bofoot.vtp'.
[2025-12-01 09:24:51.143] [warning] Couldn't find file 'hat_spine.vtp'.
[2025-12-01 09:24:51.143] [warning] Couldn't find file 'hat_jaw.vtp'.
[2025-12-01 09:24:51.143] [warning] Couldn't find file 'hat_skull.vtp'.
[2025-12-01 09:24:51.143] [warning] Couldn't find file 'hat_ribs_scap.vtp'.
[2025-12-01 09:24:52.032] [info] Loaded model SUBJ06_AdaptedForPredSim from file C:\Users\menth\Documents\Programmas\PredSim\Subjects\SUBJ06mtu3D\SUBJ06mtu3D.osim
[2025-12-01 09:24:52.032] [warning] Couldn't find file 'sacrum.vtp'.
[2025-12-01 09:24:52.032] [warning] Couldn't find file 'pelvis.vtp'.
[2025-12-01 09:24:52.032] [warning] Couldn't find file 'l_pelvis.vtp'.
[2025-12-01 09:24:52.032] [warning] Couldn't find file 'r_femur.vtp'.
[2025-12-01 09:24:52.032] [warning] Couldn't find file 'r_tibia.vtp'.
[2025-12-01 09:24:52.032] [warning] Couldn't find file 'fibula.vtp'.
[2025-12-01 09:24:52.032] [warning] Couldn't find file 'talus.vtp'.
[2025-12-01 09:24:52.032] [warning] Couldn't find file 'foot.vtp'.
[2025-12-01 09:24:52.033] [warning] Couldn't find file 'bofoot.vtp'.
[2025-12-01 09:24:52.033] [warning] Couldn't find file 'l_femur.vtp'.
[2025-12-01 09:24:52.033] [warning] Couldn't find file 'l_tibia.vtp'.
[2025-12-01 09:24:52.033] [warning] Couldn't find file 'l_fibula.vtp'.
[2025-12-01 09:24:52.033] [warning] Couldn't find file 'l_talus.vtp'.
[2025-12-01 09:24:52.033] [warning] Couldn't find file 'l_foot.vtp'.
[2025-12-01 09:24:52.033] [warning] Couldn't find file 'l_bofoot.vtp'.
[2025-12-01 09:24:52.033] [warning] Couldn't find file 'hat_spine.vtp'.
[2025-12-01 09:24:52.033] [warning] Couldn't find file 'hat_jaw.vtp'.
[2025-12-01 09:24:52.033] [warning] Couldn't find file 'hat_skull.vtp'.
[2025-12-01 09:24:52.033] [warning] Couldn't find file 'hat_ribs_scap.vtp'.
[2025-12-01 09:24:52.981] [info] Loaded model SUBJ06_AdaptedForPredSim from file C:\Users\menth\Documents\Programmas\PredSim\Subjects\SUBJ06mtu3D\SUBJ06mtu3D.osim
[2025-12-01 09:24:52.982] [warning] Couldn't find file 'sacrum.vtp'.
[2025-12-01 09:24:52.982] [warning] Couldn't find file 'pelvis.vtp'.
[2025-12-01 09:24:52.982] [warning] Couldn't find file 'l_pelvis.vtp'.
[2025-12-01 09:24:52.982] [warning] Couldn't find file 'r_femur.vtp'.
[2025-12-01 09:24:52.982] [warning] Couldn't find file 'r_tibia.vtp'.
[2025-12-01 09:24:52.982] [warning] Couldn't find file 'fibula.vtp'.
[2025-12-01 09:24:52.982] [warning] Couldn't find file 'talus.vtp'.
[2025-12-01 09:24:52.982] [warning] Couldn't find file 'foot.vtp'.
[2025-12-01 09:24:52.982] [warning] Couldn't find file 'bofoot.vtp'.
[2025-12-01 09:24:52.982] [warning] Couldn't find file 'l_femur.vtp'.
[2025-12-01 09:24:52.983] [warning] Couldn't find file 'l_tibia.vtp'.
[2025-12-01 09:24:52.983] [warning] Couldn't find file 'l_fibula.vtp'.
[2025-12-01 09:24:52.983] [warning] Couldn't find file 'l_talus.vtp'.
[2025-12-01 09:24:52.983] [warning] Couldn't find file 'l_foot.vtp'.
[2025-12-01 09:24:52.983] [warning] Couldn't find file 'l_bofoot.vtp'.
[2025-12-01 09:24:52.983] [warning] Couldn't find file 'hat_spine.vtp'.
[2025-12-01 09:24:52.983] [warning] Couldn't find file 'hat_jaw.vtp'.
[2025-12-01 09:24:52.983] [warning] Couldn't find file 'hat_skull.vtp'.
[2025-12-01 09:24:52.983] [warning] Couldn't find file 'hat_ribs_scap.vtp'.
[2025-12-01 09:24:54.077] [info] Loaded model SUBJ06_AdaptedForPredSim from file C:\Users\menth\Documents\Programmas\PredSim\Subjects\SUBJ06mtu3D\SUBJ06mtu3D.osim
[2025-12-01 09:24:54.077] [warning] Couldn't find file 'sacrum.vtp'.
[2025-12-01 09:24:54.077] [warning] Couldn't find file 'pelvis.vtp'.
[2025-12-01 09:24:54.077] [warning] Couldn't find file 'l_pelvis.vtp'.
[2025-12-01 09:24:54.077] [warning] Couldn't find file 'r_femur.vtp'.
[2025-12-01 09:24:54.077] [warning] Couldn't find file 'r_tibia.vtp'.
[2025-12-01 09:24:54.077] [warning] Couldn't find file 'fibula.vtp'.
[2025-12-01 09:24:54.078] [warning] Couldn't find file 'talus.vtp'.
[2025-12-01 09:24:54.078] [warning] Couldn't find file 'foot.vtp'.
[2025-12-01 09:24:54.078] [warning] Couldn't find file 'bofoot.vtp'.
[2025-12-01 09:24:54.078] [warning] Couldn't find file 'l_femur.vtp'.
[2025-12-01 09:24:54.078] [warning] Couldn't find file 'l_tibia.vtp'.
[2025-12-01 09:24:54.078] [warning] Couldn't find file 'l_fibula.vtp'.
[2025-12-01 09:24:54.078] [warning] Couldn't find file 'l_talus.vtp'.
[2025-12-01 09:24:54.078] [warning] Couldn't find file 'l_foot.vtp'.
[2025-12-01 09:24:54.078] [warning] Couldn't find file 'l_bofoot.vtp'.
[2025-12-01 09:24:54.078] [warning] Couldn't find file 'hat_spine.vtp'.
[2025-12-01 09:24:54.078] [warning] Couldn't find file 'hat_jaw.vtp'.
[2025-12-01 09:24:54.078] [warning] Couldn't find file 'hat_skull.vtp'.
[2025-12-01 09:24:54.078] [warning] Couldn't find file 'hat_ribs_scap.vtp'.
[2025-12-01 09:24:55.293] [info] Loaded model SUBJ06_AdaptedForPredSim from file C:\Users\menth\Documents\Programmas\PredSim\Subjects\SUBJ06mtu3D\SUBJ06mtu3D.osim
[2025-12-01 09:24:55.293] [warning] Couldn't find file 'sacrum.vtp'.
[2025-12-01 09:24:55.293] [warning] Couldn't find file 'pelvis.vtp'.
[2025-12-01 09:24:55.293] [warning] Couldn't find file 'l_pelvis.vtp'.
[2025-12-01 09:24:55.294] [warning] Couldn't find file 'r_femur.vtp'.
[2025-12-01 09:24:55.294] [warning] Couldn't find file 'r_tibia.vtp'.
[2025-12-01 09:24:55.294] [warning] Couldn't find file 'fibula.vtp'.
[2025-12-01 09:24:55.294] [warning] Couldn't find file 'talus.vtp'.
[2025-12-01 09:24:55.294] [warning] Couldn't find file 'foot.vtp'.
[2025-12-01 09:24:55.295] [warning] Couldn't find file 'bofoot.vtp'.
[2025-12-01 09:24:55.295] [warning] Couldn't find file 'l_femur.vtp'.
[2025-12-01 09:24:55.295] [warning] Couldn't find file 'l_tibia.vtp'.
[2025-12-01 09:24:55.295] [warning] Couldn't find file 'l_fibula.vtp'.
[2025-12-01 09:24:55.295] [warning] Couldn't find file 'l_talus.vtp'.
[2025-12-01 09:24:55.295] [warning] Couldn't find file 'l_foot.vtp'.
[2025-12-01 09:24:55.295] [warning] Couldn't find file 'l_bofoot.vtp'.
[2025-12-01 09:24:55.295] [warning] Couldn't find file 'hat_spine.vtp'.
[2025-12-01 09:24:55.295] [warning] Couldn't find file 'hat_jaw.vtp'.
[2025-12-01 09:24:55.296] [warning] Couldn't find file 'hat_skull.vtp'.
[2025-12-01 09:24:55.296] [warning] Couldn't find file 'hat_ribs_scap.vtp'.
[2025-12-01 09:24:56.741] [info] Loaded model SUBJ06_AdaptedForPredSim from file C:\Users\menth\Documents\Programmas\PredSim\Subjects\SUBJ06mtu3D\SUBJ06mtu3D.osim
[2025-12-01 09:24:56.741] [warning] Couldn't find file 'sacrum.vtp'.
[2025-12-01 09:24:56.741] [warning] Couldn't find file 'pelvis.vtp'.
[2025-12-01 09:24:56.741] [warning] Couldn't find file 'l_pelvis.vtp'.
[2025-12-01 09:24:56.742] [warning] Couldn't find file 'r_femur.vtp'.
[2025-12-01 09:24:56.742] [warning] Couldn't find file 'r_tibia.vtp'.
[2025-12-01 09:24:56.742] [warning] Couldn't find file 'fibula.vtp'.
[2025-12-01 09:24:56.742] [warning] Couldn't find file 'talus.vtp'.
[2025-12-01 09:24:56.742] [warning] Couldn't find file 'foot.vtp'.
[2025-12-01 09:24:56.742] [warning] Couldn't find file 'bofoot.vtp'.
[2025-12-01 09:24:56.742] [warning] Couldn't find file 'l_femur.vtp'.
[2025-12-01 09:24:56.742] [warning] Couldn't find file 'l_tibia.vtp'.
[2025-12-01 09:24:56.743] [warning] Couldn't find file 'l_fibula.vtp'.
[2025-12-01 09:24:56.743] [warning] Couldn't find file 'l_talus.vtp'.
[2025-12-01 09:24:56.743] [warning] Couldn't find file 'l_foot.vtp'.
[2025-12-01 09:24:56.743] [warning] Couldn't find file 'l_bofoot.vtp'.
[2025-12-01 09:24:56.743] [warning] Couldn't find file 'hat_spine.vtp'.
[2025-12-01 09:24:56.743] [warning] Couldn't find file 'hat_jaw.vtp'.
[2025-12-01 09:24:56.743] [warning] Couldn't find file 'hat_skull.vtp'.
[2025-12-01 09:24:56.744] [warning] Couldn't find file 'hat_ribs_scap.vtp'.
[2025-12-01 09:24:58.205] [info] Loaded model SUBJ06_AdaptedForPredSim from file C:\Users\menth\Documents\Programmas\PredSim\Subjects\SUBJ06mtu3D\SUBJ06mtu3D.osim
[2025-12-01 09:24:58.206] [warning] Couldn't find file 'sacrum.vtp'.
[2025-12-01 09:24:58.206] [warning] Couldn't find file 'pelvis.vtp'.
[2025-12-01 09:24:58.206] [warning] Couldn't find file 'l_pelvis.vtp'.
[2025-12-01 09:24:58.207] [warning] Couldn't find file 'r_femur.vtp'.
[2025-12-01 09:24:58.207] [warning] Couldn't find file 'r_tibia.vtp'.
[2025-12-01 09:24:58.207] [warning] Couldn't find file 'fibula.vtp'.
[2025-12-01 09:24:58.207] [warning] Couldn't find file 'talus.vtp'.
[2025-12-01 09:24:58.207] [warning] Couldn't find file 'foot.vtp'.
[2025-12-01 09:24:58.207] [warning] Couldn't find file 'bofoot.vtp'.
[2025-12-01 09:24:58.207] [warning] Couldn't find file 'l_femur.vtp'.
[2025-12-01 09:24:58.208] [warning] Couldn't find file 'l_tibia.vtp'.
[2025-12-01 09:24:58.208] [warning] Couldn't find file 'l_fibula.vtp'.
[2025-12-01 09:24:58.208] [warning] Couldn't find file 'l_talus.vtp'.
[2025-12-01 09:24:58.208] [warning] Couldn't find file 'l_foot.vtp'.
[2025-12-01 09:24:58.208] [warning] Couldn't find file 'l_bofoot.vtp'.
[2025-12-01 09:24:58.208] [warning] Couldn't find file 'hat_spine.vtp'.
[2025-12-01 09:24:58.208] [warning] Couldn't find file 'hat_jaw.vtp'.
[2025-12-01 09:24:58.209] [warning] Couldn't find file 'hat_skull.vtp'.
[2025-12-01 09:24:58.209] [warning] Couldn't find file 'hat_ribs_scap.vtp'.
[2025-12-01 09:48:37.577] [info] Loaded model SUBJ06_AdaptedForPredSim from file C:\Users\menth\Documents\Programmas\PredSim\Subjects\SUBJ06mtu3D\SUBJ06mtu3D.osim
[2025-12-01 09:48:37.577] [warning] Couldn't find file 'sacrum.vtp'.
[2025-12-01 09:48:37.577] [warning] Couldn't find file 'pelvis.vtp'.
[2025-12-01 09:48:37.577] [warning] Couldn't find file 'l_pelvis.vtp'.
[2025-12-01 09:48:37.577] [warning] Couldn't find file 'r_femur.vtp'.
[2025-12-01 09:48:37.577] [warning] Couldn't find file 'r_tibia.vtp'.
[2025-12-01 09:48:37.577] [warning] Couldn't find file 'fibula.vtp'.
[2025-12-01 09:48:37.577] [warning] Couldn't find file 'talus.vtp'.
[2025-12-01 09:48:37.577] [warning] Couldn't find file 'foot.vtp'.
[2025-12-01 09:48:37.577] [warning] Couldn't find file 'bofoot.vtp'.
[2025-12-01 09:48:37.577] [warning] Couldn't find file 'l_femur.vtp'.
[2025-12-01 09:48:37.578] [warning] Couldn't find file 'l_tibia.vtp'.
[2025-12-01 09:48:37.578] [warning] Couldn't find file 'l_fibula.vtp'.
[2025-12-01 09:48:37.578] [warning] Couldn't find file 'l_talus.vtp'.
[2025-12-01 09:48:37.578] [warning] Couldn't find file 'l_foot.vtp'.
[2025-12-01 09:48:37.578] [warning] Couldn't find file 'l_bofoot.vtp'.
[2025-12-01 09:48:37.578] [warning] Couldn't find file 'hat_spine.vtp'.
[2025-12-01 09:48:37.578] [warning] Couldn't find file 'hat_jaw.vtp'.
[2025-12-01 09:48:37.578] [warning] Couldn't find file 'hat_skull.vtp'.
[2025-12-01 09:48:37.578] [warning] Couldn't find file 'hat_ribs_scap.vtp'.
[2025-12-01 09:48:38.590] [info] Loaded model SUBJ06_AdaptedForPredSim from file C:\Users\menth\Documents\Programmas\PredSim\Subjects\SUBJ06mtu3D\SUBJ06mtu3D.osim
[2025-12-01 09:48:38.590] [warning] Couldn't find file 'sacrum.vtp'.
[2025-12-01 09:48:38.590] [warning] Couldn't find file 'pelvis.vtp'.
[2025-12-01 09:48:38.591] [warning] Couldn't find file 'l_pelvis.vtp'.
[2025-12-01 09:48:38.591] [warning] Couldn't find file 'r_femur.vtp'.
[2025-12-01 09:48:38.591] [warning] Couldn't find file 'r_tibia.vtp'.
[2025-12-01 09:48:38.591] [warning] Couldn't find file 'fibula.vtp'.
[2025-12-01 09:48:38.591] [warning] Couldn't find file 'talus.vtp'.
[2025-12-01 09:48:38.591] [warning] Couldn't find file 'foot.vtp'.
[2025-12-01 09:48:38.591] [warning] Couldn't find file 'bofoot.vtp'.
[2025-12-01 09:48:38.591] [warning] Couldn't find file 'l_femur.vtp'.
[2025-12-01 09:48:38.591] [warning] Couldn't find file 'l_tibia.vtp'.
[2025-12-01 09:48:38.591] [warning] Couldn't find file 'l_fibula.vtp'.
[2025-12-01 09:48:38.591] [warning] Couldn't find file 'l_talus.vtp'.
[2025-12-01 09:48:38.591] [warning] Couldn't find file 'l_foot.vtp'.
[2025-12-01 09:48:38.591] [warning] Couldn't find file 'l_bofoot.vtp'.
[2025-12-01 09:48:38.591] [warning] Couldn't find file 'hat_spine.vtp'.
[2025-12-01 09:48:38.592] [warning] Couldn't find file 'hat_jaw.vtp'.
[2025-12-01 09:48:38.592] [warning] Couldn't find file 'hat_skull.vtp'.
[2025-12-01 09:48:38.592] [warning] Couldn't find file 'hat_ribs_scap.vtp'.
[2025-12-01 09:48:39.562] [info] Loaded model SUBJ06_AdaptedForPredSim from file C:\Users\menth\Documents\Programmas\PredSim\Subjects\SUBJ06mtu3D\SUBJ06mtu3D.osim
[2025-12-01 09:48:39.563] [warning] Couldn't find file 'sacrum.vtp'.
[2025-12-01 09:48:39.563] [warning] Couldn't find file 'pelvis.vtp'.
[2025-12-01 09:48:39.563] [warning] Couldn't find file 'l_pelvis.vtp'.
[2025-12-01 09:48:39.563] [warning] Couldn't find file 'r_femur.vtp'.
[2025-12-01 09:48:39.563] [warning] Couldn't find file 'r_tibia.vtp'.
[2025-12-01 09:48:39.563] [warning] Couldn't find file 'fibula.vtp'.
[2025-12-01 09:48:39.563] [warning] Couldn't find file 'talus.vtp'.
[2025-12-01 09:48:39.563] [warning] Couldn't find file 'foot.vtp'.
[2025-12-01 09:48:39.563] [warning] Couldn't find file 'bofoot.vtp'.
[2025-12-01 09:48:39.563] [warning] Couldn't find file 'l_femur.vtp'.
[2025-12-01 09:48:39.563] [warning] Couldn't find file 'l_tibia.vtp'.
[2025-12-01 09:48:39.563] [warning] Couldn't find file 'l_fibula.vtp'.
[2025-12-01 09:48:39.563] [warning] Couldn't find file 'l_talus.vtp'.
[2025-12-01 09:48:39.563] [warning] Couldn't find file 'l_foot.vtp'.
[2025-12-01 09:48:39.564] [warning] Couldn't find file 'l_bofoot.vtp'.
[2025-12-01 09:48:39.564] [warning] Couldn't find file 'hat_spine.vtp'.
[2025-12-01 09:48:39.564] [warning] Couldn't find file 'hat_jaw.vtp'.
[2025-12-01 09:48:39.564] [warning] Couldn't find file 'hat_skull.vtp'.
[2025-12-01 09:48:39.564] [warning] Couldn't find file 'hat_ribs_scap.vtp'.
[2025-12-01 09:48:40.488] [info] Loaded model SUBJ06_AdaptedForPredSim from file C:\Users\menth\Documents\Programmas\PredSim\Subjects\SUBJ06mtu3D\SUBJ06mtu3D.osim
[2025-12-01 09:48:40.489] [warning] Couldn't find file 'sacrum.vtp'.
[2025-12-01 09:48:40.489] [warning] Couldn't find file 'pelvis.vtp'.
[2025-12-01 09:48:40.489] [warning] Couldn't find file 'l_pelvis.vtp'.
[2025-12-01 09:48:40.489] [warning] Couldn't find file 'r_femur.vtp'.
[2025-12-01 09:48:40.489] [warning] Couldn't find file 'r_tibia.vtp'.
[2025-12-01 09:48:40.489] [warning] Couldn't find file 'fibula.vtp'.
[2025-12-01 09:48:40.489] [warning] Couldn't find file 'talus.vtp'.
[2025-12-01 09:48:40.489] [warning] Couldn't find file 'foot.vtp'.
[2025-12-01 09:48:40.489] [warning] Couldn't find file 'bofoot.vtp'.
[2025-12-01 09:48:40.489] [warning] Couldn't find file 'l_femur.vtp'.
[2025-12-01 09:48:40.489] [warning] Couldn't find file 'l_tibia.vtp'.
[2025-12-01 09:48:40.489] [warning] Couldn't find file 'l_fibula.vtp'.
[2025-12-01 09:48:40.489] [warning] Couldn't find file 'l_talus.vtp'.
[2025-12-01 09:48:40.489] [warning] Couldn't find file 'l_foot.vtp'.
[2025-12-01 09:48:40.490] [warning] Couldn't find file 'l_bofoot.vtp'.
[2025-12-01 09:48:40.490] [warning] Couldn't find file 'hat_spine.vtp'.
[2025-12-01 09:48:40.490] [warning] Couldn't find file 'hat_jaw.vtp'.
[2025-12-01 09:48:40.490] [warning] Couldn't find file 'hat_skull.vtp'.
[2025-12-01 09:48:40.490] [warning] Couldn't find file 'hat_ribs_scap.vtp'.
[2025-12-01 09:48:41.511] [info] Loaded model SUBJ06_AdaptedForPredSim from file C:\Users\menth\Documents\Programmas\PredSim\Subjects\SUBJ06mtu3D\SUBJ06mtu3D.osim
[2025-12-01 09:48:41.511] [warning] Couldn't find file 'sacrum.vtp'.
[2025-12-01 09:48:41.511] [warning] Couldn't find file 'pelvis.vtp'.
[2025-12-01 09:48:41.512] [warning] Couldn't find file 'l_pelvis.vtp'.
[2025-12-01 09:48:41.512] [warning] Couldn't find file 'r_femur.vtp'.
[2025-12-01 09:48:41.512] [warning] Couldn't find file 'r_tibia.vtp'.
[2025-12-01 09:48:41.512] [warning] Couldn't find file 'fibula.vtp'.
[2025-12-01 09:48:41.512] [warning] Couldn't find file 'talus.vtp'.
[2025-12-01 09:48:41.512] [warning] Couldn't find file 'foot.vtp'.
[2025-12-01 09:48:41.512] [warning] Couldn't find file 'bofoot.vtp'.
[2025-12-01 09:48:41.512] [warning] Couldn't find file 'l_femur.vtp'.
[2025-12-01 09:48:41.512] [warning] Couldn't find file 'l_tibia.vtp'.
[2025-12-01 09:48:41.512] [warning] Couldn't find file 'l_fibula.vtp'.
[2025-12-01 09:48:41.512] [warning] Couldn't find file 'l_talus.vtp'.
[2025-12-01 09:48:41.513] [warning] Couldn't find file 'l_foot.vtp'.
[2025-12-01 09:48:41.513] [warning] Couldn't find file 'l_bofoot.vtp'.
[2025-12-01 09:48:41.513] [warning] Couldn't find file 'hat_spine.vtp'.
[2025-12-01 09:48:41.513] [warning] Couldn't find file 'hat_jaw.vtp'.
[2025-12-01 09:48:41.513] [warning] Couldn't find file 'hat_skull.vtp'.
[2025-12-01 09:48:41.513] [warning] Couldn't find file 'hat_ribs_scap.vtp'.
[2025-12-01 09:48:42.655] [info] Loaded model SUBJ06_AdaptedForPredSim from file C:\Users\menth\Documents\Programmas\PredSim\Subjects\SUBJ06mtu3D\SUBJ06mtu3D.osim
[2025-12-01 09:48:42.656] [warning] Couldn't find file 'sacrum.vtp'.
[2025-12-01 09:48:42.656] [warning] Couldn't find file 'pelvis.vtp'.
[2025-12-01 09:48:42.656] [warning] Couldn't find file 'l_pelvis.vtp'.
[2025-12-01 09:48:42.656] [warning] Couldn't find file 'r_femur.vtp'.
[2025-12-01 09:48:42.656] [warning] Couldn't find file 'r_tibia.vtp'.
[2025-12-01 09:48:42.656] [warning] Couldn't find file 'fibula.vtp'.
[2025-12-01 09:48:42.656] [warning] Couldn't find file 'talus.vtp'.
[2025-12-01 09:48:42.657] [warning] Couldn't find file 'foot.vtp'.
[2025-12-01 09:48:42.657] [warning] Couldn't find file 'bofoot.vtp'.
[2025-12-01 09:48:42.657] [warning] Couldn't find file 'l_femur.vtp'.
[2025-12-01 09:48:42.657] [warning] Couldn't find file 'l_tibia.vtp'.
[2025-12-01 09:48:42.657] [warning] Couldn't find file 'l_fibula.vtp'.
[2025-12-01 09:48:42.657] [warning] Couldn't find file 'l_talus.vtp'.
[2025-12-01 09:48:42.657] [warning] Couldn't find file 'l_foot.vtp'.
[2025-12-01 09:48:42.657] [warning] Couldn't find file 'l_bofoot.vtp'.
[2025-12-01 09:48:42.657] [warning] Couldn't find file 'hat_spine.vtp'.
[2025-12-01 09:48:42.657] [warning] Couldn't find file 'hat_jaw.vtp'.
[2025-12-01 09:48:42.658] [warning] Couldn't find file 'hat_skull.vtp'.
[2025-12-01 09:48:42.658] [warning] Couldn't find file 'hat_ribs_scap.vtp'.
[2025-12-01 09:48:43.963] [info] Loaded model SUBJ06_AdaptedForPredSim from file C:\Users\menth\Documents\Programmas\PredSim\Subjects\SUBJ06mtu3D\SUBJ06mtu3D.osim
[2025-12-01 09:48:43.963] [warning] Couldn't find file 'sacrum.vtp'.
[2025-12-01 09:48:43.964] [warning] Couldn't find file 'pelvis.vtp'.
[2025-12-01 09:48:43.964] [warning] Couldn't find file 'l_pelvis.vtp'.
[2025-12-01 09:48:43.964] [warning] Couldn't find file 'r_femur.vtp'.
[2025-12-01 09:48:43.964] [warning] Couldn't find file 'r_tibia.vtp'.
[2025-12-01 09:48:43.964] [warning] Couldn't find file 'fibula.vtp'.
[2025-12-01 09:48:43.964] [warning] Couldn't find file 'talus.vtp'.
[2025-12-01 09:48:43.964] [warning] Couldn't find file 'foot.vtp'.
[2025-12-01 09:48:43.964] [warning] Couldn't find file 'bofoot.vtp'.
[2025-12-01 09:48:43.964] [warning] Couldn't find file 'l_femur.vtp'.
[2025-12-01 09:48:43.964] [warning] Couldn't find file 'l_tibia.vtp'.
[2025-12-01 09:48:43.964] [warning] Couldn't find file 'l_fibula.vtp'.
[2025-12-01 09:48:43.964] [warning] Couldn't find file 'l_talus.vtp'.
[2025-12-01 09:48:43.965] [warning] Couldn't find file 'l_foot.vtp'.
[2025-12-01 09:48:43.965] [warning] Couldn't find file 'l_bofoot.vtp'.
[2025-12-01 09:48:43.965] [warning] Couldn't find file 'hat_spine.vtp'.
[2025-12-01 09:48:43.965] [warning] Couldn't find file 'hat_jaw.vtp'.
[2025-12-01 09:48:43.965] [warning] Couldn't find file 'hat_skull.vtp'.
[2025-12-01 09:48:43.965] [warning] Couldn't find file 'hat_ribs_scap.vtp'.
[2025-12-01 09:48:45.407] [info] Loaded model SUBJ06_AdaptedForPredSim from file C:\Users\menth\Documents\Programmas\PredSim\Subjects\SUBJ06mtu3D\SUBJ06mtu3D.osim
[2025-12-01 09:48:45.408] [warning] Couldn't find file 'sacrum.vtp'.
[2025-12-01 09:48:45.408] [warning] Couldn't find file 'pelvis.vtp'.
[2025-12-01 09:48:45.408] [warning] Couldn't find file 'l_pelvis.vtp'.
[2025-12-01 09:48:45.408] [warning] Couldn't find file 'r_femur.vtp'.
[2025-12-01 09:48:45.408] [warning] Couldn't find file 'r_tibia.vtp'.
[2025-12-01 09:48:45.408] [warning] Couldn't find file 'fibula.vtp'.
[2025-12-01 09:48:45.408] [warning] Couldn't find file 'talus.vtp'.
[2025-12-01 09:48:45.408] [warning] Couldn't find file 'foot.vtp'.
[2025-12-01 09:48:45.408] [warning] Couldn't find file 'bofoot.vtp'.
[2025-12-01 09:48:45.408] [warning] Couldn't find file 'l_femur.vtp'.
[2025-12-01 09:48:45.408] [warning] Couldn't find file 'l_tibia.vtp'.
[2025-12-01 09:48:45.408] [warning] Couldn't find file 'l_fibula.vtp'.
[2025-12-01 09:48:45.409] [warning] Couldn't find file 'l_talus.vtp'.
[2025-12-01 09:48:45.409] [warning] Couldn't find file 'l_foot.vtp'.
[2025-12-01 09:48:45.409] [warning] Couldn't find file 'l_bofoot.vtp'.
[2025-12-01 09:48:45.409] [warning] Couldn't find file 'hat_spine.vtp'.
[2025-12-01 09:48:45.409] [warning] Couldn't find file 'hat_jaw.vtp'.
[2025-12-01 09:48:45.409] [warning] Couldn't find file 'hat_skull.vtp'.
[2025-12-01 09:48:45.409] [warning] Couldn't find file 'hat_ribs_scap.vtp'.
[2025-12-01 10:07:03.792] [info] Loaded model SUBJ06_AdaptedForPredSim from file C:\Users\menth\Documents\Programmas\PredSim\Subjects\SUBJ06mtu3D\SUBJ06mtu3D.osim
[2025-12-01 10:07:03.793] [warning] Couldn't find file 'sacrum.vtp'.
[2025-12-01 10:07:03.793] [warning] Couldn't find file 'pelvis.vtp'.
[2025-12-01 10:07:03.793] [warning] Couldn't find file 'l_pelvis.vtp'.
[2025-12-01 10:07:03.793] [warning] Couldn't find file 'r_femur.vtp'.
[2025-12-01 10:07:03.793] [warning] Couldn't find file 'r_tibia.vtp'.
[2025-12-01 10:07:03.794] [warning] Couldn't find file 'fibula.vtp'.
[2025-12-01 10:07:03.794] [warning] Couldn't find file 'talus.vtp'.
[2025-12-01 10:07:03.794] [warning] Couldn't find file 'foot.vtp'.
[2025-12-01 10:07:03.794] [warning] Couldn't find file 'bofoot.vtp'.
[2025-12-01 10:07:03.794] [warning] Couldn't find file 'l_femur.vtp'.
[2025-12-01 10:07:03.794] [warning] Couldn't find file 'l_tibia.vtp'.
[2025-12-01 10:07:03.794] [warning] Couldn't find file 'l_fibula.vtp'.
[2025-12-01 10:07:03.794] [warning] Couldn't find file 'l_talus.vtp'.
[2025-12-01 10:07:03.794] [warning] Couldn't find file 'l_foot.vtp'.
[2025-12-01 10:07:03.794] [warning] Couldn't find file 'l_bofoot.vtp'.
[2025-12-01 10:07:03.794] [warning] Couldn't find file 'hat_spine.vtp'.
[2025-12-01 10:07:03.794] [warning] Couldn't find file 'hat_jaw.vtp'.
[2025-12-01 10:07:03.794] [warning] Couldn't find file 'hat_skull.vtp'.
[2025-12-01 10:07:03.794] [warning] Couldn't find file 'hat_ribs_scap.vtp'.
[2025-12-01 10:07:04.850] [info] Loaded model SUBJ06_AdaptedForPredSim from file C:\Users\menth\Documents\Programmas\PredSim\Subjects\SUBJ06mtu3D\SUBJ06mtu3D.osim
[2025-12-01 10:07:04.851] [warning] Couldn't find file 'sacrum.vtp'.
[2025-12-01 10:07:04.852] [warning] Couldn't find file 'pelvis.vtp'.
[2025-12-01 10:07:04.852] [warning] Couldn't find file 'l_pelvis.vtp'.
[2025-12-01 10:07:04.852] [warning] Couldn't find file 'r_femur.vtp'.
[2025-12-01 10:07:04.852] [warning] Couldn't find file 'r_tibia.vtp'.
[2025-12-01 10:07:04.852] [warning] Couldn't find file 'fibula.vtp'.
[2025-12-01 10:07:04.852] [warning] Couldn't find file 'talus.vtp'.
[2025-12-01 10:07:04.852] [warning] Couldn't find file 'foot.vtp'.
[2025-12-01 10:07:04.852] [warning] Couldn't find file 'bofoot.vtp'.
[2025-12-01 10:07:04.852] [warning] Couldn't find file 'l_femur.vtp'.
[2025-12-01 10:07:04.853] [warning] Couldn't find file 'l_tibia.vtp'.
[2025-12-01 10:07:04.853] [warning] Couldn't find file 'l_fibula.vtp'.
[2025-12-01 10:07:04.853] [warning] Couldn't find file 'l_talus.vtp'.
[2025-12-01 10:07:04.853] [warning] Couldn't find file 'l_foot.vtp'.
[2025-12-01 10:07:04.853] [warning] Couldn't find file 'l_bofoot.vtp'.
[2025-12-01 10:07:04.853] [warning] Couldn't find file 'hat_spine.vtp'.
[2025-12-01 10:07:04.853] [warning] Couldn't find file 'hat_jaw.vtp'.
[2025-12-01 10:07:04.853] [warning] Couldn't find file 'hat_skull.vtp'.
[2025-12-01 10:07:04.853] [warning] Couldn't find file 'hat_ribs_scap.vtp'.
[2025-12-01 10:07:05.857] [info] Loaded model SUBJ06_AdaptedForPredSim from file C:\Users\menth\Documents\Programmas\PredSim\Subjects\SUBJ06mtu3D\SUBJ06mtu3D.osim
[2025-12-01 10:07:05.857] [warning] Couldn't find file 'sacrum.vtp'.
[2025-12-01 10:07:05.857] [warning] Couldn't find file 'pelvis.vtp'.
[2025-12-01 10:07:05.857] [warning] Couldn't find file 'l_pelvis.vtp'.
[2025-12-01 10:07:05.857] [warning] Couldn't find file 'r_femur.vtp'.
[2025-12-01 10:07:05.858] [warning] Couldn't find file 'r_tibia.vtp'.
[2025-12-01 10:07:05.858] [warning] Couldn't find file 'fibula.vtp'.
[2025-12-01 10:07:05.858] [warning] Couldn't find file 'talus.vtp'.
[2025-12-01 10:07:05.858] [warning] Couldn't find file 'foot.vtp'.
[2025-12-01 10:07:05.858] [warning] Couldn't find file 'bofoot.vtp'.
[2025-12-01 10:07:05.858] [warning] Couldn't find file 'l_femur.vtp'.
[2025-12-01 10:07:05.858] [warning] Couldn't find file 'l_tibia.vtp'.
[2025-12-01 10:07:05.858] [warning] Couldn't find file 'l_fibula.vtp'.
[2025-12-01 10:07:05.858] [warning] Couldn't find file 'l_talus.vtp'.
[2025-12-01 10:07:05.858] [warning] Couldn't find file 'l_foot.vtp'.
[2025-12-01 10:07:05.858] [warning] Couldn't find file 'l_bofoot.vtp'.
[2025-12-01 10:07:05.858] [warning] Couldn't find file 'hat_spine.vtp'.
[2025-12-01 10:07:05.859] [warning] Couldn't find file 'hat_jaw.vtp'.
[2025-12-01 10:07:05.859] [warning] Couldn't find file 'hat_skull.vtp'.
[2025-12-01 10:07:05.859] [warning] Couldn't find file 'hat_ribs_scap.vtp'.
[2025-12-01 10:07:06.794] [info] Loaded model SUBJ06_AdaptedForPredSim from file C:\Users\menth\Documents\Programmas\PredSim\Subjects\SUBJ06mtu3D\SUBJ06mtu3D.osim
[2025-12-01 10:07:06.794] [warning] Couldn't find file 'sacrum.vtp'.
[2025-12-01 10:07:06.794] [warning] Couldn't find file 'pelvis.vtp'.
[2025-12-01 10:07:06.794] [warning] Couldn't find file 'l_pelvis.vtp'.
[2025-12-01 10:07:06.794] [warning] Couldn't find file 'r_femur.vtp'.
[2025-12-01 10:07:06.794] [warning] Couldn't find file 'r_tibia.vtp'.
[2025-12-01 10:07:06.794] [warning] Couldn't find file 'fibula.vtp'.
[2025-12-01 10:07:06.794] [warning] Couldn't find file 'talus.vtp'.
[2025-12-01 10:07:06.794] [warning] Couldn't find file 'foot.vtp'.
[2025-12-01 10:07:06.795] [warning] Couldn't find file 'bofoot.vtp'.
[2025-12-01 10:07:06.795] [warning] Couldn't find file 'l_femur.vtp'.
[2025-12-01 10:07:06.795] [warning] Couldn't find file 'l_tibia.vtp'.
[2025-12-01 10:07:06.795] [warning] Couldn't find file 'l_fibula.vtp'.
[2025-12-01 10:07:06.795] [warning] Couldn't find file 'l_talus.vtp'.
[2025-12-01 10:07:06.795] [warning] Couldn't find file 'l_foot.vtp'.
[2025-12-01 10:07:06.795] [warning] Couldn't find file 'l_bofoot.vtp'.
[2025-12-01 10:07:06.795] [warning] Couldn't find file 'hat_spine.vtp'.
[2025-12-01 10:07:06.795] [warning] Couldn't find file 'hat_jaw.vtp'.
[2025-12-01 10:07:06.795] [warning] Couldn't find file 'hat_skull.vtp'.
[2025-12-01 10:07:06.795] [warning] Couldn't find file 'hat_ribs_scap.vtp'.
[2025-12-01 10:07:07.751] [info] Loaded model SUBJ06_AdaptedForPredSim from file C:\Users\menth\Documents\Programmas\PredSim\Subjects\SUBJ06mtu3D\SUBJ06mtu3D.osim
[2025-12-01 10:07:07.752] [warning] Couldn't find file 'sacrum.vtp'.
[2025-12-01 10:07:07.752] [warning] Couldn't find file 'pelvis.vtp'.
[2025-12-01 10:07:07.752] [warning] Couldn't find file 'l_pelvis.vtp'.
[2025-12-01 10:07:07.752] [warning] Couldn't find file 'r_femur.vtp'.
[2025-12-01 10:07:07.752] [warning] Couldn't find file 'r_tibia.vtp'.
[2025-12-01 10:07:07.752] [warning] Couldn't find file 'fibula.vtp'.
[2025-12-01 10:07:07.752] [warning] Couldn't find file 'talus.vtp'.
[2025-12-01 10:07:07.752] [warning] Couldn't find file 'foot.vtp'.
[2025-12-01 10:07:07.752] [warning] Couldn't find file 'bofoot.vtp'.
[2025-12-01 10:07:07.752] [warning] Couldn't find file 'l_femur.vtp'.
[2025-12-01 10:07:07.752] [warning] Couldn't find file 'l_tibia.vtp'.
[2025-12-01 10:07:07.752] [warning] Couldn't find file 'l_fibula.vtp'.
[2025-12-01 10:07:07.752] [warning] Couldn't find file 'l_talus.vtp'.
[2025-12-01 10:07:07.752] [warning] Couldn't find file 'l_foot.vtp'.
[2025-12-01 10:07:07.753] [warning] Couldn't find file 'l_bofoot.vtp'.
[2025-12-01 10:07:07.753] [warning] Couldn't find file 'hat_spine.vtp'.
[2025-12-01 10:07:07.753] [warning] Couldn't find file 'hat_jaw.vtp'.
[2025-12-01 10:07:07.753] [warning] Couldn't find file 'hat_skull.vtp'.
[2025-12-01 10:07:07.753] [warning] Couldn't find file 'hat_ribs_scap.vtp'.
[2025-12-01 10:07:08.906] [info] Loaded model SUBJ06_AdaptedForPredSim from file C:\Users\menth\Documents\Programmas\PredSim\Subjects\SUBJ06mtu3D\SUBJ06mtu3D.osim
[2025-12-01 10:07:08.907] [warning] Couldn't find file 'sacrum.vtp'.
[2025-12-01 10:07:08.907] [warning] Couldn't find file 'pelvis.vtp'.
[2025-12-01 10:07:08.907] [warning] Couldn't find file 'l_pelvis.vtp'.
[2025-12-01 10:07:08.907] [warning] Couldn't find file 'r_femur.vtp'.
[2025-12-01 10:07:08.907] [warning] Couldn't find file 'r_tibia.vtp'.
[2025-12-01 10:07:08.907] [warning] Couldn't find file 'fibula.vtp'.
[2025-12-01 10:07:08.907] [warning] Couldn't find file 'talus.vtp'.
[2025-12-01 10:07:08.907] [warning] Couldn't find file 'foot.vtp'.
[2025-12-01 10:07:08.908] [warning] Couldn't find file 'bofoot.vtp'.
[2025-12-01 10:07:08.908] [warning] Couldn't find file 'l_femur.vtp'.
[2025-12-01 10:07:08.908] [warning] Couldn't find file 'l_tibia.vtp'.
[2025-12-01 10:07:08.908] [warning] Couldn't find file 'l_fibula.vtp'.
[2025-12-01 10:07:08.908] [warning] Couldn't find file 'l_talus.vtp'.
[2025-12-01 10:07:08.908] [warning] Couldn't find file 'l_foot.vtp'.
[2025-12-01 10:07:08.908] [warning] Couldn't find file 'l_bofoot.vtp'.
[2025-12-01 10:07:08.908] [warning] Couldn't find file 'hat_spine.vtp'.
[2025-12-01 10:07:08.908] [warning] Couldn't find file 'hat_jaw.vtp'.
[2025-12-01 10:07:08.908] [warning] Couldn't find file 'hat_skull.vtp'.
[2025-12-01 10:07:08.908] [warning] Couldn't find file 'hat_ribs_scap.vtp'.
[2025-12-01 10:07:10.133] [info] Loaded model SUBJ06_AdaptedForPredSim from file C:\Users\menth\Documents\Programmas\PredSim\Subjects\SUBJ06mtu3D\SUBJ06mtu3D.osim
[2025-12-01 10:07:10.133] [warning] Couldn't find file 'sacrum.vtp'.
[2025-12-01 10:07:10.133] [warning] Couldn't find file 'pelvis.vtp'.
[2025-12-01 10:07:10.133] [warning] Couldn't find file 'l_pelvis.vtp'.
[2025-12-01 10:07:10.133] [warning] Couldn't find file 'r_femur.vtp'.
[2025-12-01 10:07:10.133] [warning] Couldn't find file 'r_tibia.vtp'.
[2025-12-01 10:07:10.134] [warning] Couldn't find file 'fibula.vtp'.
[2025-12-01 10:07:10.134] [warning] Couldn't find file 'talus.vtp'.
[2025-12-01 10:07:10.134] [warning] Couldn't find file 'foot.vtp'.
[2025-12-01 10:07:10.134] [warning] Couldn't find file 'bofoot.vtp'.
[2025-12-01 10:07:10.134] [warning] Couldn't find file 'l_femur.vtp'.
[2025-12-01 10:07:10.134] [warning] Couldn't find file 'l_tibia.vtp'.
[2025-12-01 10:07:10.134] [warning] Couldn't find file 'l_fibula.vtp'.
[2025-12-01 10:07:10.134] [warning] Couldn't find file 'l_talus.vtp'.
[2025-12-01 10:07:10.134] [warning] Couldn't find file 'l_foot.vtp'.
[2025-12-01 10:07:10.135] [warning] Couldn't find file 'l_bofoot.vtp'.
[2025-12-01 10:07:10.135] [warning] Couldn't find file 'hat_spine.vtp'.
[2025-12-01 10:07:10.135] [warning] Couldn't find file 'hat_jaw.vtp'.
[2025-12-01 10:07:10.135] [warning] Couldn't find file 'hat_skull.vtp'.
[2025-12-01 10:07:10.135] [warning] Couldn't find file 'hat_ribs_scap.vtp'.
[2025-12-01 10:07:11.623] [info] Loaded model SUBJ06_AdaptedForPredSim from file C:\Users\menth\Documents\Programmas\PredSim\Subjects\SUBJ06mtu3D\SUBJ06mtu3D.osim
[2025-12-01 10:07:11.624] [warning] Couldn't find file 'sacrum.vtp'.
[2025-12-01 10:07:11.624] [warning] Couldn't find file 'pelvis.vtp'.
[2025-12-01 10:07:11.624] [warning] Couldn't find file 'l_pelvis.vtp'.
[2025-12-01 10:07:11.624] [warning] Couldn't find file 'r_femur.vtp'.
[2025-12-01 10:07:11.624] [warning] Couldn't find file 'r_tibia.vtp'.
[2025-12-01 10:07:11.624] [warning] Couldn't find file 'fibula.vtp'.
[2025-12-01 10:07:11.625] [warning] Couldn't find file 'talus.vtp'.
[2025-12-01 10:07:11.625] [warning] Couldn't find file 'foot.vtp'.
[2025-12-01 10:07:11.625] [warning] Couldn't find file 'bofoot.vtp'.
[2025-12-01 10:07:11.625] [warning] Couldn't find file 'l_femur.vtp'.
[2025-12-01 10:07:11.625] [warning] Couldn't find file 'l_tibia.vtp'.
[2025-12-01 10:07:11.625] [warning] Couldn't find file 'l_fibula.vtp'.
[2025-12-01 10:07:11.625] [warning] Couldn't find file 'l_talus.vtp'.
[2025-12-01 10:07:11.625] [warning] Couldn't find file 'l_foot.vtp'.
[2025-12-01 10:07:11.625] [warning] Couldn't find file 'l_bofoot.vtp'.
[2025-12-01 10:07:11.625] [warning] Couldn't find file 'hat_spine.vtp'.
[2025-12-01 10:07:11.625] [warning] Couldn't find file 'hat_jaw.vtp'.
[2025-12-01 10:07:11.626] [warning] Couldn't find file 'hat_skull.vtp'.
[2025-12-01 10:07:11.626] [warning] Couldn't find file 'hat_ribs_scap.vtp'.
[2025-12-01 10:21:50.202] [info] Loaded model SUBJ06_AdaptedForPredSim from file C:\Users\menth\Documents\Programmas\PredSim\Subjects\SUBJ06mtu3D\SUBJ06mtu3D.osim
[2025-12-01 10:21:50.203] [warning] Couldn't find file 'sacrum.vtp'.
[2025-12-01 10:21:50.203] [warning] Couldn't find file 'pelvis.vtp'.
[2025-12-01 10:21:50.203] [warning] Couldn't find file 'l_pelvis.vtp'.
[2025-12-01 10:21:50.203] [warning] Couldn't find file 'r_femur.vtp'.
[2025-12-01 10:21:50.203] [warning] Couldn't find file 'r_tibia.vtp'.
[2025-12-01 10:21:50.203] [warning] Couldn't find file 'fibula.vtp'.
[2025-12-01 10:21:50.203] [warning] Couldn't find file 'talus.vtp'.
[2025-12-01 10:21:50.203] [warning] Couldn't find file 'foot.vtp'.
[2025-12-01 10:21:50.204] [warning] Couldn't find file 'bofoot.vtp'.
[2025-12-01 10:21:50.204] [warning] Couldn't find file 'l_femur.vtp'.
[2025-12-01 10:21:50.204] [warning] Couldn't find file 'l_tibia.vtp'.
[2025-12-01 10:21:50.204] [warning] Couldn't find file 'l_fibula.vtp'.
[2025-12-01 10:21:50.204] [warning] Couldn't find file 'l_talus.vtp'.
[2025-12-01 10:21:50.204] [warning] Couldn't find file 'l_foot.vtp'.
[2025-12-01 10:21:50.204] [warning] Couldn't find file 'l_bofoot.vtp'.
[2025-12-01 10:21:50.204] [warning] Couldn't find file 'hat_spine.vtp'.
[2025-12-01 10:21:50.204] [warning] Couldn't find file 'hat_jaw.vtp'.
[2025-12-01 10:21:50.204] [warning] Couldn't find file 'hat_skull.vtp'.
[2025-12-01 10:21:50.205] [warning] Couldn't find file 'hat_ribs_scap.vtp'.
[2025-12-01 10:21:51.518] [info] Loaded model SUBJ06_AdaptedForPredSim from file C:\Users\menth\Documents\Programmas\PredSim\Subjects\SUBJ06mtu3D\SUBJ06mtu3D.osim
[2025-12-01 10:21:51.519] [warning] Couldn't find file 'sacrum.vtp'.
[2025-12-01 10:21:51.519] [warning] Couldn't find file 'pelvis.vtp'.
[2025-12-01 10:21:51.519] [warning] Couldn't find file 'l_pelvis.vtp'.
[2025-12-01 10:21:51.519] [warning] Couldn't find file 'r_femur.vtp'.
[2025-12-01 10:21:51.519] [warning] Couldn't find file 'r_tibia.vtp'.
[2025-12-01 10:21:51.519] [warning] Couldn't find file 'fibula.vtp'.
[2025-12-01 10:21:51.519] [warning] Couldn't find file 'talus.vtp'.
[2025-12-01 10:21:51.519] [warning] Couldn't find file 'foot.vtp'.
[2025-12-01 10:21:51.520] [warning] Couldn't find file 'bofoot.vtp'.
[2025-12-01 10:21:51.520] [warning] Couldn't find file 'l_femur.vtp'.
[2025-12-01 10:21:51.520] [warning] Couldn't find file 'l_tibia.vtp'.
[2025-12-01 10:21:51.520] [warning] Couldn't find file 'l_fibula.vtp'.
[2025-12-01 10:21:51.520] [warning] Couldn't find file 'l_talus.vtp'.
[2025-12-01 10:21:51.520] [warning] Couldn't find file 'l_foot.vtp'.
[2025-12-01 10:21:51.520] [warning] Couldn't find file 'l_bofoot.vtp'.
[2025-12-01 10:21:51.520] [warning] Couldn't find file 'hat_spine.vtp'.
[2025-12-01 10:21:51.520] [warning] Couldn't find file 'hat_jaw.vtp'.
[2025-12-01 10:21:51.520] [warning] Couldn't find file 'hat_skull.vtp'.
[2025-12-01 10:21:51.521] [warning] Couldn't find file 'hat_ribs_scap.vtp'.
[2025-12-01 10:21:52.832] [info] Loaded model SUBJ06_AdaptedForPredSim from file C:\Users\menth\Documents\Programmas\PredSim\Subjects\SUBJ06mtu3D\SUBJ06mtu3D.osim
[2025-12-01 10:21:52.833] [warning] Couldn't find file 'sacrum.vtp'.
[2025-12-01 10:21:52.833] [warning] Couldn't find file 'pelvis.vtp'.
[2025-12-01 10:21:52.833] [warning] Couldn't find file 'l_pelvis.vtp'.
[2025-12-01 10:21:52.833] [warning] Couldn't find file 'r_femur.vtp'.
[2025-12-01 10:21:52.833] [warning] Couldn't find file 'r_tibia.vtp'.
[2025-12-01 10:21:52.833] [warning] Couldn't find file 'fibula.vtp'.
[2025-12-01 10:21:52.833] [warning] Couldn't find file 'talus.vtp'.
[2025-12-01 10:21:52.833] [warning] Couldn't find file 'foot.vtp'.
[2025-12-01 10:21:52.834] [warning] Couldn't find file 'bofoot.vtp'.
[2025-12-01 10:21:52.834] [warning] Couldn't find file 'l_femur.vtp'.
[2025-12-01 10:21:52.834] [warning] Couldn't find file 'l_tibia.vtp'.
[2025-12-01 10:21:52.834] [warning] Couldn't find file 'l_fibula.vtp'.
[2025-12-01 10:21:52.834] [warning] Couldn't find file 'l_talus.vtp'.
[2025-12-01 10:21:52.834] [warning] Couldn't find file 'l_foot.vtp'.
[2025-12-01 10:21:52.834] [warning] Couldn't find file 'l_bofoot.vtp'.
[2025-12-01 10:21:52.834] [warning] Couldn't find file 'hat_spine.vtp'.
[2025-12-01 10:21:52.834] [warning] Couldn't find file 'hat_jaw.vtp'.
[2025-12-01 10:21:52.835] [warning] Couldn't find file 'hat_skull.vtp'.
[2025-12-01 10:21:52.835] [warning] Couldn't find file 'hat_ribs_scap.vtp'.
[2025-12-01 10:21:54.044] [info] Loaded model SUBJ06_AdaptedForPredSim from file C:\Users\menth\Documents\Programmas\PredSim\Subjects\SUBJ06mtu3D\SUBJ06mtu3D.osim
[2025-12-01 10:21:54.044] [warning] Couldn't find file 'sacrum.vtp'.
[2025-12-01 10:21:54.044] [warning] Couldn't find file 'pelvis.vtp'.
[2025-12-01 10:21:54.044] [warning] Couldn't find file 'l_pelvis.vtp'.
[2025-12-01 10:21:54.044] [warning] Couldn't find file 'r_femur.vtp'.
[2025-12-01 10:21:54.044] [warning] Couldn't find file 'r_tibia.vtp'.
[2025-12-01 10:21:54.044] [warning] Couldn't find file 'fibula.vtp'.
[2025-12-01 10:21:54.044] [warning] Couldn't find file 'talus.vtp'.
[2025-12-01 10:21:54.044] [warning] Couldn't find file 'foot.vtp'.
[2025-12-01 10:21:54.045] [warning] Couldn't find file 'bofoot.vtp'.
[2025-12-01 10:21:54.045] [warning] Couldn't find file 'l_femur.vtp'.
[2025-12-01 10:21:54.045] [warning] Couldn't find file 'l_tibia.vtp'.
[2025-12-01 10:21:54.045] [warning] Couldn't find file 'l_fibula.vtp'.
[2025-12-01 10:21:54.045] [warning] Couldn't find file 'l_talus.vtp'.
[2025-12-01 10:21:54.045] [warning] Couldn't find file 'l_foot.vtp'.
[2025-12-01 10:21:54.045] [warning] Couldn't find file 'l_bofoot.vtp'.
[2025-12-01 10:21:54.045] [warning] Couldn't find file 'hat_spine.vtp'.
[2025-12-01 10:21:54.045] [warning] Couldn't find file 'hat_jaw.vtp'.
[2025-12-01 10:21:54.045] [warning] Couldn't find file 'hat_skull.vtp'.
[2025-12-01 10:21:54.045] [warning] Couldn't find file 'hat_ribs_scap.vtp'.
[2025-12-01 10:21:55.298] [info] Loaded model SUBJ06_AdaptedForPredSim from file C:\Users\menth\Documents\Programmas\PredSim\Subjects\SUBJ06mtu3D\SUBJ06mtu3D.osim
[2025-12-01 10:21:55.298] [warning] Couldn't find file 'sacrum.vtp'.
[2025-12-01 10:21:55.298] [warning] Couldn't find file 'pelvis.vtp'.
[2025-12-01 10:21:55.299] [warning] Couldn't find file 'l_pelvis.vtp'.
[2025-12-01 10:21:55.299] [warning] Couldn't find file 'r_femur.vtp'.
[2025-12-01 10:21:55.299] [warning] Couldn't find file 'r_tibia.vtp'.
[2025-12-01 10:21:55.299] [warning] Couldn't find file 'fibula.vtp'.
[2025-12-01 10:21:55.299] [warning] Couldn't find file 'talus.vtp'.
[2025-12-01 10:21:55.299] [warning] Couldn't find file 'foot.vtp'.
[2025-12-01 10:21:55.299] [warning] Couldn't find file 'bofoot.vtp'.
[2025-12-01 10:21:55.299] [warning] Couldn't find file 'l_femur.vtp'.
[2025-12-01 10:21:55.300] [warning] Couldn't find file 'l_tibia.vtp'.
[2025-12-01 10:21:55.300] [warning] Couldn't find file 'l_fibula.vtp'.
[2025-12-01 10:21:55.300] [warning] Couldn't find file 'l_talus.vtp'.
[2025-12-01 10:21:55.300] [warning] Couldn't find file 'l_foot.vtp'.
[2025-12-01 10:21:55.300] [warning] Couldn't find file 'l_bofoot.vtp'.
[2025-12-01 10:21:55.300] [warning] Couldn't find file 'hat_spine.vtp'.
[2025-12-01 10:21:55.300] [warning] Couldn't find file 'hat_jaw.vtp'.
[2025-12-01 10:21:55.300] [warning] Couldn't find file 'hat_skull.vtp'.
[2025-12-01 10:21:55.300] [warning] Couldn't find file 'hat_ribs_scap.vtp'.
[2025-12-01 10:21:56.631] [info] Loaded model SUBJ06_AdaptedForPredSim from file C:\Users\menth\Documents\Programmas\PredSim\Subjects\SUBJ06mtu3D\SUBJ06mtu3D.osim
[2025-12-01 10:21:56.631] [warning] Couldn't find file 'sacrum.vtp'.
[2025-12-01 10:21:56.631] [warning] Couldn't find file 'pelvis.vtp'.
[2025-12-01 10:21:56.631] [warning] Couldn't find file 'l_pelvis.vtp'.
[2025-12-01 10:21:56.631] [warning] Couldn't find file 'r_femur.vtp'.
[2025-12-01 10:21:56.632] [warning] Couldn't find file 'r_tibia.vtp'.
[2025-12-01 10:21:56.632] [warning] Couldn't find file 'fibula.vtp'.
[2025-12-01 10:21:56.632] [warning] Couldn't find file 'talus.vtp'.
[2025-12-01 10:21:56.632] [warning] Couldn't find file 'foot.vtp'.
[2025-12-01 10:21:56.632] [warning] Couldn't find file 'bofoot.vtp'.
[2025-12-01 10:21:56.632] [warning] Couldn't find file 'l_femur.vtp'.
[2025-12-01 10:21:56.632] [warning] Couldn't find file 'l_tibia.vtp'.
[2025-12-01 10:21:56.632] [warning] Couldn't find file 'l_fibula.vtp'.
[2025-12-01 10:21:56.632] [warning] Couldn't find file 'l_talus.vtp'.
[2025-12-01 10:21:56.632] [warning] Couldn't find file 'l_foot.vtp'.
[2025-12-01 10:21:56.633] [warning] Couldn't find file 'l_bofoot.vtp'.
[2025-12-01 10:21:56.633] [warning] Couldn't find file 'hat_spine.vtp'.
[2025-12-01 10:21:56.633] [warning] Couldn't find file 'hat_jaw.vtp'.
[2025-12-01 10:21:56.633] [warning] Couldn't find file 'hat_skull.vtp'.
[2025-12-01 10:21:56.633] [warning] Couldn't find file 'hat_ribs_scap.vtp'.
[2025-12-01 10:21:58.188] [info] Loaded model SUBJ06_AdaptedForPredSim from file C:\Users\menth\Documents\Programmas\PredSim\Subjects\SUBJ06mtu3D\SUBJ06mtu3D.osim
[2025-12-01 10:21:58.189] [warning] Couldn't find file 'sacrum.vtp'.
[2025-12-01 10:21:58.189] [warning] Couldn't find file 'pelvis.vtp'.
[2025-12-01 10:21:58.189] [warning] Couldn't find file 'l_pelvis.vtp'.
[2025-12-01 10:21:58.189] [warning] Couldn't find file 'r_femur.vtp'.
[2025-12-01 10:21:58.189] [warning] Couldn't find file 'r_tibia.vtp'.
[2025-12-01 10:21:58.190] [warning] Couldn't find file 'fibula.vtp'.
[2025-12-01 10:21:58.190] [warning] Couldn't find file 'talus.vtp'.
[2025-12-01 10:21:58.190] [warning] Couldn't find file 'foot.vtp'.
[2025-12-01 10:21:58.190] [warning] Couldn't find file 'bofoot.vtp'.
[2025-12-01 10:21:58.190] [warning] Couldn't find file 'l_femur.vtp'.
[2025-12-01 10:21:58.190] [warning] Couldn't find file 'l_tibia.vtp'.
[2025-12-01 10:21:58.190] [warning] Couldn't find file 'l_fibula.vtp'.
[2025-12-01 10:21:58.191] [warning] Couldn't find file 'l_talus.vtp'.
[2025-12-01 10:21:58.191] [warning] Couldn't find file 'l_foot.vtp'.
[2025-12-01 10:21:58.191] [warning] Couldn't find file 'l_bofoot.vtp'.
[2025-12-01 10:21:58.191] [warning] Couldn't find file 'hat_spine.vtp'.
[2025-12-01 10:21:58.191] [warning] Couldn't find file 'hat_jaw.vtp'.
[2025-12-01 10:21:58.191] [warning] Couldn't find file 'hat_skull.vtp'.
[2025-12-01 10:21:58.192] [warning] Couldn't find file 'hat_ribs_scap.vtp'.
[2025-12-01 10:21:59.664] [info] Loaded model SUBJ06_AdaptedForPredSim from file C:\Users\menth\Documents\Programmas\PredSim\Subjects\SUBJ06mtu3D\SUBJ06mtu3D.osim
[2025-12-01 10:21:59.665] [warning] Couldn't find file 'sacrum.vtp'.
[2025-12-01 10:21:59.665] [warning] Couldn't find file 'pelvis.vtp'.
[2025-12-01 10:21:59.665] [warning] Couldn't find file 'l_pelvis.vtp'.
[2025-12-01 10:21:59.665] [warning] Couldn't find file 'r_femur.vtp'.
[2025-12-01 10:21:59.665] [warning] Couldn't find file 'r_tibia.vtp'.
[2025-12-01 10:21:59.665] [warning] Couldn't find file 'fibula.vtp'.
[2025-12-01 10:21:59.666] [warning] Couldn't find file 'talus.vtp'.
[2025-12-01 10:21:59.666] [warning] Couldn't find file 'foot.vtp'.
[2025-12-01 10:21:59.666] [warning] Couldn't find file 'bofoot.vtp'.
[2025-12-01 10:21:59.666] [warning] Couldn't find file 'l_femur.vtp'.
[2025-12-01 10:21:59.666] [warning] Couldn't find file 'l_tibia.vtp'.
[2025-12-01 10:21:59.666] [warning] Couldn't find file 'l_fibula.vtp'.
[2025-12-01 10:21:59.666] [warning] Couldn't find file 'l_talus.vtp'.
[2025-12-01 10:21:59.666] [warning] Couldn't find file 'l_foot.vtp'.
[2025-12-01 10:21:59.666] [warning] Couldn't find file 'l_bofoot.vtp'.
[2025-12-01 10:21:59.666] [warning] Couldn't find file 'hat_spine.vtp'.
[2025-12-01 10:21:59.666] [warning] Couldn't find file 'hat_jaw.vtp'.
[2025-12-01 10:21:59.666] [warning] Couldn't find file 'hat_skull.vtp'.
[2025-12-01 10:21:59.666] [warning] Couldn't find file 'hat_ribs_scap.vtp'.
[2025-12-01 10:36:20.908] [info] Loaded model SUBJ06_AdaptedForPredSim from file C:\Users\menth\Documents\Programmas\PredSim\Subjects\SUBJ06mtu3D\SUBJ06mtu3D.osim
[2025-12-01 10:36:20.909] [warning] Couldn't find file 'sacrum.vtp'.
[2025-12-01 10:36:20.909] [warning] Couldn't find file 'pelvis.vtp'.
[2025-12-01 10:36:20.909] [warning] Couldn't find file 'l_pelvis.vtp'.
[2025-12-01 10:36:20.909] [warning] Couldn't find file 'r_femur.vtp'.
[2025-12-01 10:36:20.909] [warning] Couldn't find file 'r_tibia.vtp'.
[2025-12-01 10:36:20.909] [warning] Couldn't find file 'fibula.vtp'.
[2025-12-01 10:36:20.909] [warning] Couldn't find file 'talus.vtp'.
[2025-12-01 10:36:20.909] [warning] Couldn't find file 'foot.vtp'.
[2025-12-01 10:36:20.909] [warning] Couldn't find file 'bofoot.vtp'.
[2025-12-01 10:36:20.909] [warning] Couldn't find file 'l_femur.vtp'.
[2025-12-01 10:36:20.910] [warning] Couldn't find file 'l_tibia.vtp'.
[2025-12-01 10:36:20.910] [warning] Couldn't find file 'l_fibula.vtp'.
[2025-12-01 10:36:20.910] [warning] Couldn't find file 'l_talus.vtp'.
[2025-12-01 10:36:20.910] [warning] Couldn't find file 'l_foot.vtp'.
[2025-12-01 10:36:20.910] [warning] Couldn't find file 'l_bofoot.vtp'.
[2025-12-01 10:36:20.910] [warning] Couldn't find file 'hat_spine.vtp'.
[2025-12-01 10:36:20.910] [warning] Couldn't find file 'hat_jaw.vtp'.
[2025-12-01 10:36:20.910] [warning] Couldn't find file 'hat_skull.vtp'.
[2025-12-01 10:36:20.910] [warning] Couldn't find file 'hat_ribs_scap.vtp'.
[2025-12-01 10:36:22.377] [info] Loaded model SUBJ06_AdaptedForPredSim from file C:\Users\menth\Documents\Programmas\PredSim\Subjects\SUBJ06mtu3D\SUBJ06mtu3D.osim
[2025-12-01 10:36:22.377] [warning] Couldn't find file 'sacrum.vtp'.
[2025-12-01 10:36:22.377] [warning] Couldn't find file 'pelvis.vtp'.
[2025-12-01 10:36:22.377] [warning] Couldn't find file 'l_pelvis.vtp'.
[2025-12-01 10:36:22.377] [warning] Couldn't find file 'r_femur.vtp'.
[2025-12-01 10:36:22.378] [warning] Couldn't find file 'r_tibia.vtp'.
[2025-12-01 10:36:22.378] [warning] Couldn't find file 'fibula.vtp'.
[2025-12-01 10:36:22.378] [warning] Couldn't find file 'talus.vtp'.
[2025-12-01 10:36:22.378] [warning] Couldn't find file 'foot.vtp'.
[2025-12-01 10:36:22.378] [warning] Couldn't find file 'bofoot.vtp'.
[2025-12-01 10:36:22.378] [warning] Couldn't find file 'l_femur.vtp'.
[2025-12-01 10:36:22.378] [warning] Couldn't find file 'l_tibia.vtp'.
[2025-12-01 10:36:22.378] [warning] Couldn't find file 'l_fibula.vtp'.
[2025-12-01 10:36:22.378] [warning] Couldn't find file 'l_talus.vtp'.
[2025-12-01 10:36:22.378] [warning] Couldn't find file 'l_foot.vtp'.
[2025-12-01 10:36:22.378] [warning] Couldn't find file 'l_bofoot.vtp'.
[2025-12-01 10:36:22.378] [warning] Couldn't find file 'hat_spine.vtp'.
[2025-12-01 10:36:22.379] [warning] Couldn't find file 'hat_jaw.vtp'.
[2025-12-01 10:36:22.379] [warning] Couldn't find file 'hat_skull.vtp'.
[2025-12-01 10:36:22.379] [warning] Couldn't find file 'hat_ribs_scap.vtp'.
[2025-12-01 10:36:23.571] [info] Loaded model SUBJ06_AdaptedForPredSim from file C:\Users\menth\Documents\Programmas\PredSim\Subjects\SUBJ06mtu3D\SUBJ06mtu3D.osim
[2025-12-01 10:36:23.572] [warning] Couldn't find file 'sacrum.vtp'.
[2025-12-01 10:36:23.572] [warning] Couldn't find file 'pelvis.vtp'.
[2025-12-01 10:36:23.572] [warning] Couldn't find file 'l_pelvis.vtp'.
[2025-12-01 10:36:23.572] [warning] Couldn't find file 'r_femur.vtp'.
[2025-12-01 10:36:23.572] [warning] Couldn't find file 'r_tibia.vtp'.
[2025-12-01 10:36:23.572] [warning] Couldn't find file 'fibula.vtp'.
[2025-12-01 10:36:23.572] [warning] Couldn't find file 'talus.vtp'.
[2025-12-01 10:36:23.572] [warning] Couldn't find file 'foot.vtp'.
[2025-12-01 10:36:23.572] [warning] Couldn't find file 'bofoot.vtp'.
[2025-12-01 10:36:23.572] [warning] Couldn't find file 'l_femur.vtp'.
[2025-12-01 10:36:23.573] [warning] Couldn't find file 'l_tibia.vtp'.
[2025-12-01 10:36:23.573] [warning] Couldn't find file 'l_fibula.vtp'.
[2025-12-01 10:36:23.573] [warning] Couldn't find file 'l_talus.vtp'.
[2025-12-01 10:36:23.573] [warning] Couldn't find file 'l_foot.vtp'.
[2025-12-01 10:36:23.573] [warning] Couldn't find file 'l_bofoot.vtp'.
[2025-12-01 10:36:23.573] [warning] Couldn't find file 'hat_spine.vtp'.
[2025-12-01 10:36:23.573] [warning] Couldn't find file 'hat_jaw.vtp'.
[2025-12-01 10:36:23.573] [warning] Couldn't find file 'hat_skull.vtp'.
[2025-12-01 10:36:23.573] [warning] Couldn't find file 'hat_ribs_scap.vtp'.
[2025-12-01 10:36:24.799] [info] Loaded model SUBJ06_AdaptedForPredSim from file C:\Users\menth\Documents\Programmas\PredSim\Subjects\SUBJ06mtu3D\SUBJ06mtu3D.osim
[2025-12-01 10:36:24.800] [warning] Couldn't find file 'sacrum.vtp'.
[2025-12-01 10:36:24.800] [warning] Couldn't find file 'pelvis.vtp'.
[2025-12-01 10:36:24.800] [warning] Couldn't find file 'l_pelvis.vtp'.
[2025-12-01 10:36:24.800] [warning] Couldn't find file 'r_femur.vtp'.
[2025-12-01 10:36:24.800] [warning] Couldn't find file 'r_tibia.vtp'.
[2025-12-01 10:36:24.800] [warning] Couldn't find file 'fibula.vtp'.
[2025-12-01 10:36:24.800] [warning] Couldn't find file 'talus.vtp'.
[2025-12-01 10:36:24.801] [warning] Couldn't find file 'foot.vtp'.
[2025-12-01 10:36:24.801] [warning] Couldn't find file 'bofoot.vtp'.
[2025-12-01 10:36:24.801] [warning] Couldn't find file 'l_femur.vtp'.
[2025-12-01 10:36:24.801] [warning] Couldn't find file 'l_tibia.vtp'.
[2025-12-01 10:36:24.801] [warning] Couldn't find file 'l_fibula.vtp'.
[2025-12-01 10:36:24.801] [warning] Couldn't find file 'l_talus.vtp'.
[2025-12-01 10:36:24.801] [warning] Couldn't find file 'l_foot.vtp'.
[2025-12-01 10:36:24.801] [warning] Couldn't find file 'l_bofoot.vtp'.
[2025-12-01 10:36:24.801] [warning] Couldn't find file 'hat_spine.vtp'.
[2025-12-01 10:36:24.801] [warning] Couldn't find file 'hat_jaw.vtp'.
[2025-12-01 10:36:24.801] [warning] Couldn't find file 'hat_skull.vtp'.
[2025-12-01 10:36:24.802] [warning] Couldn't find file 'hat_ribs_scap.vtp'.
[2025-12-01 10:36:26.010] [info] Loaded model SUBJ06_AdaptedForPredSim from file C:\Users\menth\Documents\Programmas\PredSim\Subjects\SUBJ06mtu3D\SUBJ06mtu3D.osim
[2025-12-01 10:36:26.011] [warning] Couldn't find file 'sacrum.vtp'.
[2025-12-01 10:36:26.011] [warning] Couldn't find file 'pelvis.vtp'.
[2025-12-01 10:36:26.011] [warning] Couldn't find file 'l_pelvis.vtp'.
[2025-12-01 10:36:26.011] [warning] Couldn't find file 'r_femur.vtp'.
[2025-12-01 10:36:26.011] [warning] Couldn't find file 'r_tibia.vtp'.
[2025-12-01 10:36:26.011] [warning] Couldn't find file 'fibula.vtp'.
[2025-12-01 10:36:26.011] [warning] Couldn't find file 'talus.vtp'.
[2025-12-01 10:36:26.011] [warning] Couldn't find file 'foot.vtp'.
[2025-12-01 10:36:26.011] [warning] Couldn't find file 'bofoot.vtp'.
[2025-12-01 10:36:26.011] [warning] Couldn't find file 'l_femur.vtp'.
[2025-12-01 10:36:26.011] [warning] Couldn't find file 'l_tibia.vtp'.
[2025-12-01 10:36:26.011] [warning] Couldn't find file 'l_fibula.vtp'.
[2025-12-01 10:36:26.011] [warning] Couldn't find file 'l_talus.vtp'.
[2025-12-01 10:36:26.012] [warning] Couldn't find file 'l_foot.vtp'.
[2025-12-01 10:36:26.012] [warning] Couldn't find file 'l_bofoot.vtp'.
[2025-12-01 10:36:26.012] [warning] Couldn't find file 'hat_spine.vtp'.
[2025-12-01 10:36:26.012] [warning] Couldn't find file 'hat_jaw.vtp'.
[2025-12-01 10:36:26.012] [warning] Couldn't find file 'hat_skull.vtp'.
[2025-12-01 10:36:26.012] [warning] Couldn't find file 'hat_ribs_scap.vtp'.
[2025-12-01 10:36:27.195] [info] Loaded model SUBJ06_AdaptedForPredSim from file C:\Users\menth\Documents\Programmas\PredSim\Subjects\SUBJ06mtu3D\SUBJ06mtu3D.osim
[2025-12-01 10:36:27.196] [warning] Couldn't find file 'sacrum.vtp'.
[2025-12-01 10:36:27.196] [warning] Couldn't find file 'pelvis.vtp'.
[2025-12-01 10:36:27.196] [warning] Couldn't find file 'l_pelvis.vtp'.
[2025-12-01 10:36:27.196] [warning] Couldn't find file 'r_femur.vtp'.
[2025-12-01 10:36:27.196] [warning] Couldn't find file 'r_tibia.vtp'.
[2025-12-01 10:36:27.196] [warning] Couldn't find file 'fibula.vtp'.
[2025-12-01 10:36:27.196] [warning] Couldn't find file 'talus.vtp'.
[2025-12-01 10:36:27.196] [warning] Couldn't find file 'foot.vtp'.
[2025-12-01 10:36:27.196] [warning] Couldn't find file 'bofoot.vtp'.
[2025-12-01 10:36:27.196] [warning] Couldn't find file 'l_femur.vtp'.
[2025-12-01 10:36:27.196] [warning] Couldn't find file 'l_tibia.vtp'.
[2025-12-01 10:36:27.196] [warning] Couldn't find file 'l_fibula.vtp'.
[2025-12-01 10:36:27.197] [warning] Couldn't find file 'l_talus.vtp'.
[2025-12-01 10:36:27.197] [warning] Couldn't find file 'l_foot.vtp'.
[2025-12-01 10:36:27.197] [warning] Couldn't find file 'l_bofoot.vtp'.
[2025-12-01 10:36:27.197] [warning] Couldn't find file 'hat_spine.vtp'.
[2025-12-01 10:36:27.197] [warning] Couldn't find file 'hat_jaw.vtp'.
[2025-12-01 10:36:27.197] [warning] Couldn't find file 'hat_skull.vtp'.
[2025-12-01 10:36:27.197] [warning] Couldn't find file 'hat_ribs_scap.vtp'.
[2025-12-01 10:36:28.378] [info] Loaded model SUBJ06_AdaptedForPredSim from file C:\Users\menth\Documents\Programmas\PredSim\Subjects\SUBJ06mtu3D\SUBJ06mtu3D.osim
[2025-12-01 10:36:28.379] [warning] Couldn't find file 'sacrum.vtp'.
[2025-12-01 10:36:28.379] [warning] Couldn't find file 'pelvis.vtp'.
[2025-12-01 10:36:28.379] [warning] Couldn't find file 'l_pelvis.vtp'.
[2025-12-01 10:36:28.379] [warning] Couldn't find file 'r_femur.vtp'.
[2025-12-01 10:36:28.379] [warning] Couldn't find file 'r_tibia.vtp'.
[2025-12-01 10:36:28.379] [warning] Couldn't find file 'fibula.vtp'.
[2025-12-01 10:36:28.379] [warning] Couldn't find file 'talus.vtp'.
[2025-12-01 10:36:28.379] [warning] Couldn't find file 'foot.vtp'.
[2025-12-01 10:36:28.380] [warning] Couldn't find file 'bofoot.vtp'.
[2025-12-01 10:36:28.380] [warning] Couldn't find file 'l_femur.vtp'.
[2025-12-01 10:36:28.380] [warning] Couldn't find file 'l_tibia.vtp'.
[2025-12-01 10:36:28.380] [warning] Couldn't find file 'l_fibula.vtp'.
[2025-12-01 10:36:28.380] [warning] Couldn't find file 'l_talus.vtp'.
[2025-12-01 10:36:28.380] [warning] Couldn't find file 'l_foot.vtp'.
[2025-12-01 10:36:28.380] [warning] Couldn't find file 'l_bofoot.vtp'.
[2025-12-01 10:36:28.380] [warning] Couldn't find file 'hat_spine.vtp'.
[2025-12-01 10:36:28.380] [warning] Couldn't find file 'hat_jaw.vtp'.
[2025-12-01 10:36:28.380] [warning] Couldn't find file 'hat_skull.vtp'.
[2025-12-01 10:36:28.380] [warning] Couldn't find file 'hat_ribs_scap.vtp'.
[2025-12-01 10:36:29.596] [info] Loaded model SUBJ06_AdaptedForPredSim from file C:\Users\menth\Documents\Programmas\PredSim\Subjects\SUBJ06mtu3D\SUBJ06mtu3D.osim
[2025-12-01 10:36:29.597] [warning] Couldn't find file 'sacrum.vtp'.
[2025-12-01 10:36:29.597] [warning] Couldn't find file 'pelvis.vtp'.
[2025-12-01 10:36:29.597] [warning] Couldn't find file 'l_pelvis.vtp'.
[2025-12-01 10:36:29.597] [warning] Couldn't find file 'r_femur.vtp'.
[2025-12-01 10:36:29.597] [warning] Couldn't find file 'r_tibia.vtp'.
[2025-12-01 10:36:29.597] [warning] Couldn't find file 'fibula.vtp'.
[2025-12-01 10:36:29.597] [warning] Couldn't find file 'talus.vtp'.
[2025-12-01 10:36:29.598] [warning] Couldn't find file 'foot.vtp'.
[2025-12-01 10:36:29.598] [warning] Couldn't find file 'bofoot.vtp'.
[2025-12-01 10:36:29.598] [warning] Couldn't find file 'l_femur.vtp'.
[2025-12-01 10:36:29.598] [warning] Couldn't find file 'l_tibia.vtp'.
[2025-12-01 10:36:29.598] [warning] Couldn't find file 'l_fibula.vtp'.
[2025-12-01 10:36:29.598] [warning] Couldn't find file 'l_talus.vtp'.
[2025-12-01 10:36:29.598] [warning] Couldn't find file 'l_foot.vtp'.
[2025-12-01 10:36:29.598] [warning] Couldn't find file 'l_bofoot.vtp'.
[2025-12-01 10:36:29.598] [warning] Couldn't find file 'hat_spine.vtp'.
[2025-12-01 10:36:29.599] [warning] Couldn't find file 'hat_jaw.vtp'.
[2025-12-01 10:36:29.599] [warning] Couldn't find file 'hat_skull.vtp'.
[2025-12-01 10:36:29.599] [warning] Couldn't find file 'hat_ribs_scap.vtp'.
[2025-12-01 13:08:20.123] [info] Loaded model SUBJ06_AdaptedForPredSim from file C:\Users\menth\Documents\Programmas\PredSim\Subjects\SUBJ06mtu3D\SUBJ06mtu3D.osim
[2025-12-01 13:08:20.123] [warning] Couldn't find file 'sacrum.vtp'.
[2025-12-01 13:08:20.124] [warning] Couldn't find file 'pelvis.vtp'.
[2025-12-01 13:08:20.124] [warning] Couldn't find file 'l_pelvis.vtp'.
[2025-12-01 13:08:20.124] [warning] Couldn't find file 'r_femur.vtp'.
[2025-12-01 13:08:20.124] [warning] Couldn't find file 'r_tibia.vtp'.
[2025-12-01 13:08:20.124] [warning] Couldn't find file 'fibula.vtp'.
[2025-12-01 13:08:20.124] [warning] Couldn't find file 'talus.vtp'.
[2025-12-01 13:08:20.124] [warning] Couldn't find file 'foot.vtp'.
[2025-12-01 13:08:20.124] [warning] Couldn't find file 'bofoot.vtp'.
[2025-12-01 13:08:20.124] [warning] Couldn't find file 'l_femur.vtp'.
[2025-12-01 13:08:20.124] [warning] Couldn't find file 'l_tibia.vtp'.
[2025-12-01 13:08:20.124] [warning] Couldn't find file 'l_fibula.vtp'.
[2025-12-01 13:08:20.124] [warning] Couldn't find file 'l_talus.vtp'.
[2025-12-01 13:08:20.124] [warning] Couldn't find file 'l_foot.vtp'.
[2025-12-01 13:08:20.124] [warning] Couldn't find file 'l_bofoot.vtp'.
[2025-12-01 13:08:20.125] [warning] Couldn't find file 'hat_spine.vtp'.
[2025-12-01 13:08:20.125] [warning] Couldn't find file 'hat_jaw.vtp'.
[2025-12-01 13:08:20.125] [warning] Couldn't find file 'hat_skull.vtp'.
[2025-12-01 13:08:20.125] [warning] Couldn't find file 'hat_ribs_scap.vtp'.
[2025-12-01 13:08:21.431] [info] Loaded model SUBJ06_AdaptedForPredSim from file C:\Users\menth\Documents\Programmas\PredSim\Subjects\SUBJ06mtu3D\SUBJ06mtu3D.osim
[2025-12-01 13:08:21.431] [warning] Couldn't find file 'sacrum.vtp'.
[2025-12-01 13:08:21.431] [warning] Couldn't find file 'pelvis.vtp'.
[2025-12-01 13:08:21.431] [warning] Couldn't find file 'l_pelvis.vtp'.
[2025-12-01 13:08:21.432] [warning] Couldn't find file 'r_femur.vtp'.
[2025-12-01 13:08:21.432] [warning] Couldn't find file 'r_tibia.vtp'.
[2025-12-01 13:08:21.432] [warning] Couldn't find file 'fibula.vtp'.
[2025-12-01 13:08:21.432] [warning] Couldn't find file 'talus.vtp'.
[2025-12-01 13:08:21.432] [warning] Couldn't find file 'foot.vtp'.
[2025-12-01 13:08:21.432] [warning] Couldn't find file 'bofoot.vtp'.
[2025-12-01 13:08:21.432] [warning] Couldn't find file 'l_femur.vtp'.
[2025-12-01 13:08:21.432] [warning] Couldn't find file 'l_tibia.vtp'.
[2025-12-01 13:08:21.432] [warning] Couldn't find file 'l_fibula.vtp'.
[2025-12-01 13:08:21.432] [warning] Couldn't find file 'l_talus.vtp'.
[2025-12-01 13:08:21.432] [warning] Couldn't find file 'l_foot.vtp'.
[2025-12-01 13:08:21.432] [warning] Couldn't find file 'l_bofoot.vtp'.
[2025-12-01 13:08:21.432] [warning] Couldn't find file 'hat_spine.vtp'.
[2025-12-01 13:08:21.432] [warning] Couldn't find file 'hat_jaw.vtp'.
[2025-12-01 13:08:21.433] [warning] Couldn't find file 'hat_skull.vtp'.
[2025-12-01 13:08:21.433] [warning] Couldn't find file 'hat_ribs_scap.vtp'.
[2025-12-01 13:08:22.419] [info] Loaded model SUBJ06_AdaptedForPredSim from file C:\Users\menth\Documents\Programmas\PredSim\Subjects\SUBJ06mtu3D\SUBJ06mtu3D.osim
[2025-12-01 13:08:22.420] [warning] Couldn't find file 'sacrum.vtp'.
[2025-12-01 13:08:22.420] [warning] Couldn't find file 'pelvis.vtp'.
[2025-12-01 13:08:22.420] [warning] Couldn't find file 'l_pelvis.vtp'.
[2025-12-01 13:08:22.420] [warning] Couldn't find file 'r_femur.vtp'.
[2025-12-01 13:08:22.420] [warning] Couldn't find file 'r_tibia.vtp'.
[2025-12-01 13:08:22.420] [warning] Couldn't find file 'fibula.vtp'.
[2025-12-01 13:08:22.420] [warning] Couldn't find file 'talus.vtp'.
[2025-12-01 13:08:22.420] [warning] Couldn't find file 'foot.vtp'.
[2025-12-01 13:08:22.420] [warning] Couldn't find file 'bofoot.vtp'.
[2025-12-01 13:08:22.421] [warning] Couldn't find file 'l_femur.vtp'.
[2025-12-01 13:08:22.421] [warning] Couldn't find file 'l_tibia.vtp'.
[2025-12-01 13:08:22.421] [warning] Couldn't find file 'l_fibula.vtp'.
[2025-12-01 13:08:22.421] [warning] Couldn't find file 'l_talus.vtp'.
[2025-12-01 13:08:22.421] [warning] Couldn't find file 'l_foot.vtp'.
[2025-12-01 13:08:22.421] [warning] Couldn't find file 'l_bofoot.vtp'.
[2025-12-01 13:08:22.421] [warning] Couldn't find file 'hat_spine.vtp'.
[2025-12-01 13:08:22.421] [warning] Couldn't find file 'hat_jaw.vtp'.
[2025-12-01 13:08:22.421] [warning] Couldn't find file 'hat_skull.vtp'.
[2025-12-01 13:08:22.421] [warning] Couldn't find file 'hat_ribs_scap.vtp'.
[2025-12-01 13:08:23.443] [info] Loaded model SUBJ06_AdaptedForPredSim from file C:\Users\menth\Documents\Programmas\PredSim\Subjects\SUBJ06mtu3D\SUBJ06mtu3D.osim
[2025-12-01 13:08:23.443] [warning] Couldn't find file 'sacrum.vtp'.
[2025-12-01 13:08:23.444] [warning] Couldn't find file 'pelvis.vtp'.
[2025-12-01 13:08:23.444] [warning] Couldn't find file 'l_pelvis.vtp'.
[2025-12-01 13:08:23.444] [warning] Couldn't find file 'r_femur.vtp'.
[2025-12-01 13:08:23.444] [warning] Couldn't find file 'r_tibia.vtp'.
[2025-12-01 13:08:23.444] [warning] Couldn't find file 'fibula.vtp'.
[2025-12-01 13:08:23.444] [warning] Couldn't find file 'talus.vtp'.
[2025-12-01 13:08:23.444] [warning] Couldn't find file 'foot.vtp'.
[2025-12-01 13:08:23.444] [warning] Couldn't find file 'bofoot.vtp'.
[2025-12-01 13:08:23.444] [warning] Couldn't find file 'l_femur.vtp'.
[2025-12-01 13:08:23.444] [warning] Couldn't find file 'l_tibia.vtp'.
[2025-12-01 13:08:23.444] [warning] Couldn't find file 'l_fibula.vtp'.
[2025-12-01 13:08:23.444] [warning] Couldn't find file 'l_talus.vtp'.
[2025-12-01 13:08:23.445] [warning] Couldn't find file 'l_foot.vtp'.
[2025-12-01 13:08:23.445] [warning] Couldn't find file 'l_bofoot.vtp'.
[2025-12-01 13:08:23.445] [warning] Couldn't find file 'hat_spine.vtp'.
[2025-12-01 13:08:23.445] [warning] Couldn't find file 'hat_jaw.vtp'.
[2025-12-01 13:08:23.445] [warning] Couldn't find file 'hat_skull.vtp'.
[2025-12-01 13:08:23.445] [warning] Couldn't find file 'hat_ribs_scap.vtp'.
[2025-12-01 13:08:24.464] [info] Loaded model SUBJ06_AdaptedForPredSim from file C:\Users\menth\Documents\Programmas\PredSim\Subjects\SUBJ06mtu3D\SUBJ06mtu3D.osim
[2025-12-01 13:08:24.465] [warning] Couldn't find file 'sacrum.vtp'.
[2025-12-01 13:08:24.465] [warning] Couldn't find file 'pelvis.vtp'.
[2025-12-01 13:08:24.465] [warning] Couldn't find file 'l_pelvis.vtp'.
[2025-12-01 13:08:24.465] [warning] Couldn't find file 'r_femur.vtp'.
[2025-12-01 13:08:24.466] [warning] Couldn't find file 'r_tibia.vtp'.
[2025-12-01 13:08:24.466] [warning] Couldn't find file 'fibula.vtp'.
[2025-12-01 13:08:24.466] [warning] Couldn't find file 'talus.vtp'.
[2025-12-01 13:08:24.466] [warning] Couldn't find file 'foot.vtp'.
[2025-12-01 13:08:24.466] [warning] Couldn't find file 'bofoot.vtp'.
[2025-12-01 13:08:24.466] [warning] Couldn't find file 'l_femur.vtp'.
[2025-12-01 13:08:24.466] [warning] Couldn't find file 'l_tibia.vtp'.
[2025-12-01 13:08:24.466] [warning] Couldn't find file 'l_fibula.vtp'.
[2025-12-01 13:08:24.466] [warning] Couldn't find file 'l_talus.vtp'.
[2025-12-01 13:08:24.466] [warning] Couldn't find file 'l_foot.vtp'.
[2025-12-01 13:08:24.467] [warning] Couldn't find file 'l_bofoot.vtp'.
[2025-12-01 13:08:24.467] [warning] Couldn't find file 'hat_spine.vtp'.
[2025-12-01 13:08:24.467] [warning] Couldn't find file 'hat_jaw.vtp'.
[2025-12-01 13:08:24.467] [warning] Couldn't find file 'hat_skull.vtp'.
[2025-12-01 13:08:24.467] [warning] Couldn't find file 'hat_ribs_scap.vtp'.
[2025-12-01 13:08:25.510] [info] Loaded model SUBJ06_AdaptedForPredSim from file C:\Users\menth\Documents\Programmas\PredSim\Subjects\SUBJ06mtu3D\SUBJ06mtu3D.osim
[2025-12-01 13:08:25.510] [warning] Couldn't find file 'sacrum.vtp'.
[2025-12-01 13:08:25.511] [warning] Couldn't find file 'pelvis.vtp'.
[2025-12-01 13:08:25.511] [warning] Couldn't find file 'l_pelvis.vtp'.
[2025-12-01 13:08:25.511] [warning] Couldn't find file 'r_femur.vtp'.
[2025-12-01 13:08:25.511] [warning] Couldn't find file 'r_tibia.vtp'.
[2025-12-01 13:08:25.511] [warning] Couldn't find file 'fibula.vtp'.
[2025-12-01 13:08:25.511] [warning] Couldn't find file 'talus.vtp'.
[2025-12-01 13:08:25.511] [warning] Couldn't find file 'foot.vtp'.
[2025-12-01 13:08:25.511] [warning] Couldn't find file 'bofoot.vtp'.
[2025-12-01 13:08:25.511] [warning] Couldn't find file 'l_femur.vtp'.
[2025-12-01 13:08:25.511] [warning] Couldn't find file 'l_tibia.vtp'.
[2025-12-01 13:08:25.511] [warning] Couldn't find file 'l_fibula.vtp'.
[2025-12-01 13:08:25.511] [warning] Couldn't find file 'l_talus.vtp'.
[2025-12-01 13:08:25.511] [warning] Couldn't find file 'l_foot.vtp'.
[2025-12-01 13:08:25.512] [warning] Couldn't find file 'l_bofoot.vtp'.
[2025-12-01 13:08:25.512] [warning] Couldn't find file 'hat_spine.vtp'.
[2025-12-01 13:08:25.512] [warning] Couldn't find file 'hat_jaw.vtp'.
[2025-12-01 13:08:25.512] [warning] Couldn't find file 'hat_skull.vtp'.
[2025-12-01 13:08:25.512] [warning] Couldn't find file 'hat_ribs_scap.vtp'.
[2025-12-01 13:08:26.555] [info] Loaded model SUBJ06_AdaptedForPredSim from file C:\Users\menth\Documents\Programmas\PredSim\Subjects\SUBJ06mtu3D\SUBJ06mtu3D.osim
[2025-12-01 13:08:26.556] [warning] Couldn't find file 'sacrum.vtp'.
[2025-12-01 13:08:26.556] [warning] Couldn't find file 'pelvis.vtp'.
[2025-12-01 13:08:26.556] [warning] Couldn't find file 'l_pelvis.vtp'.
[2025-12-01 13:08:26.556] [warning] Couldn't find file 'r_femur.vtp'.
[2025-12-01 13:08:26.556] [warning] Couldn't find file 'r_tibia.vtp'.
[2025-12-01 13:08:26.556] [warning] Couldn't find file 'fibula.vtp'.
[2025-12-01 13:08:26.556] [warning] Couldn't find file 'talus.vtp'.
[2025-12-01 13:08:26.556] [warning] Couldn't find file 'foot.vtp'.
[2025-12-01 13:08:26.556] [warning] Couldn't find file 'bofoot.vtp'.
[2025-12-01 13:08:26.556] [warning] Couldn't find file 'l_femur.vtp'.
[2025-12-01 13:08:26.556] [warning] Couldn't find file 'l_tibia.vtp'.
[2025-12-01 13:08:26.557] [warning] Couldn't find file 'l_fibula.vtp'.
[2025-12-01 13:08:26.557] [warning] Couldn't find file 'l_talus.vtp'.
[2025-12-01 13:08:26.557] [warning] Couldn't find file 'l_foot.vtp'.
[2025-12-01 13:08:26.557] [warning] Couldn't find file 'l_bofoot.vtp'.
[2025-12-01 13:08:26.557] [warning] Couldn't find file 'hat_spine.vtp'.
[2025-12-01 13:08:26.557] [warning] Couldn't find file 'hat_jaw.vtp'.
[2025-12-01 13:08:26.557] [warning] Couldn't find file 'hat_skull.vtp'.
[2025-12-01 13:08:26.557] [warning] Couldn't find file 'hat_ribs_scap.vtp'.
[2025-12-01 13:08:27.601] [info] Loaded model SUBJ06_AdaptedForPredSim from file C:\Users\menth\Documents\Programmas\PredSim\Subjects\SUBJ06mtu3D\SUBJ06mtu3D.osim
[2025-12-01 13:08:27.601] [warning] Couldn't find file 'sacrum.vtp'.
[2025-12-01 13:08:27.602] [warning] Couldn't find file 'pelvis.vtp'.
[2025-12-01 13:08:27.602] [warning] Couldn't find file 'l_pelvis.vtp'.
[2025-12-01 13:08:27.602] [warning] Couldn't find file 'r_femur.vtp'.
[2025-12-01 13:08:27.602] [warning] Couldn't find file 'r_tibia.vtp'.
[2025-12-01 13:08:27.602] [warning] Couldn't find file 'fibula.vtp'.
[2025-12-01 13:08:27.602] [warning] Couldn't find file 'talus.vtp'.
[2025-12-01 13:08:27.602] [warning] Couldn't find file 'foot.vtp'.
[2025-12-01 13:08:27.602] [warning] Couldn't find file 'bofoot.vtp'.
[2025-12-01 13:08:27.602] [warning] Couldn't find file 'l_femur.vtp'.
[2025-12-01 13:08:27.602] [warning] Couldn't find file 'l_tibia.vtp'.
[2025-12-01 13:08:27.602] [warning] Couldn't find file 'l_fibula.vtp'.
[2025-12-01 13:08:27.602] [warning] Couldn't find file 'l_talus.vtp'.
[2025-12-01 13:08:27.602] [warning] Couldn't find file 'l_foot.vtp'.
[2025-12-01 13:08:27.602] [warning] Couldn't find file 'l_bofoot.vtp'.
[2025-12-01 13:08:27.602] [warning] Couldn't find file 'hat_spine.vtp'.
[2025-12-01 13:08:27.603] [warning] Couldn't find file 'hat_jaw.vtp'.
[2025-12-01 13:08:27.603] [warning] Couldn't find file 'hat_skull.vtp'.
[2025-12-01 13:08:27.603] [warning] Couldn't find file 'hat_ribs_scap.vtp'.
[2025-12-01 13:12:46.233] [info] Loaded model SUBJ06_AdaptedForPredSim from file C:\Users\menth\Documents\Programmas\PredSim\Subjects\SUBJ06mtu3D\SUBJ06mtu3D.osim
[2025-12-01 13:12:46.233] [warning] Couldn't find file 'sacrum.vtp'.
[2025-12-01 13:12:46.233] [warning] Couldn't find file 'pelvis.vtp'.
[2025-12-01 13:12:46.234] [warning] Couldn't find file 'l_pelvis.vtp'.
[2025-12-01 13:12:46.234] [warning] Couldn't find file 'r_femur.vtp'.
[2025-12-01 13:12:46.234] [warning] Couldn't find file 'r_tibia.vtp'.
[2025-12-01 13:12:46.234] [warning] Couldn't find file 'fibula.vtp'.
[2025-12-01 13:12:46.234] [warning] Couldn't find file 'talus.vtp'.
[2025-12-01 13:12:46.234] [warning] Couldn't find file 'foot.vtp'.
[2025-12-01 13:12:46.234] [warning] Couldn't find file 'bofoot.vtp'.
[2025-12-01 13:12:46.234] [warning] Couldn't find file 'l_femur.vtp'.
[2025-12-01 13:12:46.234] [warning] Couldn't find file 'l_tibia.vtp'.
[2025-12-01 13:12:46.234] [warning] Couldn't find file 'l_fibula.vtp'.
[2025-12-01 13:12:46.234] [warning] Couldn't find file 'l_talus.vtp'.
[2025-12-01 13:12:46.234] [warning] Couldn't find file 'l_foot.vtp'.
[2025-12-01 13:12:46.234] [warning] Couldn't find file 'l_bofoot.vtp'.
[2025-12-01 13:12:46.235] [warning] Couldn't find file 'hat_spine.vtp'.
[2025-12-01 13:12:46.235] [warning] Couldn't find file 'hat_jaw.vtp'.
[2025-12-01 13:12:46.235] [warning] Couldn't find file 'hat_skull.vtp'.
[2025-12-01 13:12:46.235] [warning] Couldn't find file 'hat_ribs_scap.vtp'.
[2025-12-01 13:12:47.189] [info] Loaded model SUBJ06_AdaptedForPredSim from file C:\Users\menth\Documents\Programmas\PredSim\Subjects\SUBJ06mtu3D\SUBJ06mtu3D.osim
[2025-12-01 13:12:47.189] [warning] Couldn't find file 'sacrum.vtp'.
[2025-12-01 13:12:47.189] [warning] Couldn't find file 'pelvis.vtp'.
[2025-12-01 13:12:47.189] [warning] Couldn't find file 'l_pelvis.vtp'.
[2025-12-01 13:12:47.189] [warning] Couldn't find file 'r_femur.vtp'.
[2025-12-01 13:12:47.189] [warning] Couldn't find file 'r_tibia.vtp'.
[2025-12-01 13:12:47.189] [warning] Couldn't find file 'fibula.vtp'.
[2025-12-01 13:12:47.189] [warning] Couldn't find file 'talus.vtp'.
[2025-12-01 13:12:47.189] [warning] Couldn't find file 'foot.vtp'.
[2025-12-01 13:12:47.190] [warning] Couldn't find file 'bofoot.vtp'.
[2025-12-01 13:12:47.190] [warning] Couldn't find file 'l_femur.vtp'.
[2025-12-01 13:12:47.190] [warning] Couldn't find file 'l_tibia.vtp'.
[2025-12-01 13:12:47.190] [warning] Couldn't find file 'l_fibula.vtp'.
[2025-12-01 13:12:47.190] [warning] Couldn't find file 'l_talus.vtp'.
[2025-12-01 13:12:47.190] [warning] Couldn't find file 'l_foot.vtp'.
[2025-12-01 13:12:47.190] [warning] Couldn't find file 'l_bofoot.vtp'.
[2025-12-01 13:12:47.190] [warning] Couldn't find file 'hat_spine.vtp'.
[2025-12-01 13:12:47.190] [warning] Couldn't find file 'hat_jaw.vtp'.
[2025-12-01 13:12:47.190] [warning] Couldn't find file 'hat_skull.vtp'.
[2025-12-01 13:12:47.191] [warning] Couldn't find file 'hat_ribs_scap.vtp'.
[2025-12-01 13:12:48.118] [info] Loaded model SUBJ06_AdaptedForPredSim from file C:\Users\menth\Documents\Programmas\PredSim\Subjects\SUBJ06mtu3D\SUBJ06mtu3D.osim
[2025-12-01 13:12:48.119] [warning] Couldn't find file 'sacrum.vtp'.
[2025-12-01 13:12:48.119] [warning] Couldn't find file 'pelvis.vtp'.
[2025-12-01 13:12:48.119] [warning] Couldn't find file 'l_pelvis.vtp'.
[2025-12-01 13:12:48.119] [warning] Couldn't find file 'r_femur.vtp'.
[2025-12-01 13:12:48.119] [warning] Couldn't find file 'r_tibia.vtp'.
[2025-12-01 13:12:48.119] [warning] Couldn't find file 'fibula.vtp'.
[2025-12-01 13:12:48.119] [warning] Couldn't find file 'talus.vtp'.
[2025-12-01 13:12:48.119] [warning] Couldn't find file 'foot.vtp'.
[2025-12-01 13:12:48.119] [warning] Couldn't find file 'bofoot.vtp'.
[2025-12-01 13:12:48.119] [warning] Couldn't find file 'l_femur.vtp'.
[2025-12-01 13:12:48.119] [warning] Couldn't find file 'l_tibia.vtp'.
[2025-12-01 13:12:48.119] [warning] Couldn't find file 'l_fibula.vtp'.
[2025-12-01 13:12:48.119] [warning] Couldn't find file 'l_talus.vtp'.
[2025-12-01 13:12:48.120] [warning] Couldn't find file 'l_foot.vtp'.
[2025-12-01 13:12:48.120] [warning] Couldn't find file 'l_bofoot.vtp'.
[2025-12-01 13:12:48.120] [warning] Couldn't find file 'hat_spine.vtp'.
[2025-12-01 13:12:48.120] [warning] Couldn't find file 'hat_jaw.vtp'.
[2025-12-01 13:12:48.120] [warning] Couldn't find file 'hat_skull.vtp'.
[2025-12-01 13:12:48.120] [warning] Couldn't find file 'hat_ribs_scap.vtp'.
[2025-12-01 13:12:49.071] [info] Loaded model SUBJ06_AdaptedForPredSim from file C:\Users\menth\Documents\Programmas\PredSim\Subjects\SUBJ06mtu3D\SUBJ06mtu3D.osim
[2025-12-01 13:12:49.071] [warning] Couldn't find file 'sacrum.vtp'.
[2025-12-01 13:12:49.071] [warning] Couldn't find file 'pelvis.vtp'.
[2025-12-01 13:12:49.071] [warning] Couldn't find file 'l_pelvis.vtp'.
[2025-12-01 13:12:49.071] [warning] Couldn't find file 'r_femur.vtp'.
[2025-12-01 13:12:49.071] [warning] Couldn't find file 'r_tibia.vtp'.
[2025-12-01 13:12:49.071] [warning] Couldn't find file 'fibula.vtp'.
[2025-12-01 13:12:49.071] [warning] Couldn't find file 'talus.vtp'.
[2025-12-01 13:12:49.072] [warning] Couldn't find file 'foot.vtp'.
[2025-12-01 13:12:49.072] [warning] Couldn't find file 'bofoot.vtp'.
[2025-12-01 13:12:49.072] [warning] Couldn't find file 'l_femur.vtp'.
[2025-12-01 13:12:49.072] [warning] Couldn't find file 'l_tibia.vtp'.
[2025-12-01 13:12:49.072] [warning] Couldn't find file 'l_fibula.vtp'.
[2025-12-01 13:12:49.072] [warning] Couldn't find file 'l_talus.vtp'.
[2025-12-01 13:12:49.072] [warning] Couldn't find file 'l_foot.vtp'.
[2025-12-01 13:12:49.072] [warning] Couldn't find file 'l_bofoot.vtp'.
[2025-12-01 13:12:49.072] [warning] Couldn't find file 'hat_spine.vtp'.
[2025-12-01 13:12:49.072] [warning] Couldn't find file 'hat_jaw.vtp'.
[2025-12-01 13:12:49.072] [warning] Couldn't find file 'hat_skull.vtp'.
[2025-12-01 13:12:49.072] [warning] Couldn't find file 'hat_ribs_scap.vtp'.
[2025-12-01 13:12:50.112] [info] Loaded model SUBJ06_AdaptedForPredSim from file C:\Users\menth\Documents\Programmas\PredSim\Subjects\SUBJ06mtu3D\SUBJ06mtu3D.osim
[2025-12-01 13:12:50.112] [warning] Couldn't find file 'sacrum.vtp'.
[2025-12-01 13:12:50.112] [warning] Couldn't find file 'pelvis.vtp'.
[2025-12-01 13:12:50.112] [warning] Couldn't find file 'l_pelvis.vtp'.
[2025-12-01 13:12:50.112] [warning] Couldn't find file 'r_femur.vtp'.
[2025-12-01 13:12:50.112] [warning] Couldn't find file 'r_tibia.vtp'.
[2025-12-01 13:12:50.113] [warning] Couldn't find file 'fibula.vtp'.
[2025-12-01 13:12:50.113] [warning] Couldn't find file 'talus.vtp'.
[2025-12-01 13:12:50.113] [warning] Couldn't find file 'foot.vtp'.
[2025-12-01 13:12:50.113] [warning] Couldn't find file 'bofoot.vtp'.
[2025-12-01 13:12:50.113] [warning] Couldn't find file 'l_femur.vtp'.
[2025-12-01 13:12:50.113] [warning] Couldn't find file 'l_tibia.vtp'.
[2025-12-01 13:12:50.113] [warning] Couldn't find file 'l_fibula.vtp'.
[2025-12-01 13:12:50.113] [warning] Couldn't find file 'l_talus.vtp'.
[2025-12-01 13:12:50.113] [warning] Couldn't find file 'l_foot.vtp'.
[2025-12-01 13:12:50.113] [warning] Couldn't find file 'l_bofoot.vtp'.
[2025-12-01 13:12:50.113] [warning] Couldn't find file 'hat_spine.vtp'.
[2025-12-01 13:12:50.113] [warning] Couldn't find file 'hat_jaw.vtp'.
[2025-12-01 13:12:50.113] [warning] Couldn't find file 'hat_skull.vtp'.
[2025-12-01 13:12:50.114] [warning] Couldn't find file 'hat_ribs_scap.vtp'.
[2025-12-01 13:12:51.248] [info] Loaded model SUBJ06_AdaptedForPredSim from file C:\Users\menth\Documents\Programmas\PredSim\Subjects\SUBJ06mtu3D\SUBJ06mtu3D.osim
[2025-12-01 13:12:51.249] [warning] Couldn't find file 'sacrum.vtp'.
[2025-12-01 13:12:51.249] [warning] Couldn't find file 'pelvis.vtp'.
[2025-12-01 13:12:51.249] [warning] Couldn't find file 'l_pelvis.vtp'.
[2025-12-01 13:12:51.249] [warning] Couldn't find file 'r_femur.vtp'.
[2025-12-01 13:12:51.249] [warning] Couldn't find file 'r_tibia.vtp'.
[2025-12-01 13:12:51.249] [warning] Couldn't find file 'fibula.vtp'.
[2025-12-01 13:12:51.249] [warning] Couldn't find file 'talus.vtp'.
[2025-12-01 13:12:51.250] [warning] Couldn't find file 'foot.vtp'.
[2025-12-01 13:12:51.250] [warning] Couldn't find file 'bofoot.vtp'.
[2025-12-01 13:12:51.250] [warning] Couldn't find file 'l_femur.vtp'.
[2025-12-01 13:12:51.250] [warning] Couldn't find file 'l_tibia.vtp'.
[2025-12-01 13:12:51.250] [warning] Couldn't find file 'l_fibula.vtp'.
[2025-12-01 13:12:51.250] [warning] Couldn't find file 'l_talus.vtp'.
[2025-12-01 13:12:51.250] [warning] Couldn't find file 'l_foot.vtp'.
[2025-12-01 13:12:51.251] [warning] Couldn't find file 'l_bofoot.vtp'.
[2025-12-01 13:12:51.251] [warning] Couldn't find file 'hat_spine.vtp'.
[2025-12-01 13:12:51.251] [warning] Couldn't find file 'hat_jaw.vtp'.
[2025-12-01 13:12:51.251] [warning] Couldn't find file 'hat_skull.vtp'.
[2025-12-01 13:12:51.251] [warning] Couldn't find file 'hat_ribs_scap.vtp'.
[2025-12-01 13:13:42.039] [info] Loaded model SUBJ06_AdaptedForPredSim from file C:\Users\menth\Documents\Programmas\PredSim\Subjects\SUBJ06mtu3D\SUBJ06mtu3D.osim
[2025-12-01 13:13:42.040] [warning] Couldn't find file 'sacrum.vtp'.
[2025-12-01 13:13:42.040] [warning] Couldn't find file 'pelvis.vtp'.
[2025-12-01 13:13:42.040] [warning] Couldn't find file 'l_pelvis.vtp'.
[2025-12-01 13:13:42.040] [warning] Couldn't find file 'r_femur.vtp'.
[2025-12-01 13:13:42.040] [warning] Couldn't find file 'r_tibia.vtp'.
[2025-12-01 13:13:42.040] [warning] Couldn't find file 'fibula.vtp'.
[2025-12-01 13:13:42.040] [warning] Couldn't find file 'talus.vtp'.
[2025-12-01 13:13:42.040] [warning] Couldn't find file 'foot.vtp'.
[2025-12-01 13:13:42.040] [warning] Couldn't find file 'bofoot.vtp'.
[2025-12-01 13:13:42.040] [warning] Couldn't find file 'l_femur.vtp'.
[2025-12-01 13:13:42.040] [warning] Couldn't find file 'l_tibia.vtp'.
[2025-12-01 13:13:42.040] [warning] Couldn't find file 'l_fibula.vtp'.
[2025-12-01 13:13:42.040] [warning] Couldn't find file 'l_talus.vtp'.
[2025-12-01 13:13:42.041] [warning] Couldn't find file 'l_foot.vtp'.
[2025-12-01 13:13:42.041] [warning] Couldn't find file 'l_bofoot.vtp'.
[2025-12-01 13:13:42.041] [warning] Couldn't find file 'hat_spine.vtp'.
[2025-12-01 13:13:42.041] [warning] Couldn't find file 'hat_jaw.vtp'.
[2025-12-01 13:13:42.041] [warning] Couldn't find file 'hat_skull.vtp'.
[2025-12-01 13:13:42.041] [warning] Couldn't find file 'hat_ribs_scap.vtp'.
[2025-12-01 13:15:41.758] [info] Loaded model SUBJ06_AdaptedForPredSim from file C:\Users\menth\Documents\Programmas\PredSim\Subjects\SUBJ06mtu3D\SUBJ06mtu3D.osim
[2025-12-01 13:15:41.758] [warning] Couldn't find file 'sacrum.vtp'.
[2025-12-01 13:15:41.758] [warning] Couldn't find file 'pelvis.vtp'.
[2025-12-01 13:15:41.758] [warning] Couldn't find file 'l_pelvis.vtp'.
[2025-12-01 13:15:41.758] [warning] Couldn't find file 'r_femur.vtp'.
[2025-12-01 13:15:41.758] [warning] Couldn't find file 'r_tibia.vtp'.
[2025-12-01 13:15:41.758] [warning] Couldn't find file 'fibula.vtp'.
[2025-12-01 13:15:41.758] [warning] Couldn't find file 'talus.vtp'.
[2025-12-01 13:15:41.758] [warning] Couldn't find file 'foot.vtp'.
[2025-12-01 13:15:41.758] [warning] Couldn't find file 'bofoot.vtp'.
[2025-12-01 13:15:41.759] [warning] Couldn't find file 'l_femur.vtp'.
[2025-12-01 13:15:41.759] [warning] Couldn't find file 'l_tibia.vtp'.
[2025-12-01 13:15:41.759] [warning] Couldn't find file 'l_fibula.vtp'.
[2025-12-01 13:15:41.759] [warning] Couldn't find file 'l_talus.vtp'.
[2025-12-01 13:15:41.759] [warning] Couldn't find file 'l_foot.vtp'.
[2025-12-01 13:15:41.759] [warning] Couldn't find file 'l_bofoot.vtp'.
[2025-12-01 13:15:41.759] [warning] Couldn't find file 'hat_spine.vtp'.
[2025-12-01 13:15:41.759] [warning] Couldn't find file 'hat_jaw.vtp'.
[2025-12-01 13:15:41.759] [warning] Couldn't find file 'hat_skull.vtp'.
[2025-12-01 13:15:41.759] [warning] Couldn't find file 'hat_ribs_scap.vtp'.
[2025-12-01 14:21:40.412] [info] Loaded model SUBJ06_AdaptedForPredSim from file C:\Users\menth\Documents\Programmas\PredSim\Subjects\SUBJ06mtu3D\SUBJ06mtu3D.osim
[2025-12-01 14:21:40.413] [warning] Couldn't find file 'sacrum.vtp'.
[2025-12-01 14:21:40.413] [warning] Couldn't find file 'pelvis.vtp'.
[2025-12-01 14:21:40.413] [warning] Couldn't find file 'l_pelvis.vtp'.
[2025-12-01 14:21:40.414] [warning] Couldn't find file 'r_femur.vtp'.
[2025-12-01 14:21:40.414] [warning] Couldn't find file 'r_tibia.vtp'.
[2025-12-01 14:21:40.414] [warning] Couldn't find file 'fibula.vtp'.
[2025-12-01 14:21:40.414] [warning] Couldn't find file 'talus.vtp'.
[2025-12-01 14:21:40.414] [warning] Couldn't find file 'foot.vtp'.
[2025-12-01 14:21:40.414] [warning] Couldn't find file 'bofoot.vtp'.
[2025-12-01 14:21:40.415] [warning] Couldn't find file 'l_femur.vtp'.
[2025-12-01 14:21:40.415] [warning] Couldn't find file 'l_tibia.vtp'.
[2025-12-01 14:21:40.415] [warning] Couldn't find file 'l_fibula.vtp'.
[2025-12-01 14:21:40.415] [warning] Couldn't find file 'l_talus.vtp'.
[2025-12-01 14:21:40.415] [warning] Couldn't find file 'l_foot.vtp'.
[2025-12-01 14:21:40.415] [warning] Couldn't find file 'l_bofoot.vtp'.
[2025-12-01 14:21:40.416] [warning] Couldn't find file 'hat_spine.vtp'.
[2025-12-01 14:21:40.416] [warning] Couldn't find file 'hat_jaw.vtp'.
[2025-12-01 14:21:40.416] [warning] Couldn't find file 'hat_skull.vtp'.
[2025-12-01 14:21:40.416] [warning] Couldn't find file 'hat_ribs_scap.vtp'.
[2025-12-01 14:22:28.753] [info] Loaded model SUBJ06_AdaptedForPredSim from file C:\Users\menth\Documents\Programmas\PredSim\Subjects\SUBJ06mtu3D\SUBJ06mtu3D.osim
[2025-12-01 14:22:28.753] [warning] Couldn't find file 'sacrum.vtp'.
[2025-12-01 14:22:28.753] [warning] Couldn't find file 'pelvis.vtp'.
[2025-12-01 14:22:28.753] [warning] Couldn't find file 'l_pelvis.vtp'.
[2025-12-01 14:22:28.754] [warning] Couldn't find file 'r_femur.vtp'.
[2025-12-01 14:22:28.754] [warning] Couldn't find file 'r_tibia.vtp'.
[2025-12-01 14:22:28.754] [warning] Couldn't find file 'fibula.vtp'.
[2025-12-01 14:22:28.754] [warning] Couldn't find file 'talus.vtp'.
[2025-12-01 14:22:28.754] [warning] Couldn't find file 'foot.vtp'.
[2025-12-01 14:22:28.754] [warning] Couldn't find file 'bofoot.vtp'.
[2025-12-01 14:22:28.755] [warning] Couldn't find file 'l_femur.vtp'.
[2025-12-01 14:22:28.755] [warning] Couldn't find file 'l_tibia.vtp'.
[2025-12-01 14:22:28.755] [warning] Couldn't find file 'l_fibula.vtp'.
[2025-12-01 14:22:28.755] [warning] Couldn't find file 'l_talus.vtp'.
[2025-12-01 14:22:28.755] [warning] Couldn't find file 'l_foot.vtp'.
[2025-12-01 14:22:28.755] [warning] Couldn't find file 'l_bofoot.vtp'.
[2025-12-01 14:22:28.756] [warning] Couldn't find file 'hat_spine.vtp'.
[2025-12-01 14:22:28.756] [warning] Couldn't find file 'hat_jaw.vtp'.
[2025-12-01 14:22:28.756] [warning] Couldn't find file 'hat_skull.vtp'.
[2025-12-01 14:22:28.756] [warning] Couldn't find file 'hat_ribs_scap.vtp'.
[2025-12-01 14:38:44.363] [info] Loaded model SUBJ06_AdaptedForPredSim from file C:\Users\menth\Documents\Programmas\PredSim\Subjects\SUBJ06mtu3D\SUBJ06mtu3D.osim
[2025-12-01 14:38:44.364] [warning] Couldn't find file 'sacrum.vtp'.
[2025-12-01 14:38:44.364] [warning] Couldn't find file 'pelvis.vtp'.
[2025-12-01 14:38:44.365] [warning] Couldn't find file 'l_pelvis.vtp'.
[2025-12-01 14:38:44.365] [warning] Couldn't find file 'r_femur.vtp'.
[2025-12-01 14:38:44.365] [warning] Couldn't find file 'r_tibia.vtp'.
[2025-12-01 14:38:44.365] [warning] Couldn't find file 'fibula.vtp'.
[2025-12-01 14:38:44.365] [warning] Couldn't find file 'talus.vtp'.
[2025-12-01 14:38:44.365] [warning] Couldn't find file 'foot.vtp'.
[2025-12-01 14:38:44.366] [warning] Couldn't find file 'bofoot.vtp'.
[2025-12-01 14:38:44.366] [warning] Couldn't find file 'l_femur.vtp'.
[2025-12-01 14:38:44.366] [warning] Couldn't find file 'l_tibia.vtp'.
[2025-12-01 14:38:44.366] [warning] Couldn't find file 'l_fibula.vtp'.
[2025-12-01 14:38:44.366] [warning] Couldn't find file 'l_talus.vtp'.
[2025-12-01 14:38:44.366] [warning] Couldn't find file 'l_foot.vtp'.
[2025-12-01 14:38:44.367] [warning] Couldn't find file 'l_bofoot.vtp'.
[2025-12-01 14:38:44.367] [warning] Couldn't find file 'hat_spine.vtp'.
[2025-12-01 14:38:44.367] [warning] Couldn't find file 'hat_jaw.vtp'.
[2025-12-01 14:38:44.367] [warning] Couldn't find file 'hat_skull.vtp'.
[2025-12-01 14:38:44.367] [warning] Couldn't find file 'hat_ribs_scap.vtp'.
[2025-12-01 14:38:56.987] [info] Loaded model SUBJ06_AdaptedForPredSim from file C:\Users\menth\Documents\Programmas\PredSim\Subjects\SUBJ06mtu3D\SUBJ06mtu3D.osim
[2025-12-01 14:38:56.988] [warning] Couldn't find file 'sacrum.vtp'.
[2025-12-01 14:38:56.988] [warning] Couldn't find file 'pelvis.vtp'.
[2025-12-01 14:38:56.988] [warning] Couldn't find file 'l_pelvis.vtp'.
[2025-12-01 14:38:56.988] [warning] Couldn't find file 'r_femur.vtp'.
[2025-12-01 14:38:56.988] [warning] Couldn't find file 'r_tibia.vtp'.
[2025-12-01 14:38:56.988] [warning] Couldn't find file 'fibula.vtp'.
[2025-12-01 14:38:56.989] [warning] Couldn't find file 'talus.vtp'.
[2025-12-01 14:38:56.989] [warning] Couldn't find file 'foot.vtp'.
[2025-12-01 14:38:56.989] [warning] Couldn't find file 'bofoot.vtp'.
[2025-12-01 14:38:56.989] [warning] Couldn't find file 'l_femur.vtp'.
[2025-12-01 14:38:56.989] [warning] Couldn't find file 'l_tibia.vtp'.
[2025-12-01 14:38:56.989] [warning] Couldn't find file 'l_fibula.vtp'.
[2025-12-01 14:38:56.989] [warning] Couldn't find file 'l_talus.vtp'.
[2025-12-01 14:38:56.990] [warning] Couldn't find file 'l_foot.vtp'.
[2025-12-01 14:38:56.990] [warning] Couldn't find file 'l_bofoot.vtp'.
[2025-12-01 14:38:56.990] [warning] Couldn't find file 'hat_spine.vtp'.
[2025-12-01 14:38:56.990] [warning] Couldn't find file 'hat_jaw.vtp'.
[2025-12-01 14:38:56.990] [warning] Couldn't find file 'hat_skull.vtp'.
[2025-12-01 14:38:56.991] [warning] Couldn't find file 'hat_ribs_scap.vtp'.
[2025-12-01 14:39:09.426] [info] Loaded model SUBJ06_AdaptedForPredSim from file C:\Users\menth\Documents\Programmas\PredSim\Subjects\SUBJ06mtu3D\SUBJ06mtu3D.osim
[2025-12-01 14:39:09.427] [warning] Couldn't find file 'sacrum.vtp'.
[2025-12-01 14:39:09.427] [warning] Couldn't find file 'pelvis.vtp'.
[2025-12-01 14:39:09.428] [warning] Couldn't find file 'l_pelvis.vtp'.
[2025-12-01 14:39:09.428] [warning] Couldn't find file 'r_femur.vtp'.
[2025-12-01 14:39:09.428] [warning] Couldn't find file 'r_tibia.vtp'.
[2025-12-01 14:39:09.428] [warning] Couldn't find file 'fibula.vtp'.
[2025-12-01 14:39:09.429] [warning] Couldn't find file 'talus.vtp'.
[2025-12-01 14:39:09.429] [warning] Couldn't find file 'foot.vtp'.
[2025-12-01 14:39:09.429] [warning] Couldn't find file 'bofoot.vtp'.
[2025-12-01 14:39:09.429] [warning] Couldn't find file 'l_femur.vtp'.
[2025-12-01 14:39:09.429] [warning] Couldn't find file 'l_tibia.vtp'.
[2025-12-01 14:39:09.430] [warning] Couldn't find file 'l_fibula.vtp'.
[2025-12-01 14:39:09.430] [warning] Couldn't find file 'l_talus.vtp'.
[2025-12-01 14:39:09.430] [warning] Couldn't find file 'l_foot.vtp'.
[2025-12-01 14:39:09.431] [warning] Couldn't find file 'l_bofoot.vtp'.
[2025-12-01 14:39:09.431] [warning] Couldn't find file 'hat_spine.vtp'.
[2025-12-01 14:39:09.431] [warning] Couldn't find file 'hat_jaw.vtp'.
[2025-12-01 14:39:09.431] [warning] Couldn't find file 'hat_skull.vtp'.
[2025-12-01 14:39:09.432] [warning] Couldn't find file 'hat_ribs_scap.vtp'.
[2025-12-01 14:39:22.105] [info] Loaded model SUBJ06_AdaptedForPredSim from file C:\Users\menth\Documents\Programmas\PredSim\Subjects\SUBJ06mtu3D\SUBJ06mtu3D.osim
[2025-12-01 14:39:22.106] [warning] Couldn't find file 'sacrum.vtp'.
[2025-12-01 14:39:22.106] [warning] Couldn't find file 'pelvis.vtp'.
[2025-12-01 14:39:22.106] [warning] Couldn't find file 'l_pelvis.vtp'.
[2025-12-01 14:39:22.107] [warning] Couldn't find file 'r_femur.vtp'.
[2025-12-01 14:39:22.107] [warning] Couldn't find file 'r_tibia.vtp'.
[2025-12-01 14:39:22.107] [warning] Couldn't find file 'fibula.vtp'.
[2025-12-01 14:39:22.107] [warning] Couldn't find file 'talus.vtp'.
[2025-12-01 14:39:22.107] [warning] Couldn't find file 'foot.vtp'.
[2025-12-01 14:39:22.108] [warning] Couldn't find file 'bofoot.vtp'.
[2025-12-01 14:39:22.108] [warning] Couldn't find file 'l_femur.vtp'.
[2025-12-01 14:39:22.108] [warning] Couldn't find file 'l_tibia.vtp'.
[2025-12-01 14:39:22.108] [warning] Couldn't find file 'l_fibula.vtp'.
[2025-12-01 14:39:22.108] [warning] Couldn't find file 'l_talus.vtp'.
[2025-12-01 14:39:22.108] [warning] Couldn't find file 'l_foot.vtp'.
[2025-12-01 14:39:22.109] [warning] Couldn't find file 'l_bofoot.vtp'.
[2025-12-01 14:39:22.109] [warning] Couldn't find file 'hat_spine.vtp'.
[2025-12-01 14:39:22.109] [warning] Couldn't find file 'hat_jaw.vtp'.
[2025-12-01 14:39:22.109] [warning] Couldn't find file 'hat_skull.vtp'.
[2025-12-01 14:39:22.109] [warning] Couldn't find file 'hat_ribs_scap.vtp'.
[2025-12-01 14:39:35.475] [info] Loaded model SUBJ06_AdaptedForPredSim from file C:\Users\menth\Documents\Programmas\PredSim\Subjects\SUBJ06mtu3D\SUBJ06mtu3D.osim
[2025-12-01 14:39:35.476] [warning] Couldn't find file 'sacrum.vtp'.
[2025-12-01 14:39:35.476] [warning] Couldn't find file 'pelvis.vtp'.
[2025-12-01 14:39:35.476] [warning] Couldn't find file 'l_pelvis.vtp'.
[2025-12-01 14:39:35.477] [warning] Couldn't find file 'r_femur.vtp'.
[2025-12-01 14:39:35.477] [warning] Couldn't find file 'r_tibia.vtp'.
[2025-12-01 14:39:35.477] [warning] Couldn't find file 'fibula.vtp'.
[2025-12-01 14:39:35.477] [warning] Couldn't find file 'talus.vtp'.
[2025-12-01 14:39:35.478] [warning] Couldn't find file 'foot.vtp'.
[2025-12-01 14:39:35.478] [warning] Couldn't find file 'bofoot.vtp'.
[2025-12-01 14:39:35.478] [warning] Couldn't find file 'l_femur.vtp'.
[2025-12-01 14:39:35.478] [warning] Couldn't find file 'l_tibia.vtp'.
[2025-12-01 14:39:35.478] [warning] Couldn't find file 'l_fibula.vtp'.
[2025-12-01 14:39:35.479] [warning] Couldn't find file 'l_talus.vtp'.
[2025-12-01 14:39:35.479] [warning] Couldn't find file 'l_foot.vtp'.
[2025-12-01 14:39:35.479] [warning] Couldn't find file 'l_bofoot.vtp'.
[2025-12-01 14:39:35.479] [warning] Couldn't find file 'hat_spine.vtp'.
[2025-12-01 14:39:35.480] [warning] Couldn't find file 'hat_jaw.vtp'.
[2025-12-01 14:39:35.480] [warning] Couldn't find file 'hat_skull.vtp'.
[2025-12-01 14:39:35.480] [warning] Couldn't find file 'hat_ribs_scap.vtp'.
[2025-12-01 14:39:48.009] [info] Loaded model SUBJ06_AdaptedForPredSim from file C:\Users\menth\Documents\Programmas\PredSim\Subjects\SUBJ06mtu3D\SUBJ06mtu3D.osim
[2025-12-01 14:39:48.009] [warning] Couldn't find file 'sacrum.vtp'.
[2025-12-01 14:39:48.010] [warning] Couldn't find file 'pelvis.vtp'.
[2025-12-01 14:39:48.010] [warning] Couldn't find file 'l_pelvis.vtp'.
[2025-12-01 14:39:48.010] [warning] Couldn't find file 'r_femur.vtp'.
[2025-12-01 14:39:48.010] [warning] Couldn't find file 'r_tibia.vtp'.
[2025-12-01 14:39:48.010] [warning] Couldn't find file 'fibula.vtp'.
[2025-12-01 14:39:48.011] [warning] Couldn't find file 'talus.vtp'.
[2025-12-01 14:39:48.011] [warning] Couldn't find file 'foot.vtp'.
[2025-12-01 14:39:48.011] [warning] Couldn't find file 'bofoot.vtp'.
[2025-12-01 14:39:48.012] [warning] Couldn't find file 'l_femur.vtp'.
[2025-12-01 14:39:48.012] [warning] Couldn't find file 'l_tibia.vtp'.
[2025-12-01 14:39:48.012] [warning] Couldn't find file 'l_fibula.vtp'.
[2025-12-01 14:39:48.012] [warning] Couldn't find file 'l_talus.vtp'.
[2025-12-01 14:39:48.013] [warning] Couldn't find file 'l_foot.vtp'.
[2025-12-01 14:39:48.013] [warning] Couldn't find file 'l_bofoot.vtp'.
[2025-12-01 14:39:48.013] [warning] Couldn't find file 'hat_spine.vtp'.
[2025-12-01 14:39:48.013] [warning] Couldn't find file 'hat_jaw.vtp'.
[2025-12-01 14:39:48.014] [warning] Couldn't find file 'hat_skull.vtp'.
[2025-12-01 14:39:48.014] [warning] Couldn't find file 'hat_ribs_scap.vtp'.
[2025-12-01 14:40:00.747] [info] Loaded model SUBJ06_AdaptedForPredSim from file C:\Users\menth\Documents\Programmas\PredSim\Subjects\SUBJ06mtu3D\SUBJ06mtu3D.osim
[2025-12-01 14:40:00.748] [warning] Couldn't find file 'sacrum.vtp'.
[2025-12-01 14:40:00.748] [warning] Couldn't find file 'pelvis.vtp'.
[2025-12-01 14:40:00.748] [warning] Couldn't find file 'l_pelvis.vtp'.
[2025-12-01 14:40:00.749] [warning] Couldn't find file 'r_femur.vtp'.
[2025-12-01 14:40:00.749] [warning] Couldn't find file 'r_tibia.vtp'.
[2025-12-01 14:40:00.749] [warning] Couldn't find file 'fibula.vtp'.
[2025-12-01 14:40:00.749] [warning] Couldn't find file 'talus.vtp'.
[2025-12-01 14:40:00.749] [warning] Couldn't find file 'foot.vtp'.
[2025-12-01 14:40:00.750] [warning] Couldn't find file 'bofoot.vtp'.
[2025-12-01 14:40:00.750] [warning] Couldn't find file 'l_femur.vtp'.
[2025-12-01 14:40:00.750] [warning] Couldn't find file 'l_tibia.vtp'.
[2025-12-01 14:40:00.751] [warning] Couldn't find file 'l_fibula.vtp'.
[2025-12-01 14:40:00.751] [warning] Couldn't find file 'l_talus.vtp'.
[2025-12-01 14:40:00.751] [warning] Couldn't find file 'l_foot.vtp'.
[2025-12-01 14:40:00.752] [warning] Couldn't find file 'l_bofoot.vtp'.
[2025-12-01 14:40:00.752] [warning] Couldn't find file 'hat_spine.vtp'.
[2025-12-01 14:40:00.752] [warning] Couldn't find file 'hat_jaw.vtp'.
[2025-12-01 14:40:00.753] [warning] Couldn't find file 'hat_skull.vtp'.
[2025-12-01 14:40:00.753] [warning] Couldn't find file 'hat_ribs_scap.vtp'.
[2025-12-01 14:40:13.507] [info] Loaded model SUBJ06_AdaptedForPredSim from file C:\Users\menth\Documents\Programmas\PredSim\Subjects\SUBJ06mtu3D\SUBJ06mtu3D.osim
[2025-12-01 14:40:13.507] [warning] Couldn't find file 'sacrum.vtp'.
[2025-12-01 14:40:13.508] [warning] Couldn't find file 'pelvis.vtp'.
[2025-12-01 14:40:13.508] [warning] Couldn't find file 'l_pelvis.vtp'.
[2025-12-01 14:40:13.508] [warning] Couldn't find file 'r_femur.vtp'.
[2025-12-01 14:40:13.509] [warning] Couldn't find file 'r_tibia.vtp'.
[2025-12-01 14:40:13.509] [warning] Couldn't find file 'fibula.vtp'.
[2025-12-01 14:40:13.509] [warning] Couldn't find file 'talus.vtp'.
[2025-12-01 14:40:13.509] [warning] Couldn't find file 'foot.vtp'.
[2025-12-01 14:40:13.510] [warning] Couldn't find file 'bofoot.vtp'.
[2025-12-01 14:40:13.510] [warning] Couldn't find file 'l_femur.vtp'.
[2025-12-01 14:40:13.510] [warning] Couldn't find file 'l_tibia.vtp'.
[2025-12-01 14:40:13.510] [warning] Couldn't find file 'l_fibula.vtp'.
[2025-12-01 14:40:13.510] [warning] Couldn't find file 'l_talus.vtp'.
[2025-12-01 14:40:13.511] [warning] Couldn't find file 'l_foot.vtp'.
[2025-12-01 14:40:13.511] [warning] Couldn't find file 'l_bofoot.vtp'.
[2025-12-01 14:40:13.511] [warning] Couldn't find file 'hat_spine.vtp'.
[2025-12-01 14:40:13.511] [warning] Couldn't find file 'hat_jaw.vtp'.
[2025-12-01 14:40:13.511] [warning] Couldn't find file 'hat_skull.vtp'.
[2025-12-01 14:40:13.512] [warning] Couldn't find file 'hat_ribs_scap.vtp'.
[2025-12-01 14:59:11.148] [info] Loaded model SUBJ06_AdaptedForPredSim from file C:\Users\menth\Documents\Programmas\PredSim\Subjects\SUBJ06mtu3D\SUBJ06mtu3D.osim
[2025-12-01 14:59:11.149] [warning] Couldn't find file 'sacrum.vtp'.
[2025-12-01 14:59:11.149] [warning] Couldn't find file 'pelvis.vtp'.
[2025-12-01 14:59:11.149] [warning] Couldn't find file 'l_pelvis.vtp'.
[2025-12-01 14:59:11.149] [warning] Couldn't find file 'r_femur.vtp'.
[2025-12-01 14:59:11.149] [warning] Couldn't find file 'r_tibia.vtp'.
[2025-12-01 14:59:11.149] [warning] Couldn't find file 'fibula.vtp'.
[2025-12-01 14:59:11.149] [warning] Couldn't find file 'talus.vtp'.
[2025-12-01 14:59:11.150] [warning] Couldn't find file 'foot.vtp'.
[2025-12-01 14:59:11.150] [warning] Couldn't find file 'bofoot.vtp'.
[2025-12-01 14:59:11.150] [warning] Couldn't find file 'l_femur.vtp'.
[2025-12-01 14:59:11.150] [warning] Couldn't find file 'l_tibia.vtp'.
[2025-12-01 14:59:11.150] [warning] Couldn't find file 'l_fibula.vtp'.
[2025-12-01 14:59:11.150] [warning] Couldn't find file 'l_talus.vtp'.
[2025-12-01 14:59:11.150] [warning] Couldn't find file 'l_foot.vtp'.
[2025-12-01 14:59:11.151] [warning] Couldn't find file 'l_bofoot.vtp'.
[2025-12-01 14:59:11.151] [warning] Couldn't find file 'hat_spine.vtp'.
[2025-12-01 14:59:11.151] [warning] Couldn't find file 'hat_jaw.vtp'.
[2025-12-01 14:59:11.151] [warning] Couldn't find file 'hat_skull.vtp'.
[2025-12-01 14:59:11.151] [warning] Couldn't find file 'hat_ribs_scap.vtp'.
[2025-12-01 14:59:22.280] [info] Loaded model SUBJ06_AdaptedForPredSim from file C:\Users\menth\Documents\Programmas\PredSim\Subjects\SUBJ06mtu3D\SUBJ06mtu3D.osim
[2025-12-01 14:59:22.280] [warning] Couldn't find file 'sacrum.vtp'.
[2025-12-01 14:59:22.280] [warning] Couldn't find file 'pelvis.vtp'.
[2025-12-01 14:59:22.280] [warning] Couldn't find file 'l_pelvis.vtp'.
[2025-12-01 14:59:22.280] [warning] Couldn't find file 'r_femur.vtp'.
[2025-12-01 14:59:22.280] [warning] Couldn't find file 'r_tibia.vtp'.
[2025-12-01 14:59:22.281] [warning] Couldn't find file 'fibula.vtp'.
[2025-12-01 14:59:22.281] [warning] Couldn't find file 'talus.vtp'.
[2025-12-01 14:59:22.281] [warning] Couldn't find file 'foot.vtp'.
[2025-12-01 14:59:22.281] [warning] Couldn't find file 'bofoot.vtp'.
[2025-12-01 14:59:22.281] [warning] Couldn't find file 'l_femur.vtp'.
[2025-12-01 14:59:22.281] [warning] Couldn't find file 'l_tibia.vtp'.
[2025-12-01 14:59:22.281] [warning] Couldn't find file 'l_fibula.vtp'.
[2025-12-01 14:59:22.281] [warning] Couldn't find file 'l_talus.vtp'.
[2025-12-01 14:59:22.281] [warning] Couldn't find file 'l_foot.vtp'.
[2025-12-01 14:59:22.281] [warning] Couldn't find file 'l_bofoot.vtp'.
[2025-12-01 14:59:22.281] [warning] Couldn't find file 'hat_spine.vtp'.
[2025-12-01 14:59:22.281] [warning] Couldn't find file 'hat_jaw.vtp'.
[2025-12-01 14:59:22.281] [warning] Couldn't find file 'hat_skull.vtp'.
[2025-12-01 14:59:22.281] [warning] Couldn't find file 'hat_ribs_scap.vtp'.
[2025-12-01 14:59:33.221] [info] Loaded model SUBJ06_AdaptedForPredSim from file C:\Users\menth\Documents\Programmas\PredSim\Subjects\SUBJ06mtu3D\SUBJ06mtu3D.osim
[2025-12-01 14:59:33.221] [warning] Couldn't find file 'sacrum.vtp'.
[2025-12-01 14:59:33.221] [warning] Couldn't find file 'pelvis.vtp'.
[2025-12-01 14:59:33.221] [warning] Couldn't find file 'l_pelvis.vtp'.
[2025-12-01 14:59:33.221] [warning] Couldn't find file 'r_femur.vtp'.
[2025-12-01 14:59:33.221] [warning] Couldn't find file 'r_tibia.vtp'.
[2025-12-01 14:59:33.221] [warning] Couldn't find file 'fibula.vtp'.
[2025-12-01 14:59:33.221] [warning] Couldn't find file 'talus.vtp'.
[2025-12-01 14:59:33.221] [warning] Couldn't find file 'foot.vtp'.
[2025-12-01 14:59:33.221] [warning] Couldn't find file 'bofoot.vtp'.
[2025-12-01 14:59:33.222] [warning] Couldn't find file 'l_femur.vtp'.
[2025-12-01 14:59:33.222] [warning] Couldn't find file 'l_tibia.vtp'.
[2025-12-01 14:59:33.222] [warning] Couldn't find file 'l_fibula.vtp'.
[2025-12-01 14:59:33.222] [warning] Couldn't find file 'l_talus.vtp'.
[2025-12-01 14:59:33.222] [warning] Couldn't find file 'l_foot.vtp'.
[2025-12-01 14:59:33.222] [warning] Couldn't find file 'l_bofoot.vtp'.
[2025-12-01 14:59:33.222] [warning] Couldn't find file 'hat_spine.vtp'.
[2025-12-01 14:59:33.222] [warning] Couldn't find file 'hat_jaw.vtp'.
[2025-12-01 14:59:33.222] [warning] Couldn't find file 'hat_skull.vtp'.
[2025-12-01 14:59:33.222] [warning] Couldn't find file 'hat_ribs_scap.vtp'.
[2025-12-01 14:59:44.216] [info] Loaded model SUBJ06_AdaptedForPredSim from file C:\Users\menth\Documents\Programmas\PredSim\Subjects\SUBJ06mtu3D\SUBJ06mtu3D.osim
[2025-12-01 14:59:44.216] [warning] Couldn't find file 'sacrum.vtp'.
[2025-12-01 14:59:44.216] [warning] Couldn't find file 'pelvis.vtp'.
[2025-12-01 14:59:44.217] [warning] Couldn't find file 'l_pelvis.vtp'.
[2025-12-01 14:59:44.217] [warning] Couldn't find file 'r_femur.vtp'.
[2025-12-01 14:59:44.217] [warning] Couldn't find file 'r_tibia.vtp'.
[2025-12-01 14:59:44.217] [warning] Couldn't find file 'fibula.vtp'.
[2025-12-01 14:59:44.217] [warning] Couldn't find file 'talus.vtp'.
[2025-12-01 14:59:44.217] [warning] Couldn't find file 'foot.vtp'.
[2025-12-01 14:59:44.217] [warning] Couldn't find file 'bofoot.vtp'.
[2025-12-01 14:59:44.217] [warning] Couldn't find file 'l_femur.vtp'.
[2025-12-01 14:59:44.217] [warning] Couldn't find file 'l_tibia.vtp'.
[2025-12-01 14:59:44.218] [warning] Couldn't find file 'l_fibula.vtp'.
[2025-12-01 14:59:44.218] [warning] Couldn't find file 'l_talus.vtp'.
[2025-12-01 14:59:44.218] [warning] Couldn't find file 'l_foot.vtp'.
[2025-12-01 14:59:44.218] [warning] Couldn't find file 'l_bofoot.vtp'.
[2025-12-01 14:59:44.218] [warning] Couldn't find file 'hat_spine.vtp'.
[2025-12-01 14:59:44.218] [warning] Couldn't find file 'hat_jaw.vtp'.
[2025-12-01 14:59:44.218] [warning] Couldn't find file 'hat_skull.vtp'.
[2025-12-01 14:59:44.218] [warning] Couldn't find file 'hat_ribs_scap.vtp'.
[2025-12-01 14:59:55.548] [info] Loaded model SUBJ06_AdaptedForPredSim from file C:\Users\menth\Documents\Programmas\PredSim\Subjects\SUBJ06mtu3D\SUBJ06mtu3D.osim
[2025-12-01 14:59:55.549] [warning] Couldn't find file 'sacrum.vtp'.
[2025-12-01 14:59:55.549] [warning] Couldn't find file 'pelvis.vtp'.
[2025-12-01 14:59:55.549] [warning] Couldn't find file 'l_pelvis.vtp'.
[2025-12-01 14:59:55.549] [warning] Couldn't find file 'r_femur.vtp'.
[2025-12-01 14:59:55.549] [warning] Couldn't find file 'r_tibia.vtp'.
[2025-12-01 14:59:55.550] [warning] Couldn't find file 'fibula.vtp'.
[2025-12-01 14:59:55.550] [warning] Couldn't find file 'talus.vtp'.
[2025-12-01 14:59:55.550] [warning] Couldn't find file 'foot.vtp'.
[2025-12-01 14:59:55.550] [warning] Couldn't find file 'bofoot.vtp'.
[2025-12-01 14:59:55.550] [warning] Couldn't find file 'l_femur.vtp'.
[2025-12-01 14:59:55.550] [warning] Couldn't find file 'l_tibia.vtp'.
[2025-12-01 14:59:55.550] [warning] Couldn't find file 'l_fibula.vtp'.
[2025-12-01 14:59:55.550] [warning] Couldn't find file 'l_talus.vtp'.
[2025-12-01 14:59:55.550] [warning] Couldn't find file 'l_foot.vtp'.
[2025-12-01 14:59:55.551] [warning] Couldn't find file 'l_bofoot.vtp'.
[2025-12-01 14:59:55.551] [warning] Couldn't find file 'hat_spine.vtp'.
[2025-12-01 14:59:55.551] [warning] Couldn't find file 'hat_jaw.vtp'.
[2025-12-01 14:59:55.551] [warning] Couldn't find file 'hat_skull.vtp'.
[2025-12-01 14:59:55.551] [warning] Couldn't find file 'hat_ribs_scap.vtp'.
[2025-12-01 15:00:06.912] [info] Loaded model SUBJ06_AdaptedForPredSim from file C:\Users\menth\Documents\Programmas\PredSim\Subjects\SUBJ06mtu3D\SUBJ06mtu3D.osim
[2025-12-01 15:00:06.913] [warning] Couldn't find file 'sacrum.vtp'.
[2025-12-01 15:00:06.913] [warning] Couldn't find file 'pelvis.vtp'.
[2025-12-01 15:00:06.913] [warning] Couldn't find file 'l_pelvis.vtp'.
[2025-12-01 15:00:06.913] [warning] Couldn't find file 'r_femur.vtp'.
[2025-12-01 15:00:06.914] [warning] Couldn't find file 'r_tibia.vtp'.
[2025-12-01 15:00:06.914] [warning] Couldn't find file 'fibula.vtp'.
[2025-12-01 15:00:06.914] [warning] Couldn't find file 'talus.vtp'.
[2025-12-01 15:00:06.914] [warning] Couldn't find file 'foot.vtp'.
[2025-12-01 15:00:06.914] [warning] Couldn't find file 'bofoot.vtp'.
[2025-12-01 15:00:06.914] [warning] Couldn't find file 'l_femur.vtp'.
[2025-12-01 15:00:06.914] [warning] Couldn't find file 'l_tibia.vtp'.
[2025-12-01 15:00:06.915] [warning] Couldn't find file 'l_fibula.vtp'.
[2025-12-01 15:00:06.915] [warning] Couldn't find file 'l_talus.vtp'.
[2025-12-01 15:00:06.915] [warning] Couldn't find file 'l_foot.vtp'.
[2025-12-01 15:00:06.915] [warning] Couldn't find file 'l_bofoot.vtp'.
[2025-12-01 15:00:06.915] [warning] Couldn't find file 'hat_spine.vtp'.
[2025-12-01 15:00:06.915] [warning] Couldn't find file 'hat_jaw.vtp'.
[2025-12-01 15:00:06.915] [warning] Couldn't find file 'hat_skull.vtp'.
[2025-12-01 15:00:06.915] [warning] Couldn't find file 'hat_ribs_scap.vtp'.
[2025-12-01 15:00:18.390] [info] Loaded model SUBJ06_AdaptedForPredSim from file C:\Users\menth\Documents\Programmas\PredSim\Subjects\SUBJ06mtu3D\SUBJ06mtu3D.osim
[2025-12-01 15:00:18.391] [warning] Couldn't find file 'sacrum.vtp'.
[2025-12-01 15:00:18.391] [warning] Couldn't find file 'pelvis.vtp'.
[2025-12-01 15:00:18.391] [warning] Couldn't find file 'l_pelvis.vtp'.
[2025-12-01 15:00:18.391] [warning] Couldn't find file 'r_femur.vtp'.
[2025-12-01 15:00:18.392] [warning] Couldn't find file 'r_tibia.vtp'.
[2025-12-01 15:00:18.392] [warning] Couldn't find file 'fibula.vtp'.
[2025-12-01 15:00:18.392] [warning] Couldn't find file 'talus.vtp'.
[2025-12-01 15:00:18.392] [warning] Couldn't find file 'foot.vtp'.
[2025-12-01 15:00:18.392] [warning] Couldn't find file 'bofoot.vtp'.
[2025-12-01 15:00:18.392] [warning] Couldn't find file 'l_femur.vtp'.
[2025-12-01 15:00:18.392] [warning] Couldn't find file 'l_tibia.vtp'.
[2025-12-01 15:00:18.392] [warning] Couldn't find file 'l_fibula.vtp'.
[2025-12-01 15:00:18.392] [warning] Couldn't find file 'l_talus.vtp'.
[2025-12-01 15:00:18.393] [warning] Couldn't find file 'l_foot.vtp'.
[2025-12-01 15:00:18.393] [warning] Couldn't find file 'l_bofoot.vtp'.
[2025-12-01 15:00:18.393] [warning] Couldn't find file 'hat_spine.vtp'.
[2025-12-01 15:00:18.393] [warning] Couldn't find file 'hat_jaw.vtp'.
[2025-12-01 15:00:18.393] [warning] Couldn't find file 'hat_skull.vtp'.
[2025-12-01 15:00:18.393] [warning] Couldn't find file 'hat_ribs_scap.vtp'.
[2025-12-01 15:00:29.975] [info] Loaded model SUBJ06_AdaptedForPredSim from file C:\Users\menth\Documents\Programmas\PredSim\Subjects\SUBJ06mtu3D\SUBJ06mtu3D.osim
[2025-12-01 15:00:29.975] [warning] Couldn't find file 'sacrum.vtp'.
[2025-12-01 15:00:29.976] [warning] Couldn't find file 'pelvis.vtp'.
[2025-12-01 15:00:29.976] [warning] Couldn't find file 'l_pelvis.vtp'.
[2025-12-01 15:00:29.976] [warning] Couldn't find file 'r_femur.vtp'.
[2025-12-01 15:00:29.976] [warning] Couldn't find file 'r_tibia.vtp'.
[2025-12-01 15:00:29.976] [warning] Couldn't find file 'fibula.vtp'.
[2025-12-01 15:00:29.976] [warning] Couldn't find file 'talus.vtp'.
[2025-12-01 15:00:29.976] [warning] Couldn't find file 'foot.vtp'.
[2025-12-01 15:00:29.977] [warning] Couldn't find file 'bofoot.vtp'.
[2025-12-01 15:00:29.977] [warning] Couldn't find file 'l_femur.vtp'.
[2025-12-01 15:00:29.977] [warning] Couldn't find file 'l_tibia.vtp'.
[2025-12-01 15:00:29.977] [warning] Couldn't find file 'l_fibula.vtp'.
[2025-12-01 15:00:29.977] [warning] Couldn't find file 'l_talus.vtp'.
[2025-12-01 15:00:29.977] [warning] Couldn't find file 'l_foot.vtp'.
[2025-12-01 15:00:29.977] [warning] Couldn't find file 'l_bofoot.vtp'.
[2025-12-01 15:00:29.978] [warning] Couldn't find file 'hat_spine.vtp'.
[2025-12-01 15:00:29.978] [warning] Couldn't find file 'hat_jaw.vtp'.
[2025-12-01 15:00:29.978] [warning] Couldn't find file 'hat_skull.vtp'.
[2025-12-01 15:00:29.978] [warning] Couldn't find file 'hat_ribs_scap.vtp'.
[2025-12-01 15:12:28.952] [info] Loaded model SUBJ06_AdaptedForPredSim from file C:\Users\menth\Documents\Programmas\PredSim\Subjects\SUBJ06mtu3D\SUBJ06mtu3D.osim
[2025-12-01 15:12:28.953] [warning] Couldn't find file 'sacrum.vtp'.
[2025-12-01 15:12:28.953] [warning] Couldn't find file 'pelvis.vtp'.
[2025-12-01 15:12:28.953] [warning] Couldn't find file 'l_pelvis.vtp'.
[2025-12-01 15:12:28.953] [warning] Couldn't find file 'r_femur.vtp'.
[2025-12-01 15:12:28.953] [warning] Couldn't find file 'r_tibia.vtp'.
[2025-12-01 15:12:28.953] [warning] Couldn't find file 'fibula.vtp'.
[2025-12-01 15:12:28.953] [warning] Couldn't find file 'talus.vtp'.
[2025-12-01 15:12:28.953] [warning] Couldn't find file 'foot.vtp'.
[2025-12-01 15:12:28.953] [warning] Couldn't find file 'bofoot.vtp'.
[2025-12-01 15:12:28.953] [warning] Couldn't find file 'l_femur.vtp'.
[2025-12-01 15:12:28.954] [warning] Couldn't find file 'l_tibia.vtp'.
[2025-12-01 15:12:28.954] [warning] Couldn't find file 'l_fibula.vtp'.
[2025-12-01 15:12:28.954] [warning] Couldn't find file 'l_talus.vtp'.
[2025-12-01 15:12:28.954] [warning] Couldn't find file 'l_foot.vtp'.
[2025-12-01 15:12:28.954] [warning] Couldn't find file 'l_bofoot.vtp'.
[2025-12-01 15:12:28.954] [warning] Couldn't find file 'hat_spine.vtp'.
[2025-12-01 15:12:28.954] [warning] Couldn't find file 'hat_jaw.vtp'.
[2025-12-01 15:12:28.954] [warning] Couldn't find file 'hat_skull.vtp'.
[2025-12-01 15:12:28.954] [warning] Couldn't find file 'hat_ribs_scap.vtp'.
[2025-12-01 15:12:40.076] [info] Loaded model SUBJ06_AdaptedForPredSim from file C:\Users\menth\Documents\Programmas\PredSim\Subjects\SUBJ06mtu3D\SUBJ06mtu3D.osim
[2025-12-01 15:12:40.077] [warning] Couldn't find file 'sacrum.vtp'.
[2025-12-01 15:12:40.077] [warning] Couldn't find file 'pelvis.vtp'.
[2025-12-01 15:12:40.077] [warning] Couldn't find file 'l_pelvis.vtp'.
[2025-12-01 15:12:40.077] [warning] Couldn't find file 'r_femur.vtp'.
[2025-12-01 15:12:40.077] [warning] Couldn't find file 'r_tibia.vtp'.
[2025-12-01 15:12:40.077] [warning] Couldn't find file 'fibula.vtp'.
[2025-12-01 15:12:40.077] [warning] Couldn't find file 'talus.vtp'.
[2025-12-01 15:12:40.077] [warning] Couldn't find file 'foot.vtp'.
[2025-12-01 15:12:40.077] [warning] Couldn't find file 'bofoot.vtp'.
[2025-12-01 15:12:40.077] [warning] Couldn't find file 'l_femur.vtp'.
[2025-12-01 15:12:40.077] [warning] Couldn't find file 'l_tibia.vtp'.
[2025-12-01 15:12:40.077] [warning] Couldn't find file 'l_fibula.vtp'.
[2025-12-01 15:12:40.078] [warning] Couldn't find file 'l_talus.vtp'.
[2025-12-01 15:12:40.078] [warning] Couldn't find file 'l_foot.vtp'.
[2025-12-01 15:12:40.078] [warning] Couldn't find file 'l_bofoot.vtp'.
[2025-12-01 15:12:40.078] [warning] Couldn't find file 'hat_spine.vtp'.
[2025-12-01 15:12:40.078] [warning] Couldn't find file 'hat_jaw.vtp'.
[2025-12-01 15:12:40.078] [warning] Couldn't find file 'hat_skull.vtp'.
[2025-12-01 15:12:40.078] [warning] Couldn't find file 'hat_ribs_scap.vtp'.
[2025-12-01 15:12:51.078] [info] Loaded model SUBJ06_AdaptedForPredSim from file C:\Users\menth\Documents\Programmas\PredSim\Subjects\SUBJ06mtu3D\SUBJ06mtu3D.osim
[2025-12-01 15:12:51.078] [warning] Couldn't find file 'sacrum.vtp'.
[2025-12-01 15:12:51.079] [warning] Couldn't find file 'pelvis.vtp'.
[2025-12-01 15:12:51.079] [warning] Couldn't find file 'l_pelvis.vtp'.
[2025-12-01 15:12:51.079] [warning] Couldn't find file 'r_femur.vtp'.
[2025-12-01 15:12:51.079] [warning] Couldn't find file 'r_tibia.vtp'.
[2025-12-01 15:12:51.079] [warning] Couldn't find file 'fibula.vtp'.
[2025-12-01 15:12:51.079] [warning] Couldn't find file 'talus.vtp'.
[2025-12-01 15:12:51.079] [warning] Couldn't find file 'foot.vtp'.
[2025-12-01 15:12:51.079] [warning] Couldn't find file 'bofoot.vtp'.
[2025-12-01 15:12:51.079] [warning] Couldn't find file 'l_femur.vtp'.
[2025-12-01 15:12:51.080] [warning] Couldn't find file 'l_tibia.vtp'.
[2025-12-01 15:12:51.080] [warning] Couldn't find file 'l_fibula.vtp'.
[2025-12-01 15:12:51.080] [warning] Couldn't find file 'l_talus.vtp'.
[2025-12-01 15:12:51.080] [warning] Couldn't find file 'l_foot.vtp'.
[2025-12-01 15:12:51.080] [warning] Couldn't find file 'l_bofoot.vtp'.
[2025-12-01 15:12:51.080] [warning] Couldn't find file 'hat_spine.vtp'.
[2025-12-01 15:12:51.080] [warning] Couldn't find file 'hat_jaw.vtp'.
[2025-12-01 15:12:51.080] [warning] Couldn't find file 'hat_skull.vtp'.
[2025-12-01 15:12:51.080] [warning] Couldn't find file 'hat_ribs_scap.vtp'.
[2025-12-01 15:13:02.096] [info] Loaded model SUBJ06_AdaptedForPredSim from file C:\Users\menth\Documents\Programmas\PredSim\Subjects\SUBJ06mtu3D\SUBJ06mtu3D.osim
[2025-12-01 15:13:02.096] [warning] Couldn't find file 'sacrum.vtp'.
[2025-12-01 15:13:02.097] [warning] Couldn't find file 'pelvis.vtp'.
[2025-12-01 15:13:02.097] [warning] Couldn't find file 'l_pelvis.vtp'.
[2025-12-01 15:13:02.097] [warning] Couldn't find file 'r_femur.vtp'.
[2025-12-01 15:13:02.097] [warning] Couldn't find file 'r_tibia.vtp'.
[2025-12-01 15:13:02.097] [warning] Couldn't find file 'fibula.vtp'.
[2025-12-01 15:13:02.097] [warning] Couldn't find file 'talus.vtp'.
[2025-12-01 15:13:02.097] [warning] Couldn't find file 'foot.vtp'.
[2025-12-01 15:13:02.097] [warning] Couldn't find file 'bofoot.vtp'.
[2025-12-01 15:13:02.098] [warning] Couldn't find file 'l_femur.vtp'.
[2025-12-01 15:13:02.098] [warning] Couldn't find file 'l_tibia.vtp'.
[2025-12-01 15:13:02.098] [warning] Couldn't find file 'l_fibula.vtp'.
[2025-12-01 15:13:02.098] [warning] Couldn't find file 'l_talus.vtp'.
[2025-12-01 15:13:02.098] [warning] Couldn't find file 'l_foot.vtp'.
[2025-12-01 15:13:02.098] [warning] Couldn't find file 'l_bofoot.vtp'.
[2025-12-01 15:13:02.098] [warning] Couldn't find file 'hat_spine.vtp'.
[2025-12-01 15:13:02.098] [warning] Couldn't find file 'hat_jaw.vtp'.
[2025-12-01 15:13:02.098] [warning] Couldn't find file 'hat_skull.vtp'.
[2025-12-01 15:13:02.099] [warning] Couldn't find file 'hat_ribs_scap.vtp'.
[2025-12-01 15:13:13.369] [info] Loaded model SUBJ06_AdaptedForPredSim from file C:\Users\menth\Documents\Programmas\PredSim\Subjects\SUBJ06mtu3D\SUBJ06mtu3D.osim
[2025-12-01 15:13:13.370] [warning] Couldn't find file 'sacrum.vtp'.
[2025-12-01 15:13:13.370] [warning] Couldn't find file 'pelvis.vtp'.
[2025-12-01 15:13:13.370] [warning] Couldn't find file 'l_pelvis.vtp'.
[2025-12-01 15:13:13.370] [warning] Couldn't find file 'r_femur.vtp'.
[2025-12-01 15:13:13.370] [warning] Couldn't find file 'r_tibia.vtp'.
[2025-12-01 15:13:13.370] [warning] Couldn't find file 'fibula.vtp'.
[2025-12-01 15:13:13.371] [warning] Couldn't find file 'talus.vtp'.
[2025-12-01 15:13:13.371] [warning] Couldn't find file 'foot.vtp'.
[2025-12-01 15:13:13.371] [warning] Couldn't find file 'bofoot.vtp'.
[2025-12-01 15:13:13.371] [warning] Couldn't find file 'l_femur.vtp'.
[2025-12-01 15:13:13.371] [warning] Couldn't find file 'l_tibia.vtp'.
[2025-12-01 15:13:13.371] [warning] Couldn't find file 'l_fibula.vtp'.
[2025-12-01 15:13:13.371] [warning] Couldn't find file 'l_talus.vtp'.
[2025-12-01 15:13:13.372] [warning] Couldn't find file 'l_foot.vtp'.
[2025-12-01 15:13:13.372] [warning] Couldn't find file 'l_bofoot.vtp'.
[2025-12-01 15:13:13.372] [warning] Couldn't find file 'hat_spine.vtp'.
[2025-12-01 15:13:13.372] [warning] Couldn't find file 'hat_jaw.vtp'.
[2025-12-01 15:13:13.372] [warning] Couldn't find file 'hat_skull.vtp'.
[2025-12-01 15:13:13.372] [warning] Couldn't find file 'hat_ribs_scap.vtp'.
[2025-12-01 15:13:24.619] [info] Loaded model SUBJ06_AdaptedForPredSim from file C:\Users\menth\Documents\Programmas\PredSim\Subjects\SUBJ06mtu3D\SUBJ06mtu3D.osim
[2025-12-01 15:13:24.620] [warning] Couldn't find file 'sacrum.vtp'.
[2025-12-01 15:13:24.620] [warning] Couldn't find file 'pelvis.vtp'.
[2025-12-01 15:13:24.620] [warning] Couldn't find file 'l_pelvis.vtp'.
[2025-12-01 15:13:24.620] [warning] Couldn't find file 'r_femur.vtp'.
[2025-12-01 15:13:24.620] [warning] Couldn't find file 'r_tibia.vtp'.
[2025-12-01 15:13:24.620] [warning] Couldn't find file 'fibula.vtp'.
[2025-12-01 15:13:24.621] [warning] Couldn't find file 'talus.vtp'.
[2025-12-01 15:13:24.621] [warning] Couldn't find file 'foot.vtp'.
[2025-12-01 15:13:24.621] [warning] Couldn't find file 'bofoot.vtp'.
[2025-12-01 15:13:24.621] [warning] Couldn't find file 'l_femur.vtp'.
[2025-12-01 15:13:24.621] [warning] Couldn't find file 'l_tibia.vtp'.
[2025-12-01 15:13:24.621] [warning] Couldn't find file 'l_fibula.vtp'.
[2025-12-01 15:13:24.621] [warning] Couldn't find file 'l_talus.vtp'.
[2025-12-01 15:13:24.621] [warning] Couldn't find file 'l_foot.vtp'.
[2025-12-01 15:13:24.622] [warning] Couldn't find file 'l_bofoot.vtp'.
[2025-12-01 15:13:24.622] [warning] Couldn't find file 'hat_spine.vtp'.
[2025-12-01 15:13:24.622] [warning] Couldn't find file 'hat_jaw.vtp'.
[2025-12-01 15:13:24.622] [warning] Couldn't find file 'hat_skull.vtp'.
[2025-12-01 15:13:24.622] [warning] Couldn't find file 'hat_ribs_scap.vtp'.
[2025-12-01 15:13:36.020] [info] Loaded model SUBJ06_AdaptedForPredSim from file C:\Users\menth\Documents\Programmas\PredSim\Subjects\SUBJ06mtu3D\SUBJ06mtu3D.osim
[2025-12-01 15:13:36.021] [warning] Couldn't find file 'sacrum.vtp'.
[2025-12-01 15:13:36.021] [warning] Couldn't find file 'pelvis.vtp'.
[2025-12-01 15:13:36.021] [warning] Couldn't find file 'l_pelvis.vtp'.
[2025-12-01 15:13:36.021] [warning] Couldn't find file 'r_femur.vtp'.
[2025-12-01 15:13:36.021] [warning] Couldn't find file 'r_tibia.vtp'.
[2025-12-01 15:13:36.021] [warning] Couldn't find file 'fibula.vtp'.
[2025-12-01 15:13:36.022] [warning] Couldn't find file 'talus.vtp'.
[2025-12-01 15:13:36.022] [warning] Couldn't find file 'foot.vtp'.
[2025-12-01 15:13:36.022] [warning] Couldn't find file 'bofoot.vtp'.
[2025-12-01 15:13:36.022] [warning] Couldn't find file 'l_femur.vtp'.
[2025-12-01 15:13:36.022] [warning] Couldn't find file 'l_tibia.vtp'.
[2025-12-01 15:13:36.022] [warning] Couldn't find file 'l_fibula.vtp'.
[2025-12-01 15:13:36.022] [warning] Couldn't find file 'l_talus.vtp'.
[2025-12-01 15:13:36.023] [warning] Couldn't find file 'l_foot.vtp'.
[2025-12-01 15:13:36.023] [warning] Couldn't find file 'l_bofoot.vtp'.
[2025-12-01 15:13:36.023] [warning] Couldn't find file 'hat_spine.vtp'.
[2025-12-01 15:13:36.023] [warning] Couldn't find file 'hat_jaw.vtp'.
[2025-12-01 15:13:36.023] [warning] Couldn't find file 'hat_skull.vtp'.
[2025-12-01 15:13:36.023] [warning] Couldn't find file 'hat_ribs_scap.vtp'.
[2025-12-01 15:13:47.478] [info] Loaded model SUBJ06_AdaptedForPredSim from file C:\Users\menth\Documents\Programmas\PredSim\Subjects\SUBJ06mtu3D\SUBJ06mtu3D.osim
[2025-12-01 15:13:47.479] [warning] Couldn't find file 'sacrum.vtp'.
[2025-12-01 15:13:47.479] [warning] Couldn't find file 'pelvis.vtp'.
[2025-12-01 15:13:47.479] [warning] Couldn't find file 'l_pelvis.vtp'.
[2025-12-01 15:13:47.479] [warning] Couldn't find file 'r_femur.vtp'.
[2025-12-01 15:13:47.479] [warning] Couldn't find file 'r_tibia.vtp'.
[2025-12-01 15:13:47.479] [warning] Couldn't find file 'fibula.vtp'.
[2025-12-01 15:13:47.479] [warning] Couldn't find file 'talus.vtp'.
[2025-12-01 15:13:47.479] [warning] Couldn't find file 'foot.vtp'.
[2025-12-01 15:13:47.480] [warning] Couldn't find file 'bofoot.vtp'.
[2025-12-01 15:13:47.480] [warning] Couldn't find file 'l_femur.vtp'.
[2025-12-01 15:13:47.480] [warning] Couldn't find file 'l_tibia.vtp'.
[2025-12-01 15:13:47.480] [warning] Couldn't find file 'l_fibula.vtp'.
[2025-12-01 15:13:47.480] [warning] Couldn't find file 'l_talus.vtp'.
[2025-12-01 15:13:47.480] [warning] Couldn't find file 'l_foot.vtp'.
[2025-12-01 15:13:47.480] [warning] Couldn't find file 'l_bofoot.vtp'.
[2025-12-01 15:13:47.480] [warning] Couldn't find file 'hat_spine.vtp'.
[2025-12-01 15:13:47.480] [warning] Couldn't find file 'hat_jaw.vtp'.
[2025-12-01 15:13:47.481] [warning] Couldn't find file 'hat_skull.vtp'.
[2025-12-01 15:13:47.481] [warning] Couldn't find file 'hat_ribs_scap.vtp'.
[2025-12-01 15:39:45.035] [info] Loaded model SUBJ06_AdaptedForPredSim from file C:\Users\menth\Documents\Programmas\PredSim\Subjects\SUBJ06mtu3D\SUBJ06mtu3D.osim
[2025-12-01 15:39:45.035] [warning] Couldn't find file 'sacrum.vtp'.
[2025-12-01 15:39:45.036] [warning] Couldn't find file 'pelvis.vtp'.
[2025-12-01 15:39:45.036] [warning] Couldn't find file 'l_pelvis.vtp'.
[2025-12-01 15:39:45.036] [warning] Couldn't find file 'r_femur.vtp'.
[2025-12-01 15:39:45.036] [warning] Couldn't find file 'r_tibia.vtp'.
[2025-12-01 15:39:45.036] [warning] Couldn't find file 'fibula.vtp'.
[2025-12-01 15:39:45.036] [warning] Couldn't find file 'talus.vtp'.
[2025-12-01 15:39:45.036] [warning] Couldn't find file 'foot.vtp'.
[2025-12-01 15:39:45.037] [warning] Couldn't find file 'bofoot.vtp'.
[2025-12-01 15:39:45.037] [warning] Couldn't find file 'l_femur.vtp'.
[2025-12-01 15:39:45.037] [warning] Couldn't find file 'l_tibia.vtp'.
[2025-12-01 15:39:45.037] [warning] Couldn't find file 'l_fibula.vtp'.
[2025-12-01 15:39:45.038] [warning] Couldn't find file 'l_talus.vtp'.
[2025-12-01 15:39:45.038] [warning] Couldn't find file 'l_foot.vtp'.
[2025-12-01 15:39:45.038] [warning] Couldn't find file 'l_bofoot.vtp'.
[2025-12-01 15:39:45.038] [warning] Couldn't find file 'hat_spine.vtp'.
[2025-12-01 15:39:45.038] [warning] Couldn't find file 'hat_jaw.vtp'.
[2025-12-01 15:39:45.038] [warning] Couldn't find file 'hat_skull.vtp'.
[2025-12-01 15:39:45.038] [warning] Couldn't find file 'hat_ribs_scap.vtp'.
[2025-12-01 15:39:56.171] [info] Loaded model SUBJ06_AdaptedForPredSim from file C:\Users\menth\Documents\Programmas\PredSim\Subjects\SUBJ06mtu3D\SUBJ06mtu3D.osim
[2025-12-01 15:39:56.171] [warning] Couldn't find file 'sacrum.vtp'.
[2025-12-01 15:39:56.171] [warning] Couldn't find file 'pelvis.vtp'.
[2025-12-01 15:39:56.171] [warning] Couldn't find file 'l_pelvis.vtp'.
[2025-12-01 15:39:56.171] [warning] Couldn't find file 'r_femur.vtp'.
[2025-12-01 15:39:56.171] [warning] Couldn't find file 'r_tibia.vtp'.
[2025-12-01 15:39:56.171] [warning] Couldn't find file 'fibula.vtp'.
[2025-12-01 15:39:56.171] [warning] Couldn't find file 'talus.vtp'.
[2025-12-01 15:39:56.172] [warning] Couldn't find file 'foot.vtp'.
[2025-12-01 15:39:56.172] [warning] Couldn't find file 'bofoot.vtp'.
[2025-12-01 15:39:56.172] [warning] Couldn't find file 'l_femur.vtp'.
[2025-12-01 15:39:56.172] [warning] Couldn't find file 'l_tibia.vtp'.
[2025-12-01 15:39:56.172] [warning] Couldn't find file 'l_fibula.vtp'.
[2025-12-01 15:39:56.172] [warning] Couldn't find file 'l_talus.vtp'.
[2025-12-01 15:39:56.172] [warning] Couldn't find file 'l_foot.vtp'.
[2025-12-01 15:39:56.172] [warning] Couldn't find file 'l_bofoot.vtp'.
[2025-12-01 15:39:56.172] [warning] Couldn't find file 'hat_spine.vtp'.
[2025-12-01 15:39:56.172] [warning] Couldn't find file 'hat_jaw.vtp'.
[2025-12-01 15:39:56.172] [warning] Couldn't find file 'hat_skull.vtp'.
[2025-12-01 15:39:56.172] [warning] Couldn't find file 'hat_ribs_scap.vtp'.
[2025-12-01 15:40:07.108] [info] Loaded model SUBJ06_AdaptedForPredSim from file C:\Users\menth\Documents\Programmas\PredSim\Subjects\SUBJ06mtu3D\SUBJ06mtu3D.osim
[2025-12-01 15:40:07.109] [warning] Couldn't find file 'sacrum.vtp'.
[2025-12-01 15:40:07.109] [warning] Couldn't find file 'pelvis.vtp'.
[2025-12-01 15:40:07.109] [warning] Couldn't find file 'l_pelvis.vtp'.
[2025-12-01 15:40:07.109] [warning] Couldn't find file 'r_femur.vtp'.
[2025-12-01 15:40:07.109] [warning] Couldn't find file 'r_tibia.vtp'.
[2025-12-01 15:40:07.109] [warning] Couldn't find file 'fibula.vtp'.
[2025-12-01 15:40:07.109] [warning] Couldn't find file 'talus.vtp'.
[2025-12-01 15:40:07.109] [warning] Couldn't find file 'foot.vtp'.
[2025-12-01 15:40:07.109] [warning] Couldn't find file 'bofoot.vtp'.
[2025-12-01 15:40:07.109] [warning] Couldn't find file 'l_femur.vtp'.
[2025-12-01 15:40:07.109] [warning] Couldn't find file 'l_tibia.vtp'.
[2025-12-01 15:40:07.110] [warning] Couldn't find file 'l_fibula.vtp'.
[2025-12-01 15:40:07.110] [warning] Couldn't find file 'l_talus.vtp'.
[2025-12-01 15:40:07.110] [warning] Couldn't find file 'l_foot.vtp'.
[2025-12-01 15:40:07.110] [warning] Couldn't find file 'l_bofoot.vtp'.
[2025-12-01 15:40:07.110] [warning] Couldn't find file 'hat_spine.vtp'.
[2025-12-01 15:40:07.110] [warning] Couldn't find file 'hat_jaw.vtp'.
[2025-12-01 15:40:07.110] [warning] Couldn't find file 'hat_skull.vtp'.
[2025-12-01 15:40:07.110] [warning] Couldn't find file 'hat_ribs_scap.vtp'.
[2025-12-01 15:40:18.133] [info] Loaded model SUBJ06_AdaptedForPredSim from file C:\Users\menth\Documents\Programmas\PredSim\Subjects\SUBJ06mtu3D\SUBJ06mtu3D.osim
[2025-12-01 15:40:18.134] [warning] Couldn't find file 'sacrum.vtp'.
[2025-12-01 15:40:18.134] [warning] Couldn't find file 'pelvis.vtp'.
[2025-12-01 15:40:18.134] [warning] Couldn't find file 'l_pelvis.vtp'.
[2025-12-01 15:40:18.134] [warning] Couldn't find file 'r_femur.vtp'.
[2025-12-01 15:40:18.134] [warning] Couldn't find file 'r_tibia.vtp'.
[2025-12-01 15:40:18.134] [warning] Couldn't find file 'fibula.vtp'.
[2025-12-01 15:40:18.134] [warning] Couldn't find file 'talus.vtp'.
[2025-12-01 15:40:18.134] [warning] Couldn't find file 'foot.vtp'.
[2025-12-01 15:40:18.135] [warning] Couldn't find file 'bofoot.vtp'.
[2025-12-01 15:40:18.135] [warning] Couldn't find file 'l_femur.vtp'.
[2025-12-01 15:40:18.135] [warning] Couldn't find file 'l_tibia.vtp'.
[2025-12-01 15:40:18.135] [warning] Couldn't find file 'l_fibula.vtp'.
[2025-12-01 15:40:18.135] [warning] Couldn't find file 'l_talus.vtp'.
[2025-12-01 15:40:18.135] [warning] Couldn't find file 'l_foot.vtp'.
[2025-12-01 15:40:18.135] [warning] Couldn't find file 'l_bofoot.vtp'.
[2025-12-01 15:40:18.135] [warning] Couldn't find file 'hat_spine.vtp'.
[2025-12-01 15:40:18.135] [warning] Couldn't find file 'hat_jaw.vtp'.
[2025-12-01 15:40:18.135] [warning] Couldn't find file 'hat_skull.vtp'.
[2025-12-01 15:40:18.135] [warning] Couldn't find file 'hat_ribs_scap.vtp'.
[2025-12-01 15:40:29.152] [info] Loaded model SUBJ06_AdaptedForPredSim from file C:\Users\menth\Documents\Programmas\PredSim\Subjects\SUBJ06mtu3D\SUBJ06mtu3D.osim
[2025-12-01 15:40:29.153] [warning] Couldn't find file 'sacrum.vtp'.
[2025-12-01 15:40:29.153] [warning] Couldn't find file 'pelvis.vtp'.
[2025-12-01 15:40:29.153] [warning] Couldn't find file 'l_pelvis.vtp'.
[2025-12-01 15:40:29.153] [warning] Couldn't find file 'r_femur.vtp'.
[2025-12-01 15:40:29.153] [warning] Couldn't find file 'r_tibia.vtp'.
[2025-12-01 15:40:29.153] [warning] Couldn't find file 'fibula.vtp'.
[2025-12-01 15:40:29.153] [warning] Couldn't find file 'talus.vtp'.
[2025-12-01 15:40:29.153] [warning] Couldn't find file 'foot.vtp'.
[2025-12-01 15:40:29.153] [warning] Couldn't find file 'bofoot.vtp'.
[2025-12-01 15:40:29.153] [warning] Couldn't find file 'l_femur.vtp'.
[2025-12-01 15:40:29.153] [warning] Couldn't find file 'l_tibia.vtp'.
[2025-12-01 15:40:29.154] [warning] Couldn't find file 'l_fibula.vtp'.
[2025-12-01 15:40:29.154] [warning] Couldn't find file 'l_talus.vtp'.
[2025-12-01 15:40:29.154] [warning] Couldn't find file 'l_foot.vtp'.
[2025-12-01 15:40:29.154] [warning] Couldn't find file 'l_bofoot.vtp'.
[2025-12-01 15:40:29.154] [warning] Couldn't find file 'hat_spine.vtp'.
[2025-12-01 15:40:29.154] [warning] Couldn't find file 'hat_jaw.vtp'.
[2025-12-01 15:40:29.154] [warning] Couldn't find file 'hat_skull.vtp'.
[2025-12-01 15:40:29.154] [warning] Couldn't find file 'hat_ribs_scap.vtp'.
[2025-12-01 15:40:40.504] [info] Loaded model SUBJ06_AdaptedForPredSim from file C:\Users\menth\Documents\Programmas\PredSim\Subjects\SUBJ06mtu3D\SUBJ06mtu3D.osim
[2025-12-01 15:40:40.504] [warning] Couldn't find file 'sacrum.vtp'.
[2025-12-01 15:40:40.505] [warning] Couldn't find file 'pelvis.vtp'.
[2025-12-01 15:40:40.505] [warning] Couldn't find file 'l_pelvis.vtp'.
[2025-12-01 15:40:40.505] [warning] Couldn't find file 'r_femur.vtp'.
[2025-12-01 15:40:40.505] [warning] Couldn't find file 'r_tibia.vtp'.
[2025-12-01 15:40:40.505] [warning] Couldn't find file 'fibula.vtp'.
[2025-12-01 15:40:40.505] [warning] Couldn't find file 'talus.vtp'.
[2025-12-01 15:40:40.505] [warning] Couldn't find file 'foot.vtp'.
[2025-12-01 15:40:40.505] [warning] Couldn't find file 'bofoot.vtp'.
[2025-12-01 15:40:40.505] [warning] Couldn't find file 'l_femur.vtp'.
[2025-12-01 15:40:40.506] [warning] Couldn't find file 'l_tibia.vtp'.
[2025-12-01 15:40:40.506] [warning] Couldn't find file 'l_fibula.vtp'.
[2025-12-01 15:40:40.506] [warning] Couldn't find file 'l_talus.vtp'.
[2025-12-01 15:40:40.506] [warning] Couldn't find file 'l_foot.vtp'.
[2025-12-01 15:40:40.506] [warning] Couldn't find file 'l_bofoot.vtp'.
[2025-12-01 15:40:40.506] [warning] Couldn't find file 'hat_spine.vtp'.
[2025-12-01 15:40:40.506] [warning] Couldn't find file 'hat_jaw.vtp'.
[2025-12-01 15:40:40.506] [warning] Couldn't find file 'hat_skull.vtp'.
[2025-12-01 15:40:40.507] [warning] Couldn't find file 'hat_ribs_scap.vtp'.
[2025-12-01 15:40:51.915] [info] Loaded model SUBJ06_AdaptedForPredSim from file C:\Users\menth\Documents\Programmas\PredSim\Subjects\SUBJ06mtu3D\SUBJ06mtu3D.osim
[2025-12-01 15:40:51.915] [warning] Couldn't find file 'sacrum.vtp'.
[2025-12-01 15:40:51.916] [warning] Couldn't find file 'pelvis.vtp'.
[2025-12-01 15:40:51.916] [warning] Couldn't find file 'l_pelvis.vtp'.
[2025-12-01 15:40:51.916] [warning] Couldn't find file 'r_femur.vtp'.
[2025-12-01 15:40:51.916] [warning] Couldn't find file 'r_tibia.vtp'.
[2025-12-01 15:40:51.916] [warning] Couldn't find file 'fibula.vtp'.
[2025-12-01 15:40:51.916] [warning] Couldn't find file 'talus.vtp'.
[2025-12-01 15:40:51.917] [warning] Couldn't find file 'foot.vtp'.
[2025-12-01 15:40:51.917] [warning] Couldn't find file 'bofoot.vtp'.
[2025-12-01 15:40:51.917] [warning] Couldn't find file 'l_femur.vtp'.
[2025-12-01 15:40:51.917] [warning] Couldn't find file 'l_tibia.vtp'.
[2025-12-01 15:40:51.917] [warning] Couldn't find file 'l_fibula.vtp'.
[2025-12-01 15:40:51.917] [warning] Couldn't find file 'l_talus.vtp'.
[2025-12-01 15:40:51.918] [warning] Couldn't find file 'l_foot.vtp'.
[2025-12-01 15:40:51.918] [warning] Couldn't find file 'l_bofoot.vtp'.
[2025-12-01 15:40:51.918] [warning] Couldn't find file 'hat_spine.vtp'.
[2025-12-01 15:40:51.918] [warning] Couldn't find file 'hat_jaw.vtp'.
[2025-12-01 15:40:51.918] [warning] Couldn't find file 'hat_skull.vtp'.
[2025-12-01 15:40:51.918] [warning] Couldn't find file 'hat_ribs_scap.vtp'.
[2025-12-01 15:41:03.348] [info] Loaded model SUBJ06_AdaptedForPredSim from file C:\Users\menth\Documents\Programmas\PredSim\Subjects\SUBJ06mtu3D\SUBJ06mtu3D.osim
[2025-12-01 15:41:03.349] [warning] Couldn't find file 'sacrum.vtp'.
[2025-12-01 15:41:03.349] [warning] Couldn't find file 'pelvis.vtp'.
[2025-12-01 15:41:03.349] [warning] Couldn't find file 'l_pelvis.vtp'.
[2025-12-01 15:41:03.349] [warning] Couldn't find file 'r_femur.vtp'.
[2025-12-01 15:41:03.349] [warning] Couldn't find file 'r_tibia.vtp'.
[2025-12-01 15:41:03.349] [warning] Couldn't find file 'fibula.vtp'.
[2025-12-01 15:41:03.349] [warning] Couldn't find file 'talus.vtp'.
[2025-12-01 15:41:03.350] [warning] Couldn't find file 'foot.vtp'.
[2025-12-01 15:41:03.350] [warning] Couldn't find file 'bofoot.vtp'.
[2025-12-01 15:41:03.350] [warning] Couldn't find file 'l_femur.vtp'.
[2025-12-01 15:41:03.350] [warning] Couldn't find file 'l_tibia.vtp'.
[2025-12-01 15:41:03.350] [warning] Couldn't find file 'l_fibula.vtp'.
[2025-12-01 15:41:03.350] [warning] Couldn't find file 'l_talus.vtp'.
[2025-12-01 15:41:03.350] [warning] Couldn't find file 'l_foot.vtp'.
[2025-12-01 15:41:03.351] [warning] Couldn't find file 'l_bofoot.vtp'.
[2025-12-01 15:41:03.351] [warning] Couldn't find file 'hat_spine.vtp'.
[2025-12-01 15:41:03.351] [warning] Couldn't find file 'hat_jaw.vtp'.
[2025-12-01 15:41:03.351] [warning] Couldn't find file 'hat_skull.vtp'.
[2025-12-01 15:41:03.351] [warning] Couldn't find file 'hat_ribs_scap.vtp'.
[2025-12-01 15:55:38.817] [info] Loaded model SUBJ06_AdaptedForPredSim from file C:\Users\menth\Documents\Programmas\PredSim\Subjects\SUBJ06mtu3D\SUBJ06mtu3D.osim
[2025-12-01 15:55:38.817] [warning] Couldn't find file 'sacrum.vtp'.
[2025-12-01 15:55:38.817] [warning] Couldn't find file 'pelvis.vtp'.
[2025-12-01 15:55:38.818] [warning] Couldn't find file 'l_pelvis.vtp'.
[2025-12-01 15:55:38.818] [warning] Couldn't find file 'r_femur.vtp'.
[2025-12-01 15:55:38.818] [warning] Couldn't find file 'r_tibia.vtp'.
[2025-12-01 15:55:38.818] [warning] Couldn't find file 'fibula.vtp'.
[2025-12-01 15:55:38.818] [warning] Couldn't find file 'talus.vtp'.
[2025-12-01 15:55:38.818] [warning] Couldn't find file 'foot.vtp'.
[2025-12-01 15:55:38.818] [warning] Couldn't find file 'bofoot.vtp'.
[2025-12-01 15:55:38.818] [warning] Couldn't find file 'l_femur.vtp'.
[2025-12-01 15:55:38.818] [warning] Couldn't find file 'l_tibia.vtp'.
[2025-12-01 15:55:38.818] [warning] Couldn't find file 'l_fibula.vtp'.
[2025-12-01 15:55:38.818] [warning] Couldn't find file 'l_talus.vtp'.
[2025-12-01 15:55:38.818] [warning] Couldn't find file 'l_foot.vtp'.
[2025-12-01 15:55:38.818] [warning] Couldn't find file 'l_bofoot.vtp'.
[2025-12-01 15:55:38.818] [warning] Couldn't find file 'hat_spine.vtp'.
[2025-12-01 15:55:38.819] [warning] Couldn't find file 'hat_jaw.vtp'.
[2025-12-01 15:55:38.819] [warning] Couldn't find file 'hat_skull.vtp'.
[2025-12-01 15:55:38.819] [warning] Couldn't find file 'hat_ribs_scap.vtp'.
[2025-12-01 15:55:50.304] [info] Loaded model SUBJ06_AdaptedForPredSim from file C:\Users\menth\Documents\Programmas\PredSim\Subjects\SUBJ06mtu3D\SUBJ06mtu3D.osim
[2025-12-01 15:55:50.304] [warning] Couldn't find file 'sacrum.vtp'.
[2025-12-01 15:55:50.304] [warning] Couldn't find file 'pelvis.vtp'.
[2025-12-01 15:55:50.304] [warning] Couldn't find file 'l_pelvis.vtp'.
[2025-12-01 15:55:50.305] [warning] Couldn't find file 'r_femur.vtp'.
[2025-12-01 15:55:50.305] [warning] Couldn't find file 'r_tibia.vtp'.
[2025-12-01 15:55:50.305] [warning] Couldn't find file 'fibula.vtp'.
[2025-12-01 15:55:50.305] [warning] Couldn't find file 'talus.vtp'.
[2025-12-01 15:55:50.305] [warning] Couldn't find file 'foot.vtp'.
[2025-12-01 15:55:50.305] [warning] Couldn't find file 'bofoot.vtp'.
[2025-12-01 15:55:50.305] [warning] Couldn't find file 'l_femur.vtp'.
[2025-12-01 15:55:50.305] [warning] Couldn't find file 'l_tibia.vtp'.
[2025-12-01 15:55:50.305] [warning] Couldn't find file 'l_fibula.vtp'.
[2025-12-01 15:55:50.305] [warning] Couldn't find file 'l_talus.vtp'.
[2025-12-01 15:55:50.306] [warning] Couldn't find file 'l_foot.vtp'.
[2025-12-01 15:55:50.306] [warning] Couldn't find file 'l_bofoot.vtp'.
[2025-12-01 15:55:50.306] [warning] Couldn't find file 'hat_spine.vtp'.
[2025-12-01 15:55:50.306] [warning] Couldn't find file 'hat_jaw.vtp'.
[2025-12-01 15:55:50.306] [warning] Couldn't find file 'hat_skull.vtp'.
[2025-12-01 15:55:50.306] [warning] Couldn't find file 'hat_ribs_scap.vtp'.
[2025-12-01 15:56:01.423] [info] Loaded model SUBJ06_AdaptedForPredSim from file C:\Users\menth\Documents\Programmas\PredSim\Subjects\SUBJ06mtu3D\SUBJ06mtu3D.osim
[2025-12-01 15:56:01.424] [warning] Couldn't find file 'sacrum.vtp'.
[2025-12-01 15:56:01.424] [warning] Couldn't find file 'pelvis.vtp'.
[2025-12-01 15:56:01.424] [warning] Couldn't find file 'l_pelvis.vtp'.
[2025-12-01 15:56:01.424] [warning] Couldn't find file 'r_femur.vtp'.
[2025-12-01 15:56:01.424] [warning] Couldn't find file 'r_tibia.vtp'.
[2025-12-01 15:56:01.424] [warning] Couldn't find file 'fibula.vtp'.
[2025-12-01 15:56:01.424] [warning] Couldn't find file 'talus.vtp'.
[2025-12-01 15:56:01.424] [warning] Couldn't find file 'foot.vtp'.
[2025-12-01 15:56:01.424] [warning] Couldn't find file 'bofoot.vtp'.
[2025-12-01 15:56:01.424] [warning] Couldn't find file 'l_femur.vtp'.
[2025-12-01 15:56:01.424] [warning] Couldn't find file 'l_tibia.vtp'.
[2025-12-01 15:56:01.424] [warning] Couldn't find file 'l_fibula.vtp'.
[2025-12-01 15:56:01.425] [warning] Couldn't find file 'l_talus.vtp'.
[2025-12-01 15:56:01.425] [warning] Couldn't find file 'l_foot.vtp'.
[2025-12-01 15:56:01.425] [warning] Couldn't find file 'l_bofoot.vtp'.
[2025-12-01 15:56:01.425] [warning] Couldn't find file 'hat_spine.vtp'.
[2025-12-01 15:56:01.425] [warning] Couldn't find file 'hat_jaw.vtp'.
[2025-12-01 15:56:01.425] [warning] Couldn't find file 'hat_skull.vtp'.
[2025-12-01 15:56:01.425] [warning] Couldn't find file 'hat_ribs_scap.vtp'.
[2025-12-01 15:56:12.548] [info] Loaded model SUBJ06_AdaptedForPredSim from file C:\Users\menth\Documents\Programmas\PredSim\Subjects\SUBJ06mtu3D\SUBJ06mtu3D.osim
[2025-12-01 15:56:12.549] [warning] Couldn't find file 'sacrum.vtp'.
[2025-12-01 15:56:12.549] [warning] Couldn't find file 'pelvis.vtp'.
[2025-12-01 15:56:12.549] [warning] Couldn't find file 'l_pelvis.vtp'.
[2025-12-01 15:56:12.549] [warning] Couldn't find file 'r_femur.vtp'.
[2025-12-01 15:56:12.549] [warning] Couldn't find file 'r_tibia.vtp'.
[2025-12-01 15:56:12.549] [warning] Couldn't find file 'fibula.vtp'.
[2025-12-01 15:56:12.549] [warning] Couldn't find file 'talus.vtp'.
[2025-12-01 15:56:12.549] [warning] Couldn't find file 'foot.vtp'.
[2025-12-01 15:56:12.549] [warning] Couldn't find file 'bofoot.vtp'.
[2025-12-01 15:56:12.549] [warning] Couldn't find file 'l_femur.vtp'.
[2025-12-01 15:56:12.549] [warning] Couldn't find file 'l_tibia.vtp'.
[2025-12-01 15:56:12.549] [warning] Couldn't find file 'l_fibula.vtp'.
[2025-12-01 15:56:12.550] [warning] Couldn't find file 'l_talus.vtp'.
[2025-12-01 15:56:12.550] [warning] Couldn't find file 'l_foot.vtp'.
[2025-12-01 15:56:12.550] [warning] Couldn't find file 'l_bofoot.vtp'.
[2025-12-01 15:56:12.550] [warning] Couldn't find file 'hat_spine.vtp'.
[2025-12-01 15:56:12.550] [warning] Couldn't find file 'hat_jaw.vtp'.
[2025-12-01 15:56:12.550] [warning] Couldn't find file 'hat_skull.vtp'.
[2025-12-01 15:56:12.550] [warning] Couldn't find file 'hat_ribs_scap.vtp'.
[2025-12-01 15:56:23.703] [info] Loaded model SUBJ06_AdaptedForPredSim from file C:\Users\menth\Documents\Programmas\PredSim\Subjects\SUBJ06mtu3D\SUBJ06mtu3D.osim
[2025-12-01 15:56:23.703] [warning] Couldn't find file 'sacrum.vtp'.
[2025-12-01 15:56:23.703] [warning] Couldn't find file 'pelvis.vtp'.
[2025-12-01 15:56:23.703] [warning] Couldn't find file 'l_pelvis.vtp'.
[2025-12-01 15:56:23.703] [warning] Couldn't find file 'r_femur.vtp'.
[2025-12-01 15:56:23.703] [warning] Couldn't find file 'r_tibia.vtp'.
[2025-12-01 15:56:23.703] [warning] Couldn't find file 'fibula.vtp'.
[2025-12-01 15:56:23.704] [warning] Couldn't find file 'talus.vtp'.
[2025-12-01 15:56:23.704] [warning] Couldn't find file 'foot.vtp'.
[2025-12-01 15:56:23.704] [warning] Couldn't find file 'bofoot.vtp'.
[2025-12-01 15:56:23.704] [warning] Couldn't find file 'l_femur.vtp'.
[2025-12-01 15:56:23.704] [warning] Couldn't find file 'l_tibia.vtp'.
[2025-12-01 15:56:23.704] [warning] Couldn't find file 'l_fibula.vtp'.
[2025-12-01 15:56:23.704] [warning] Couldn't find file 'l_talus.vtp'.
[2025-12-01 15:56:23.704] [warning] Couldn't find file 'l_foot.vtp'.
[2025-12-01 15:56:23.704] [warning] Couldn't find file 'l_bofoot.vtp'.
[2025-12-01 15:56:23.704] [warning] Couldn't find file 'hat_spine.vtp'.
[2025-12-01 15:56:23.704] [warning] Couldn't find file 'hat_jaw.vtp'.
[2025-12-01 15:56:23.704] [warning] Couldn't find file 'hat_skull.vtp'.
[2025-12-01 15:56:23.704] [warning] Couldn't find file 'hat_ribs_scap.vtp'.
[2025-12-01 15:56:35.177] [info] Loaded model SUBJ06_AdaptedForPredSim from file C:\Users\menth\Documents\Programmas\PredSim\Subjects\SUBJ06mtu3D\SUBJ06mtu3D.osim
[2025-12-01 15:56:35.178] [warning] Couldn't find file 'sacrum.vtp'.
[2025-12-01 15:56:35.178] [warning] Couldn't find file 'pelvis.vtp'.
[2025-12-01 15:56:35.178] [warning] Couldn't find file 'l_pelvis.vtp'.
[2025-12-01 15:56:35.178] [warning] Couldn't find file 'r_femur.vtp'.
[2025-12-01 15:56:35.178] [warning] Couldn't find file 'r_tibia.vtp'.
[2025-12-01 15:56:35.178] [warning] Couldn't find file 'fibula.vtp'.
[2025-12-01 15:56:35.178] [warning] Couldn't find file 'talus.vtp'.
[2025-12-01 15:56:35.178] [warning] Couldn't find file 'foot.vtp'.
[2025-12-01 15:56:35.178] [warning] Couldn't find file 'bofoot.vtp'.
[2025-12-01 15:56:35.179] [warning] Couldn't find file 'l_femur.vtp'.
[2025-12-01 15:56:35.179] [warning] Couldn't find file 'l_tibia.vtp'.
[2025-12-01 15:56:35.179] [warning] Couldn't find file 'l_fibula.vtp'.
[2025-12-01 15:56:35.179] [warning] Couldn't find file 'l_talus.vtp'.
[2025-12-01 15:56:35.179] [warning] Couldn't find file 'l_foot.vtp'.
[2025-12-01 15:56:35.179] [warning] Couldn't find file 'l_bofoot.vtp'.
[2025-12-01 15:56:35.179] [warning] Couldn't find file 'hat_spine.vtp'.
[2025-12-01 15:56:35.179] [warning] Couldn't find file 'hat_jaw.vtp'.
[2025-12-01 15:56:35.179] [warning] Couldn't find file 'hat_skull.vtp'.
[2025-12-01 15:56:35.180] [warning] Couldn't find file 'hat_ribs_scap.vtp'.
[2025-12-01 15:56:46.411] [info] Loaded model SUBJ06_AdaptedForPredSim from file C:\Users\menth\Documents\Programmas\PredSim\Subjects\SUBJ06mtu3D\SUBJ06mtu3D.osim
[2025-12-01 15:56:46.412] [warning] Couldn't find file 'sacrum.vtp'.
[2025-12-01 15:56:46.412] [warning] Couldn't find file 'pelvis.vtp'.
[2025-12-01 15:56:46.412] [warning] Couldn't find file 'l_pelvis.vtp'.
[2025-12-01 15:56:46.412] [warning] Couldn't find file 'r_femur.vtp'.
[2025-12-01 15:56:46.412] [warning] Couldn't find file 'r_tibia.vtp'.
[2025-12-01 15:56:46.413] [warning] Couldn't find file 'fibula.vtp'.
[2025-12-01 15:56:46.413] [warning] Couldn't find file 'talus.vtp'.
[2025-12-01 15:56:46.413] [warning] Couldn't find file 'foot.vtp'.
[2025-12-01 15:56:46.413] [warning] Couldn't find file 'bofoot.vtp'.
[2025-12-01 15:56:46.413] [warning] Couldn't find file 'l_femur.vtp'.
[2025-12-01 15:56:46.413] [warning] Couldn't find file 'l_tibia.vtp'.
[2025-12-01 15:56:46.413] [warning] Couldn't find file 'l_fibula.vtp'.
[2025-12-01 15:56:46.413] [warning] Couldn't find file 'l_talus.vtp'.
[2025-12-01 15:56:46.414] [warning] Couldn't find file 'l_foot.vtp'.
[2025-12-01 15:56:46.414] [warning] Couldn't find file 'l_bofoot.vtp'.
[2025-12-01 15:56:46.414] [warning] Couldn't find file 'hat_spine.vtp'.
[2025-12-01 15:56:46.414] [warning] Couldn't find file 'hat_jaw.vtp'.
[2025-12-01 15:56:46.414] [warning] Couldn't find file 'hat_skull.vtp'.
[2025-12-01 15:56:46.414] [warning] Couldn't find file 'hat_ribs_scap.vtp'.
[2025-12-01 15:56:57.817] [info] Loaded model SUBJ06_AdaptedForPredSim from file C:\Users\menth\Documents\Programmas\PredSim\Subjects\SUBJ06mtu3D\SUBJ06mtu3D.osim
[2025-12-01 15:56:57.817] [warning] Couldn't find file 'sacrum.vtp'.
[2025-12-01 15:56:57.818] [warning] Couldn't find file 'pelvis.vtp'.
[2025-12-01 15:56:57.818] [warning] Couldn't find file 'l_pelvis.vtp'.
[2025-12-01 15:56:57.818] [warning] Couldn't find file 'r_femur.vtp'.
[2025-12-01 15:56:57.818] [warning] Couldn't find file 'r_tibia.vtp'.
[2025-12-01 15:56:57.818] [warning] Couldn't find file 'fibula.vtp'.
[2025-12-01 15:56:57.818] [warning] Couldn't find file 'talus.vtp'.
[2025-12-01 15:56:57.818] [warning] Couldn't find file 'foot.vtp'.
[2025-12-01 15:56:57.818] [warning] Couldn't find file 'bofoot.vtp'.
[2025-12-01 15:56:57.818] [warning] Couldn't find file 'l_femur.vtp'.
[2025-12-01 15:56:57.818] [warning] Couldn't find file 'l_tibia.vtp'.
[2025-12-01 15:56:57.818] [warning] Couldn't find file 'l_fibula.vtp'.
[2025-12-01 15:56:57.818] [warning] Couldn't find file 'l_talus.vtp'.
[2025-12-01 15:56:57.819] [warning] Couldn't find file 'l_foot.vtp'.
[2025-12-01 15:56:57.819] [warning] Couldn't find file 'l_bofoot.vtp'.
[2025-12-01 15:56:57.819] [warning] Couldn't find file 'hat_spine.vtp'.
[2025-12-01 15:56:57.819] [warning] Couldn't find file 'hat_jaw.vtp'.
[2025-12-01 15:56:57.819] [warning] Couldn't find file 'hat_skull.vtp'.
[2025-12-01 15:56:57.819] [warning] Couldn't find file 'hat_ribs_scap.vtp'.
[2025-12-01 16:14:22.284] [info] Loaded model SUBJ06_AdaptedForPredSim from file C:\Users\menth\Documents\Programmas\PredSim\Subjects\SUBJ06mtu3D\SUBJ06mtu3D.osim
[2025-12-01 16:14:22.285] [warning] Couldn't find file 'sacrum.vtp'.
[2025-12-01 16:14:22.285] [warning] Couldn't find file 'pelvis.vtp'.
[2025-12-01 16:14:22.285] [warning] Couldn't find file 'l_pelvis.vtp'.
[2025-12-01 16:14:22.285] [warning] Couldn't find file 'r_femur.vtp'.
[2025-12-01 16:14:22.285] [warning] Couldn't find file 'r_tibia.vtp'.
[2025-12-01 16:14:22.285] [warning] Couldn't find file 'fibula.vtp'.
[2025-12-01 16:14:22.285] [warning] Couldn't find file 'talus.vtp'.
[2025-12-01 16:14:22.285] [warning] Couldn't find file 'foot.vtp'.
[2025-12-01 16:14:22.285] [warning] Couldn't find file 'bofoot.vtp'.
[2025-12-01 16:14:22.285] [warning] Couldn't find file 'l_femur.vtp'.
[2025-12-01 16:14:22.285] [warning] Couldn't find file 'l_tibia.vtp'.
[2025-12-01 16:14:22.285] [warning] Couldn't find file 'l_fibula.vtp'.
[2025-12-01 16:14:22.285] [warning] Couldn't find file 'l_talus.vtp'.
[2025-12-01 16:14:22.286] [warning] Couldn't find file 'l_foot.vtp'.
[2025-12-01 16:14:22.286] [warning] Couldn't find file 'l_bofoot.vtp'.
[2025-12-01 16:14:22.286] [warning] Couldn't find file 'hat_spine.vtp'.
[2025-12-01 16:14:22.286] [warning] Couldn't find file 'hat_jaw.vtp'.
[2025-12-01 16:14:22.286] [warning] Couldn't find file 'hat_skull.vtp'.
[2025-12-01 16:14:22.286] [warning] Couldn't find file 'hat_ribs_scap.vtp'.
[2025-12-01 16:21:10.097] [info] Loaded model SUBJ06_AdaptedForPredSim from file C:\Users\menth\Documents\Programmas\PredSim\Subjects\SUBJ06mtu3D\SUBJ06mtu3D.osim
[2025-12-01 16:21:10.097] [warning] Couldn't find file 'sacrum.vtp'.
[2025-12-01 16:21:10.097] [warning] Couldn't find file 'pelvis.vtp'.
[2025-12-01 16:21:10.098] [warning] Couldn't find file 'l_pelvis.vtp'.
[2025-12-01 16:21:10.098] [warning] Couldn't find file 'r_femur.vtp'.
[2025-12-01 16:21:10.098] [warning] Couldn't find file 'r_tibia.vtp'.
[2025-12-01 16:21:10.098] [warning] Couldn't find file 'fibula.vtp'.
[2025-12-01 16:21:10.098] [warning] Couldn't find file 'talus.vtp'.
[2025-12-01 16:21:10.098] [warning] Couldn't find file 'foot.vtp'.
[2025-12-01 16:21:10.098] [warning] Couldn't find file 'bofoot.vtp'.
[2025-12-01 16:21:10.098] [warning] Couldn't find file 'l_femur.vtp'.
[2025-12-01 16:21:10.098] [warning] Couldn't find file 'l_tibia.vtp'.
[2025-12-01 16:21:10.098] [warning] Couldn't find file 'l_fibula.vtp'.
[2025-12-01 16:21:10.098] [warning] Couldn't find file 'l_talus.vtp'.
[2025-12-01 16:21:10.098] [warning] Couldn't find file 'l_foot.vtp'.
[2025-12-01 16:21:10.098] [warning] Couldn't find file 'l_bofoot.vtp'.
[2025-12-01 16:21:10.098] [warning] Couldn't find file 'hat_spine.vtp'.
[2025-12-01 16:21:10.099] [warning] Couldn't find file 'hat_jaw.vtp'.
[2025-12-01 16:21:10.099] [warning] Couldn't find file 'hat_skull.vtp'.
[2025-12-01 16:21:10.099] [warning] Couldn't find file 'hat_ribs_scap.vtp'.
[2025-12-01 16:21:21.157] [info] Loaded model SUBJ06_AdaptedForPredSim from file C:\Users\menth\Documents\Programmas\PredSim\Subjects\SUBJ06mtu3D\SUBJ06mtu3D.osim
[2025-12-01 16:21:21.157] [warning] Couldn't find file 'sacrum.vtp'.
[2025-12-01 16:21:21.157] [warning] Couldn't find file 'pelvis.vtp'.
[2025-12-01 16:21:21.157] [warning] Couldn't find file 'l_pelvis.vtp'.
[2025-12-01 16:21:21.157] [warning] Couldn't find file 'r_femur.vtp'.
[2025-12-01 16:21:21.158] [warning] Couldn't find file 'r_tibia.vtp'.
[2025-12-01 16:21:21.158] [warning] Couldn't find file 'fibula.vtp'.
[2025-12-01 16:21:21.158] [warning] Couldn't find file 'talus.vtp'.
[2025-12-01 16:21:21.158] [warning] Couldn't find file 'foot.vtp'.
[2025-12-01 16:21:21.158] [warning] Couldn't find file 'bofoot.vtp'.
[2025-12-01 16:21:21.158] [warning] Couldn't find file 'l_femur.vtp'.
[2025-12-01 16:21:21.158] [warning] Couldn't find file 'l_tibia.vtp'.
[2025-12-01 16:21:21.158] [warning] Couldn't find file 'l_fibula.vtp'.
[2025-12-01 16:21:21.158] [warning] Couldn't find file 'l_talus.vtp'.
[2025-12-01 16:21:21.158] [warning] Couldn't find file 'l_foot.vtp'.
[2025-12-01 16:21:21.158] [warning] Couldn't find file 'l_bofoot.vtp'.
[2025-12-01 16:21:21.158] [warning] Couldn't find file 'hat_spine.vtp'.
[2025-12-01 16:21:21.158] [warning] Couldn't find file 'hat_jaw.vtp'.
[2025-12-01 16:21:21.158] [warning] Couldn't find file 'hat_skull.vtp'.
[2025-12-01 16:21:21.158] [warning] Couldn't find file 'hat_ribs_scap.vtp'.
[2025-12-01 16:21:32.152] [info] Loaded model SUBJ06_AdaptedForPredSim from file C:\Users\menth\Documents\Programmas\PredSim\Subjects\SUBJ06mtu3D\SUBJ06mtu3D.osim
[2025-12-01 16:21:32.152] [warning] Couldn't find file 'sacrum.vtp'.
[2025-12-01 16:21:32.152] [warning] Couldn't find file 'pelvis.vtp'.
[2025-12-01 16:21:32.152] [warning] Couldn't find file 'l_pelvis.vtp'.
[2025-12-01 16:21:32.153] [warning] Couldn't find file 'r_femur.vtp'.
[2025-12-01 16:21:32.153] [warning] Couldn't find file 'r_tibia.vtp'.
[2025-12-01 16:21:32.153] [warning] Couldn't find file 'fibula.vtp'.
[2025-12-01 16:21:32.153] [warning] Couldn't find file 'talus.vtp'.
[2025-12-01 16:21:32.153] [warning] Couldn't find file 'foot.vtp'.
[2025-12-01 16:21:32.153] [warning] Couldn't find file 'bofoot.vtp'.
[2025-12-01 16:21:32.153] [warning] Couldn't find file 'l_femur.vtp'.
[2025-12-01 16:21:32.154] [warning] Couldn't find file 'l_tibia.vtp'.
[2025-12-01 16:21:32.154] [warning] Couldn't find file 'l_fibula.vtp'.
[2025-12-01 16:21:32.154] [warning] Couldn't find file 'l_talus.vtp'.
[2025-12-01 16:21:32.154] [warning] Couldn't find file 'l_foot.vtp'.
[2025-12-01 16:21:32.154] [warning] Couldn't find file 'l_bofoot.vtp'.
[2025-12-01 16:21:32.154] [warning] Couldn't find file 'hat_spine.vtp'.
[2025-12-01 16:21:32.155] [warning] Couldn't find file 'hat_jaw.vtp'.
[2025-12-01 16:21:32.155] [warning] Couldn't find file 'hat_skull.vtp'.
[2025-12-01 16:21:32.155] [warning] Couldn't find file 'hat_ribs_scap.vtp'.
[2025-12-01 16:21:43.476] [info] Loaded model SUBJ06_AdaptedForPredSim from file C:\Users\menth\Documents\Programmas\PredSim\Subjects\SUBJ06mtu3D\SUBJ06mtu3D.osim
[2025-12-01 16:21:43.477] [warning] Couldn't find file 'sacrum.vtp'.
[2025-12-01 16:21:43.477] [warning] Couldn't find file 'pelvis.vtp'.
[2025-12-01 16:21:43.477] [warning] Couldn't find file 'l_pelvis.vtp'.
[2025-12-01 16:21:43.477] [warning] Couldn't find file 'r_femur.vtp'.
[2025-12-01 16:21:43.477] [warning] Couldn't find file 'r_tibia.vtp'.
[2025-12-01 16:21:43.477] [warning] Couldn't find file 'fibula.vtp'.
[2025-12-01 16:21:43.477] [warning] Couldn't find file 'talus.vtp'.
[2025-12-01 16:21:43.477] [warning] Couldn't find file 'foot.vtp'.
[2025-12-01 16:21:43.477] [warning] Couldn't find file 'bofoot.vtp'.
[2025-12-01 16:21:43.477] [warning] Couldn't find file 'l_femur.vtp'.
[2025-12-01 16:21:43.477] [warning] Couldn't find file 'l_tibia.vtp'.
[2025-12-01 16:21:43.477] [warning] Couldn't find file 'l_fibula.vtp'.
[2025-12-01 16:21:43.477] [warning] Couldn't find file 'l_talus.vtp'.
[2025-12-01 16:21:43.477] [warning] Couldn't find file 'l_foot.vtp'.
[2025-12-01 16:21:43.477] [warning] Couldn't find file 'l_bofoot.vtp'.
[2025-12-01 16:21:43.478] [warning] Couldn't find file 'hat_spine.vtp'.
[2025-12-01 16:21:43.478] [warning] Couldn't find file 'hat_jaw.vtp'.
[2025-12-01 16:21:43.478] [warning] Couldn't find file 'hat_skull.vtp'.
[2025-12-01 16:21:43.478] [warning] Couldn't find file 'hat_ribs_scap.vtp'.
[2025-12-01 16:21:54.550] [info] Loaded model SUBJ06_AdaptedForPredSim from file C:\Users\menth\Documents\Programmas\PredSim\Subjects\SUBJ06mtu3D\SUBJ06mtu3D.osim
[2025-12-01 16:21:54.551] [warning] Couldn't find file 'sacrum.vtp'.
[2025-12-01 16:21:54.551] [warning] Couldn't find file 'pelvis.vtp'.
[2025-12-01 16:21:54.551] [warning] Couldn't find file 'l_pelvis.vtp'.
[2025-12-01 16:21:54.551] [warning] Couldn't find file 'r_femur.vtp'.
[2025-12-01 16:21:54.551] [warning] Couldn't find file 'r_tibia.vtp'.
[2025-12-01 16:21:54.551] [warning] Couldn't find file 'fibula.vtp'.
[2025-12-01 16:21:54.551] [warning] Couldn't find file 'talus.vtp'.
[2025-12-01 16:21:54.551] [warning] Couldn't find file 'foot.vtp'.
[2025-12-01 16:21:54.552] [warning] Couldn't find file 'bofoot.vtp'.
[2025-12-01 16:21:54.552] [warning] Couldn't find file 'l_femur.vtp'.
[2025-12-01 16:21:54.552] [warning] Couldn't find file 'l_tibia.vtp'.
[2025-12-01 16:21:54.552] [warning] Couldn't find file 'l_fibula.vtp'.
[2025-12-01 16:21:54.552] [warning] Couldn't find file 'l_talus.vtp'.
[2025-12-01 16:21:54.552] [warning] Couldn't find file 'l_foot.vtp'.
[2025-12-01 16:21:54.552] [warning] Couldn't find file 'l_bofoot.vtp'.
[2025-12-01 16:21:54.552] [warning] Couldn't find file 'hat_spine.vtp'.
[2025-12-01 16:21:54.552] [warning] Couldn't find file 'hat_jaw.vtp'.
[2025-12-01 16:21:54.553] [warning] Couldn't find file 'hat_skull.vtp'.
[2025-12-01 16:21:54.553] [warning] Couldn't find file 'hat_ribs_scap.vtp'.
[2025-12-01 16:22:05.681] [info] Loaded model SUBJ06_AdaptedForPredSim from file C:\Users\menth\Documents\Programmas\PredSim\Subjects\SUBJ06mtu3D\SUBJ06mtu3D.osim
[2025-12-01 16:22:05.682] [warning] Couldn't find file 'sacrum.vtp'.
[2025-12-01 16:22:05.682] [warning] Couldn't find file 'pelvis.vtp'.
[2025-12-01 16:22:05.682] [warning] Couldn't find file 'l_pelvis.vtp'.
[2025-12-01 16:22:05.682] [warning] Couldn't find file 'r_femur.vtp'.
[2025-12-01 16:22:05.682] [warning] Couldn't find file 'r_tibia.vtp'.
[2025-12-01 16:22:05.682] [warning] Couldn't find file 'fibula.vtp'.
[2025-12-01 16:22:05.682] [warning] Couldn't find file 'talus.vtp'.
[2025-12-01 16:22:05.682] [warning] Couldn't find file 'foot.vtp'.
[2025-12-01 16:22:05.682] [warning] Couldn't find file 'bofoot.vtp'.
[2025-12-01 16:22:05.682] [warning] Couldn't find file 'l_femur.vtp'.
[2025-12-01 16:22:05.682] [warning] Couldn't find file 'l_tibia.vtp'.
[2025-12-01 16:22:05.683] [warning] Couldn't find file 'l_fibula.vtp'.
[2025-12-01 16:22:05.683] [warning] Couldn't find file 'l_talus.vtp'.
[2025-12-01 16:22:05.683] [warning] Couldn't find file 'l_foot.vtp'.
[2025-12-01 16:22:05.683] [warning] Couldn't find file 'l_bofoot.vtp'.
[2025-12-01 16:22:05.683] [warning] Couldn't find file 'hat_spine.vtp'.
[2025-12-01 16:22:05.683] [warning] Couldn't find file 'hat_jaw.vtp'.
[2025-12-01 16:22:05.683] [warning] Couldn't find file 'hat_skull.vtp'.
[2025-12-01 16:22:05.683] [warning] Couldn't find file 'hat_ribs_scap.vtp'.
[2025-12-01 16:22:16.920] [info] Loaded model SUBJ06_AdaptedForPredSim from file C:\Users\menth\Documents\Programmas\PredSim\Subjects\SUBJ06mtu3D\SUBJ06mtu3D.osim
[2025-12-01 16:22:16.920] [warning] Couldn't find file 'sacrum.vtp'.
[2025-12-01 16:22:16.920] [warning] Couldn't find file 'pelvis.vtp'.
[2025-12-01 16:22:16.921] [warning] Couldn't find file 'l_pelvis.vtp'.
[2025-12-01 16:22:16.921] [warning] Couldn't find file 'r_femur.vtp'.
[2025-12-01 16:22:16.921] [warning] Couldn't find file 'r_tibia.vtp'.
[2025-12-01 16:22:16.921] [warning] Couldn't find file 'fibula.vtp'.
[2025-12-01 16:22:16.921] [warning] Couldn't find file 'talus.vtp'.
[2025-12-01 16:22:16.921] [warning] Couldn't find file 'foot.vtp'.
[2025-12-01 16:22:16.921] [warning] Couldn't find file 'bofoot.vtp'.
[2025-12-01 16:22:16.921] [warning] Couldn't find file 'l_femur.vtp'.
[2025-12-01 16:22:16.921] [warning] Couldn't find file 'l_tibia.vtp'.
[2025-12-01 16:22:16.921] [warning] Couldn't find file 'l_fibula.vtp'.
[2025-12-01 16:22:16.921] [warning] Couldn't find file 'l_talus.vtp'.
[2025-12-01 16:22:16.921] [warning] Couldn't find file 'l_foot.vtp'.
[2025-12-01 16:22:16.921] [warning] Couldn't find file 'l_bofoot.vtp'.
[2025-12-01 16:22:16.922] [warning] Couldn't find file 'hat_spine.vtp'.
[2025-12-01 16:22:16.922] [warning] Couldn't find file 'hat_jaw.vtp'.
[2025-12-01 16:22:16.922] [warning] Couldn't find file 'hat_skull.vtp'.
[2025-12-01 16:22:16.922] [warning] Couldn't find file 'hat_ribs_scap.vtp'.
[2025-12-01 16:22:28.237] [info] Loaded model SUBJ06_AdaptedForPredSim from file C:\Users\menth\Documents\Programmas\PredSim\Subjects\SUBJ06mtu3D\SUBJ06mtu3D.osim
[2025-12-01 16:22:28.237] [warning] Couldn't find file 'sacrum.vtp'.
[2025-12-01 16:22:28.237] [warning] Couldn't find file 'pelvis.vtp'.
[2025-12-01 16:22:28.237] [warning] Couldn't find file 'l_pelvis.vtp'.
[2025-12-01 16:22:28.238] [warning] Couldn't find file 'r_femur.vtp'.
[2025-12-01 16:22:28.238] [warning] Couldn't find file 'r_tibia.vtp'.
[2025-12-01 16:22:28.238] [warning] Couldn't find file 'fibula.vtp'.
[2025-12-01 16:22:28.238] [warning] Couldn't find file 'talus.vtp'.
[2025-12-01 16:22:28.238] [warning] Couldn't find file 'foot.vtp'.
[2025-12-01 16:22:28.238] [warning] Couldn't find file 'bofoot.vtp'.
[2025-12-01 16:22:28.238] [warning] Couldn't find file 'l_femur.vtp'.
[2025-12-01 16:22:28.238] [warning] Couldn't find file 'l_tibia.vtp'.
[2025-12-01 16:22:28.238] [warning] Couldn't find file 'l_fibula.vtp'.
[2025-12-01 16:22:28.238] [warning] Couldn't find file 'l_talus.vtp'.
[2025-12-01 16:22:28.238] [warning] Couldn't find file 'l_foot.vtp'.
[2025-12-01 16:22:28.238] [warning] Couldn't find file 'l_bofoot.vtp'.
[2025-12-01 16:22:28.239] [warning] Couldn't find file 'hat_spine.vtp'.
[2025-12-01 16:22:28.239] [warning] Couldn't find file 'hat_jaw.vtp'.
[2025-12-01 16:22:28.239] [warning] Couldn't find file 'hat_skull.vtp'.
[2025-12-01 16:22:28.239] [warning] Couldn't find file 'hat_ribs_scap.vtp'.
[2025-12-01 17:05:00.087] [info] Loaded model SUBJ06_AdaptedForPredSim from file C:\Users\menth\Documents\Programmas\PredSim\Subjects\SUBJ06mtu3D\SUBJ06mtu3D.osim
[2025-12-01 17:05:00.087] [warning] Couldn't find file 'sacrum.vtp'.
[2025-12-01 17:05:00.087] [warning] Couldn't find file 'pelvis.vtp'.
[2025-12-01 17:05:00.087] [warning] Couldn't find file 'l_pelvis.vtp'.
[2025-12-01 17:05:00.087] [warning] Couldn't find file 'r_femur.vtp'.
[2025-12-01 17:05:00.087] [warning] Couldn't find file 'r_tibia.vtp'.
[2025-12-01 17:05:00.088] [warning] Couldn't find file 'fibula.vtp'.
[2025-12-01 17:05:00.088] [warning] Couldn't find file 'talus.vtp'.
[2025-12-01 17:05:00.088] [warning] Couldn't find file 'foot.vtp'.
[2025-12-01 17:05:00.088] [warning] Couldn't find file 'bofoot.vtp'.
[2025-12-01 17:05:00.088] [warning] Couldn't find file 'l_femur.vtp'.
[2025-12-01 17:05:00.088] [warning] Couldn't find file 'l_tibia.vtp'.
[2025-12-01 17:05:00.088] [warning] Couldn't find file 'l_fibula.vtp'.
[2025-12-01 17:05:00.088] [warning] Couldn't find file 'l_talus.vtp'.
[2025-12-01 17:05:00.088] [warning] Couldn't find file 'l_foot.vtp'.
[2025-12-01 17:05:00.088] [warning] Couldn't find file 'l_bofoot.vtp'.
[2025-12-01 17:05:00.088] [warning] Couldn't find file 'hat_spine.vtp'.
[2025-12-01 17:05:00.088] [warning] Couldn't find file 'hat_jaw.vtp'.
[2025-12-01 17:05:00.088] [warning] Couldn't find file 'hat_skull.vtp'.
[2025-12-01 17:05:00.088] [warning] Couldn't find file 'hat_ribs_scap.vtp'.
