/vscmnt/brussel_pixiu_data/_data_brussel/112/vsc11236/PredSimResults/SUBJ11mtu3D/weighted-expIG/worker_05.mot
version=1
nRows=200
nColumns=50
inDegrees=yes
endheader
                time	         pelvis_tilt	         pelvis_list	     pelvis_rotation	           pelvis_tx	           pelvis_ty	           pelvis_tz	       hip_flexion_r	     hip_adduction_r	      hip_rotation_r	        knee_angle_r	       ankle_angle_r	         mtp_angle_r	       hip_flexion_l	     hip_adduction_l	      hip_rotation_l	        knee_angle_l	       ankle_angle_l	         mtp_angle_l	    lumbar_extension	      lumbar_bending	     lumbar_rotation	 ercspn_r/activation	 intobl_r/activation	 extobl_r/activation	    abd_r/activation	    add_r/activation	hamstrings_r/activation	bifemsh_r/activation	glut_max_r/activation	iliopsoas_r/activation	rect_fem_r/activation	  vasti_r/activation	gastroc_r/activation	 soleus_r/activation	tib_ant_r/activation	 ercspn_l/activation	 intobl_l/activation	 extobl_l/activation	    abd_l/activation	    add_l/activation	hamstrings_l/activation	bifemsh_l/activation	glut_max_l/activation	iliopsoas_l/activation	rect_fem_l/activation	  vasti_l/activation	gastroc_l/activation	 soleus_l/activation	tib_ant_l/activation	
          0.00000000	         -5.87286156	         -5.05255404	          8.24767226	          0.00000000	          0.94296568	         -0.01809978	         30.34429960	          1.61613331	         -4.06697775	         -4.48793772	          5.26983507	          0.22914387	        -11.36185558	         -5.41429305	          5.03895427	         -7.23571036	         12.99952185	         25.68079067	         -3.61361023	          3.09987015	         -1.98222868	          0.07977143	          0.12166417	          0.02648445	          0.01240147	          0.12664786	          0.04545031	          0.16696215	          0.02916063	          0.08604588	          0.01329858	          0.01000011	          0.01001257	          0.01000003	          0.27700576	          0.04155123	          0.01000003	          0.01000009	          0.05484982	          0.02901174	          0.02545028	          0.12915319	          0.05594812	          0.45129194	          0.01000026	          0.01000007	          0.35749494	          0.26453458	          0.01000003	
          0.01440880	         -6.01352159	         -4.85915943	          8.26422352	          0.01743251	          0.94073170	         -0.01716668	         30.39041757	          1.62573604	         -4.03569939	         -6.07892934	          4.86199403	          0.18948247	        -11.63977463	         -5.28987365	          4.63581912	         -8.45792690	         12.59352995	         27.56675911	         -3.30333374	          3.34793165	         -2.16589676	          0.06432437	          0.12007047	          0.02135591	          0.01000016	          0.13907259	          0.05364573	          0.13463121	          0.06836847	          0.06938364	          0.01072344	          0.01000007	          0.01713151	          0.01240177	          0.30335895	          0.06403949	          0.01000005	          0.01000017	          0.04422850	          0.05926969	          0.02447954	          0.10414353	          0.04511413	          0.45321684	          0.01000038	          0.01000019	          0.32975858	          0.25201127	          0.01000001	
          0.02881760	         -6.13217724	         -4.65692484	          8.22863699	          0.03517472	          0.93891614	         -0.01613682	         30.22167606	          1.62678330	         -4.02075099	         -7.37512200	          4.30421523	          0.17999581	        -11.72267170	         -5.14124767	          4.20950255	        -10.09137293	         12.05141471	         29.56317539	         -2.98889610	          3.59969741	         -2.32986078	          0.07561920	          0.09681961	          0.01722047	          0.07334966	          0.15390050	          0.05683583	          0.10856093	          0.08194890	          0.05594794	          0.01000007	          0.01000001	          0.01381412	          0.01000025	          0.34422821	          0.08453105	          0.01000002	          0.01000010	          0.03566394	          0.05337479	          0.02512250	          0.08397684	          0.03637807	          0.44187008	          0.01000048	          0.01322478	          0.29800657	          0.23439827	          0.01000000	
          0.04322640	         -6.22807944	         -4.44657769	          8.14319641	          0.05296298	          0.93776380	         -0.01501038	         29.91192867	          1.62981195	         -4.04754189	         -8.45565323	          3.67917240	          0.14015499	        -11.52554837	         -4.96797122	          3.76694185	        -12.23586475	         11.30349400	         31.67854364	         -2.69367335	          3.85541487	         -2.46833593	          0.08090651	          0.07807111	          0.01388584	          0.11328005	          0.17402724	          0.05201365	          0.08753885	          0.10591302	          0.04511397	          0.01000016	          0.01000031	          0.01217533	          0.01000828	          0.37100080	          0.11095996	          0.01000002	          0.01000010	          0.02875784	          0.06233744	          0.02582804	          0.06771531	          0.02933369	          0.41632940	          0.01000046	          0.01240119	          0.24029953	          0.19253592	          0.01000000	
          0.05763520	         -6.29873018	         -4.23589823	          8.01189555	          0.07060258	          0.93737330	         -0.01380779	         29.53593836	          1.63905274	         -4.12158096	         -9.49179989	          3.23915125	          0.11127490	        -10.99448466	         -4.77817309	          3.29972795	        -14.95967606	         10.33936089	         33.81587089	         -2.43075997	          4.12413779	         -2.57577179	          0.07687483	          0.06295314	          0.01119695	          0.12867241	          0.17135753	          0.05165701	          0.07058756	          0.10373188	          0.03637794	          0.01000012	          0.05292733	          0.01000024	          0.01000017	          0.39229938	          0.12602040	          0.01000003	          0.01000011	          0.02318907	          0.07978671	          0.03155512	          0.05460276	          0.02365341	          0.37203980	          0.01000017	          0.01000008	          0.19376703	          0.15525255	          0.01000000	
          0.07204400	         -6.34344648	         -4.02427955	          7.83815875	          0.08797125	          0.93771799	         -0.01255969	         29.07788739	          1.65356416	         -4.21920982	        -10.42042640	          2.90881926	          0.08696903	        -10.11673472	         -4.57525180	          2.79234898	        -18.25760599	          9.13648573	         35.83771155	         -2.20772189	          4.40550127	         -2.64936021	          0.07030991	          0.05076267	          0.01000004	          0.13327026	          0.13817529	          0.05339463	          0.05691877	          0.09688603	          0.02933358	          0.01000010	          0.11761468	          0.01000024	          0.01000016	          0.39982248	          0.13288613	          0.01000005	          0.01000012	          0.01869865	          0.09419743	          0.03709318	          0.04402957	          0.01907307	          0.31593255	          0.01000007	          0.01000002	          0.15624525	          0.12518886	          0.01000001	
          0.08645280	         -6.36375457	         -3.80376866	          7.62610399	          0.10496737	          0.93877687	         -0.01130044	         28.50167415	          1.67141445	         -4.28932377	        -11.17250808	          2.72576025	          0.06469072	         -8.91676359	         -4.36118385	          2.23754991	        -22.04656579	          7.70063530	         37.45711641	         -2.03220945	          4.69130074	         -2.68876244	          0.05914115	          0.04093281	          0.01000005	          0.13122919	          0.11141852	          0.05065026	          0.04589686	          0.09357684	          0.02365332	          0.01000009	          0.16409394	          0.01000038	          0.01000032	          0.39653757	          0.14185437	          0.01000005	          0.01000019	          0.01507778	          0.10855080	          0.02991049	          0.06202056	          0.01537969	          0.25567221	          0.01000004	          0.01000000	          0.12598933	          0.10094682	          0.01000011	
          0.10086160	         -6.36150257	         -3.56144453	          7.37816183	          0.12153800	          0.94052644	         -0.01005257	         27.77823831	          1.68464028	         -4.29601412	        -11.69333495	          2.68363553	          0.05093718	         -7.43747916	         -4.13713896	          1.63207559	        -26.22606942	          6.13400879	         38.21482208	         -1.90800816	          4.96543479	         -2.69445424	          0.05099650	          0.03300644	          0.01000005	          0.12329289	          0.08984303	          0.04839476	          0.03700926	          0.08962554	          0.01907301	          0.01000009	          0.18799009	          0.01000030	          0.01000029	          0.38370733	          0.14830103	          0.01000005	          0.01000041	          0.01215806	          0.11654078	          0.02411855	          0.06931251	          0.01240152	          0.20616292	          0.01000004	          0.01000000	          0.10159229	          0.08139910	          0.01000004	
          0.11527040	         -6.33807022	         -3.28083525	          7.09358588	          0.13770045	          0.94289599	         -0.00883283	         26.89546927	          1.67662267	         -4.22844495	        -11.95901146	          2.74580542	          0.04463865	         -5.73394154	         -3.89950487	          0.99466802	        -30.67979984	          4.45972863	         37.91445414	         -1.83187192	          5.20724750	         -2.66568711	          0.04385308	          0.02661496	          0.01000004	          0.10958108	          0.07244549	          0.04614442	          0.02984269	          0.08646806	          0.01537964	          0.01000010	          0.19389091	          0.01000014	          0.01000016	          0.36675800	          0.15060458	          0.01000004	          0.01818742	          0.01000000	          0.12701823	          0.01944816	          0.07728189	          0.01000004	          0.16624079	          0.01000003	          0.01000000	          0.08191957	          0.06563668	          0.02349068	
          0.12967921	         -6.29442907	         -2.94591382	          6.77014062	          0.15347098	          0.94574592	         -0.00765226	         25.87182002	          1.62655247	         -4.08679470	        -11.99916599	          2.88626011	          0.04698247	         -3.86593962	         -3.63536997	          0.35420314	        -35.27852587	          2.73843212	         36.42814534	         -1.80257212	          5.39619035	         -2.60296227	          0.03536138	          0.02146115	          0.01000004	          0.09596502	          0.05841688	          0.04374721	          0.02406387	          0.08431321	          0.01240148	          0.01000012	          0.18703347	          0.01000007	          0.01000008	          0.34589594	          0.15912263	          0.01000003	          0.03506542	          0.01000000	          0.13825355	          0.01568216	          0.07924597	          0.01000000	          0.13404934	          0.01000004	          0.01000000	          0.06605636	          0.05292655	          0.06299052	
          0.14408801	         -6.23089434	         -2.54387498	          6.40600587	          0.16885326	          0.94889362	         -0.00651205	         24.74832259	          1.51604442	         -3.86198733	        -11.88147436	          3.08914440	          0.05798452	         -1.90116370	         -3.32550027	         -0.26797565	        -39.90451020	          1.18875221	         33.54987802	         -1.82091301	          5.51259707	         -2.51131320	          0.02851390	          0.01730534	          0.01000004	          0.08994809	          0.04710482	          0.03794415	          0.01940409	          0.07391099	          0.01000004	          0.01000014	          0.17163299	          0.01000007	          0.01000009	          0.32175617	          0.16732462	          0.01000006	          0.06300216	          0.01000000	          0.13951339	          0.01264543	          0.06790572	          0.01000000	          0.10809167	          0.01000007	          0.01000000	          0.05326496	          0.04267766	          0.12430073	
          0.15849681	         -6.14764670	         -2.07797608	          6.00272166	          0.18384232	          0.95216228	         -0.00540689	         23.57759694	          1.34375162	         -3.53264524	        -11.68845195	          3.33400116	          0.08486350	          0.08308923	         -2.95646230	         -0.84181914	        -44.42117982	          0.07705254	         29.31602321	         -1.88720139	          5.55219914	         -2.40005799	          0.02299238	          0.01395428	          0.01000004	          0.09128883	          0.03798327	          0.03179819	          0.01564666	          0.06195935	          0.01000003	          0.01000015	          0.15492278	          0.01000007	          0.01000009	          0.29779364	          0.18317625	          0.03599239	          0.09110081	          0.01000000	          0.11315896	          0.01019677	          0.07300010	          0.01000000	          0.09678419	          0.01000009	          0.01000000	          0.04295055	          0.03441340	          0.19790716	
          0.17290561	         -6.04534785	         -1.56624873	          5.56851476	          0.19844781	          0.95541541	         -0.00432255	         22.39911356	          1.12104607	         -3.10500149	        -11.47632174	          3.59288191	          0.13409260	          2.00844604	         -2.52284070	         -1.36495986	        -48.63556195	         -0.23028187	         24.48792876	         -1.99780870	          5.52119177	         -2.27796616	          0.01854008	          0.01125213	          0.01000003	          0.08560931	          0.03062805	          0.02933398	          0.01261684	          0.05764365	          0.01000004	          0.01000020	          0.14472377	          0.01000006	          0.01000008	          0.27512644	          0.19168523	          0.06314611	          0.10083706	          0.01000000	          0.09124686	          0.01000008	          0.10614692	          0.01000000	          0.10039948	          0.01000011	          0.01000000	          0.04340082	          0.02774947	          0.21669487	
          0.18731441	         -5.92611675	         -1.01424785	          5.11162969	          0.21270731	          0.95863073	         -0.00325762	         21.22265211	          0.84505758	         -2.61224387	        -11.25708924	          3.86086395	          0.21298286	          3.82337786	         -2.00969554	         -1.87990138	        -52.27774514	          0.26119161	         20.38166735	         -2.14560576	          5.41524726	         -2.14902406	          0.01494994	          0.01000004	          0.01000004	          0.07795811	          0.02469712	          0.02733817	          0.01017379	          0.05327622	          0.01000004	          0.01000022	          0.13685841	          0.01000007	          0.01000009	          0.25374989	          0.18366615	          0.07406417	          0.09553370	          0.01000000	          0.08938661	          0.01000010	          0.13467109	          0.01000000	          0.10577000	          0.01000015	          0.01000000	          0.03499660	          0.02237596	          0.21271849	
          0.20172321	         -5.79225627	         -0.42450811	          4.63904297	          0.22665863	          0.96182389	         -0.00220864	         20.04301866	          0.51223394	         -2.08245614	        -11.01759417	          4.13219244	          0.32528315	          5.54023938	         -1.42502743	         -2.40255329	        -55.30087829	          0.79530424	         16.98010985	         -2.32413726	          5.23334497	         -2.01557928	          0.01205503	          0.01000005	          0.01000004	          0.07224726	          0.01991468	          0.02524132	          0.01000036	          0.04966184	          0.01000004	          0.01000023	          0.12881921	          0.01000007	          0.01000009	          0.23419207	          0.17666843	          0.08691871	          0.09109028	          0.01000000	          0.09053113	          0.01000009	          0.17543134	          0.01000000	          0.11227732	          0.01000021	          0.01000000	          0.02822000	          0.01804300	          0.20627825	
          0.21613201	         -5.64592495	          0.19786811	          4.15573643	          0.24033422	          0.96496827	         -0.00117993	         18.85451550	          0.12343983	         -1.53440668	        -10.74219559	          4.39342284	          0.46925713	          7.17042856	         -0.77736890	         -2.93544373	        -57.72725253	          1.32244688	         14.13708289	         -2.52752764	          4.98035524	         -1.87801649	          0.01000016	          0.01000004	          0.01000004	          0.06764902	          0.01605833	          0.02399729	          0.01000049	          0.04563877	          0.01000004	          0.01000025	          0.12006893	          0.01000007	          0.01000010	          0.21659971	          0.17053377	          0.09906988	          0.08757572	          0.01000000	          0.09238160	          0.01000007	          0.22995662	          0.01000000	          0.11809591	          0.01000042	          0.01000000	          0.02275553	          0.01454909	          0.20240716	
          0.23054081	         -5.48934547	          0.84660917	          3.66681881	          0.25375572	          0.96802428	         -0.00017270	         17.65666052	         -0.31781797	         -0.98054822	        -10.42597306	          4.64381282	          0.64687149	          8.72857429	         -0.07773288	         -3.47845056	        -59.59870966	          1.85745280	         11.76576199	         -2.75099116	          4.66217000	         -1.73723054	          0.01000016	          0.01000004	          0.01000004	          0.06444615	          0.01294874	          0.02247637	          0.01000048	          0.04159517	          0.01000005	          0.01000028	          0.11055186	          0.01000007	          0.01000010	          0.20046171	          0.16424044	          0.11127894	          0.08631907	          0.01000000	          0.09615942	          0.01000006	          0.30297493	          0.01000001	          0.12364794	          0.01000103	          0.01000000	          0.01834912	          0.01173176	          0.20012240	
          0.24494961	         -5.32483914	          1.51311686	          3.17710763	          0.26693178	          0.97094801	          0.00081210	         16.45364248	         -0.80470382	         -0.43107905	        -10.07188746	          4.88720390	          0.86393114	         10.23417233	          0.65969287	         -4.02928552	        -60.97207153	          2.37456136	          9.78665052	         -2.99130795	          4.28771237	         -1.59387346	          0.01000011	          0.01000004	          0.01000004	          0.06266165	          0.01044130	          0.02049812	          0.01000050	          0.03746341	          0.01000005	          0.01000031	          0.10051685	          0.01000008	          0.01000011	          0.18493121	          0.15725372	          0.12328212	          0.08707939	          0.01000000	          0.10163134	          0.01000005	          0.39499155	          0.01000001	          0.12891756	          0.01848406	          0.01000000	          0.01479598	          0.01000003	          0.20034034	
          0.25935841	         -5.15491778	          2.18704428	          2.69105605	          0.27985653	          0.97369439	          0.00177442	         15.25300305	         -1.32752353	          0.10490774	         -9.68705034	          5.12484553	          1.12266820	         11.71047814	          1.41819663	         -4.58436376	        -61.91839565	          2.86919715	          8.13321962	         -3.24758935	          3.86794815	         -1.44850402	          0.01000009	          0.01000004	          0.01000004	          0.06238676	          0.01000001	          0.01747236	          0.01000051	          0.03290731	          0.01000005	          0.01000038	          0.08977182	          0.01000015	          0.01000019	          0.17004378	          0.15141863	          0.13410667	          0.08935384	          0.01000000	          0.11004270	          0.01000005	          0.50501197	          0.01000001	          0.13390702	          0.02757684	          0.01000000	          0.01193089	          0.01000003	          0.20285124	
          0.27376721	         -4.98217683	          2.85644858	          2.21231549	          0.29251329	          0.97622045	          0.00271567	         14.06678316	         -1.87366675	          0.62009651	         -9.28399668	          5.34328632	          1.42928343	         13.18415309	          2.17908385	         -5.13906332	        -62.52393775	          3.34218785	          6.75002382	         -3.52052913	          3.41555357	         -1.30177962	          0.01000008	          0.01000004	          0.01000004	          0.06398480	          0.01000002	          0.01470469	          0.01000058	          0.02981782	          0.01000005	          0.01000042	          0.07239066	          0.03020920	          0.01000018	          0.15875401	          0.14862955	          0.13902423	          0.09339189	          0.01000000	          0.11948872	          0.01000004	          0.62689107	          0.01000001	          0.13821000	          0.02733199	          0.01000000	          0.01000046	          0.01000004	          0.20591650	
          0.28817601	         -4.80919944	          3.50894284	          1.74315410	          0.30486995	          0.97848850	          0.00363790	         12.92299337	         -2.42854999	          1.11098413	         -8.90392607	          5.53959356	          1.79427175	         14.68503397	          2.92242787	         -5.68985747	        -62.89012467	          3.79886140	          5.59317240	         -3.81239364	          2.94405300	         -1.15511802	          0.01000006	          0.01000004	          0.01000005	          0.06756703	          0.01000001	          0.01185789	          0.01000069	          0.02432344	          0.01000006	          0.01000052	          0.05837276	          0.05340937	          0.01000020	          0.14960536	          0.14671691	          0.14080208	          0.09613805	          0.01000000	          0.12857171	          0.01000003	          0.74599158	          0.01000001	          0.14195663	          0.02515753	          0.01000000	          0.01000038	          0.01000003	          0.21071679	
          0.30258481	         -4.63846485	          4.13200920	          1.28472763	          0.31690548	          0.98047117	          0.00454269	         11.84848900	         -2.97604737	          1.57654735	         -8.59513594	          5.75099155	          2.21725873	         16.23868600	          3.62681451	         -6.23578750	        -63.11445594	          4.23226520	          4.62419353	         -4.12381901	          2.46759709	         -1.01017147	          0.01000008	          0.01000004	          0.01000005	          0.07130115	          0.01000001	          0.01000029	          0.01000096	          0.01961368	          0.01000008	          0.01000088	          0.04706928	          0.07357417	          0.01000030	          0.14077262	          0.14887715	          0.14257376	          0.09886390	          0.01000000	          0.13311376	          0.01000002	          0.83700814	          0.01000001	          0.14364688	          0.02914829	          0.01000000	          0.01082902	          0.01000004	          0.21661832	
          0.31699361	         -4.47219648	          4.71387764	          0.83834580	          0.32863160	          0.98215810	          0.00543754	         10.85336765	         -3.50024167	          2.01271575	         -8.37703266	          5.99362477	          2.69366520	         17.85591829	          4.26778512	         -6.78095940	        -63.26362314	          4.65590731	          3.81136371	         -4.45135063	          1.99830838	         -0.86940602	          0.01000005	          0.01000003	          0.01000005	          0.08388619	          0.01000001	          0.01000014	          0.01000262	          0.01581581	          0.01000011	          0.03686095	          0.03795463	          0.09141826	          0.01000023	          0.13307089	          0.14941181	          0.14536724	          0.10346217	          0.01000000	          0.10733865	          0.01000002	          0.86884284	          0.01000001	          0.14517765	          0.03806855	          0.01000000	          0.01082487	          0.01000003	          0.22176049	
          0.33140241	         -4.31248921	          5.24420275	          0.40657058	          0.34009408	          0.98356317	          0.00633623	          9.92356228	         -3.98725140	          2.41081752	         -8.22723224	          6.26264584	          3.21596806	         19.52667998	          4.81591528	         -7.33675188	        -63.34932563	          5.07158578	          3.13024473	         -4.78840807	          1.54594774	         -0.73693753	          0.01000006	          0.01000004	          0.01000005	          0.09218346	          0.01000001	          0.01000014	          0.01468067	          0.01360829	          0.01000013	          0.06802070	          0.03060498	          0.10760634	          0.01000021	          0.12559760	          0.14827979	          0.13588090	          0.10920798	          0.01000000	          0.08655324	          0.01000001	          0.80179408	          0.01000000	          0.14431306	          0.04912982	          0.01000000	          0.01000532	          0.01000004	          0.22685549	
          0.34581121	         -4.16124191	          5.72097690	         -0.01235985	          0.35137138	          0.98472562	          0.00724702	          9.03790485	         -4.43219113	          2.76996989	         -8.11550233	          6.55282013	          3.77171764	         21.20922154	          5.25793468	         -7.91134976	        -63.29741619	          5.47508992	          2.56029703	         -5.12505394	          1.11397825	         -0.61572718	          0.01000007	          0.01000005	          0.01000005	          0.09604052	          0.01000001	          0.01000013	          0.05693184	          0.01524764	          0.01000018	          0.09456079	          0.02467854	          0.12308217	          0.01000021	          0.11851341	          0.14555397	          0.12075866	          0.11156960	          0.01000000	          0.06979277	          0.01000001	          0.64653175	          0.01000000	          0.14416372	          0.05944861	          0.01000000	          0.01000019	          0.01000004	          0.23301820	
          0.36022001	         -4.02002358	          6.14469957	         -0.42251642	          0.36255585	          0.98569355	          0.00816813	          8.17933602	         -4.83382449	          3.09367775	         -8.01875463	          6.85197736	          4.34793437	         22.83965872	          5.59369427	         -8.50303668	        -62.97295858	          5.85890219	          2.08220726	         -5.44974351	          0.70645023	         -0.50756294	          0.01000007	          0.01000006	          0.01000005	          0.09764437	          0.01000001	          0.01000013	          0.07909842	          0.01614019	          0.01000023	          0.11716662	          0.01989972	          0.13853685	          0.01000021	          0.11286613	          0.14105612	          0.10942444	          0.11191228	          0.01000000	          0.05627785	          0.01000001	          0.52133493	          0.01000001	          0.14553682	          0.06568197	          0.01000001	          0.01000010	          0.01000004	          0.23859771	
          0.37462882	         -3.89038945	          6.51503232	         -0.82743362	          0.37372755	          0.98649836	          0.00909406	          7.33086667	         -5.19104908	          3.38696840	         -7.91106760	          7.14397600	          4.93445634	         24.36052523	          5.82846568	         -9.10135691	        -62.26246513	          6.22235507	          1.67827840	         -5.75283019	          0.32886538	         -0.41270203	          0.01000008	          0.01000007	          0.01000005	          0.09773886	          0.01000001	          0.01000014	          0.08996876	          0.01602798	          0.01000028	          0.13499207	          0.01604630	          0.15285517	          0.01000022	          0.10872365	          0.13570242	          0.10076838	          0.11127156	          0.01000000	          0.04538001	          0.01000001	          0.42038168	          0.01000001	          0.14826290	          0.06805015	          0.01000001	          0.01000005	          0.01000004	          0.24428195	
          0.38903762	         -3.77389782	          6.83025241	         -1.22964062	          0.38494807	          0.98714956	          0.01001923	          6.47696559	         -5.50193521	          3.65435238	         -7.76910473	          7.42140286	          5.52193734	         25.72901844	          5.96968392	         -9.69054430	        -61.09583245	          6.56104525	          1.33234435	         -6.02742908	         -0.01242219	         -0.33021389	          0.01000011	          0.01000007	          0.01000006	          0.09693080	          0.01000002	          0.01000016	          0.09422771	          0.01467017	          0.01000032	          0.14710734	          0.01293908	          0.16671091	          0.01000022	          0.10608435	          0.13025779	          0.09406769	          0.11017024	          0.01000001	          0.03659247	          0.01000000	          0.33897740	          0.01000001	          0.15197125	          0.06728895	          0.01000003	          0.01000003	          0.01000003	          0.24946348	
          0.40344642	         -3.67197166	          7.08726874	         -1.63086460	          0.39626551	          0.98763875	          0.01093891	          5.60446150	         -5.76343563	          3.90003133	         -7.57396898	          7.68205745	          6.10241922	         26.91479139	          6.02561992	        -10.25191234	        -59.43877967	          6.86301981	          1.03135773	         -6.26866398	         -0.31034849	         -0.25848588	          0.01000013	          0.01000008	          0.01000006	          0.09608133	          0.01000002	          0.01000018	          0.09697149	          0.01237350	          0.01000035	          0.14707817	          0.01043362	          0.18082500	          0.01000023	          0.10486044	          0.12580580	          0.08944807	          0.10693898	          0.01000001	          0.02950658	          0.01000000	          0.27333655	          0.01000002	          0.15779097	          0.06572939	          0.01000008	          0.01000002	          0.01000003	          0.25369193	
          0.41785522	         -3.58576064	          7.28194868	         -2.03188176	          0.40772028	          0.98794367	          0.01184944	          4.70341473	         -5.97146587	          4.12780718	         -7.31382694	          7.92872642	          6.66975866	         27.89852612	          6.00470616	        -10.76460091	        -57.28639140	          7.11117049	          0.76807458	         -6.47262651	         -0.55764952	         -0.19528113	          0.01000018	          0.01000008	          0.01000006	          0.09495643	          0.01000003	          0.01000017	          0.10487112	          0.01000136	          0.01000035	          0.13232757	          0.01000038	          0.19455929	          0.01000024	          0.10444182	          0.12404899	          0.08908307	          0.10027237	          0.01000002	          0.02379283	          0.01000000	          0.22040663	          0.01000004	          0.16725206	          0.06383799	          0.01000030	          0.01000001	          0.01000003	          0.25601667	
          0.43226402	         -3.51613947	          7.41010206	         -2.43189903	          0.41935003	          0.98803232	          0.01274983	          3.76677561	         -6.12165657	          4.33947594	         -6.98362732	          8.16767132	          7.22033673	         28.67119785	          5.91560717	        -11.20510684	        -54.65591420	          7.28423401	          0.54615699	         -6.63530209	         -0.74870266	         -0.13776590	          0.01000056	          0.01000008	          0.01000006	          0.09294348	          0.01000003	          0.01000012	          0.11854382	          0.01000024	          0.01108863	          0.10670417	          0.01000034	          0.20896410	          0.01000024	          0.10434811	          0.12579794	          0.09440480	          0.09201223	          0.01000002	          0.01918552	          0.01000000	          0.17772627	          0.01000007	          0.18116329	          0.06137775	          0.01033977	          0.01000001	          0.01000003	          0.25558519	
          0.44667282	         -3.46396402	          7.46939142	         -2.82833472	          0.43118281	          0.98786689	          0.01364123	          2.79380625	         -6.21116835	          4.53521693	         -6.58893394	          8.40653915	          7.75482495	         29.23486866	          5.76853559	        -11.54569660	        -51.57858549	          7.35821276	          0.37684613	         -6.75367071	         -0.88184380	         -0.08303812	          0.01000024	          0.01000008	          0.01000007	          0.09550979	          0.01000003	          0.01000013	          0.12627264	          0.01000021	          0.02139772	          0.08604191	          0.01000032	          0.22334052	          0.01000025	          0.10398509	          0.12027998	          0.09989037	          0.08902507	          0.01000003	          0.01547039	          0.01000000	          0.14331069	          0.01000073	          0.20281905	          0.05879199	          0.01000101	          0.01000001	          0.01000004	          0.25282618	
          0.46108162	         -3.43078537	          7.46153975	         -3.21978479	          0.44322289	          0.98740855	          0.01451916	          1.79181474	         -6.24156826	          4.71779979	         -6.14348059	          8.65151866	          8.27836212	         29.60384677	          5.57589425	        -11.75636474	        -48.09508544	          7.32341805	          0.26494517	         -6.82858158	         -0.95907626	         -0.02783026	          0.01000043	          0.01000009	          0.01000007	          0.09980646	          0.01000004	          0.01000016	          0.12877973	          0.01000029	          0.03969950	          0.06938057	          0.01000040	          0.23852112	          0.01000029	          0.10349344	          0.11600075	          0.09578361	          0.09186003	          0.01000003	          0.01247468	          0.01000000	          0.11555948	          0.02280965	          0.22963590	          0.05431237	          0.01000013	          0.01000002	          0.01000009	          0.25012589	
          0.47549042	         -3.41822703	          7.39167041	         -3.60763286	          0.45547869	          0.98662665	          0.01538071	          0.76978816	         -6.21786648	          4.89241577	         -5.66354650	          8.91233443	          8.79566421	         29.79087505	          5.34645656	        -11.82108178	        -44.24194772	          7.20578293	          0.19628485	         -6.86014138	         -0.98518980	          0.02875886	          0.01000058	          0.01000010	          0.01000007	          0.10566961	          0.01000005	          0.01000016	          0.13762262	          0.01000031	          0.05903233	          0.05594555	          0.01000038	          0.25419487	          0.01000030	          0.10315054	          0.11184949	          0.09140131	          0.09476329	          0.01000002	          0.01005911	          0.01000000	          0.09318211	          0.04267090	          0.26121683	          0.05107319	          0.01000007	          0.01000003	          0.01000018	          0.24956893	
          0.48989922	         -3.42760349	          7.26740705	         -3.99358556	          0.46796573	          0.98549701	          0.01622213	         -0.26493461	         -6.14803493	          5.06310397	         -5.16372764	          9.20034377	          9.30921700	         29.81211827	          5.08553860	        -11.73285327	        -40.07283396	          7.05032420	          0.14708310	         -6.84748921	         -0.96733018	          0.08588406	          0.01000086	          0.01000010	          0.01000007	          0.11143831	          0.01000006	          0.01000016	          0.15318091	          0.01000026	          0.07596193	          0.04511211	          0.01000033	          0.27107487	          0.01000029	          0.10317359	          0.10652194	          0.09260910	          0.09618269	          0.01000002	          0.01000019	          0.01000000	          0.07513798	          0.06221312	          0.29551669	          0.04882404	          0.01000006	          0.01000004	          0.01000026	          0.25055666	
          0.50430802	         -3.45982661	          7.10022176	         -4.37823747	          0.48069598	          0.98400202	          0.01703708	         -1.30652792	         -6.04440700	          5.23194568	         -4.65567361	          9.52511216	          9.82036124	         29.69588000	          4.79794101	        -11.48602803	        -35.67611044	          6.88964384	          0.10629634	         -6.79077294	         -0.91743954	          0.14316370	          0.01000041	          0.01000010	          0.01000007	          0.11734100	          0.01000006	          0.01000019	          0.17312564	          0.01000048	          0.09116541	          0.03637648	          0.01000040	          0.28756416	          0.01000025	          0.10304209	          0.10072154	          0.09830698	          0.09630435	          0.01000002	          0.01000160	          0.01000000	          0.06058799	          0.08096789	          0.33027543	          0.04782258	          0.01000006	          0.01000004	          0.01000032	          0.25180844	
          0.51871682	         -3.51526662	          6.90456662	         -4.76088200	          0.49367501	          0.98213601	          0.01781734	         -2.34969442	         -5.92243498	          5.40041700	         -4.14954310	          9.89263012	         10.33007939	         29.48160268	          4.48765926	        -11.07802459	        -31.16848927	          6.73355956	          0.07401196	         -6.69156218	         -0.85158990	          0.20128222	          0.01000080	          0.01000010	          0.01000008	          0.11355617	          0.01000007	          0.01000022	          0.20155226	          0.01000034	          0.10134597	          0.02933244	          0.01000031	          0.30516842	          0.01000021	          0.10228042	          0.09536829	          0.11018838	          0.09362051	          0.01000002	          0.02270247	          0.01000001	          0.04885551	          0.09461195	          0.36123234	          0.04755382	          0.01000007	          0.01000004	          0.01000031	          0.25299511	
          0.53312562	         -3.59369914	          6.69597833	         -5.13870854	          0.50690135	          0.97991142	          0.01854890	         -3.38429222	         -5.79818322	          5.57142683	         -3.66410496	         10.30624565	         10.84119337	         29.21235414	          4.16100343	        -10.51841203	        -26.67646401	          6.58425898	          0.05098190	         -6.55285973	         -0.78753795	          0.26205249	          0.01000116	          0.01000010	          0.01000008	          0.10363248	          0.01000008	          0.01000028	          0.23382759	          0.01000030	          0.11002720	          0.02365243	          0.01000024	          0.32384693	          0.01000017	          0.10050055	          0.09034345	          0.12517869	          0.08985874	          0.01000002	          0.04226190	          0.01000001	          0.03939495	          0.10275136	          0.38557904	          0.04854157	          0.01000010	          0.01000004	          0.01000031	          0.25398950	
          0.54753442	         -3.69439047	          6.48760021	         -5.50742039	          0.52036545	          0.97735943	          0.01921278	         -4.39534611	         -5.68470413	          5.74457916	         -3.22554703	         10.76428363	         11.36088824	         28.93138250	          3.82414402	         -9.83938722	        -22.32787647	          6.44199604	          0.03790671	         -6.37936444	         -0.74039429	          0.32818625	          0.01000051	          0.01000009	          0.01000008	          0.09584848	          0.01000010	          0.01000041	          0.26454244	          0.01000028	          0.12436905	          0.01907232	          0.01000019	          0.34326257	          0.01000012	          0.09699362	          0.08444319	          0.13794515	          0.08781423	          0.01000002	          0.05711315	          0.01000001	          0.03176638	          0.10745379	          0.40070711	          0.05134542	          0.01000018	          0.01000004	          0.01000032	          0.25468935	
          0.56194322	         -3.81628049	          6.28948759	         -5.86286715	          0.53404658	          0.97452665	          0.01978929	         -5.36387087	         -5.59092425	          5.91461961	         -2.86537523	         11.26159364	         11.90110035	         28.68194109	          3.48203848	         -9.09421226	        -18.24972235	          6.30348482	          0.03474834	         -6.17792799	         -0.72157981	          0.40183504	          0.01000110	          0.01000010	          0.01000008	          0.09432190	          0.01000014	          0.01663332	          0.29081966	          0.01072422	          0.16069082	          0.01537912	          0.01000020	          0.36259331	          0.01000040	          0.09048247	          0.07888205	          0.14813535	          0.09513462	          0.01000003	          0.06075317	          0.01000001	          0.02561503	          0.10692459	          0.40074079	          0.05371387	          0.01070536	          0.01000004	          0.01000046	          0.25592345	
          0.57635202	         -3.95821304	          6.10973526	         -6.20257121	          0.54790647	          0.97147579	          0.02026760	         -6.26414995	         -5.52177301	          6.07451862	         -2.61934863	         11.76653940	         12.50692757	         28.50579484	          3.14003252	         -8.33895305	        -14.56449234	          6.17119590	          0.04004889	         -5.95838522	         -0.74187657	          0.48347653	          0.01000102	          0.01000009	          0.01000008	          0.09298019	          0.01000014	          0.02685536	          0.31828644	          0.01400411	          0.20720855	          0.01240111	          0.01000014	          0.38050698	          0.04613093	          0.08425220	          0.07640053	          0.16528303	          0.10250245	          0.01000005	          0.06249623	          0.01000002	          0.02065485	          0.09702353	          0.38892389	          0.05835186	          0.01288011	          0.01000004	          0.01000035	          0.25773448	
          0.59076082	         -4.11882410	          5.95431425	         -6.52380593	          0.56191317	          0.96830067	          0.02063908	         -7.07835637	         -5.47952369	          6.21437141	         -2.50579498	         12.22966900	         13.24084778	         28.43098135	          2.80905485	         -7.61338973	        -11.36159920	          6.05594241	          0.05104722	         -5.73056075	         -0.81119218	          0.57406615	          0.01000041	          0.01000008	          0.01000008	          0.09037207	          0.01000015	          0.03400562	          0.34208346	          0.01835812	          0.25441493	          0.01000011	          0.01000010	          0.39569512	          0.08855086	          0.06938374	          0.07180487	          0.18457845	          0.10902498	          0.01000008	          0.06568719	          0.01000002	          0.01665519	          0.07823567	          0.36775049	          0.06402210	          0.01596650	          0.01000005	          0.01000041	          0.25914534	
          0.60516962	         -4.29652268	          5.82705344	         -6.82393837	          0.57604805	          0.96510166	          0.02089230	         -7.79676398	         -5.46500738	          6.32513887	         -2.53753446	         12.63364957	         14.12877602	         28.46691064	          2.50472907	         -6.93567314	         -8.67840180	          5.96468217	          0.06601497	         -5.50323867	         -0.93684103	          0.67601524	          0.01000041	          0.01000008	          0.01000008	          0.08878883	          0.01000017	          0.03985090	          0.35790057	          0.02358285	          0.29775708	          0.01000014	          0.01000008	          0.40727685	          0.12895628	          0.05594803	          0.07053362	          0.19464012	          0.11473167	          0.01000011	          0.06515308	          0.01000003	          0.01343005	          0.06308585	          0.33973309	          0.06948272	          0.01906440	          0.01000007	          0.01000039	          0.26039950	
          0.61957842	         -4.48902575	          5.72664358	         -7.10152868	          0.59032078	          0.96195704	          0.02102261	         -8.41956453	         -5.47415165	          6.39653138	         -2.71942700	         12.98059348	         15.16108448	         28.60102485	          2.23836478	         -6.31453508	         -6.50039205	          5.89415037	          0.08328097	         -5.28096553	         -1.11973465	          0.79051878	          0.01000035	          0.01000007	          0.01000007	          0.08805008	          0.01000019	          0.04342431	          0.36386970	          0.03003803	          0.33588420	          0.01000012	          0.01000006	          0.41593039	          0.16582731	          0.04511405	          0.07114456	          0.19716390	          0.11314899	          0.01000011	          0.06344059	          0.01000004	          0.01082948	          0.05086968	          0.30812300	          0.05999437	          0.02227001	          0.01000008	          0.01000026	          0.26120670	
          0.63398723	         -4.69300945	          5.64737013	         -7.35566244	          0.60476828	          0.95891200	          0.02102712	         -8.95516592	         -5.49906329	          6.41703676	         -3.04667754	         13.26560137	         16.32452315	         28.80821376	          2.01629388	         -5.75519823	         -4.79396862	          5.83853218	          0.10145081	         -5.06372426	         -1.35392888	          0.91814418	          0.01000022	          0.01000007	          0.01000007	          0.08899313	          0.01000021	          0.04695026	          0.35790933	          0.03836313	          0.36555580	          0.01000011	          0.01000005	          0.42068084	          0.19813074	          0.03637800	          0.07236544	          0.19735228	          0.09634475	          0.01000013	          0.06296191	          0.01000006	          0.01000031	          0.04101910	          0.27373324	          0.04837701	          0.02069143	          0.01000013	          0.01000032	          0.26172699	
          0.64839603	         -4.90397774	          5.58044495	         -7.58435594	          0.61945298	          0.95598465	          0.02089714	         -9.42212398	         -5.52965292	          6.37048925	         -3.50117711	         13.47503148	         17.61100347	         29.06051495	          1.84217234	         -5.26352868	         -3.53333914	          5.79746333	          0.11981517	         -4.84739345	         -1.62754460	          1.06121668	          0.01000019	          0.01000007	          0.01000006	          0.08848766	          0.01000029	          0.04816086	          0.33915673	          0.04876343	          0.38844917	          0.01000011	          0.01000004	          0.42079436	          0.22469739	          0.02933363	          0.07611786	          0.19658795	          0.07768828	          0.01000012	          0.06253656	          0.01000010	          0.01000095	          0.03307602	          0.23763242	          0.03900917	          0.01668483	          0.01000017	          0.01000019	          0.26226554	
          0.66280483	         -5.11664675	          5.51532802	         -7.78440108	          0.63444670	          0.95317664	          0.02062538	         -9.84282818	         -5.55505882	          6.24495755	         -4.06169931	         13.59342549	         19.01622931	         29.33274882	          1.71687039	         -4.84470652	         -2.70845625	          5.77306574	          0.13811798	         -4.62677259	         -1.92680511	          1.22169781	          0.01000017	          0.01000006	          0.01000006	          0.08819360	          0.01000029	          0.04589135	          0.30546024	          0.05512205	          0.40699264	          0.01000011	          0.01000004	          0.41697547	          0.24600534	          0.02365336	          0.07749670	          0.19378387	          0.06264446	          0.01000040	          0.06314086	          0.01000019	          0.09858224	          0.02667106	          0.20231878	          0.03145533	          0.01345401	          0.01000021	          0.01000019	          0.26132779	
          0.67721363	         -5.32554268	          5.44219518	         -7.95247768	          0.64980577	          0.95048344	          0.02020358	        -10.23400249	         -5.56717307	          6.04241490	         -4.71673424	         13.60976960	         20.53579997	         29.61896363	          1.63923699	         -4.50545983	         -2.36437099	          5.75785757	          0.15736070	         -4.39939094	         -2.23890119	          1.39935718	          0.01000017	          0.01000005	          0.01000006	          0.08805511	          0.01000038	          0.04093556	          0.24633342	          0.05940732	          0.42116440	          0.01000012	          0.01000004	          0.40820114	          0.26074379	          0.01907304	          0.08224275	          0.17854458	          0.05051376	          0.01000099	          0.06167025	          0.01454208	          0.18103038	          0.02150638	          0.16411525	          0.02536424	          0.01084881	          0.01000108	          0.01000026	          0.26162787	
          0.69162243	         -5.52489950	          5.34927939	         -8.08694116	          0.66560482	          0.94789267	          0.01963353	        -10.61502200	         -5.55622578	          5.76638855	         -5.45275443	         13.51488569	         22.16088012	         29.90445138	          1.60321842	         -4.25185133	         -2.53659262	          5.73140612	          0.17852425	         -4.15965409	         -2.54876980	          1.59044877	          0.01177903	          0.01000004	          0.01000005	          0.08435685	          0.01000032	          0.03444914	          0.19863270	          0.06461888	          0.43054755	          0.01000016	          0.01000004	          0.39539039	          0.26872340	          0.01537967	          0.09299293	          0.15611794	          0.04073210	          0.01000019	          0.05870691	          0.03224237	          0.22557321	          0.01734181	          0.13233541	          0.02045264	          0.01000006	          0.01000114	          0.01000006	          0.25853677	
          0.70603123	         -5.70893295	          5.22270512	         -8.18638488	          0.68193034	          0.94538634	          0.01892953	        -10.99800133	         -5.50871487	          5.42370664	         -6.27310585	         13.30739202	         23.87986717	         30.15747158	          1.59873908	         -4.09532275	         -3.23311356	          5.59821508	          0.19873594	         -3.89889151	         -2.83992484	          1.78723670	          0.01145061	          0.01000005	          0.01000003	          0.06802180	          0.01311529	          0.03156055	          0.16016881	          0.06938384	          0.44169247	          0.01000026	          0.01000009	          0.37881418	          0.26921563	          0.01240149	          0.09892817	          0.14319759	          0.03284459	          0.01000019	          0.06902562	          0.04514377	          0.20705734	          0.01398369	          0.10670950	          0.01649214	          0.01000003	          0.01241700	          0.01191184	          0.26914135	
          0.72044003	         -5.87286156	          5.05255404	         -8.24767226	          0.69882683	          0.94296568	          0.01809978	        -11.36185558	         -5.41429305	          5.03895427	         -7.23571036	         12.99952185	         25.68079067	         30.34429960	          1.61613331	         -4.06697775	         -4.48793772	          5.26983507	          0.22914387	         -3.61361023	         -3.09987015	          1.98222868	          0.04155123	          0.01000003	          0.01000009	          0.05484982	          0.02901174	          0.02545028	          0.12915319	          0.05594812	          0.45129194	          0.01000026	          0.01000007	          0.35749494	          0.26453458	          0.01000003	          0.07977143	          0.12166417	          0.02648445	          0.01240147	          0.12664786	          0.04545031	          0.16696215	          0.02916063	          0.08604588	          0.01329858	          0.01000011	          0.01001257	          0.01000003	          0.27700576	
          0.73484883	         -6.01352159	          4.85915943	         -8.26422352	          0.71625934	          0.94073170	          0.01716668	        -11.63977463	         -5.28987365	          4.63581912	         -8.45792690	         12.59352995	         27.56675911	         30.39041757	          1.62573604	         -4.03569939	         -6.07892934	          4.86199403	          0.18948247	         -3.30333374	         -3.34793165	          2.16589676	          0.06403949	          0.01000005	          0.01000017	          0.04422850	          0.05926969	          0.02447954	          0.10414353	          0.04511413	          0.45321684	          0.01000038	          0.01000019	          0.32975858	          0.25201127	          0.01000001	          0.06432437	          0.12007047	          0.02135591	          0.01000016	          0.13907259	          0.05364573	          0.13463121	          0.06836847	          0.06938364	          0.01072344	          0.01000007	          0.01713151	          0.01240177	          0.30335895	
          0.74925763	         -6.13217724	          4.65692484	         -8.22863699	          0.73400155	          0.93891614	          0.01613682	        -11.72267170	         -5.14124767	          4.20950255	        -10.09137293	         12.05141471	         29.56317539	         30.22167606	          1.62678330	         -4.02075099	         -7.37512200	          4.30421523	          0.17999581	         -2.98889610	         -3.59969741	          2.32986078	          0.08453105	          0.01000002	          0.01000010	          0.03566394	          0.05337479	          0.02512250	          0.08397684	          0.03637807	          0.44187008	          0.01000048	          0.01322478	          0.29800657	          0.23439827	          0.01000000	          0.07561920	          0.09681961	          0.01722047	          0.07334966	          0.15390050	          0.05683583	          0.10856093	          0.08194890	          0.05594794	          0.01000007	          0.01000001	          0.01381412	          0.01000025	          0.34422821	
          0.76366643	         -6.22807944	          4.44657769	         -8.14319641	          0.75178981	          0.93776380	          0.01501038	        -11.52554837	         -4.96797122	          3.76694185	        -12.23586475	         11.30349400	         31.67854364	         29.91192867	          1.62981195	         -4.04754189	         -8.45565323	          3.67917240	          0.14015499	         -2.69367335	         -3.85541487	          2.46833593	          0.11095996	          0.01000002	          0.01000010	          0.02875784	          0.06233744	          0.02582804	          0.06771531	          0.02933369	          0.41632940	          0.01000046	          0.01240119	          0.24029953	          0.19253592	          0.01000000	          0.08090651	          0.07807111	          0.01388584	          0.11328005	          0.17402724	          0.05201365	          0.08753885	          0.10591302	          0.04511397	          0.01000016	          0.01000031	          0.01217533	          0.01000828	          0.37100080	
          0.77807523	         -6.29873018	          4.23589823	         -8.01189555	          0.76942941	          0.93737330	          0.01380779	        -10.99448466	         -4.77817309	          3.29972795	        -14.95967606	         10.33936089	         33.81587089	         29.53593836	          1.63905274	         -4.12158096	         -9.49179989	          3.23915125	          0.11127490	         -2.43075997	         -4.12413779	          2.57577179	          0.12602040	          0.01000003	          0.01000011	          0.02318907	          0.07978671	          0.03155512	          0.05460276	          0.02365341	          0.37203980	          0.01000017	          0.01000008	          0.19376703	          0.15525255	          0.01000000	          0.07687483	          0.06295314	          0.01119695	          0.12867241	          0.17135753	          0.05165701	          0.07058756	          0.10373188	          0.03637794	          0.01000012	          0.05292733	          0.01000024	          0.01000017	          0.39229938	
          0.79248403	         -6.34344648	          4.02427955	         -7.83815875	          0.78679807	          0.93771799	          0.01255969	        -10.11673472	         -4.57525180	          2.79234898	        -18.25760599	          9.13648573	         35.83771155	         29.07788739	          1.65356416	         -4.21920982	        -10.42042640	          2.90881926	          0.08696903	         -2.20772189	         -4.40550127	          2.64936021	          0.13288613	          0.01000005	          0.01000012	          0.01869865	          0.09419743	          0.03709318	          0.04402957	          0.01907307	          0.31593255	          0.01000007	          0.01000002	          0.15624525	          0.12518886	          0.01000001	          0.07030991	          0.05076267	          0.01000004	          0.13327026	          0.13817529	          0.05339463	          0.05691877	          0.09688603	          0.02933358	          0.01000010	          0.11761468	          0.01000024	          0.01000016	          0.39982248	
          0.80689283	         -6.36375457	          3.80376866	         -7.62610399	          0.80379420	          0.93877687	          0.01130044	         -8.91676359	         -4.36118385	          2.23754991	        -22.04656579	          7.70063530	         37.45711641	         28.50167415	          1.67141445	         -4.28932377	        -11.17250808	          2.72576025	          0.06469072	         -2.03220945	         -4.69130074	          2.68876244	          0.14185437	          0.01000005	          0.01000019	          0.01507778	          0.10855080	          0.02991049	          0.06202056	          0.01537969	          0.25567221	          0.01000004	          0.01000000	          0.12598933	          0.10094682	          0.01000011	          0.05914115	          0.04093281	          0.01000005	          0.13122919	          0.11141852	          0.05065026	          0.04589686	          0.09357684	          0.02365332	          0.01000009	          0.16409394	          0.01000038	          0.01000032	          0.39653757	
          0.82130163	         -6.36150257	          3.56144453	         -7.37816183	          0.82036483	          0.94052644	          0.01005257	         -7.43747916	         -4.13713896	          1.63207559	        -26.22606942	          6.13400879	         38.21482208	         27.77823831	          1.68464028	         -4.29601412	        -11.69333495	          2.68363553	          0.05093718	         -1.90800816	         -4.96543479	          2.69445424	          0.14830103	          0.01000005	          0.01000041	          0.01215806	          0.11654078	          0.02411855	          0.06931251	          0.01240152	          0.20616292	          0.01000004	          0.01000000	          0.10159229	          0.08139910	          0.01000004	          0.05099650	          0.03300644	          0.01000005	          0.12329289	          0.08984303	          0.04839476	          0.03700926	          0.08962554	          0.01907301	          0.01000009	          0.18799009	          0.01000030	          0.01000029	          0.38370733	
          0.83571043	         -6.33807022	          3.28083525	         -7.09358588	          0.83652728	          0.94289599	          0.00883283	         -5.73394154	         -3.89950487	          0.99466802	        -30.67979984	          4.45972863	         37.91445414	         26.89546927	          1.67662267	         -4.22844495	        -11.95901146	          2.74580542	          0.04463865	         -1.83187192	         -5.20724750	          2.66568711	          0.15060458	          0.01000004	          0.01818742	          0.01000000	          0.12701823	          0.01944816	          0.07728189	          0.01000004	          0.16624079	          0.01000003	          0.01000000	          0.08191957	          0.06563668	          0.02349068	          0.04385308	          0.02661496	          0.01000004	          0.10958108	          0.07244549	          0.04614442	          0.02984269	          0.08646806	          0.01537964	          0.01000010	          0.19389091	          0.01000014	          0.01000016	          0.36675800	
          0.85011923	         -6.29442907	          2.94591382	         -6.77014062	          0.85229780	          0.94574592	          0.00765226	         -3.86593962	         -3.63536997	          0.35420314	        -35.27852587	          2.73843212	         36.42814534	         25.87182002	          1.62655247	         -4.08679470	        -11.99916599	          2.88626011	          0.04698247	         -1.80257212	         -5.39619035	          2.60296227	          0.15912263	          0.01000003	          0.03506542	          0.01000000	          0.13825355	          0.01568216	          0.07924597	          0.01000000	          0.13404934	          0.01000004	          0.01000000	          0.06605636	          0.05292655	          0.06299052	          0.03536138	          0.02146115	          0.01000004	          0.09596502	          0.05841688	          0.04374721	          0.02406387	          0.08431321	          0.01240148	          0.01000012	          0.18703347	          0.01000007	          0.01000008	          0.34589594	
          0.86452803	         -6.23089434	          2.54387498	         -6.40600587	          0.86768008	          0.94889362	          0.00651205	         -1.90116370	         -3.32550027	         -0.26797565	        -39.90451020	          1.18875221	         33.54987802	         24.74832259	          1.51604442	         -3.86198733	        -11.88147436	          3.08914440	          0.05798452	         -1.82091301	         -5.51259707	          2.51131320	          0.16732462	          0.01000006	          0.06300216	          0.01000000	          0.13951339	          0.01264543	          0.06790572	          0.01000000	          0.10809167	          0.01000007	          0.01000000	          0.05326496	          0.04267766	          0.12430073	          0.02851390	          0.01730534	          0.01000004	          0.08994809	          0.04710482	          0.03794415	          0.01940409	          0.07391099	          0.01000004	          0.01000014	          0.17163299	          0.01000007	          0.01000009	          0.32175617	
          0.87893684	         -6.14764670	          2.07797608	         -6.00272166	          0.88266915	          0.95216228	          0.00540689	          0.08308923	         -2.95646230	         -0.84181914	        -44.42117982	          0.07705254	         29.31602321	         23.57759694	          1.34375162	         -3.53264524	        -11.68845195	          3.33400116	          0.08486350	         -1.88720139	         -5.55219914	          2.40005799	          0.18317625	          0.03599239	          0.09110081	          0.01000000	          0.11315896	          0.01019677	          0.07300010	          0.01000000	          0.09678419	          0.01000009	          0.01000000	          0.04295055	          0.03441340	          0.19790716	          0.02299238	          0.01395428	          0.01000004	          0.09128883	          0.03798327	          0.03179819	          0.01564666	          0.06195935	          0.01000003	          0.01000015	          0.15492278	          0.01000007	          0.01000009	          0.29779364	
          0.89334564	         -6.04534785	          1.56624873	         -5.56851476	          0.89727464	          0.95541541	          0.00432255	          2.00844604	         -2.52284070	         -1.36495986	        -48.63556195	         -0.23028187	         24.48792876	         22.39911356	          1.12104607	         -3.10500149	        -11.47632174	          3.59288191	          0.13409260	         -1.99780870	         -5.52119177	          2.27796616	          0.19168523	          0.06314611	          0.10083706	          0.01000000	          0.09124686	          0.01000008	          0.10614692	          0.01000000	          0.10039948	          0.01000011	          0.01000000	          0.04340082	          0.02774947	          0.21669487	          0.01854008	          0.01125213	          0.01000003	          0.08560931	          0.03062805	          0.02933398	          0.01261684	          0.05764365	          0.01000004	          0.01000020	          0.14472377	          0.01000006	          0.01000008	          0.27512644	
          0.90775444	         -5.92611675	          1.01424785	         -5.11162969	          0.91153414	          0.95863073	          0.00325762	          3.82337786	         -2.00969554	         -1.87990138	        -52.27774514	          0.26119161	         20.38166735	         21.22265211	          0.84505758	         -2.61224387	        -11.25708924	          3.86086395	          0.21298286	         -2.14560576	         -5.41524726	          2.14902406	          0.18366615	          0.07406417	          0.09553370	          0.01000000	          0.08938661	          0.01000010	          0.13467109	          0.01000000	          0.10577000	          0.01000015	          0.01000000	          0.03499660	          0.02237596	          0.21271849	          0.01494994	          0.01000004	          0.01000004	          0.07795811	          0.02469712	          0.02733817	          0.01017379	          0.05327622	          0.01000004	          0.01000022	          0.13685841	          0.01000007	          0.01000009	          0.25374989	
          0.92216324	         -5.79225627	          0.42450811	         -4.63904297	          0.92548545	          0.96182389	          0.00220864	          5.54023938	         -1.42502743	         -2.40255329	        -55.30087829	          0.79530424	         16.98010985	         20.04301866	          0.51223394	         -2.08245614	        -11.01759417	          4.13219244	          0.32528315	         -2.32413726	         -5.23334497	          2.01557928	          0.17666843	          0.08691871	          0.09109028	          0.01000000	          0.09053113	          0.01000009	          0.17543134	          0.01000000	          0.11227732	          0.01000021	          0.01000000	          0.02822000	          0.01804300	          0.20627825	          0.01205503	          0.01000005	          0.01000004	          0.07224726	          0.01991468	          0.02524132	          0.01000036	          0.04966184	          0.01000004	          0.01000023	          0.12881921	          0.01000007	          0.01000009	          0.23419207	
          0.93657204	         -5.64592495	         -0.19786811	         -4.15573643	          0.93916105	          0.96496827	          0.00117993	          7.17042856	         -0.77736890	         -2.93544373	        -57.72725253	          1.32244688	         14.13708289	         18.85451550	          0.12343983	         -1.53440668	        -10.74219559	          4.39342284	          0.46925713	         -2.52752764	         -4.98035524	          1.87801649	          0.17053377	          0.09906988	          0.08757572	          0.01000000	          0.09238160	          0.01000007	          0.22995662	          0.01000000	          0.11809591	          0.01000042	          0.01000000	          0.02275553	          0.01454909	          0.20240716	          0.01000016	          0.01000004	          0.01000004	          0.06764902	          0.01605833	          0.02399729	          0.01000049	          0.04563877	          0.01000004	          0.01000025	          0.12006893	          0.01000007	          0.01000010	          0.21659971	
          0.95098084	         -5.48934547	         -0.84660917	         -3.66681881	          0.95258255	          0.96802428	          0.00017270	          8.72857429	         -0.07773288	         -3.47845056	        -59.59870966	          1.85745280	         11.76576199	         17.65666052	         -0.31781797	         -0.98054822	        -10.42597306	          4.64381282	          0.64687149	         -2.75099116	         -4.66217000	          1.73723054	          0.16424044	          0.11127894	          0.08631907	          0.01000000	          0.09615942	          0.01000006	          0.30297493	          0.01000001	          0.12364794	          0.01000103	          0.01000000	          0.01834912	          0.01173176	          0.20012240	          0.01000016	          0.01000004	          0.01000004	          0.06444615	          0.01294874	          0.02247637	          0.01000048	          0.04159517	          0.01000005	          0.01000028	          0.11055186	          0.01000007	          0.01000010	          0.20046171	
          0.96538964	         -5.32483914	         -1.51311686	         -3.17710763	          0.96575860	          0.97094801	         -0.00081210	         10.23417233	          0.65969287	         -4.02928552	        -60.97207153	          2.37456136	          9.78665052	         16.45364248	         -0.80470382	         -0.43107905	        -10.07188746	          4.88720390	          0.86393114	         -2.99130795	         -4.28771237	          1.59387346	          0.15725372	          0.12328212	          0.08707939	          0.01000000	          0.10163134	          0.01000005	          0.39499155	          0.01000001	          0.12891756	          0.01848406	          0.01000000	          0.01479598	          0.01000003	          0.20034034	          0.01000011	          0.01000004	          0.01000004	          0.06266165	          0.01044130	          0.02049812	          0.01000050	          0.03746341	          0.01000005	          0.01000031	          0.10051685	          0.01000008	          0.01000011	          0.18493121	
          0.97979844	         -5.15491778	         -2.18704428	         -2.69105605	          0.97868336	          0.97369439	         -0.00177442	         11.71047814	          1.41819663	         -4.58436376	        -61.91839565	          2.86919715	          8.13321962	         15.25300305	         -1.32752353	          0.10490774	         -9.68705034	          5.12484553	          1.12266820	         -3.24758935	         -3.86794815	          1.44850402	          0.15141863	          0.13410667	          0.08935384	          0.01000000	          0.11004270	          0.01000005	          0.50501197	          0.01000001	          0.13390702	          0.02757684	          0.01000000	          0.01193089	          0.01000003	          0.20285124	          0.01000009	          0.01000004	          0.01000004	          0.06238676	          0.01000001	          0.01747236	          0.01000051	          0.03290731	          0.01000005	          0.01000038	          0.08977182	          0.01000015	          0.01000019	          0.17004378	
          0.99420724	         -4.98217683	         -2.85644858	         -2.21231549	          0.99134011	          0.97622045	         -0.00271567	         13.18415309	          2.17908385	         -5.13906332	        -62.52393775	          3.34218785	          6.75002382	         14.06678316	         -1.87366675	          0.62009651	         -9.28399668	          5.34328632	          1.42928343	         -3.52052913	         -3.41555357	          1.30177962	          0.14862955	          0.13902423	          0.09339189	          0.01000000	          0.11948872	          0.01000004	          0.62689107	          0.01000001	          0.13821000	          0.02733199	          0.01000000	          0.01000046	          0.01000004	          0.20591650	          0.01000008	          0.01000004	          0.01000004	          0.06398480	          0.01000002	          0.01470469	          0.01000058	          0.02981782	          0.01000005	          0.01000042	          0.07239066	          0.03020920	          0.01000018	          0.15875401	
          1.00861604	         -4.80919944	         -3.50894284	         -1.74315410	          1.00369678	          0.97848850	         -0.00363790	         14.68503397	          2.92242787	         -5.68985747	        -62.89012467	          3.79886140	          5.59317240	         12.92299337	         -2.42854999	          1.11098413	         -8.90392607	          5.53959356	          1.79427175	         -3.81239364	         -2.94405300	          1.15511802	          0.14671691	          0.14080208	          0.09613805	          0.01000000	          0.12857171	          0.01000003	          0.74599158	          0.01000001	          0.14195663	          0.02515753	          0.01000000	          0.01000038	          0.01000003	          0.21071679	          0.01000006	          0.01000004	          0.01000005	          0.06756703	          0.01000001	          0.01185789	          0.01000069	          0.02432344	          0.01000006	          0.01000052	          0.05837276	          0.05340937	          0.01000020	          0.14960536	
          1.02302484	         -4.63846485	         -4.13200920	         -1.28472763	          1.01573231	          0.98047117	         -0.00454269	         16.23868600	          3.62681451	         -6.23578750	        -63.11445594	          4.23226520	          4.62419353	         11.84848900	         -2.97604737	          1.57654735	         -8.59513594	          5.75099155	          2.21725873	         -4.12381901	         -2.46759709	          1.01017147	          0.14887715	          0.14257376	          0.09886390	          0.01000000	          0.13311376	          0.01000002	          0.83700814	          0.01000001	          0.14364688	          0.02914829	          0.01000000	          0.01082902	          0.01000004	          0.21661832	          0.01000008	          0.01000004	          0.01000005	          0.07130115	          0.01000001	          0.01000029	          0.01000096	          0.01961368	          0.01000008	          0.01000088	          0.04706928	          0.07357417	          0.01000030	          0.14077262	
          1.03743364	         -4.47219648	         -4.71387764	         -0.83834580	          1.02745842	          0.98215810	         -0.00543754	         17.85591829	          4.26778512	         -6.78095940	        -63.26362314	          4.65590731	          3.81136371	         10.85336765	         -3.50024167	          2.01271575	         -8.37703266	          5.99362477	          2.69366520	         -4.45135063	         -1.99830838	          0.86940602	          0.14941181	          0.14536724	          0.10346217	          0.01000000	          0.10733865	          0.01000002	          0.86884284	          0.01000001	          0.14517765	          0.03806855	          0.01000000	          0.01082487	          0.01000003	          0.22176049	          0.01000005	          0.01000003	          0.01000005	          0.08388619	          0.01000001	          0.01000014	          0.01000262	          0.01581581	          0.01000011	          0.03686095	          0.03795463	          0.09141826	          0.01000023	          0.13307089	
          1.05184244	         -4.31248921	         -5.24420275	         -0.40657058	          1.03892091	          0.98356317	         -0.00633623	         19.52667998	          4.81591528	         -7.33675188	        -63.34932563	          5.07158578	          3.13024473	          9.92356228	         -3.98725140	          2.41081752	         -8.22723224	          6.26264584	          3.21596806	         -4.78840807	         -1.54594774	          0.73693753	          0.14827979	          0.13588090	          0.10920798	          0.01000000	          0.08655324	          0.01000001	          0.80179408	          0.01000000	          0.14431306	          0.04912982	          0.01000000	          0.01000532	          0.01000004	          0.22685549	          0.01000006	          0.01000004	          0.01000005	          0.09218346	          0.01000001	          0.01000014	          0.01468067	          0.01360829	          0.01000013	          0.06802070	          0.03060498	          0.10760634	          0.01000021	          0.12559760	
          1.06625124	         -4.16124191	         -5.72097690	          0.01235985	          1.05019821	          0.98472562	         -0.00724702	         21.20922154	          5.25793468	         -7.91134976	        -63.29741619	          5.47508992	          2.56029703	          9.03790485	         -4.43219113	          2.76996989	         -8.11550233	          6.55282013	          3.77171764	         -5.12505394	         -1.11397825	          0.61572718	          0.14555397	          0.12075866	          0.11156960	          0.01000000	          0.06979277	          0.01000001	          0.64653175	          0.01000000	          0.14416372	          0.05944861	          0.01000000	          0.01000019	          0.01000004	          0.23301820	          0.01000007	          0.01000005	          0.01000005	          0.09604052	          0.01000001	          0.01000013	          0.05693184	          0.01524764	          0.01000018	          0.09456079	          0.02467854	          0.12308217	          0.01000021	          0.11851341	
          1.08066004	         -4.02002358	         -6.14469957	          0.42251642	          1.06138267	          0.98569355	         -0.00816813	         22.83965872	          5.59369427	         -8.50303668	        -62.97295858	          5.85890219	          2.08220726	          8.17933602	         -4.83382449	          3.09367775	         -8.01875463	          6.85197736	          4.34793437	         -5.44974351	         -0.70645023	          0.50756294	          0.14105612	          0.10942444	          0.11191228	          0.01000000	          0.05627785	          0.01000001	          0.52133493	          0.01000001	          0.14553682	          0.06568197	          0.01000001	          0.01000010	          0.01000004	          0.23859771	          0.01000007	          0.01000006	          0.01000005	          0.09764437	          0.01000001	          0.01000013	          0.07909842	          0.01614019	          0.01000023	          0.11716662	          0.01989972	          0.13853685	          0.01000021	          0.11286613	
          1.09506884	         -3.89038945	         -6.51503232	          0.82743362	          1.07255438	          0.98649836	         -0.00909406	         24.36052523	          5.82846568	         -9.10135691	        -62.26246513	          6.22235507	          1.67827840	          7.33086667	         -5.19104908	          3.38696840	         -7.91106760	          7.14397600	          4.93445634	         -5.75283019	         -0.32886538	          0.41270203	          0.13570242	          0.10076838	          0.11127156	          0.01000000	          0.04538001	          0.01000001	          0.42038168	          0.01000001	          0.14826290	          0.06805015	          0.01000001	          0.01000005	          0.01000004	          0.24428195	          0.01000008	          0.01000007	          0.01000005	          0.09773886	          0.01000001	          0.01000014	          0.08996876	          0.01602798	          0.01000028	          0.13499207	          0.01604630	          0.15285517	          0.01000022	          0.10872365	
          1.10947764	         -3.77389782	         -6.83025241	          1.22964062	          1.08377490	          0.98714956	         -0.01001923	         25.72901844	          5.96968392	         -9.69054430	        -61.09583245	          6.56104525	          1.33234435	          6.47696559	         -5.50193521	          3.65435238	         -7.76910473	          7.42140286	          5.52193734	         -6.02742908	          0.01242219	          0.33021389	          0.13025779	          0.09406769	          0.11017024	          0.01000001	          0.03659247	          0.01000000	          0.33897740	          0.01000001	          0.15197125	          0.06728895	          0.01000003	          0.01000003	          0.01000003	          0.24946348	          0.01000011	          0.01000007	          0.01000006	          0.09693080	          0.01000002	          0.01000016	          0.09422771	          0.01467017	          0.01000032	          0.14710734	          0.01293908	          0.16671091	          0.01000022	          0.10608435	
          1.12388645	         -3.67197166	         -7.08726874	          1.63086460	          1.09509234	          0.98763875	         -0.01093891	         26.91479139	          6.02561992	        -10.25191234	        -59.43877967	          6.86301981	          1.03135773	          5.60446150	         -5.76343563	          3.90003133	         -7.57396898	          7.68205745	          6.10241922	         -6.26866398	          0.31034849	          0.25848588	          0.12580580	          0.08944807	          0.10693898	          0.01000001	          0.02950658	          0.01000000	          0.27333655	          0.01000002	          0.15779097	          0.06572939	          0.01000008	          0.01000002	          0.01000003	          0.25369193	          0.01000013	          0.01000008	          0.01000006	          0.09608133	          0.01000002	          0.01000018	          0.09697149	          0.01237350	          0.01000035	          0.14707817	          0.01043362	          0.18082500	          0.01000023	          0.10486044	
          1.13829525	         -3.58576064	         -7.28194868	          2.03188176	          1.10654710	          0.98794367	         -0.01184944	         27.89852612	          6.00470616	        -10.76460091	        -57.28639140	          7.11117049	          0.76807458	          4.70341473	         -5.97146587	          4.12780718	         -7.31382694	          7.92872642	          6.66975866	         -6.47262651	          0.55764952	          0.19528113	          0.12404899	          0.08908307	          0.10027237	          0.01000002	          0.02379283	          0.01000000	          0.22040663	          0.01000004	          0.16725206	          0.06383799	          0.01000030	          0.01000001	          0.01000003	          0.25601667	          0.01000018	          0.01000008	          0.01000006	          0.09495643	          0.01000003	          0.01000017	          0.10487112	          0.01000136	          0.01000035	          0.13232757	          0.01000038	          0.19455929	          0.01000024	          0.10444182	
          1.15270405	         -3.51613947	         -7.41010206	          2.43189903	          1.11817686	          0.98803232	         -0.01274983	         28.67119785	          5.91560717	        -11.20510684	        -54.65591420	          7.28423401	          0.54615699	          3.76677561	         -6.12165657	          4.33947594	         -6.98362732	          8.16767132	          7.22033673	         -6.63530209	          0.74870266	          0.13776590	          0.12579794	          0.09440480	          0.09201223	          0.01000002	          0.01918552	          0.01000000	          0.17772627	          0.01000007	          0.18116329	          0.06137775	          0.01033977	          0.01000001	          0.01000003	          0.25558519	          0.01000056	          0.01000008	          0.01000006	          0.09294348	          0.01000003	          0.01000012	          0.11854382	          0.01000024	          0.01108863	          0.10670417	          0.01000034	          0.20896410	          0.01000024	          0.10434811	
          1.16711285	         -3.46396402	         -7.46939142	          2.82833472	          1.13000964	          0.98786689	         -0.01364123	         29.23486866	          5.76853559	        -11.54569660	        -51.57858549	          7.35821276	          0.37684613	          2.79380625	         -6.21116835	          4.53521693	         -6.58893394	          8.40653915	          7.75482495	         -6.75367071	          0.88184380	          0.08303812	          0.12027998	          0.09989037	          0.08902507	          0.01000003	          0.01547039	          0.01000000	          0.14331069	          0.01000073	          0.20281905	          0.05879199	          0.01000101	          0.01000001	          0.01000004	          0.25282618	          0.01000024	          0.01000008	          0.01000007	          0.09550979	          0.01000003	          0.01000013	          0.12627264	          0.01000021	          0.02139772	          0.08604191	          0.01000032	          0.22334052	          0.01000025	          0.10398509	
          1.18152165	         -3.43078537	         -7.46153975	          3.21978479	          1.14204972	          0.98740855	         -0.01451916	         29.60384677	          5.57589425	        -11.75636474	        -48.09508544	          7.32341805	          0.26494517	          1.79181474	         -6.24156826	          4.71779979	         -6.14348059	          8.65151866	          8.27836212	         -6.82858158	          0.95907626	          0.02783026	          0.11600075	          0.09578361	          0.09186003	          0.01000003	          0.01247468	          0.01000000	          0.11555948	          0.02280965	          0.22963590	          0.05431237	          0.01000013	          0.01000002	          0.01000009	          0.25012589	          0.01000043	          0.01000009	          0.01000007	          0.09980646	          0.01000004	          0.01000016	          0.12877973	          0.01000029	          0.03969950	          0.06938057	          0.01000040	          0.23852112	          0.01000029	          0.10349344	
          1.19593045	         -3.41822703	         -7.39167041	          3.60763286	          1.15430552	          0.98662665	         -0.01538071	         29.79087505	          5.34645656	        -11.82108178	        -44.24194772	          7.20578293	          0.19628485	          0.76978816	         -6.21786648	          4.89241577	         -5.66354650	          8.91233443	          8.79566421	         -6.86014138	          0.98518980	         -0.02875886	          0.11184949	          0.09140131	          0.09476329	          0.01000002	          0.01005911	          0.01000000	          0.09318211	          0.04267090	          0.26121683	          0.05107319	          0.01000007	          0.01000003	          0.01000018	          0.24956893	          0.01000058	          0.01000010	          0.01000007	          0.10566961	          0.01000005	          0.01000016	          0.13762262	          0.01000031	          0.05903233	          0.05594555	          0.01000038	          0.25419487	          0.01000030	          0.10315054	
          1.21033925	         -3.42760349	         -7.26740705	          3.99358556	          1.16679256	          0.98549701	         -0.01622213	         29.81211827	          5.08553860	        -11.73285327	        -40.07283396	          7.05032420	          0.14708310	         -0.26493461	         -6.14803493	          5.06310397	         -5.16372764	          9.20034377	          9.30921700	         -6.84748921	          0.96733018	         -0.08588406	          0.10652194	          0.09260910	          0.09618269	          0.01000002	          0.01000019	          0.01000000	          0.07513798	          0.06221312	          0.29551669	          0.04882404	          0.01000006	          0.01000004	          0.01000026	          0.25055666	          0.01000086	          0.01000010	          0.01000007	          0.11143831	          0.01000006	          0.01000016	          0.15318091	          0.01000026	          0.07596193	          0.04511211	          0.01000033	          0.27107487	          0.01000029	          0.10317359	
          1.22474805	         -3.45982661	         -7.10022176	          4.37823747	          1.17952280	          0.98400202	         -0.01703708	         29.69588000	          4.79794101	        -11.48602803	        -35.67611044	          6.88964384	          0.10629634	         -1.30652792	         -6.04440700	          5.23194568	         -4.65567361	          9.52511216	          9.82036124	         -6.79077294	          0.91743954	         -0.14316370	          0.10072154	          0.09830698	          0.09630435	          0.01000002	          0.01000160	          0.01000000	          0.06058799	          0.08096789	          0.33027543	          0.04782258	          0.01000006	          0.01000004	          0.01000032	          0.25180844	          0.01000041	          0.01000010	          0.01000007	          0.11734100	          0.01000006	          0.01000019	          0.17312564	          0.01000048	          0.09116541	          0.03637648	          0.01000040	          0.28756416	          0.01000025	          0.10304209	
          1.23915685	         -3.51526662	         -6.90456662	          4.76088200	          1.19250184	          0.98213601	         -0.01781734	         29.48160268	          4.48765926	        -11.07802459	        -31.16848927	          6.73355956	          0.07401196	         -2.34969442	         -5.92243498	          5.40041700	         -4.14954310	          9.89263012	         10.33007939	         -6.69156218	          0.85158990	         -0.20128222	          0.09536829	          0.11018838	          0.09362051	          0.01000002	          0.02270247	          0.01000001	          0.04885551	          0.09461195	          0.36123234	          0.04755382	          0.01000007	          0.01000004	          0.01000031	          0.25299511	          0.01000080	          0.01000010	          0.01000008	          0.11355617	          0.01000007	          0.01000022	          0.20155226	          0.01000034	          0.10134597	          0.02933244	          0.01000031	          0.30516842	          0.01000021	          0.10228042	
          1.25356565	         -3.59369914	         -6.69597833	          5.13870854	          1.20572818	          0.97991142	         -0.01854890	         29.21235414	          4.16100343	        -10.51841203	        -26.67646401	          6.58425898	          0.05098190	         -3.38429222	         -5.79818322	          5.57142683	         -3.66410496	         10.30624565	         10.84119337	         -6.55285973	          0.78753795	         -0.26205249	          0.09034345	          0.12517869	          0.08985874	          0.01000002	          0.04226190	          0.01000001	          0.03939495	          0.10275136	          0.38557904	          0.04854157	          0.01000010	          0.01000004	          0.01000031	          0.25398950	          0.01000116	          0.01000010	          0.01000008	          0.10363248	          0.01000008	          0.01000028	          0.23382759	          0.01000030	          0.11002720	          0.02365243	          0.01000024	          0.32384693	          0.01000017	          0.10050055	
          1.26797445	         -3.69439047	         -6.48760021	          5.50742039	          1.21919228	          0.97735943	         -0.01921278	         28.93138250	          3.82414402	         -9.83938722	        -22.32787647	          6.44199604	          0.03790671	         -4.39534611	         -5.68470413	          5.74457916	         -3.22554703	         10.76428363	         11.36088824	         -6.37936444	          0.74039429	         -0.32818625	          0.08444319	          0.13794515	          0.08781423	          0.01000002	          0.05711315	          0.01000001	          0.03176638	          0.10745379	          0.40070711	          0.05134542	          0.01000018	          0.01000004	          0.01000032	          0.25468935	          0.01000051	          0.01000009	          0.01000008	          0.09584848	          0.01000010	          0.01000041	          0.26454244	          0.01000028	          0.12436905	          0.01907232	          0.01000019	          0.34326257	          0.01000012	          0.09699362	
          1.28238325	         -3.81628049	         -6.28948759	          5.86286715	          1.23287341	          0.97452665	         -0.01978929	         28.68194109	          3.48203848	         -9.09421226	        -18.24972235	          6.30348482	          0.03474834	         -5.36387087	         -5.59092425	          5.91461961	         -2.86537523	         11.26159364	         11.90110035	         -6.17792799	          0.72157981	         -0.40183504	          0.07888205	          0.14813535	          0.09513462	          0.01000003	          0.06075317	          0.01000001	          0.02561503	          0.10692459	          0.40074079	          0.05371387	          0.01070536	          0.01000004	          0.01000046	          0.25592345	          0.01000110	          0.01000010	          0.01000008	          0.09432190	          0.01000014	          0.01663332	          0.29081966	          0.01072422	          0.16069082	          0.01537912	          0.01000020	          0.36259331	          0.01000040	          0.09048247	
          1.29679205	         -3.95821304	         -6.10973526	          6.20257121	          1.24673330	          0.97147579	         -0.02026760	         28.50579484	          3.14003252	         -8.33895305	        -14.56449234	          6.17119590	          0.04004889	         -6.26414995	         -5.52177301	          6.07451862	         -2.61934863	         11.76653940	         12.50692757	         -5.95838522	          0.74187657	         -0.48347653	          0.07640053	          0.16528303	          0.10250245	          0.01000005	          0.06249623	          0.01000002	          0.02065485	          0.09702353	          0.38892389	          0.05835186	          0.01288011	          0.01000004	          0.01000035	          0.25773448	          0.01000102	          0.01000009	          0.01000008	          0.09298019	          0.01000014	          0.02685536	          0.31828644	          0.01400411	          0.20720855	          0.01240111	          0.01000014	          0.38050698	          0.04613093	          0.08425220	
          1.31120085	         -4.11882410	         -5.95431425	          6.52380593	          1.26074000	          0.96830067	         -0.02063908	         28.43098135	          2.80905485	         -7.61338973	        -11.36159920	          6.05594241	          0.05104722	         -7.07835637	         -5.47952369	          6.21437141	         -2.50579498	         12.22966900	         13.24084778	         -5.73056075	          0.81119218	         -0.57406615	          0.07180487	          0.18457845	          0.10902498	          0.01000008	          0.06568719	          0.01000002	          0.01665519	          0.07823567	          0.36775049	          0.06402210	          0.01596650	          0.01000005	          0.01000041	          0.25914534	          0.01000041	          0.01000008	          0.01000008	          0.09037207	          0.01000015	          0.03400562	          0.34208346	          0.01835812	          0.25441493	          0.01000011	          0.01000010	          0.39569512	          0.08855086	          0.06938374	
          1.32560965	         -4.29652268	         -5.82705344	          6.82393837	          1.27487488	          0.96510166	         -0.02089230	         28.46691064	          2.50472907	         -6.93567314	         -8.67840180	          5.96468217	          0.06601497	         -7.79676398	         -5.46500738	          6.32513887	         -2.53753446	         12.63364957	         14.12877602	         -5.50323867	          0.93684103	         -0.67601524	          0.07053362	          0.19464012	          0.11473167	          0.01000011	          0.06515308	          0.01000003	          0.01343005	          0.06308585	          0.33973309	          0.06948272	          0.01906440	          0.01000007	          0.01000039	          0.26039950	          0.01000041	          0.01000008	          0.01000008	          0.08878883	          0.01000017	          0.03985090	          0.35790057	          0.02358285	          0.29775708	          0.01000014	          0.01000008	          0.40727685	          0.12895628	          0.05594803	
          1.34001845	         -4.48902575	         -5.72664358	          7.10152868	          1.28914761	          0.96195704	         -0.02102261	         28.60102485	          2.23836478	         -6.31453508	         -6.50039205	          5.89415037	          0.08328097	         -8.41956453	         -5.47415165	          6.39653138	         -2.71942700	         12.98059348	         15.16108448	         -5.28096553	          1.11973465	         -0.79051878	          0.07114456	          0.19716390	          0.11314899	          0.01000011	          0.06344059	          0.01000004	          0.01082948	          0.05086968	          0.30812300	          0.05999437	          0.02227001	          0.01000008	          0.01000026	          0.26120670	          0.01000035	          0.01000007	          0.01000007	          0.08805008	          0.01000019	          0.04342431	          0.36386970	          0.03003803	          0.33588420	          0.01000012	          0.01000006	          0.41593039	          0.16582731	          0.04511405	
          1.35442725	         -4.69300945	         -5.64737013	          7.35566244	          1.30359511	          0.95891200	         -0.02102712	         28.80821376	          2.01629388	         -5.75519823	         -4.79396862	          5.83853218	          0.10145081	         -8.95516592	         -5.49906329	          6.41703676	         -3.04667754	         13.26560137	         16.32452315	         -5.06372426	          1.35392888	         -0.91814418	          0.07236544	          0.19735228	          0.09634475	          0.01000013	          0.06296191	          0.01000006	          0.01000031	          0.04101910	          0.27373324	          0.04837701	          0.02069143	          0.01000013	          0.01000032	          0.26172699	          0.01000022	          0.01000007	          0.01000007	          0.08899313	          0.01000021	          0.04695026	          0.35790933	          0.03836313	          0.36555580	          0.01000011	          0.01000005	          0.42068084	          0.19813074	          0.03637800	
          1.36883606	         -4.90397774	         -5.58044495	          7.58435594	          1.31827981	          0.95598465	         -0.02089714	         29.06051495	          1.84217234	         -5.26352868	         -3.53333914	          5.79746333	          0.11981517	         -9.42212398	         -5.52965292	          6.37048925	         -3.50117711	         13.47503148	         17.61100347	         -4.84739345	          1.62754460	         -1.06121668	          0.07611786	          0.19658795	          0.07768828	          0.01000012	          0.06253656	          0.01000010	          0.01000095	          0.03307602	          0.23763242	          0.03900917	          0.01668483	          0.01000017	          0.01000019	          0.26226554	          0.01000019	          0.01000007	          0.01000006	          0.08848766	          0.01000029	          0.04816086	          0.33915673	          0.04876343	          0.38844917	          0.01000011	          0.01000004	          0.42079436	          0.22469739	          0.02933363	
          1.38324486	         -5.11664675	         -5.51532802	          7.78440108	          1.33327353	          0.95317664	         -0.02062538	         29.33274882	          1.71687039	         -4.84470652	         -2.70845625	          5.77306574	          0.13811798	         -9.84282818	         -5.55505882	          6.24495755	         -4.06169931	         13.59342549	         19.01622931	         -4.62677259	          1.92680511	         -1.22169781	          0.07749670	          0.19378387	          0.06264446	          0.01000040	          0.06314086	          0.01000019	          0.09858224	          0.02667106	          0.20231878	          0.03145533	          0.01345401	          0.01000021	          0.01000019	          0.26132779	          0.01000017	          0.01000006	          0.01000006	          0.08819360	          0.01000029	          0.04589135	          0.30546024	          0.05512205	          0.40699264	          0.01000011	          0.01000004	          0.41697547	          0.24600534	          0.02365336	
          1.39765366	         -5.32554268	         -5.44219518	          7.95247768	          1.34863260	          0.95048344	         -0.02020358	         29.61896363	          1.63923699	         -4.50545983	         -2.36437099	          5.75785757	          0.15736070	        -10.23400249	         -5.56717307	          6.04241490	         -4.71673424	         13.60976960	         20.53579997	         -4.39939094	          2.23890119	         -1.39935718	          0.08224275	          0.17854458	          0.05051376	          0.01000099	          0.06167025	          0.01454208	          0.18103038	          0.02150638	          0.16411525	          0.02536424	          0.01084881	          0.01000108	          0.01000026	          0.26162787	          0.01000017	          0.01000005	          0.01000006	          0.08805511	          0.01000038	          0.04093556	          0.24633342	          0.05940732	          0.42116440	          0.01000012	          0.01000004	          0.40820114	          0.26074379	          0.01907304	
          1.41206246	         -5.52489950	         -5.34927939	          8.08694116	          1.36443165	          0.94789267	         -0.01963353	         29.90445138	          1.60321842	         -4.25185133	         -2.53659262	          5.73140612	          0.17852425	        -10.61502200	         -5.55622578	          5.76638855	         -5.45275443	         13.51488569	         22.16088012	         -4.15965409	          2.54876980	         -1.59044877	          0.09299293	          0.15611794	          0.04073210	          0.01000019	          0.05870691	          0.03224237	          0.22557321	          0.01734181	          0.13233541	          0.02045264	          0.01000006	          0.01000114	          0.01000006	          0.25853677	          0.01177903	          0.01000004	          0.01000005	          0.08435685	          0.01000032	          0.03444914	          0.19863270	          0.06461888	          0.43054755	          0.01000016	          0.01000004	          0.39539039	          0.26872340	          0.01537967	
          1.42647126	         -5.70893295	         -5.22270512	          8.18638488	          1.38075717	          0.94538634	         -0.01892953	         30.15747158	          1.59873908	         -4.09532275	         -3.23311356	          5.59821508	          0.19873594	        -10.99800133	         -5.50871487	          5.42370664	         -6.27310585	         13.30739202	         23.87986717	         -3.89889151	          2.83992484	         -1.78723670	          0.09892817	          0.14319759	          0.03284459	          0.01000019	          0.06902562	          0.04514377	          0.20705734	          0.01398369	          0.10670950	          0.01649214	          0.01000003	          0.01241700	          0.01191184	          0.26914135	          0.01145061	          0.01000005	          0.01000003	          0.06802180	          0.01311529	          0.03156055	          0.16016881	          0.06938384	          0.44169247	          0.01000026	          0.01000009	          0.37881418	          0.26921563	          0.01240149	
          1.44088006	         -5.87286156	         -5.05255404	          8.24767226	          1.39765366	          0.94296568	         -0.01809978	         30.34429960	          1.61613331	         -4.06697775	         -4.48793772	          5.26983507	          0.22914387	        -11.36185558	         -5.41429305	          5.03895427	         -7.23571036	         12.99952185	         25.68079067	         -3.61361023	          3.09987015	         -1.98222868	          0.07977143	          0.12166417	          0.02648445	          0.01240147	          0.12664786	          0.04545031	          0.16696215	          0.02916063	          0.08604588	          0.01329858	          0.01000011	          0.01001257	          0.01000003	          0.27700576	          0.04155123	          0.01000003	          0.01000009	          0.05484982	          0.02901174	          0.02545028	          0.12915319	          0.05594812	          0.45129194	          0.01000026	          0.01000007	          0.35749494	          0.26453458	          0.01000003	
          1.45528886	         -6.01352159	         -4.85915943	          8.26422352	          1.41508617	          0.94073170	         -0.01716668	         30.39041757	          1.62573604	         -4.03569939	         -6.07892934	          4.86199403	          0.18948247	        -11.63977463	         -5.28987365	          4.63581912	         -8.45792690	         12.59352995	         27.56675911	         -3.30333374	          3.34793165	         -2.16589676	          0.06432437	          0.12007047	          0.02135591	          0.01000016	          0.13907259	          0.05364573	          0.13463121	          0.06836847	          0.06938364	          0.01072344	          0.01000007	          0.01713151	          0.01240177	          0.30335895	          0.06403949	          0.01000005	          0.01000017	          0.04422850	          0.05926969	          0.02447954	          0.10414353	          0.04511413	          0.45321684	          0.01000038	          0.01000019	          0.32975858	          0.25201127	          0.01000001	
          1.46969766	         -6.13217724	         -4.65692484	          8.22863699	          1.43282838	          0.93891614	         -0.01613682	         30.22167606	          1.62678330	         -4.02075099	         -7.37512200	          4.30421523	          0.17999581	        -11.72267170	         -5.14124767	          4.20950255	        -10.09137293	         12.05141471	         29.56317539	         -2.98889610	          3.59969741	         -2.32986078	          0.07561920	          0.09681961	          0.01722047	          0.07334966	          0.15390050	          0.05683583	          0.10856093	          0.08194890	          0.05594794	          0.01000007	          0.01000001	          0.01381412	          0.01000025	          0.34422821	          0.08453105	          0.01000002	          0.01000010	          0.03566394	          0.05337479	          0.02512250	          0.08397684	          0.03637807	          0.44187008	          0.01000048	          0.01322478	          0.29800657	          0.23439827	          0.01000000	
          1.48410646	         -6.22807944	         -4.44657769	          8.14319641	          1.45061664	          0.93776380	         -0.01501038	         29.91192867	          1.62981195	         -4.04754189	         -8.45565323	          3.67917240	          0.14015499	        -11.52554837	         -4.96797122	          3.76694185	        -12.23586475	         11.30349400	         31.67854364	         -2.69367335	          3.85541487	         -2.46833593	          0.08090651	          0.07807111	          0.01388584	          0.11328005	          0.17402724	          0.05201365	          0.08753885	          0.10591302	          0.04511397	          0.01000016	          0.01000031	          0.01217533	          0.01000828	          0.37100080	          0.11095996	          0.01000002	          0.01000010	          0.02875784	          0.06233744	          0.02582804	          0.06771531	          0.02933369	          0.41632940	          0.01000046	          0.01240119	          0.24029953	          0.19253592	          0.01000000	
          1.49851526	         -6.29873018	         -4.23589823	          8.01189555	          1.46825624	          0.93737330	         -0.01380779	         29.53593836	          1.63905274	         -4.12158096	         -9.49179989	          3.23915125	          0.11127490	        -10.99448466	         -4.77817309	          3.29972795	        -14.95967606	         10.33936089	         33.81587089	         -2.43075997	          4.12413779	         -2.57577179	          0.07687483	          0.06295314	          0.01119695	          0.12867241	          0.17135753	          0.05165701	          0.07058756	          0.10373188	          0.03637794	          0.01000012	          0.05292733	          0.01000024	          0.01000017	          0.39229938	          0.12602040	          0.01000003	          0.01000011	          0.02318907	          0.07978671	          0.03155512	          0.05460276	          0.02365341	          0.37203980	          0.01000017	          0.01000008	          0.19376703	          0.15525255	          0.01000000	
          1.51292406	         -6.34344648	         -4.02427955	          7.83815875	          1.48562490	          0.93771799	         -0.01255969	         29.07788739	          1.65356416	         -4.21920982	        -10.42042640	          2.90881926	          0.08696903	        -10.11673472	         -4.57525180	          2.79234898	        -18.25760599	          9.13648573	         35.83771155	         -2.20772189	          4.40550127	         -2.64936021	          0.07030991	          0.05076267	          0.01000004	          0.13327026	          0.13817529	          0.05339463	          0.05691877	          0.09688603	          0.02933358	          0.01000010	          0.11761468	          0.01000024	          0.01000016	          0.39982248	          0.13288613	          0.01000005	          0.01000012	          0.01869865	          0.09419743	          0.03709318	          0.04402957	          0.01907307	          0.31593255	          0.01000007	          0.01000002	          0.15624525	          0.12518886	          0.01000001	
          1.52733286	         -6.36375457	         -3.80376866	          7.62610399	          1.50262103	          0.93877687	         -0.01130044	         28.50167415	          1.67141445	         -4.28932377	        -11.17250808	          2.72576025	          0.06469072	         -8.91676359	         -4.36118385	          2.23754991	        -22.04656579	          7.70063530	         37.45711641	         -2.03220945	          4.69130074	         -2.68876244	          0.05914115	          0.04093281	          0.01000005	          0.13122919	          0.11141852	          0.05065026	          0.04589686	          0.09357684	          0.02365332	          0.01000009	          0.16409394	          0.01000038	          0.01000032	          0.39653757	          0.14185437	          0.01000005	          0.01000019	          0.01507778	          0.10855080	          0.02991049	          0.06202056	          0.01537969	          0.25567221	          0.01000004	          0.01000000	          0.12598933	          0.10094682	          0.01000011	
          1.54174166	         -6.36150257	         -3.56144453	          7.37816183	          1.51919165	          0.94052644	         -0.01005257	         27.77823831	          1.68464028	         -4.29601412	        -11.69333495	          2.68363553	          0.05093718	         -7.43747916	         -4.13713896	          1.63207559	        -26.22606942	          6.13400879	         38.21482208	         -1.90800816	          4.96543479	         -2.69445424	          0.05099650	          0.03300644	          0.01000005	          0.12329289	          0.08984303	          0.04839476	          0.03700926	          0.08962554	          0.01907301	          0.01000009	          0.18799009	          0.01000030	          0.01000029	          0.38370733	          0.14830103	          0.01000005	          0.01000041	          0.01215806	          0.11654078	          0.02411855	          0.06931251	          0.01240152	          0.20616292	          0.01000004	          0.01000000	          0.10159229	          0.08139910	          0.01000004	
          1.55615046	         -6.33807022	         -3.28083525	          7.09358588	          1.53535411	          0.94289599	         -0.00883283	         26.89546927	          1.67662267	         -4.22844495	        -11.95901146	          2.74580542	          0.04463865	         -5.73394154	         -3.89950487	          0.99466802	        -30.67979984	          4.45972863	         37.91445414	         -1.83187192	          5.20724750	         -2.66568711	          0.04385308	          0.02661496	          0.01000004	          0.10958108	          0.07244549	          0.04614442	          0.02984269	          0.08646806	          0.01537964	          0.01000010	          0.19389091	          0.01000014	          0.01000016	          0.36675800	          0.15060458	          0.01000004	          0.01818742	          0.01000000	          0.12701823	          0.01944816	          0.07728189	          0.01000004	          0.16624079	          0.01000003	          0.01000000	          0.08191957	          0.06563668	          0.02349068	
          1.57055926	         -6.29442907	         -2.94591382	          6.77014062	          1.55112463	          0.94574592	         -0.00765226	         25.87182002	          1.62655247	         -4.08679470	        -11.99916599	          2.88626011	          0.04698247	         -3.86593962	         -3.63536997	          0.35420314	        -35.27852587	          2.73843212	         36.42814534	         -1.80257212	          5.39619035	         -2.60296227	          0.03536138	          0.02146115	          0.01000004	          0.09596502	          0.05841688	          0.04374721	          0.02406387	          0.08431321	          0.01240148	          0.01000012	          0.18703347	          0.01000007	          0.01000008	          0.34589594	          0.15912263	          0.01000003	          0.03506542	          0.01000000	          0.13825355	          0.01568216	          0.07924597	          0.01000000	          0.13404934	          0.01000004	          0.01000000	          0.06605636	          0.05292655	          0.06299052	
          1.58496806	         -6.23089434	         -2.54387498	          6.40600587	          1.56650691	          0.94889362	         -0.00651205	         24.74832259	          1.51604442	         -3.86198733	        -11.88147436	          3.08914440	          0.05798452	         -1.90116370	         -3.32550027	         -0.26797565	        -39.90451020	          1.18875221	         33.54987802	         -1.82091301	          5.51259707	         -2.51131320	          0.02851390	          0.01730534	          0.01000004	          0.08994809	          0.04710482	          0.03794415	          0.01940409	          0.07391099	          0.01000004	          0.01000014	          0.17163299	          0.01000007	          0.01000009	          0.32175617	          0.16732462	          0.01000006	          0.06300216	          0.01000000	          0.13951339	          0.01264543	          0.06790572	          0.01000000	          0.10809167	          0.01000007	          0.01000000	          0.05326496	          0.04267766	          0.12430073	
          1.59937686	         -6.14764670	         -2.07797608	          6.00272166	          1.58149597	          0.95216228	         -0.00540689	         23.57759694	          1.34375162	         -3.53264524	        -11.68845195	          3.33400116	          0.08486350	          0.08308923	         -2.95646230	         -0.84181914	        -44.42117982	          0.07705254	         29.31602321	         -1.88720139	          5.55219914	         -2.40005799	          0.02299238	          0.01395428	          0.01000004	          0.09128883	          0.03798327	          0.03179819	          0.01564666	          0.06195935	          0.01000003	          0.01000015	          0.15492278	          0.01000007	          0.01000009	          0.29779364	          0.18317625	          0.03599239	          0.09110081	          0.01000000	          0.11315896	          0.01019677	          0.07300010	          0.01000000	          0.09678419	          0.01000009	          0.01000000	          0.04295055	          0.03441340	          0.19790716	
          1.61378566	         -6.04534785	         -1.56624873	          5.56851476	          1.59610147	          0.95541541	         -0.00432255	         22.39911356	          1.12104607	         -3.10500149	        -11.47632174	          3.59288191	          0.13409260	          2.00844604	         -2.52284070	         -1.36495986	        -48.63556195	         -0.23028187	         24.48792876	         -1.99780870	          5.52119177	         -2.27796616	          0.01854008	          0.01125213	          0.01000003	          0.08560931	          0.03062805	          0.02933398	          0.01261684	          0.05764365	          0.01000004	          0.01000020	          0.14472377	          0.01000006	          0.01000008	          0.27512644	          0.19168523	          0.06314611	          0.10083706	          0.01000000	          0.09124686	          0.01000008	          0.10614692	          0.01000000	          0.10039948	          0.01000011	          0.01000000	          0.04340082	          0.02774947	          0.21669487	
          1.62819447	         -5.92611675	         -1.01424785	          5.11162969	          1.61036097	          0.95863073	         -0.00325762	         21.22265211	          0.84505758	         -2.61224387	        -11.25708924	          3.86086395	          0.21298286	          3.82337786	         -2.00969554	         -1.87990138	        -52.27774514	          0.26119161	         20.38166735	         -2.14560576	          5.41524726	         -2.14902406	          0.01494994	          0.01000004	          0.01000004	          0.07795811	          0.02469712	          0.02733817	          0.01017379	          0.05327622	          0.01000004	          0.01000022	          0.13685841	          0.01000007	          0.01000009	          0.25374989	          0.18366615	          0.07406417	          0.09553370	          0.01000000	          0.08938661	          0.01000010	          0.13467109	          0.01000000	          0.10577000	          0.01000015	          0.01000000	          0.03499660	          0.02237596	          0.21271849	
          1.64260327	         -5.79225627	         -0.42450811	          4.63904297	          1.62431228	          0.96182389	         -0.00220864	         20.04301866	          0.51223394	         -2.08245614	        -11.01759417	          4.13219244	          0.32528315	          5.54023938	         -1.42502743	         -2.40255329	        -55.30087829	          0.79530424	         16.98010985	         -2.32413726	          5.23334497	         -2.01557928	          0.01205503	          0.01000005	          0.01000004	          0.07224726	          0.01991468	          0.02524132	          0.01000036	          0.04966184	          0.01000004	          0.01000023	          0.12881921	          0.01000007	          0.01000009	          0.23419207	          0.17666843	          0.08691871	          0.09109028	          0.01000000	          0.09053113	          0.01000009	          0.17543134	          0.01000000	          0.11227732	          0.01000021	          0.01000000	          0.02822000	          0.01804300	          0.20627825	
          1.65701207	         -5.64592495	          0.19786811	          4.15573643	          1.63798788	          0.96496827	         -0.00117993	         18.85451550	          0.12343983	         -1.53440668	        -10.74219559	          4.39342284	          0.46925713	          7.17042856	         -0.77736890	         -2.93544373	        -57.72725253	          1.32244688	         14.13708289	         -2.52752764	          4.98035524	         -1.87801649	          0.01000016	          0.01000004	          0.01000004	          0.06764902	          0.01605833	          0.02399729	          0.01000049	          0.04563877	          0.01000004	          0.01000025	          0.12006893	          0.01000007	          0.01000010	          0.21659971	          0.17053377	          0.09906988	          0.08757572	          0.01000000	          0.09238160	          0.01000007	          0.22995662	          0.01000000	          0.11809591	          0.01000042	          0.01000000	          0.02275553	          0.01454909	          0.20240716	
          1.67142087	         -5.48934547	          0.84660917	          3.66681881	          1.65140937	          0.96802428	         -0.00017270	         17.65666052	         -0.31781797	         -0.98054822	        -10.42597306	          4.64381282	          0.64687149	          8.72857429	         -0.07773288	         -3.47845056	        -59.59870966	          1.85745280	         11.76576199	         -2.75099116	          4.66217000	         -1.73723054	          0.01000016	          0.01000004	          0.01000004	          0.06444615	          0.01294874	          0.02247637	          0.01000048	          0.04159517	          0.01000005	          0.01000028	          0.11055186	          0.01000007	          0.01000010	          0.20046171	          0.16424044	          0.11127894	          0.08631907	          0.01000000	          0.09615942	          0.01000006	          0.30297493	          0.01000001	          0.12364794	          0.01000103	          0.01000000	          0.01834912	          0.01173176	          0.20012240	
          1.68582967	         -5.32483914	          1.51311686	          3.17710763	          1.66458543	          0.97094801	          0.00081210	         16.45364248	         -0.80470382	         -0.43107905	        -10.07188746	          4.88720390	          0.86393114	         10.23417233	          0.65969287	         -4.02928552	        -60.97207153	          2.37456136	          9.78665052	         -2.99130795	          4.28771237	         -1.59387346	          0.01000011	          0.01000004	          0.01000004	          0.06266165	          0.01044130	          0.02049812	          0.01000050	          0.03746341	          0.01000005	          0.01000031	          0.10051685	          0.01000008	          0.01000011	          0.18493121	          0.15725372	          0.12328212	          0.08707939	          0.01000000	          0.10163134	          0.01000005	          0.39499155	          0.01000001	          0.12891756	          0.01848406	          0.01000000	          0.01479598	          0.01000003	          0.20034034	
          1.70023847	         -5.15491778	          2.18704428	          2.69105605	          1.67751019	          0.97369439	          0.00177442	         15.25300305	         -1.32752353	          0.10490774	         -9.68705034	          5.12484553	          1.12266820	         11.71047814	          1.41819663	         -4.58436376	        -61.91839565	          2.86919715	          8.13321962	         -3.24758935	          3.86794815	         -1.44850402	          0.01000009	          0.01000004	          0.01000004	          0.06238676	          0.01000001	          0.01747236	          0.01000051	          0.03290731	          0.01000005	          0.01000038	          0.08977182	          0.01000015	          0.01000019	          0.17004378	          0.15141863	          0.13410667	          0.08935384	          0.01000000	          0.11004270	          0.01000005	          0.50501197	          0.01000001	          0.13390702	          0.02757684	          0.01000000	          0.01193089	          0.01000003	          0.20285124	
          1.71464727	         -4.98217683	          2.85644858	          2.21231549	          1.69016694	          0.97622045	          0.00271567	         14.06678316	         -1.87366675	          0.62009651	         -9.28399668	          5.34328632	          1.42928343	         13.18415309	          2.17908385	         -5.13906332	        -62.52393775	          3.34218785	          6.75002382	         -3.52052913	          3.41555357	         -1.30177962	          0.01000008	          0.01000004	          0.01000004	          0.06398480	          0.01000002	          0.01470469	          0.01000058	          0.02981782	          0.01000005	          0.01000042	          0.07239066	          0.03020920	          0.01000018	          0.15875401	          0.14862955	          0.13902423	          0.09339189	          0.01000000	          0.11948872	          0.01000004	          0.62689107	          0.01000001	          0.13821000	          0.02733199	          0.01000000	          0.01000046	          0.01000004	          0.20591650	
          1.72905607	         -4.80919944	          3.50894284	          1.74315410	          1.70252361	          0.97848850	          0.00363790	         12.92299337	         -2.42854999	          1.11098413	         -8.90392607	          5.53959356	          1.79427175	         14.68503397	          2.92242787	         -5.68985747	        -62.89012467	          3.79886140	          5.59317240	         -3.81239364	          2.94405300	         -1.15511802	          0.01000006	          0.01000004	          0.01000005	          0.06756703	          0.01000001	          0.01185789	          0.01000069	          0.02432344	          0.01000006	          0.01000052	          0.05837276	          0.05340937	          0.01000020	          0.14960536	          0.14671691	          0.14080208	          0.09613805	          0.01000000	          0.12857171	          0.01000003	          0.74599158	          0.01000001	          0.14195663	          0.02515753	          0.01000000	          0.01000038	          0.01000003	          0.21071679	
          1.74346487	         -4.63846485	          4.13200920	          1.28472763	          1.71455914	          0.98047117	          0.00454269	         11.84848900	         -2.97604737	          1.57654735	         -8.59513594	          5.75099155	          2.21725873	         16.23868600	          3.62681451	         -6.23578750	        -63.11445594	          4.23226520	          4.62419353	         -4.12381901	          2.46759709	         -1.01017147	          0.01000008	          0.01000004	          0.01000005	          0.07130115	          0.01000001	          0.01000029	          0.01000096	          0.01961368	          0.01000008	          0.01000088	          0.04706928	          0.07357417	          0.01000030	          0.14077262	          0.14887715	          0.14257376	          0.09886390	          0.01000000	          0.13311376	          0.01000002	          0.83700814	          0.01000001	          0.14364688	          0.02914829	          0.01000000	          0.01082902	          0.01000004	          0.21661832	
          1.75787367	         -4.47219648	          4.71387764	          0.83834580	          1.72628525	          0.98215810	          0.00543754	         10.85336765	         -3.50024167	          2.01271575	         -8.37703266	          5.99362477	          2.69366520	         17.85591829	          4.26778512	         -6.78095940	        -63.26362314	          4.65590731	          3.81136371	         -4.45135063	          1.99830838	         -0.86940602	          0.01000005	          0.01000003	          0.01000005	          0.08388619	          0.01000001	          0.01000014	          0.01000262	          0.01581581	          0.01000011	          0.03686095	          0.03795463	          0.09141826	          0.01000023	          0.13307089	          0.14941181	          0.14536724	          0.10346217	          0.01000000	          0.10733865	          0.01000002	          0.86884284	          0.01000001	          0.14517765	          0.03806855	          0.01000000	          0.01082487	          0.01000003	          0.22176049	
          1.77228247	         -4.31248921	          5.24420275	          0.40657058	          1.73774773	          0.98356317	          0.00633623	          9.92356228	         -3.98725140	          2.41081752	         -8.22723224	          6.26264584	          3.21596806	         19.52667998	          4.81591528	         -7.33675188	        -63.34932563	          5.07158578	          3.13024473	         -4.78840807	          1.54594774	         -0.73693753	          0.01000006	          0.01000004	          0.01000005	          0.09218346	          0.01000001	          0.01000014	          0.01468067	          0.01360829	          0.01000013	          0.06802070	          0.03060498	          0.10760634	          0.01000021	          0.12559760	          0.14827979	          0.13588090	          0.10920798	          0.01000000	          0.08655324	          0.01000001	          0.80179408	          0.01000000	          0.14431306	          0.04912982	          0.01000000	          0.01000532	          0.01000004	          0.22685549	
          1.78669127	         -4.16124191	          5.72097690	         -0.01235985	          1.74902503	          0.98472562	          0.00724702	          9.03790485	         -4.43219113	          2.76996989	         -8.11550233	          6.55282013	          3.77171764	         21.20922154	          5.25793468	         -7.91134976	        -63.29741619	          5.47508992	          2.56029703	         -5.12505394	          1.11397825	         -0.61572718	          0.01000007	          0.01000005	          0.01000005	          0.09604052	          0.01000001	          0.01000013	          0.05693184	          0.01524764	          0.01000018	          0.09456079	          0.02467854	          0.12308217	          0.01000021	          0.11851341	          0.14555397	          0.12075866	          0.11156960	          0.01000000	          0.06979277	          0.01000001	          0.64653175	          0.01000000	          0.14416372	          0.05944861	          0.01000000	          0.01000019	          0.01000004	          0.23301820	
          1.80110007	         -4.02002358	          6.14469957	         -0.42251642	          1.76020950	          0.98569355	          0.00816813	          8.17933602	         -4.83382449	          3.09367775	         -8.01875463	          6.85197736	          4.34793437	         22.83965872	          5.59369427	         -8.50303668	        -62.97295858	          5.85890219	          2.08220726	         -5.44974351	          0.70645023	         -0.50756294	          0.01000007	          0.01000006	          0.01000005	          0.09764437	          0.01000001	          0.01000013	          0.07909842	          0.01614019	          0.01000023	          0.11716662	          0.01989972	          0.13853685	          0.01000021	          0.11286613	          0.14105612	          0.10942444	          0.11191228	          0.01000000	          0.05627785	          0.01000001	          0.52133493	          0.01000001	          0.14553682	          0.06568197	          0.01000001	          0.01000010	          0.01000004	          0.23859771	
          1.81550887	         -3.89038945	          6.51503232	         -0.82743362	          1.77138121	          0.98649836	          0.00909406	          7.33086667	         -5.19104908	          3.38696840	         -7.91106760	          7.14397600	          4.93445634	         24.36052523	          5.82846568	         -9.10135691	        -62.26246513	          6.22235507	          1.67827840	         -5.75283019	          0.32886538	         -0.41270203	          0.01000008	          0.01000007	          0.01000005	          0.09773886	          0.01000001	          0.01000014	          0.08996876	          0.01602798	          0.01000028	          0.13499207	          0.01604630	          0.15285517	          0.01000022	          0.10872365	          0.13570242	          0.10076838	          0.11127156	          0.01000000	          0.04538001	          0.01000001	          0.42038168	          0.01000001	          0.14826290	          0.06805015	          0.01000001	          0.01000005	          0.01000004	          0.24428195	
          1.82991767	         -3.77389782	          6.83025241	         -1.22964062	          1.78260172	          0.98714956	          0.01001923	          6.47696559	         -5.50193521	          3.65435238	         -7.76910473	          7.42140286	          5.52193734	         25.72901844	          5.96968392	         -9.69054430	        -61.09583245	          6.56104525	          1.33234435	         -6.02742908	         -0.01242219	         -0.33021389	          0.01000011	          0.01000007	          0.01000006	          0.09693080	          0.01000002	          0.01000016	          0.09422771	          0.01467017	          0.01000032	          0.14710734	          0.01293908	          0.16671091	          0.01000022	          0.10608435	          0.13025779	          0.09406769	          0.11017024	          0.01000001	          0.03659247	          0.01000000	          0.33897740	          0.01000001	          0.15197125	          0.06728895	          0.01000003	          0.01000003	          0.01000003	          0.24946348	
          1.84432647	         -3.67197166	          7.08726874	         -1.63086460	          1.79391917	          0.98763875	          0.01093891	          5.60446150	         -5.76343563	          3.90003133	         -7.57396898	          7.68205745	          6.10241922	         26.91479139	          6.02561992	        -10.25191234	        -59.43877967	          6.86301981	          1.03135773	         -6.26866398	         -0.31034849	         -0.25848588	          0.01000013	          0.01000008	          0.01000006	          0.09608133	          0.01000002	          0.01000018	          0.09697149	          0.01237350	          0.01000035	          0.14707817	          0.01043362	          0.18082500	          0.01000023	          0.10486044	          0.12580580	          0.08944807	          0.10693898	          0.01000001	          0.02950658	          0.01000000	          0.27333655	          0.01000002	          0.15779097	          0.06572939	          0.01000008	          0.01000002	          0.01000003	          0.25369193	
          1.85873527	         -3.58576064	          7.28194868	         -2.03188176	          1.80537393	          0.98794367	          0.01184944	          4.70341473	         -5.97146587	          4.12780718	         -7.31382694	          7.92872642	          6.66975866	         27.89852612	          6.00470616	        -10.76460091	        -57.28639140	          7.11117049	          0.76807458	         -6.47262651	         -0.55764952	         -0.19528113	          0.01000018	          0.01000008	          0.01000006	          0.09495643	          0.01000003	          0.01000017	          0.10487112	          0.01000136	          0.01000035	          0.13232757	          0.01000038	          0.19455929	          0.01000024	          0.10444182	          0.12404899	          0.08908307	          0.10027237	          0.01000002	          0.02379283	          0.01000000	          0.22040663	          0.01000004	          0.16725206	          0.06383799	          0.01000030	          0.01000001	          0.01000003	          0.25601667	
          1.87314408	         -3.51613947	          7.41010206	         -2.43189903	          1.81700368	          0.98803232	          0.01274983	          3.76677561	         -6.12165657	          4.33947594	         -6.98362732	          8.16767132	          7.22033673	         28.67119785	          5.91560717	        -11.20510684	        -54.65591420	          7.28423401	          0.54615699	         -6.63530209	         -0.74870266	         -0.13776590	          0.01000056	          0.01000008	          0.01000006	          0.09294348	          0.01000003	          0.01000012	          0.11854382	          0.01000024	          0.01108863	          0.10670417	          0.01000034	          0.20896410	          0.01000024	          0.10434811	          0.12579794	          0.09440480	          0.09201223	          0.01000002	          0.01918552	          0.01000000	          0.17772627	          0.01000007	          0.18116329	          0.06137775	          0.01033977	          0.01000001	          0.01000003	          0.25558519	
          1.88755288	         -3.46396402	          7.46939142	         -2.82833472	          1.82883646	          0.98786689	          0.01364123	          2.79380625	         -6.21116835	          4.53521693	         -6.58893394	          8.40653915	          7.75482495	         29.23486866	          5.76853559	        -11.54569660	        -51.57858549	          7.35821276	          0.37684613	         -6.75367071	         -0.88184380	         -0.08303812	          0.01000024	          0.01000008	          0.01000007	          0.09550979	          0.01000003	          0.01000013	          0.12627264	          0.01000021	          0.02139772	          0.08604191	          0.01000032	          0.22334052	          0.01000025	          0.10398509	          0.12027998	          0.09989037	          0.08902507	          0.01000003	          0.01547039	          0.01000000	          0.14331069	          0.01000073	          0.20281905	          0.05879199	          0.01000101	          0.01000001	          0.01000004	          0.25282618	
          1.90196168	         -3.43078537	          7.46153975	         -3.21978479	          1.84087654	          0.98740855	          0.01451916	          1.79181474	         -6.24156826	          4.71779979	         -6.14348059	          8.65151866	          8.27836212	         29.60384677	          5.57589425	        -11.75636474	        -48.09508544	          7.32341805	          0.26494517	         -6.82858158	         -0.95907626	         -0.02783026	          0.01000043	          0.01000009	          0.01000007	          0.09980646	          0.01000004	          0.01000016	          0.12877973	          0.01000029	          0.03969950	          0.06938057	          0.01000040	          0.23852112	          0.01000029	          0.10349344	          0.11600075	          0.09578361	          0.09186003	          0.01000003	          0.01247468	          0.01000000	          0.11555948	          0.02280965	          0.22963590	          0.05431237	          0.01000013	          0.01000002	          0.01000009	          0.25012589	
          1.91637048	         -3.41822703	          7.39167041	         -3.60763286	          1.85313235	          0.98662665	          0.01538071	          0.76978816	         -6.21786648	          4.89241577	         -5.66354650	          8.91233443	          8.79566421	         29.79087505	          5.34645656	        -11.82108178	        -44.24194772	          7.20578293	          0.19628485	         -6.86014138	         -0.98518980	          0.02875886	          0.01000058	          0.01000010	          0.01000007	          0.10566961	          0.01000005	          0.01000016	          0.13762262	          0.01000031	          0.05903233	          0.05594555	          0.01000038	          0.25419487	          0.01000030	          0.10315054	          0.11184949	          0.09140131	          0.09476329	          0.01000002	          0.01005911	          0.01000000	          0.09318211	          0.04267090	          0.26121683	          0.05107319	          0.01000007	          0.01000003	          0.01000018	          0.24956893	
          1.93077928	         -3.42760349	          7.26740705	         -3.99358556	          1.86561939	          0.98549701	          0.01622213	         -0.26493461	         -6.14803493	          5.06310397	         -5.16372764	          9.20034377	          9.30921700	         29.81211827	          5.08553860	        -11.73285327	        -40.07283396	          7.05032420	          0.14708310	         -6.84748921	         -0.96733018	          0.08588406	          0.01000086	          0.01000010	          0.01000007	          0.11143831	          0.01000006	          0.01000016	          0.15318091	          0.01000026	          0.07596193	          0.04511211	          0.01000033	          0.27107487	          0.01000029	          0.10317359	          0.10652194	          0.09260910	          0.09618269	          0.01000002	          0.01000019	          0.01000000	          0.07513798	          0.06221312	          0.29551669	          0.04882404	          0.01000006	          0.01000004	          0.01000026	          0.25055666	
          1.94518808	         -3.45982661	          7.10022176	         -4.37823747	          1.87834963	          0.98400202	          0.01703708	         -1.30652792	         -6.04440700	          5.23194568	         -4.65567361	          9.52511216	          9.82036124	         29.69588000	          4.79794101	        -11.48602803	        -35.67611044	          6.88964384	          0.10629634	         -6.79077294	         -0.91743954	          0.14316370	          0.01000041	          0.01000010	          0.01000007	          0.11734100	          0.01000006	          0.01000019	          0.17312564	          0.01000048	          0.09116541	          0.03637648	          0.01000040	          0.28756416	          0.01000025	          0.10304209	          0.10072154	          0.09830698	          0.09630435	          0.01000002	          0.01000160	          0.01000000	          0.06058799	          0.08096789	          0.33027543	          0.04782258	          0.01000006	          0.01000004	          0.01000032	          0.25180844	
          1.95959688	         -3.51526662	          6.90456662	         -4.76088200	          1.89132867	          0.98213601	          0.01781734	         -2.34969442	         -5.92243498	          5.40041700	         -4.14954310	          9.89263012	         10.33007939	         29.48160268	          4.48765926	        -11.07802459	        -31.16848927	          6.73355956	          0.07401196	         -6.69156218	         -0.85158990	          0.20128222	          0.01000080	          0.01000010	          0.01000008	          0.11355617	          0.01000007	          0.01000022	          0.20155226	          0.01000034	          0.10134597	          0.02933244	          0.01000031	          0.30516842	          0.01000021	          0.10228042	          0.09536829	          0.11018838	          0.09362051	          0.01000002	          0.02270247	          0.01000001	          0.04885551	          0.09461195	          0.36123234	          0.04755382	          0.01000007	          0.01000004	          0.01000031	          0.25299511	
          1.97400568	         -3.59369914	          6.69597833	         -5.13870854	          1.90455501	          0.97991142	          0.01854890	         -3.38429222	         -5.79818322	          5.57142683	         -3.66410496	         10.30624565	         10.84119337	         29.21235414	          4.16100343	        -10.51841203	        -26.67646401	          6.58425898	          0.05098190	         -6.55285973	         -0.78753795	          0.26205249	          0.01000116	          0.01000010	          0.01000008	          0.10363248	          0.01000008	          0.01000028	          0.23382759	          0.01000030	          0.11002720	          0.02365243	          0.01000024	          0.32384693	          0.01000017	          0.10050055	          0.09034345	          0.12517869	          0.08985874	          0.01000002	          0.04226190	          0.01000001	          0.03939495	          0.10275136	          0.38557904	          0.04854157	          0.01000010	          0.01000004	          0.01000031	          0.25398950	
          1.98841448	         -3.69439047	          6.48760021	         -5.50742039	          1.91801910	          0.97735943	          0.01921278	         -4.39534611	         -5.68470413	          5.74457916	         -3.22554703	         10.76428363	         11.36088824	         28.93138250	          3.82414402	         -9.83938722	        -22.32787647	          6.44199604	          0.03790671	         -6.37936444	         -0.74039429	          0.32818625	          0.01000051	          0.01000009	          0.01000008	          0.09584848	          0.01000010	          0.01000041	          0.26454244	          0.01000028	          0.12436905	          0.01907232	          0.01000019	          0.34326257	          0.01000012	          0.09699362	          0.08444319	          0.13794515	          0.08781423	          0.01000002	          0.05711315	          0.01000001	          0.03176638	          0.10745379	          0.40070711	          0.05134542	          0.01000018	          0.01000004	          0.01000032	          0.25468935	
          2.00282328	         -3.81628049	          6.28948759	         -5.86286715	          1.93170024	          0.97452665	          0.01978929	         -5.36387087	         -5.59092425	          5.91461961	         -2.86537523	         11.26159364	         11.90110035	         28.68194109	          3.48203848	         -9.09421226	        -18.24972235	          6.30348482	          0.03474834	         -6.17792799	         -0.72157981	          0.40183504	          0.01000110	          0.01000010	          0.01000008	          0.09432190	          0.01000014	          0.01663332	          0.29081966	          0.01072422	          0.16069082	          0.01537912	          0.01000020	          0.36259331	          0.01000040	          0.09048247	          0.07888205	          0.14813535	          0.09513462	          0.01000003	          0.06075317	          0.01000001	          0.02561503	          0.10692459	          0.40074079	          0.05371387	          0.01070536	          0.01000004	          0.01000046	          0.25592345	
          2.01723208	         -3.95821304	          6.10973526	         -6.20257121	          1.94556013	          0.97147579	          0.02026760	         -6.26414995	         -5.52177301	          6.07451862	         -2.61934863	         11.76653940	         12.50692757	         28.50579484	          3.14003252	         -8.33895305	        -14.56449234	          6.17119590	          0.04004889	         -5.95838522	         -0.74187657	          0.48347653	          0.01000102	          0.01000009	          0.01000008	          0.09298019	          0.01000014	          0.02685536	          0.31828644	          0.01400411	          0.20720855	          0.01240111	          0.01000014	          0.38050698	          0.04613093	          0.08425220	          0.07640053	          0.16528303	          0.10250245	          0.01000005	          0.06249623	          0.01000002	          0.02065485	          0.09702353	          0.38892389	          0.05835186	          0.01288011	          0.01000004	          0.01000035	          0.25773448	
          2.03164088	         -4.11882410	          5.95431425	         -6.52380593	          1.95956683	          0.96830067	          0.02063908	         -7.07835637	         -5.47952369	          6.21437141	         -2.50579498	         12.22966900	         13.24084778	         28.43098135	          2.80905485	         -7.61338973	        -11.36159920	          6.05594241	          0.05104722	         -5.73056075	         -0.81119218	          0.57406615	          0.01000041	          0.01000008	          0.01000008	          0.09037207	          0.01000015	          0.03400562	          0.34208346	          0.01835812	          0.25441493	          0.01000011	          0.01000010	          0.39569512	          0.08855086	          0.06938374	          0.07180487	          0.18457845	          0.10902498	          0.01000008	          0.06568719	          0.01000002	          0.01665519	          0.07823567	          0.36775049	          0.06402210	          0.01596650	          0.01000005	          0.01000041	          0.25914534	
          2.04604968	         -4.29652268	          5.82705344	         -6.82393837	          1.97370171	          0.96510166	          0.02089230	         -7.79676398	         -5.46500738	          6.32513887	         -2.53753446	         12.63364957	         14.12877602	         28.46691064	          2.50472907	         -6.93567314	         -8.67840180	          5.96468217	          0.06601497	         -5.50323867	         -0.93684103	          0.67601524	          0.01000041	          0.01000008	          0.01000008	          0.08878883	          0.01000017	          0.03985090	          0.35790057	          0.02358285	          0.29775708	          0.01000014	          0.01000008	          0.40727685	          0.12895628	          0.05594803	          0.07053362	          0.19464012	          0.11473167	          0.01000011	          0.06515308	          0.01000003	          0.01343005	          0.06308585	          0.33973309	          0.06948272	          0.01906440	          0.01000007	          0.01000039	          0.26039950	
          2.06045848	         -4.48902575	          5.72664358	         -7.10152868	          1.98797443	          0.96195704	          0.02102261	         -8.41956453	         -5.47415165	          6.39653138	         -2.71942700	         12.98059348	         15.16108448	         28.60102485	          2.23836478	         -6.31453508	         -6.50039205	          5.89415037	          0.08328097	         -5.28096553	         -1.11973465	          0.79051878	          0.01000035	          0.01000007	          0.01000007	          0.08805008	          0.01000019	          0.04342431	          0.36386970	          0.03003803	          0.33588420	          0.01000012	          0.01000006	          0.41593039	          0.16582731	          0.04511405	          0.07114456	          0.19716390	          0.11314899	          0.01000011	          0.06344059	          0.01000004	          0.01082948	          0.05086968	          0.30812300	          0.05999437	          0.02227001	          0.01000008	          0.01000026	          0.26120670	
          2.07486728	         -4.69300945	          5.64737013	         -7.35566244	          2.00242194	          0.95891200	          0.02102712	         -8.95516592	         -5.49906329	          6.41703676	         -3.04667754	         13.26560137	         16.32452315	         28.80821376	          2.01629388	         -5.75519823	         -4.79396862	          5.83853218	          0.10145081	         -5.06372426	         -1.35392888	          0.91814418	          0.01000022	          0.01000007	          0.01000007	          0.08899313	          0.01000021	          0.04695026	          0.35790933	          0.03836313	          0.36555580	          0.01000011	          0.01000005	          0.42068084	          0.19813074	          0.03637800	          0.07236544	          0.19735228	          0.09634475	          0.01000013	          0.06296191	          0.01000006	          0.01000031	          0.04101910	          0.27373324	          0.04837701	          0.02069143	          0.01000013	          0.01000032	          0.26172699	
          2.08927608	         -4.90397774	          5.58044495	         -7.58435594	          2.01710664	          0.95598465	          0.02089714	         -9.42212398	         -5.52965292	          6.37048925	         -3.50117711	         13.47503148	         17.61100347	         29.06051495	          1.84217234	         -5.26352868	         -3.53333914	          5.79746333	          0.11981517	         -4.84739345	         -1.62754460	          1.06121668	          0.01000019	          0.01000007	          0.01000006	          0.08848766	          0.01000029	          0.04816086	          0.33915673	          0.04876343	          0.38844917	          0.01000011	          0.01000004	          0.42079436	          0.22469739	          0.02933363	          0.07611786	          0.19658795	          0.07768828	          0.01000012	          0.06253656	          0.01000010	          0.01000095	          0.03307602	          0.23763242	          0.03900917	          0.01668483	          0.01000017	          0.01000019	          0.26226554	
          2.10368488	         -5.11664675	          5.51532802	         -7.78440108	          2.03210035	          0.95317664	          0.02062538	         -9.84282818	         -5.55505882	          6.24495755	         -4.06169931	         13.59342549	         19.01622931	         29.33274882	          1.71687039	         -4.84470652	         -2.70845625	          5.77306574	          0.13811798	         -4.62677259	         -1.92680511	          1.22169781	          0.01000017	          0.01000006	          0.01000006	          0.08819360	          0.01000029	          0.04589135	          0.30546024	          0.05512205	          0.40699264	          0.01000011	          0.01000004	          0.41697547	          0.24600534	          0.02365336	          0.07749670	          0.19378387	          0.06264446	          0.01000040	          0.06314086	          0.01000019	          0.09858224	          0.02667106	          0.20231878	          0.03145533	          0.01345401	          0.01000021	          0.01000019	          0.26132779	
          2.11809369	         -5.32554268	          5.44219518	         -7.95247768	          2.04745942	          0.95048344	          0.02020358	        -10.23400249	         -5.56717307	          6.04241490	         -4.71673424	         13.60976960	         20.53579997	         29.61896363	          1.63923699	         -4.50545983	         -2.36437099	          5.75785757	          0.15736070	         -4.39939094	         -2.23890119	          1.39935718	          0.01000017	          0.01000005	          0.01000006	          0.08805511	          0.01000038	          0.04093556	          0.24633342	          0.05940732	          0.42116440	          0.01000012	          0.01000004	          0.40820114	          0.26074379	          0.01907304	          0.08224275	          0.17854458	          0.05051376	          0.01000099	          0.06167025	          0.01454208	          0.18103038	          0.02150638	          0.16411525	          0.02536424	          0.01084881	          0.01000108	          0.01000026	          0.26162787	
          2.13250249	         -5.52489950	          5.34927939	         -8.08694116	          2.06325847	          0.94789267	          0.01963353	        -10.61502200	         -5.55622578	          5.76638855	         -5.45275443	         13.51488569	         22.16088012	         29.90445138	          1.60321842	         -4.25185133	         -2.53659262	          5.73140612	          0.17852425	         -4.15965409	         -2.54876980	          1.59044877	          0.01177903	          0.01000004	          0.01000005	          0.08435685	          0.01000032	          0.03444914	          0.19863270	          0.06461888	          0.43054755	          0.01000016	          0.01000004	          0.39539039	          0.26872340	          0.01537967	          0.09299293	          0.15611794	          0.04073210	          0.01000019	          0.05870691	          0.03224237	          0.22557321	          0.01734181	          0.13233541	          0.02045264	          0.01000006	          0.01000114	          0.01000006	          0.25853677	
          2.14691129	         -5.70893295	          5.22270512	         -8.18638488	          2.07958400	          0.94538634	          0.01892953	        -10.99800133	         -5.50871487	          5.42370664	         -6.27310585	         13.30739202	         23.87986717	         30.15747158	          1.59873908	         -4.09532275	         -3.23311356	          5.59821508	          0.19873594	         -3.89889151	         -2.83992484	          1.78723670	          0.01145061	          0.01000005	          0.01000003	          0.06802180	          0.01311529	          0.03156055	          0.16016881	          0.06938384	          0.44169247	          0.01000026	          0.01000009	          0.37881418	          0.26921563	          0.01240149	          0.09892817	          0.14319759	          0.03284459	          0.01000019	          0.06902562	          0.04514377	          0.20705734	          0.01398369	          0.10670950	          0.01649214	          0.01000003	          0.01241700	          0.01191184	          0.26914135	
          2.16132009	         -5.87286156	          5.05255404	         -8.24767226	          2.09648048	          0.94296568	          0.01809978	        -11.36185558	         -5.41429305	          5.03895427	         -7.23571036	         12.99952185	         25.68079067	         30.34429960	          1.61613331	         -4.06697775	         -4.48793772	          5.26983507	          0.22914387	         -3.61361023	         -3.09987015	          1.98222868	          0.04155123	          0.01000003	          0.01000009	          0.05484982	          0.02901174	          0.02545028	          0.12915319	          0.05594812	          0.45129194	          0.01000026	          0.01000007	          0.35749494	          0.26453458	          0.01000003	          0.07977143	          0.12166417	          0.02648445	          0.01240147	          0.12664786	          0.04545031	          0.16696215	          0.02916063	          0.08604588	          0.01329858	          0.01000011	          0.01001257	          0.01000003	          0.27700576	
          2.17572889	         -6.01352159	          4.85915943	         -8.26422352	          2.11391300	          0.94073170	          0.01716668	        -11.63977463	         -5.28987365	          4.63581912	         -8.45792690	         12.59352995	         27.56675911	         30.39041757	          1.62573604	         -4.03569939	         -6.07892934	          4.86199403	          0.18948247	         -3.30333374	         -3.34793165	          2.16589676	          0.06403949	          0.01000005	          0.01000017	          0.04422850	          0.05926969	          0.02447954	          0.10414353	          0.04511413	          0.45321684	          0.01000038	          0.01000019	          0.32975858	          0.25201127	          0.01000001	          0.06432437	          0.12007047	          0.02135591	          0.01000016	          0.13907259	          0.05364573	          0.13463121	          0.06836847	          0.06938364	          0.01072344	          0.01000007	          0.01713151	          0.01240177	          0.30335895	
          2.19013769	         -6.13217724	          4.65692484	         -8.22863699	          2.13165520	          0.93891614	          0.01613682	        -11.72267170	         -5.14124767	          4.20950255	        -10.09137293	         12.05141471	         29.56317539	         30.22167606	          1.62678330	         -4.02075099	         -7.37512200	          4.30421523	          0.17999581	         -2.98889610	         -3.59969741	          2.32986078	          0.08453105	          0.01000002	          0.01000010	          0.03566394	          0.05337479	          0.02512250	          0.08397684	          0.03637807	          0.44187008	          0.01000048	          0.01322478	          0.29800657	          0.23439827	          0.01000000	          0.07561920	          0.09681961	          0.01722047	          0.07334966	          0.15390050	          0.05683583	          0.10856093	          0.08194890	          0.05594794	          0.01000007	          0.01000001	          0.01381412	          0.01000025	          0.34422821	
          2.20454649	         -6.22807944	          4.44657769	         -8.14319641	          2.14944347	          0.93776380	          0.01501038	        -11.52554837	         -4.96797122	          3.76694185	        -12.23586475	         11.30349400	         31.67854364	         29.91192867	          1.62981195	         -4.04754189	         -8.45565323	          3.67917240	          0.14015499	         -2.69367335	         -3.85541487	          2.46833593	          0.11095996	          0.01000002	          0.01000010	          0.02875784	          0.06233744	          0.02582804	          0.06771531	          0.02933369	          0.41632940	          0.01000046	          0.01240119	          0.24029953	          0.19253592	          0.01000000	          0.08090651	          0.07807111	          0.01388584	          0.11328005	          0.17402724	          0.05201365	          0.08753885	          0.10591302	          0.04511397	          0.01000016	          0.01000031	          0.01217533	          0.01000828	          0.37100080	
          2.21895529	         -6.29873018	          4.23589823	         -8.01189555	          2.16708306	          0.93737330	          0.01380779	        -10.99448466	         -4.77817309	          3.29972795	        -14.95967606	         10.33936089	         33.81587089	         29.53593836	          1.63905274	         -4.12158096	         -9.49179989	          3.23915125	          0.11127490	         -2.43075997	         -4.12413779	          2.57577179	          0.12602040	          0.01000003	          0.01000011	          0.02318907	          0.07978671	          0.03155512	          0.05460276	          0.02365341	          0.37203980	          0.01000017	          0.01000008	          0.19376703	          0.15525255	          0.01000000	          0.07687483	          0.06295314	          0.01119695	          0.12867241	          0.17135753	          0.05165701	          0.07058756	          0.10373188	          0.03637794	          0.01000012	          0.05292733	          0.01000024	          0.01000017	          0.39229938	
          2.23336409	         -6.34344648	          4.02427955	         -7.83815875	          2.18445173	          0.93771799	          0.01255969	        -10.11673472	         -4.57525180	          2.79234898	        -18.25760599	          9.13648573	         35.83771155	         29.07788739	          1.65356416	         -4.21920982	        -10.42042640	          2.90881926	          0.08696903	         -2.20772189	         -4.40550127	          2.64936021	          0.13288613	          0.01000005	          0.01000012	          0.01869865	          0.09419743	          0.03709318	          0.04402957	          0.01907307	          0.31593255	          0.01000007	          0.01000002	          0.15624525	          0.12518886	          0.01000001	          0.07030991	          0.05076267	          0.01000004	          0.13327026	          0.13817529	          0.05339463	          0.05691877	          0.09688603	          0.02933358	          0.01000010	          0.11761468	          0.01000024	          0.01000016	          0.39982248	
          2.24777289	         -6.36375457	          3.80376866	         -7.62610399	          2.20144785	          0.93877687	          0.01130044	         -8.91676359	         -4.36118385	          2.23754991	        -22.04656579	          7.70063530	         37.45711641	         28.50167415	          1.67141445	         -4.28932377	        -11.17250808	          2.72576025	          0.06469072	         -2.03220945	         -4.69130074	          2.68876244	          0.14185437	          0.01000005	          0.01000019	          0.01507778	          0.10855080	          0.02991049	          0.06202056	          0.01537969	          0.25567221	          0.01000004	          0.01000000	          0.12598933	          0.10094682	          0.01000011	          0.05914115	          0.04093281	          0.01000005	          0.13122919	          0.11141852	          0.05065026	          0.04589686	          0.09357684	          0.02365332	          0.01000009	          0.16409394	          0.01000038	          0.01000032	          0.39653757	
          2.26218169	         -6.36150257	          3.56144453	         -7.37816183	          2.21801848	          0.94052644	          0.01005257	         -7.43747916	         -4.13713896	          1.63207559	        -26.22606942	          6.13400879	         38.21482208	         27.77823831	          1.68464028	         -4.29601412	        -11.69333495	          2.68363553	          0.05093718	         -1.90800816	         -4.96543479	          2.69445424	          0.14830103	          0.01000005	          0.01000041	          0.01215806	          0.11654078	          0.02411855	          0.06931251	          0.01240152	          0.20616292	          0.01000004	          0.01000000	          0.10159229	          0.08139910	          0.01000004	          0.05099650	          0.03300644	          0.01000005	          0.12329289	          0.08984303	          0.04839476	          0.03700926	          0.08962554	          0.01907301	          0.01000009	          0.18799009	          0.01000030	          0.01000029	          0.38370733	
          2.27659049	         -6.33807022	          3.28083525	         -7.09358588	          2.23418093	          0.94289599	          0.00883283	         -5.73394154	         -3.89950487	          0.99466802	        -30.67979984	          4.45972863	         37.91445414	         26.89546927	          1.67662267	         -4.22844495	        -11.95901146	          2.74580542	          0.04463865	         -1.83187192	         -5.20724750	          2.66568711	          0.15060458	          0.01000004	          0.01818742	          0.01000000	          0.12701823	          0.01944816	          0.07728189	          0.01000004	          0.16624079	          0.01000003	          0.01000000	          0.08191957	          0.06563668	          0.02349068	          0.04385308	          0.02661496	          0.01000004	          0.10958108	          0.07244549	          0.04614442	          0.02984269	          0.08646806	          0.01537964	          0.01000010	          0.19389091	          0.01000014	          0.01000016	          0.36675800	
          2.29099929	         -6.29442907	          2.94591382	         -6.77014062	          2.24995146	          0.94574592	          0.00765226	         -3.86593962	         -3.63536997	          0.35420314	        -35.27852587	          2.73843212	         36.42814534	         25.87182002	          1.62655247	         -4.08679470	        -11.99916599	          2.88626011	          0.04698247	         -1.80257212	         -5.39619035	          2.60296227	          0.15912263	          0.01000003	          0.03506542	          0.01000000	          0.13825355	          0.01568216	          0.07924597	          0.01000000	          0.13404934	          0.01000004	          0.01000000	          0.06605636	          0.05292655	          0.06299052	          0.03536138	          0.02146115	          0.01000004	          0.09596502	          0.05841688	          0.04374721	          0.02406387	          0.08431321	          0.01240148	          0.01000012	          0.18703347	          0.01000007	          0.01000008	          0.34589594	
          2.30540809	         -6.23089434	          2.54387498	         -6.40600587	          2.26533374	          0.94889362	          0.00651205	         -1.90116370	         -3.32550027	         -0.26797565	        -39.90451020	          1.18875221	         33.54987802	         24.74832259	          1.51604442	         -3.86198733	        -11.88147436	          3.08914440	          0.05798452	         -1.82091301	         -5.51259707	          2.51131320	          0.16732462	          0.01000006	          0.06300216	          0.01000000	          0.13951339	          0.01264543	          0.06790572	          0.01000000	          0.10809167	          0.01000007	          0.01000000	          0.05326496	          0.04267766	          0.12430073	          0.02851390	          0.01730534	          0.01000004	          0.08994809	          0.04710482	          0.03794415	          0.01940409	          0.07391099	          0.01000004	          0.01000014	          0.17163299	          0.01000007	          0.01000009	          0.32175617	
          2.31981689	         -6.14764670	          2.07797608	         -6.00272166	          2.28032280	          0.95216228	          0.00540689	          0.08308923	         -2.95646230	         -0.84181914	        -44.42117982	          0.07705254	         29.31602321	         23.57759694	          1.34375162	         -3.53264524	        -11.68845195	          3.33400116	          0.08486350	         -1.88720139	         -5.55219914	          2.40005799	          0.18317625	          0.03599239	          0.09110081	          0.01000000	          0.11315896	          0.01019677	          0.07300010	          0.01000000	          0.09678419	          0.01000009	          0.01000000	          0.04295055	          0.03441340	          0.19790716	          0.02299238	          0.01395428	          0.01000004	          0.09128883	          0.03798327	          0.03179819	          0.01564666	          0.06195935	          0.01000003	          0.01000015	          0.15492278	          0.01000007	          0.01000009	          0.29779364	
          2.33422569	         -6.04534785	          1.56624873	         -5.56851476	          2.29492830	          0.95541541	          0.00432255	          2.00844604	         -2.52284070	         -1.36495986	        -48.63556195	         -0.23028187	         24.48792876	         22.39911356	          1.12104607	         -3.10500149	        -11.47632174	          3.59288191	          0.13409260	         -1.99780870	         -5.52119177	          2.27796616	          0.19168523	          0.06314611	          0.10083706	          0.01000000	          0.09124686	          0.01000008	          0.10614692	          0.01000000	          0.10039948	          0.01000011	          0.01000000	          0.04340082	          0.02774947	          0.21669487	          0.01854008	          0.01125213	          0.01000003	          0.08560931	          0.03062805	          0.02933398	          0.01261684	          0.05764365	          0.01000004	          0.01000020	          0.14472377	          0.01000006	          0.01000008	          0.27512644	
          2.34863449	         -5.92611675	          1.01424785	         -5.11162969	          2.30918780	          0.95863073	          0.00325762	          3.82337786	         -2.00969554	         -1.87990138	        -52.27774514	          0.26119161	         20.38166735	         21.22265211	          0.84505758	         -2.61224387	        -11.25708924	          3.86086395	          0.21298286	         -2.14560576	         -5.41524726	          2.14902406	          0.18366615	          0.07406417	          0.09553370	          0.01000000	          0.08938661	          0.01000010	          0.13467109	          0.01000000	          0.10577000	          0.01000015	          0.01000000	          0.03499660	          0.02237596	          0.21271849	          0.01494994	          0.01000004	          0.01000004	          0.07795811	          0.02469712	          0.02733817	          0.01017379	          0.05327622	          0.01000004	          0.01000022	          0.13685841	          0.01000007	          0.01000009	          0.25374989	
          2.36304329	         -5.79225627	          0.42450811	         -4.63904297	          2.32313911	          0.96182389	          0.00220864	          5.54023938	         -1.42502743	         -2.40255329	        -55.30087829	          0.79530424	         16.98010985	         20.04301866	          0.51223394	         -2.08245614	        -11.01759417	          4.13219244	          0.32528315	         -2.32413726	         -5.23334497	          2.01557928	          0.17666843	          0.08691871	          0.09109028	          0.01000000	          0.09053113	          0.01000009	          0.17543134	          0.01000000	          0.11227732	          0.01000021	          0.01000000	          0.02822000	          0.01804300	          0.20627825	          0.01205503	          0.01000005	          0.01000004	          0.07224726	          0.01991468	          0.02524132	          0.01000036	          0.04966184	          0.01000004	          0.01000023	          0.12881921	          0.01000007	          0.01000009	          0.23419207	
          2.37745210	         -5.64592495	         -0.19786811	         -4.15573643	          2.33681470	          0.96496827	          0.00117993	          7.17042856	         -0.77736890	         -2.93544373	        -57.72725253	          1.32244688	         14.13708289	         18.85451550	          0.12343983	         -1.53440668	        -10.74219559	          4.39342284	          0.46925713	         -2.52752764	         -4.98035524	          1.87801649	          0.17053377	          0.09906988	          0.08757572	          0.01000000	          0.09238160	          0.01000007	          0.22995662	          0.01000000	          0.11809591	          0.01000042	          0.01000000	          0.02275553	          0.01454909	          0.20240716	          0.01000016	          0.01000004	          0.01000004	          0.06764902	          0.01605833	          0.02399729	          0.01000049	          0.04563877	          0.01000004	          0.01000025	          0.12006893	          0.01000007	          0.01000010	          0.21659971	
          2.39186090	         -5.48934547	         -0.84660917	         -3.66681881	          2.35023620	          0.96802428	          0.00017270	          8.72857429	         -0.07773288	         -3.47845056	        -59.59870966	          1.85745280	         11.76576199	         17.65666052	         -0.31781797	         -0.98054822	        -10.42597306	          4.64381282	          0.64687149	         -2.75099116	         -4.66217000	          1.73723054	          0.16424044	          0.11127894	          0.08631907	          0.01000000	          0.09615942	          0.01000006	          0.30297493	          0.01000001	          0.12364794	          0.01000103	          0.01000000	          0.01834912	          0.01173176	          0.20012240	          0.01000016	          0.01000004	          0.01000004	          0.06444615	          0.01294874	          0.02247637	          0.01000048	          0.04159517	          0.01000005	          0.01000028	          0.11055186	          0.01000007	          0.01000010	          0.20046171	
          2.40626970	         -5.32483914	         -1.51311686	         -3.17710763	          2.36341226	          0.97094801	         -0.00081210	         10.23417233	          0.65969287	         -4.02928552	        -60.97207153	          2.37456136	          9.78665052	         16.45364248	         -0.80470382	         -0.43107905	        -10.07188746	          4.88720390	          0.86393114	         -2.99130795	         -4.28771237	          1.59387346	          0.15725372	          0.12328212	          0.08707939	          0.01000000	          0.10163134	          0.01000005	          0.39499155	          0.01000001	          0.12891756	          0.01848406	          0.01000000	          0.01479598	          0.01000003	          0.20034034	          0.01000011	          0.01000004	          0.01000004	          0.06266165	          0.01044130	          0.02049812	          0.01000050	          0.03746341	          0.01000005	          0.01000031	          0.10051685	          0.01000008	          0.01000011	          0.18493121	
          2.42067850	         -5.15491778	         -2.18704428	         -2.69105605	          2.37633702	          0.97369439	         -0.00177442	         11.71047814	          1.41819663	         -4.58436376	        -61.91839565	          2.86919715	          8.13321962	         15.25300305	         -1.32752353	          0.10490774	         -9.68705034	          5.12484553	          1.12266820	         -3.24758935	         -3.86794815	          1.44850402	          0.15141863	          0.13410667	          0.08935384	          0.01000000	          0.11004270	          0.01000005	          0.50501197	          0.01000001	          0.13390702	          0.02757684	          0.01000000	          0.01193089	          0.01000003	          0.20285124	          0.01000009	          0.01000004	          0.01000004	          0.06238676	          0.01000001	          0.01747236	          0.01000051	          0.03290731	          0.01000005	          0.01000038	          0.08977182	          0.01000015	          0.01000019	          0.17004378	
          2.43508730	         -4.98217683	         -2.85644858	         -2.21231549	          2.38899377	          0.97622045	         -0.00271567	         13.18415309	          2.17908385	         -5.13906332	        -62.52393775	          3.34218785	          6.75002382	         14.06678316	         -1.87366675	          0.62009651	         -9.28399668	          5.34328632	          1.42928343	         -3.52052913	         -3.41555357	          1.30177962	          0.14862955	          0.13902423	          0.09339189	          0.01000000	          0.11948872	          0.01000004	          0.62689107	          0.01000001	          0.13821000	          0.02733199	          0.01000000	          0.01000046	          0.01000004	          0.20591650	          0.01000008	          0.01000004	          0.01000004	          0.06398480	          0.01000002	          0.01470469	          0.01000058	          0.02981782	          0.01000005	          0.01000042	          0.07239066	          0.03020920	          0.01000018	          0.15875401	
          2.44949610	         -4.80919944	         -3.50894284	         -1.74315410	          2.40135044	          0.97848850	         -0.00363790	         14.68503397	          2.92242787	         -5.68985747	        -62.89012467	          3.79886140	          5.59317240	         12.92299337	         -2.42854999	          1.11098413	         -8.90392607	          5.53959356	          1.79427175	         -3.81239364	         -2.94405300	          1.15511802	          0.14671691	          0.14080208	          0.09613805	          0.01000000	          0.12857171	          0.01000003	          0.74599158	          0.01000001	          0.14195663	          0.02515753	          0.01000000	          0.01000038	          0.01000003	          0.21071679	          0.01000006	          0.01000004	          0.01000005	          0.06756703	          0.01000001	          0.01185789	          0.01000069	          0.02432344	          0.01000006	          0.01000052	          0.05837276	          0.05340937	          0.01000020	          0.14960536	
          2.46390490	         -4.63846485	         -4.13200920	         -1.28472763	          2.41338597	          0.98047117	         -0.00454269	         16.23868600	          3.62681451	         -6.23578750	        -63.11445594	          4.23226520	          4.62419353	         11.84848900	         -2.97604737	          1.57654735	         -8.59513594	          5.75099155	          2.21725873	         -4.12381901	         -2.46759709	          1.01017147	          0.14887715	          0.14257376	          0.09886390	          0.01000000	          0.13311376	          0.01000002	          0.83700814	          0.01000001	          0.14364688	          0.02914829	          0.01000000	          0.01082902	          0.01000004	          0.21661832	          0.01000008	          0.01000004	          0.01000005	          0.07130115	          0.01000001	          0.01000029	          0.01000096	          0.01961368	          0.01000008	          0.01000088	          0.04706928	          0.07357417	          0.01000030	          0.14077262	
          2.47831370	         -4.47219648	         -4.71387764	         -0.83834580	          2.42511208	          0.98215810	         -0.00543754	         17.85591829	          4.26778512	         -6.78095940	        -63.26362314	          4.65590731	          3.81136371	         10.85336765	         -3.50024167	          2.01271575	         -8.37703266	          5.99362477	          2.69366520	         -4.45135063	         -1.99830838	          0.86940602	          0.14941181	          0.14536724	          0.10346217	          0.01000000	          0.10733865	          0.01000002	          0.86884284	          0.01000001	          0.14517765	          0.03806855	          0.01000000	          0.01082487	          0.01000003	          0.22176049	          0.01000005	          0.01000003	          0.01000005	          0.08388619	          0.01000001	          0.01000014	          0.01000262	          0.01581581	          0.01000011	          0.03686095	          0.03795463	          0.09141826	          0.01000023	          0.13307089	
          2.49272250	         -4.31248921	         -5.24420275	         -0.40657058	          2.43657456	          0.98356317	         -0.00633623	         19.52667998	          4.81591528	         -7.33675188	        -63.34932563	          5.07158578	          3.13024473	          9.92356228	         -3.98725140	          2.41081752	         -8.22723224	          6.26264584	          3.21596806	         -4.78840807	         -1.54594774	          0.73693753	          0.14827979	          0.13588090	          0.10920798	          0.01000000	          0.08655324	          0.01000001	          0.80179408	          0.01000000	          0.14431306	          0.04912982	          0.01000000	          0.01000532	          0.01000004	          0.22685549	          0.01000006	          0.01000004	          0.01000005	          0.09218346	          0.01000001	          0.01000014	          0.01468067	          0.01360829	          0.01000013	          0.06802070	          0.03060498	          0.10760634	          0.01000021	          0.12559760	
          2.50713130	         -4.16124191	         -5.72097690	          0.01235985	          2.44785186	          0.98472562	         -0.00724702	         21.20922154	          5.25793468	         -7.91134976	        -63.29741619	          5.47508992	          2.56029703	          9.03790485	         -4.43219113	          2.76996989	         -8.11550233	          6.55282013	          3.77171764	         -5.12505394	         -1.11397825	          0.61572718	          0.14555397	          0.12075866	          0.11156960	          0.01000000	          0.06979277	          0.01000001	          0.64653175	          0.01000000	          0.14416372	          0.05944861	          0.01000000	          0.01000019	          0.01000004	          0.23301820	          0.01000007	          0.01000005	          0.01000005	          0.09604052	          0.01000001	          0.01000013	          0.05693184	          0.01524764	          0.01000018	          0.09456079	          0.02467854	          0.12308217	          0.01000021	          0.11851341	
          2.52154010	         -4.02002358	         -6.14469957	          0.42251642	          2.45903633	          0.98569355	         -0.00816813	         22.83965872	          5.59369427	         -8.50303668	        -62.97295858	          5.85890219	          2.08220726	          8.17933602	         -4.83382449	          3.09367775	         -8.01875463	          6.85197736	          4.34793437	         -5.44974351	         -0.70645023	          0.50756294	          0.14105612	          0.10942444	          0.11191228	          0.01000000	          0.05627785	          0.01000001	          0.52133493	          0.01000001	          0.14553682	          0.06568197	          0.01000001	          0.01000010	          0.01000004	          0.23859771	          0.01000007	          0.01000006	          0.01000005	          0.09764437	          0.01000001	          0.01000013	          0.07909842	          0.01614019	          0.01000023	          0.11716662	          0.01989972	          0.13853685	          0.01000021	          0.11286613	
          2.53594890	         -3.89038945	         -6.51503232	          0.82743362	          2.47020804	          0.98649836	         -0.00909406	         24.36052523	          5.82846568	         -9.10135691	        -62.26246513	          6.22235507	          1.67827840	          7.33086667	         -5.19104908	          3.38696840	         -7.91106760	          7.14397600	          4.93445634	         -5.75283019	         -0.32886538	          0.41270203	          0.13570242	          0.10076838	          0.11127156	          0.01000000	          0.04538001	          0.01000001	          0.42038168	          0.01000001	          0.14826290	          0.06805015	          0.01000001	          0.01000005	          0.01000004	          0.24428195	          0.01000008	          0.01000007	          0.01000005	          0.09773886	          0.01000001	          0.01000014	          0.08996876	          0.01602798	          0.01000028	          0.13499207	          0.01604630	          0.15285517	          0.01000022	          0.10872365	
          2.55035770	         -3.77389782	         -6.83025241	          1.22964062	          2.48142855	          0.98714956	         -0.01001923	         25.72901844	          5.96968392	         -9.69054430	        -61.09583245	          6.56104525	          1.33234435	          6.47696559	         -5.50193521	          3.65435238	         -7.76910473	          7.42140286	          5.52193734	         -6.02742908	          0.01242219	          0.33021389	          0.13025779	          0.09406769	          0.11017024	          0.01000001	          0.03659247	          0.01000000	          0.33897740	          0.01000001	          0.15197125	          0.06728895	          0.01000003	          0.01000003	          0.01000003	          0.24946348	          0.01000011	          0.01000007	          0.01000006	          0.09693080	          0.01000002	          0.01000016	          0.09422771	          0.01467017	          0.01000032	          0.14710734	          0.01293908	          0.16671091	          0.01000022	          0.10608435	
          2.56476650	         -3.67197166	         -7.08726874	          1.63086460	          2.49274600	          0.98763875	         -0.01093891	         26.91479139	          6.02561992	        -10.25191234	        -59.43877967	          6.86301981	          1.03135773	          5.60446150	         -5.76343563	          3.90003133	         -7.57396898	          7.68205745	          6.10241922	         -6.26866398	          0.31034849	          0.25848588	          0.12580580	          0.08944807	          0.10693898	          0.01000001	          0.02950658	          0.01000000	          0.27333655	          0.01000002	          0.15779097	          0.06572939	          0.01000008	          0.01000002	          0.01000003	          0.25369193	          0.01000013	          0.01000008	          0.01000006	          0.09608133	          0.01000002	          0.01000018	          0.09697149	          0.01237350	          0.01000035	          0.14707817	          0.01043362	          0.18082500	          0.01000023	          0.10486044	
          2.57917530	         -3.58576064	         -7.28194868	          2.03188176	          2.50420076	          0.98794367	         -0.01184944	         27.89852612	          6.00470616	        -10.76460091	        -57.28639140	          7.11117049	          0.76807458	          4.70341473	         -5.97146587	          4.12780718	         -7.31382694	          7.92872642	          6.66975866	         -6.47262651	          0.55764952	          0.19528113	          0.12404899	          0.08908307	          0.10027237	          0.01000002	          0.02379283	          0.01000000	          0.22040663	          0.01000004	          0.16725206	          0.06383799	          0.01000030	          0.01000001	          0.01000003	          0.25601667	          0.01000018	          0.01000008	          0.01000006	          0.09495643	          0.01000003	          0.01000017	          0.10487112	          0.01000136	          0.01000035	          0.13232757	          0.01000038	          0.19455929	          0.01000024	          0.10444182	
          2.59358410	         -3.51613947	         -7.41010206	          2.43189903	          2.51583051	          0.98803232	         -0.01274983	         28.67119785	          5.91560717	        -11.20510684	        -54.65591420	          7.28423401	          0.54615699	          3.76677561	         -6.12165657	          4.33947594	         -6.98362732	          8.16767132	          7.22033673	         -6.63530209	          0.74870266	          0.13776590	          0.12579794	          0.09440480	          0.09201223	          0.01000002	          0.01918552	          0.01000000	          0.17772627	          0.01000007	          0.18116329	          0.06137775	          0.01033977	          0.01000001	          0.01000003	          0.25558519	          0.01000056	          0.01000008	          0.01000006	          0.09294348	          0.01000003	          0.01000012	          0.11854382	          0.01000024	          0.01108863	          0.10670417	          0.01000034	          0.20896410	          0.01000024	          0.10434811	
          2.60799290	         -3.46396402	         -7.46939142	          2.82833472	          2.52766329	          0.98786689	         -0.01364123	         29.23486866	          5.76853559	        -11.54569660	        -51.57858549	          7.35821276	          0.37684613	          2.79380625	         -6.21116835	          4.53521693	         -6.58893394	          8.40653915	          7.75482495	         -6.75367071	          0.88184380	          0.08303812	          0.12027998	          0.09989037	          0.08902507	          0.01000003	          0.01547039	          0.01000000	          0.14331069	          0.01000073	          0.20281905	          0.05879199	          0.01000101	          0.01000001	          0.01000004	          0.25282618	          0.01000024	          0.01000008	          0.01000007	          0.09550979	          0.01000003	          0.01000013	          0.12627264	          0.01000021	          0.02139772	          0.08604191	          0.01000032	          0.22334052	          0.01000025	          0.10398509	
          2.62240171	         -3.43078537	         -7.46153975	          3.21978479	          2.53970337	          0.98740855	         -0.01451916	         29.60384677	          5.57589425	        -11.75636474	        -48.09508544	          7.32341805	          0.26494517	          1.79181474	         -6.24156826	          4.71779979	         -6.14348059	          8.65151866	          8.27836212	         -6.82858158	          0.95907626	          0.02783026	          0.11600075	          0.09578361	          0.09186003	          0.01000003	          0.01247468	          0.01000000	          0.11555948	          0.02280965	          0.22963590	          0.05431237	          0.01000013	          0.01000002	          0.01000009	          0.25012589	          0.01000043	          0.01000009	          0.01000007	          0.09980646	          0.01000004	          0.01000016	          0.12877973	          0.01000029	          0.03969950	          0.06938057	          0.01000040	          0.23852112	          0.01000029	          0.10349344	
          2.63681051	         -3.41822703	         -7.39167041	          3.60763286	          2.55195917	          0.98662665	         -0.01538071	         29.79087505	          5.34645656	        -11.82108178	        -44.24194772	          7.20578293	          0.19628485	          0.76978816	         -6.21786648	          4.89241577	         -5.66354650	          8.91233443	          8.79566421	         -6.86014138	          0.98518980	         -0.02875886	          0.11184949	          0.09140131	          0.09476329	          0.01000002	          0.01005911	          0.01000000	          0.09318211	          0.04267090	          0.26121683	          0.05107319	          0.01000007	          0.01000003	          0.01000018	          0.24956893	          0.01000058	          0.01000010	          0.01000007	          0.10566961	          0.01000005	          0.01000016	          0.13762262	          0.01000031	          0.05903233	          0.05594555	          0.01000038	          0.25419487	          0.01000030	          0.10315054	
          2.65121931	         -3.42760349	         -7.26740705	          3.99358556	          2.56444622	          0.98549701	         -0.01622213	         29.81211827	          5.08553860	        -11.73285327	        -40.07283396	          7.05032420	          0.14708310	         -0.26493461	         -6.14803493	          5.06310397	         -5.16372764	          9.20034377	          9.30921700	         -6.84748921	          0.96733018	         -0.08588406	          0.10652194	          0.09260910	          0.09618269	          0.01000002	          0.01000019	          0.01000000	          0.07513798	          0.06221312	          0.29551669	          0.04882404	          0.01000006	          0.01000004	          0.01000026	          0.25055666	          0.01000086	          0.01000010	          0.01000007	          0.11143831	          0.01000006	          0.01000016	          0.15318091	          0.01000026	          0.07596193	          0.04511211	          0.01000033	          0.27107487	          0.01000029	          0.10317359	
          2.66562811	         -3.45982661	         -7.10022176	          4.37823747	          2.57717646	          0.98400202	         -0.01703708	         29.69588000	          4.79794101	        -11.48602803	        -35.67611044	          6.88964384	          0.10629634	         -1.30652792	         -6.04440700	          5.23194568	         -4.65567361	          9.52511216	          9.82036124	         -6.79077294	          0.91743954	         -0.14316370	          0.10072154	          0.09830698	          0.09630435	          0.01000002	          0.01000160	          0.01000000	          0.06058799	          0.08096789	          0.33027543	          0.04782258	          0.01000006	          0.01000004	          0.01000032	          0.25180844	          0.01000041	          0.01000010	          0.01000007	          0.11734100	          0.01000006	          0.01000019	          0.17312564	          0.01000048	          0.09116541	          0.03637648	          0.01000040	          0.28756416	          0.01000025	          0.10304209	
          2.68003691	         -3.51526662	         -6.90456662	          4.76088200	          2.59015550	          0.98213601	         -0.01781734	         29.48160268	          4.48765926	        -11.07802459	        -31.16848927	          6.73355956	          0.07401196	         -2.34969442	         -5.92243498	          5.40041700	         -4.14954310	          9.89263012	         10.33007939	         -6.69156218	          0.85158990	         -0.20128222	          0.09536829	          0.11018838	          0.09362051	          0.01000002	          0.02270247	          0.01000001	          0.04885551	          0.09461195	          0.36123234	          0.04755382	          0.01000007	          0.01000004	          0.01000031	          0.25299511	          0.01000080	          0.01000010	          0.01000008	          0.11355617	          0.01000007	          0.01000022	          0.20155226	          0.01000034	          0.10134597	          0.02933244	          0.01000031	          0.30516842	          0.01000021	          0.10228042	
          2.69444571	         -3.59369914	         -6.69597833	          5.13870854	          2.60338184	          0.97991142	         -0.01854890	         29.21235414	          4.16100343	        -10.51841203	        -26.67646401	          6.58425898	          0.05098190	         -3.38429222	         -5.79818322	          5.57142683	         -3.66410496	         10.30624565	         10.84119337	         -6.55285973	          0.78753795	         -0.26205249	          0.09034345	          0.12517869	          0.08985874	          0.01000002	          0.04226190	          0.01000001	          0.03939495	          0.10275136	          0.38557904	          0.04854157	          0.01000010	          0.01000004	          0.01000031	          0.25398950	          0.01000116	          0.01000010	          0.01000008	          0.10363248	          0.01000008	          0.01000028	          0.23382759	          0.01000030	          0.11002720	          0.02365243	          0.01000024	          0.32384693	          0.01000017	          0.10050055	
          2.70885451	         -3.69439047	         -6.48760021	          5.50742039	          2.61684593	          0.97735943	         -0.01921278	         28.93138250	          3.82414402	         -9.83938722	        -22.32787647	          6.44199604	          0.03790671	         -4.39534611	         -5.68470413	          5.74457916	         -3.22554703	         10.76428363	         11.36088824	         -6.37936444	          0.74039429	         -0.32818625	          0.08444319	          0.13794515	          0.08781423	          0.01000002	          0.05711315	          0.01000001	          0.03176638	          0.10745379	          0.40070711	          0.05134542	          0.01000018	          0.01000004	          0.01000032	          0.25468935	          0.01000051	          0.01000009	          0.01000008	          0.09584848	          0.01000010	          0.01000041	          0.26454244	          0.01000028	          0.12436905	          0.01907232	          0.01000019	          0.34326257	          0.01000012	          0.09699362	
          2.72326331	         -3.81628049	         -6.28948759	          5.86286715	          2.63052707	          0.97452665	         -0.01978929	         28.68194109	          3.48203848	         -9.09421226	        -18.24972235	          6.30348482	          0.03474834	         -5.36387087	         -5.59092425	          5.91461961	         -2.86537523	         11.26159364	         11.90110035	         -6.17792799	          0.72157981	         -0.40183504	          0.07888205	          0.14813535	          0.09513462	          0.01000003	          0.06075317	          0.01000001	          0.02561503	          0.10692459	          0.40074079	          0.05371387	          0.01070536	          0.01000004	          0.01000046	          0.25592345	          0.01000110	          0.01000010	          0.01000008	          0.09432190	          0.01000014	          0.01663332	          0.29081966	          0.01072422	          0.16069082	          0.01537912	          0.01000020	          0.36259331	          0.01000040	          0.09048247	
          2.73767211	         -3.95821304	         -6.10973526	          6.20257121	          2.64438696	          0.97147579	         -0.02026760	         28.50579484	          3.14003252	         -8.33895305	        -14.56449234	          6.17119590	          0.04004889	         -6.26414995	         -5.52177301	          6.07451862	         -2.61934863	         11.76653940	         12.50692757	         -5.95838522	          0.74187657	         -0.48347653	          0.07640053	          0.16528303	          0.10250245	          0.01000005	          0.06249623	          0.01000002	          0.02065485	          0.09702353	          0.38892389	          0.05835186	          0.01288011	          0.01000004	          0.01000035	          0.25773448	          0.01000102	          0.01000009	          0.01000008	          0.09298019	          0.01000014	          0.02685536	          0.31828644	          0.01400411	          0.20720855	          0.01240111	          0.01000014	          0.38050698	          0.04613093	          0.08425220	
          2.75208091	         -4.11882410	         -5.95431425	          6.52380593	          2.65839366	          0.96830067	         -0.02063908	         28.43098135	          2.80905485	         -7.61338973	        -11.36159920	          6.05594241	          0.05104722	         -7.07835637	         -5.47952369	          6.21437141	         -2.50579498	         12.22966900	         13.24084778	         -5.73056075	          0.81119218	         -0.57406615	          0.07180487	          0.18457845	          0.10902498	          0.01000008	          0.06568719	          0.01000002	          0.01665519	          0.07823567	          0.36775049	          0.06402210	          0.01596650	          0.01000005	          0.01000041	          0.25914534	          0.01000041	          0.01000008	          0.01000008	          0.09037207	          0.01000015	          0.03400562	          0.34208346	          0.01835812	          0.25441493	          0.01000011	          0.01000010	          0.39569512	          0.08855086	          0.06938374	
          2.76648971	         -4.29652268	         -5.82705344	          6.82393837	          2.67252854	          0.96510166	         -0.02089230	         28.46691064	          2.50472907	         -6.93567314	         -8.67840180	          5.96468217	          0.06601497	         -7.79676398	         -5.46500738	          6.32513887	         -2.53753446	         12.63364957	         14.12877602	         -5.50323867	          0.93684103	         -0.67601524	          0.07053362	          0.19464012	          0.11473167	          0.01000011	          0.06515308	          0.01000003	          0.01343005	          0.06308585	          0.33973309	          0.06948272	          0.01906440	          0.01000007	          0.01000039	          0.26039950	          0.01000041	          0.01000008	          0.01000008	          0.08878883	          0.01000017	          0.03985090	          0.35790057	          0.02358285	          0.29775708	          0.01000014	          0.01000008	          0.40727685	          0.12895628	          0.05594803	
          2.78089851	         -4.48902575	         -5.72664358	          7.10152868	          2.68680126	          0.96195704	         -0.02102261	         28.60102485	          2.23836478	         -6.31453508	         -6.50039205	          5.89415037	          0.08328097	         -8.41956453	         -5.47415165	          6.39653138	         -2.71942700	         12.98059348	         15.16108448	         -5.28096553	          1.11973465	         -0.79051878	          0.07114456	          0.19716390	          0.11314899	          0.01000011	          0.06344059	          0.01000004	          0.01082948	          0.05086968	          0.30812300	          0.05999437	          0.02227001	          0.01000008	          0.01000026	          0.26120670	          0.01000035	          0.01000007	          0.01000007	          0.08805008	          0.01000019	          0.04342431	          0.36386970	          0.03003803	          0.33588420	          0.01000012	          0.01000006	          0.41593039	          0.16582731	          0.04511405	
          2.79530731	         -4.69300945	         -5.64737013	          7.35566244	          2.70124876	          0.95891200	         -0.02102712	         28.80821376	          2.01629388	         -5.75519823	         -4.79396862	          5.83853218	          0.10145081	         -8.95516592	         -5.49906329	          6.41703676	         -3.04667754	         13.26560137	         16.32452315	         -5.06372426	          1.35392888	         -0.91814418	          0.07236544	          0.19735228	          0.09634475	          0.01000013	          0.06296191	          0.01000006	          0.01000031	          0.04101910	          0.27373324	          0.04837701	          0.02069143	          0.01000013	          0.01000032	          0.26172699	          0.01000022	          0.01000007	          0.01000007	          0.08899313	          0.01000021	          0.04695026	          0.35790933	          0.03836313	          0.36555580	          0.01000011	          0.01000005	          0.42068084	          0.19813074	          0.03637800	
          2.80971611	         -4.90397774	         -5.58044495	          7.58435594	          2.71593347	          0.95598465	         -0.02089714	         29.06051495	          1.84217234	         -5.26352868	         -3.53333914	          5.79746333	          0.11981517	         -9.42212398	         -5.52965292	          6.37048925	         -3.50117711	         13.47503148	         17.61100347	         -4.84739345	          1.62754460	         -1.06121668	          0.07611786	          0.19658795	          0.07768828	          0.01000012	          0.06253656	          0.01000010	          0.01000095	          0.03307602	          0.23763242	          0.03900917	          0.01668483	          0.01000017	          0.01000019	          0.26226554	          0.01000019	          0.01000007	          0.01000006	          0.08848766	          0.01000029	          0.04816086	          0.33915673	          0.04876343	          0.38844917	          0.01000011	          0.01000004	          0.42079436	          0.22469739	          0.02933363	
          2.82412491	         -5.11664675	         -5.51532802	          7.78440108	          2.73092718	          0.95317664	         -0.02062538	         29.33274882	          1.71687039	         -4.84470652	         -2.70845625	          5.77306574	          0.13811798	         -9.84282818	         -5.55505882	          6.24495755	         -4.06169931	         13.59342549	         19.01622931	         -4.62677259	          1.92680511	         -1.22169781	          0.07749670	          0.19378387	          0.06264446	          0.01000040	          0.06314086	          0.01000019	          0.09858224	          0.02667106	          0.20231878	          0.03145533	          0.01345401	          0.01000021	          0.01000019	          0.26132779	          0.01000017	          0.01000006	          0.01000006	          0.08819360	          0.01000029	          0.04589135	          0.30546024	          0.05512205	          0.40699264	          0.01000011	          0.01000004	          0.41697547	          0.24600534	          0.02365336	
          2.83853371	         -5.32554268	         -5.44219518	          7.95247768	          2.74628625	          0.95048344	         -0.02020358	         29.61896363	          1.63923699	         -4.50545983	         -2.36437099	          5.75785757	          0.15736070	        -10.23400249	         -5.56717307	          6.04241490	         -4.71673424	         13.60976960	         20.53579997	         -4.39939094	          2.23890119	         -1.39935718	          0.08224275	          0.17854458	          0.05051376	          0.01000099	          0.06167025	          0.01454208	          0.18103038	          0.02150638	          0.16411525	          0.02536424	          0.01084881	          0.01000108	          0.01000026	          0.26162787	          0.01000017	          0.01000005	          0.01000006	          0.08805511	          0.01000038	          0.04093556	          0.24633342	          0.05940732	          0.42116440	          0.01000012	          0.01000004	          0.40820114	          0.26074379	          0.01907304	
          2.85294251	         -5.52489950	         -5.34927939	          8.08694116	          2.76208530	          0.94789267	         -0.01963353	         29.90445138	          1.60321842	         -4.25185133	         -2.53659262	          5.73140612	          0.17852425	        -10.61502200	         -5.55622578	          5.76638855	         -5.45275443	         13.51488569	         22.16088012	         -4.15965409	          2.54876980	         -1.59044877	          0.09299293	          0.15611794	          0.04073210	          0.01000019	          0.05870691	          0.03224237	          0.22557321	          0.01734181	          0.13233541	          0.02045264	          0.01000006	          0.01000114	          0.01000006	          0.25853677	          0.01177903	          0.01000004	          0.01000005	          0.08435685	          0.01000032	          0.03444914	          0.19863270	          0.06461888	          0.43054755	          0.01000016	          0.01000004	          0.39539039	          0.26872340	          0.01537967	
          2.86735132	         -5.70893295	         -5.22270512	          8.18638488	          2.77841083	          0.94538634	         -0.01892953	         30.15747158	          1.59873908	         -4.09532275	         -3.23311356	          5.59821508	          0.19873594	        -10.99800133	         -5.50871487	          5.42370664	         -6.27310585	         13.30739202	         23.87986717	         -3.89889151	          2.83992484	         -1.78723670	          0.09892817	          0.14319759	          0.03284459	          0.01000019	          0.06902562	          0.04514377	          0.20705734	          0.01398369	          0.10670950	          0.01649214	          0.01000003	          0.01241700	          0.01191184	          0.26914135	          0.01145061	          0.01000005	          0.01000003	          0.06802180	          0.01311529	          0.03156055	          0.16016881	          0.06938384	          0.44169247	          0.01000026	          0.01000009	          0.37881418	          0.26921563	          0.01240149	
