/vscmnt/brussel_pixiu_data/_data_brussel/112/vsc11236/PredSimResults/SUBJ06opt3D/trackIG/worker_12.mot
version=1
nRows=200
nColumns=50
inDegrees=yes
endheader
                time	         pelvis_tilt	         pelvis_list	     pelvis_rotation	           pelvis_tx	           pelvis_ty	           pelvis_tz	       hip_flexion_r	     hip_adduction_r	      hip_rotation_r	        knee_angle_r	       ankle_angle_r	         mtp_angle_r	       hip_flexion_l	     hip_adduction_l	      hip_rotation_l	        knee_angle_l	       ankle_angle_l	         mtp_angle_l	    lumbar_extension	      lumbar_bending	     lumbar_rotation	 ercspn_r/activation	 intobl_r/activation	 extobl_r/activation	    abd_r/activation	    add_r/activation	hamstrings_r/activation	bifemsh_r/activation	glut_max_r/activation	iliopsoas_r/activation	rect_fem_r/activation	  vasti_r/activation	gastroc_r/activation	 soleus_r/activation	tib_ant_r/activation	 ercspn_l/activation	 intobl_l/activation	 extobl_l/activation	    abd_l/activation	    add_l/activation	hamstrings_l/activation	bifemsh_l/activation	glut_max_l/activation	iliopsoas_l/activation	rect_fem_l/activation	  vasti_l/activation	gastroc_l/activation	 soleus_l/activation	tib_ant_l/activation	
          0.00000000	         -8.20231646	         -2.89323404	          9.43119084	          0.00000000	          0.91490967	         -0.00821918	         36.14249979	         -1.37138489	        -10.04639695	         -8.39686038	          2.43956484	          0.31927072	        -12.90074852	         -3.92325748	         -1.56691776	        -12.14805627	          0.55881591	         44.37909957	        -11.24575683	          2.90913244	         -9.03223332	          0.20658750	          0.12343757	          0.00999999	          0.00999999	          0.57849155	          0.18058328	          0.19870524	          0.19959260	          0.16637173	          0.00999999	          0.00999999	          0.01573979	          0.01052021	          0.79919483	          0.23412767	          0.00999999	          0.00999999	          0.02230970	          0.37422265	          0.06085257	          0.41342775	          0.01830903	          0.59517300	          0.02477412	          0.02129765	          0.34842634	          0.24958775	          0.01341677	
          0.00979393	         -8.12685286	         -2.85561319	          9.44239394	          0.02068370	          0.91244255	         -0.00759936	         36.33937655	         -1.30940188	         -9.88592197	        -11.05519131	          1.87401841	          0.24679168	        -13.64801386	         -4.12421757	         -1.98411407	        -13.01079533	         -1.10294541	         45.94034702	        -10.87473560	          3.09002345	         -9.46932445	          0.17759781	          0.10611602	          0.00999999	          0.10817030	          0.53262487	          0.16676182	          0.17082165	          0.27678830	          0.14302538	          0.00999999	          0.00999999	          0.01353108	          0.01163231	          0.87851554	          0.22219898	          0.00999999	          0.00999999	          0.01917906	          0.36633490	          0.05465524	          0.37794790	          0.01573979	          0.74236397	          0.02129766	          0.01830903	          0.29953292	          0.21456400	          0.01153404	
          0.01958786	         -8.04014216	         -2.84204916	          9.40975599	          0.04127665	          0.91013054	         -0.00687766	         36.44268709	         -1.23234261	         -9.67459618	        -13.64832677	          1.55402925	          0.21284853	        -13.97364197	         -4.36231287	         -2.40653902	        -14.64579572	         -2.67979284	         47.20241890	        -10.53187435	          3.29422262	         -9.84117097	          0.18329665	          0.09122514	          0.00999999	          0.19466689	          0.56538669	          0.14336073	          0.14685086	          0.40594782	          0.12295514	          0.00999999	          0.00999999	          0.01163231	          0.00999999	          0.92650352	          0.24072683	          0.00999999	          0.00999999	          0.01648773	          0.31492844	          0.04698567	          0.32491183	          0.01353108	          0.84198410	          0.01830903	          0.01573979	          0.25750054	          0.18445500	          0.00999999	
          0.02938180	         -7.94339347	         -2.84151069	          9.33365845	          0.06152828	          0.90815839	         -0.00602378	         36.56136019	         -1.12107435	         -9.48176648	        -16.21591839	          1.12547869	          0.16276001	        -13.81007091	         -4.63653461	         -2.82548645	        -17.14633042	         -4.11085235	         47.84507555	        -10.24934692	          3.50833036	        -10.14550939	          0.22461217	          0.07842384	          0.00999999	          0.26198585	          0.54503975	          0.12324343	          0.12624381	          0.58965299	          0.10570129	          0.00999999	          0.04355194	          0.00999999	          0.00999999	          0.95553561	          0.30632456	          0.00999999	          0.00999999	          0.01417406	          0.27073566	          0.04039234	          0.27931812	          0.01163231	          0.72383149	          0.01573979	          0.01353108	          0.22136642	          0.15857109	          0.00999999	
          0.03917573	         -7.83769391	         -2.85705052	          9.21238602	          0.08132171	          0.90670539	         -0.00506380	         36.74770539	         -0.97946468	         -9.28859846	        -18.94450908	          1.19563041	          0.08338122	        -13.15795355	         -4.95615250	         -3.23794586	        -20.45754541	         -5.53248463	         47.77605208	        -10.03348325	          3.73789700	        -10.37329687	          0.21689406	          0.06741891	          0.00999999	          0.32063804	          0.54003434	          0.10614862	          0.10852847	          0.51439966	          0.09086861	          0.00999999	          0.18012023	          0.00999999	          0.00999999	          0.92775846	          0.36633511	          0.00999999	          0.00999999	          0.01218507	          0.23427772	          0.03472423	          0.24012241	          0.00999999	          0.62225882	          0.01353108	          0.01163231	          0.19030286	          0.13631938	          0.00999999	
          0.04896966	         -7.72983299	         -2.88790734	          9.04799862	          0.10063581	          0.90593768	         -0.00401499	         36.87479995	         -0.78000031	         -9.05621735	        -21.61018958	          1.90292303	          0.03956533	        -12.05607286	         -5.32347082	         -3.63880329	        -24.40953502	         -7.19203653	         47.01013352	         -9.87525885	          3.97765789	        -10.52656197	          0.18645809	          0.05795825	          0.00999999	          0.37226222	          0.51769982	          0.09495692	          0.09329906	          0.44221580	          0.07811734	          0.00999999	          0.35386622	          0.00999999	          0.00999999	          0.79756945	          0.40574392	          0.00999999	          0.00999999	          0.01047518	          0.27564133	          0.02985150	          0.20642689	          0.00999999	          0.53493947	          0.01163231	          0.00999999	          0.16359835	          0.11719017	          0.00999999	
          0.05876359	         -7.63001893	         -2.91329494	          8.83954986	          0.11942412	          0.90602581	         -0.00290427	         36.75860060	         -0.51847494	         -8.79212195	        -23.86781928	          3.22754007	          0.16247425	        -10.54535695	         -5.71355199	         -4.02028495	        -28.83396617	         -9.15948269	         45.29089811	         -9.77303187	          4.20074555	        -10.61130307	          0.16029310	          0.04982518	          0.00999999	          0.41428448	          0.45914576	          0.09042252	          0.08020674	          0.38016125	          0.06715541	          0.00999999	          0.44448490	          0.00999999	          0.00999999	          0.68564939	          0.39866278	          0.00999999	          0.00999999	          0.00999999	          0.29488102	          0.02566255	          0.17745975	          0.00999999	          0.45987334	          0.00999999	          0.00999999	          0.14064118	          0.10074530	          0.07594140	
          0.06855752	         -7.54693776	         -2.92771221	          8.59102325	          0.13758655	          0.90702099	         -0.00177176	         36.33768850	         -0.20020590	         -8.49911958	        -25.52618356	          4.78981447	          0.51251808	         -8.67636469	         -6.11286895	         -4.35239895	        -33.61395099	        -11.08930348	         42.06066144	         -9.73129435	          4.40257030	        -10.63266055	          0.13779974	          0.04283339	          0.00999999	          0.42134884	          0.39471549	          0.09902951	          0.06895161	          0.32681458	          0.05773174	          0.00999999	          0.48689017	          0.00999999	          0.00999999	          0.58943468	          0.39311064	          0.03240048	          0.00999999	          0.00999999	          0.25350142	          0.02206142	          0.15255746	          0.01353107	          0.39534096	          0.00999999	          0.00999999	          0.12090551	          0.08660807	          0.28762018	
          0.07835145	         -7.48398995	         -2.93037228	          8.30532044	          0.15507492	          0.90882422	         -0.00066727	         35.64039863	          0.15573992	         -8.18838197	        -26.55951575	          6.19577963	          0.98790115	         -6.55612320	         -6.47878633	         -4.58218472	        -38.53496549	        -12.40421620	         37.36060397	         -9.75159416	          4.58439857	        -10.58968033	          0.11846280	          0.03682273	          0.00999999	          0.40523603	          0.33932648	          0.10128397	          0.05927588	          0.28095387	          0.04963045	          0.00999999	          0.52681927	          0.00999999	          0.00999999	          0.50672142	          0.38530735	          0.05140868	          0.00999999	          0.01163231	          0.21792848	          0.01896562	          0.13114962	          0.01163230	          0.33986419	          0.00999999	          0.00999999	          0.10393927	          0.07445467	          0.27240677	
          0.08814539	         -7.44184734	         -2.91627452	          7.97978478	          0.17191702	          0.91134054	          0.00036716	         34.70975107	          0.52821806	         -7.86103477	        -27.02715266	          7.33149825	          1.50607032	         -4.30169049	         -6.74679276	         -4.69904421	        -43.31915094	        -12.37057047	         32.93370762	         -9.83115896	          4.74176094	        -10.47780404	          0.10183934	          0.03165553	          0.00999999	          0.36638385	          0.29171001	          0.10792769	          0.05095791	          0.24152862	          0.04266599	          0.00999999	          0.49431096	          0.00999999	          0.00999999	          0.43561503	          0.36333514	          0.04765552	          0.01790273	          0.00999999	          0.18734736	          0.01630424	          0.11558085	          0.00999999	          0.29217227	          0.00999999	          0.00999999	          0.08935385	          0.06400671	          0.33264831	
          0.09793932	         -7.41884649	         -2.86788315	          7.61808314	          0.18817649	          0.91450290	          0.00133730	         33.61470164	          0.88479997	         -7.50601046	        -27.07115911	          8.22679703	          2.01317109	         -1.95926570	         -6.90097787	         -4.74386637	        -47.80386421	        -11.78743131	         29.08556534	         -9.96871675	          4.85187415	        -10.30649152	          0.08754859	          0.02721343	          0.00999999	          0.31497052	          0.25077540	          0.11270901	          0.04380717	          0.20763578	          0.03667882	          0.00999999	          0.42494608	          0.00999999	          0.00999999	          0.37448674	          0.33496984	          0.05128227	          0.01573976	          0.00999999	          0.16105758	          0.01401632	          0.16187679	          0.00999999	          0.25117278	          0.00999999	          0.00999999	          0.07681514	          0.05502488	          0.35605740	
          0.10773325	         -7.41145590	         -2.77923846	          7.22729331	          0.20393527	          0.91816699	          0.00225515	         32.42407798	          1.20379447	         -7.12453619	        -26.83130422	          8.89508339	          2.48449089	          0.44306835	         -6.95178244	         -4.76364672	        -51.90058154	        -11.24556001	         25.67960599	        -10.15904470	          4.90512830	        -10.08654265	          0.07526321	          0.02339466	          0.00999999	          0.27077184	          0.24623820	          0.11327237	          0.03765987	          0.17849899	          0.03153181	          0.00999999	          0.36531492	          0.00999999	          0.00999999	          0.34450790	          0.31337550	          0.04408601	          0.01353106	          0.00999999	          0.17078177	          0.01204946	          0.17371212	          0.00999999	          0.21592661	          0.00999999	          0.00999999	          0.06603595	          0.04730344	          0.33585324	
          0.11752718	         -7.41524153	         -2.64167497	          6.81279111	          0.21929259	          0.92216173	          0.00312524	         31.17335004	          1.46693730	         -6.71779146	        -26.39513997	          9.36866844	          2.91744627	          2.86439454	         -6.89987756	         -4.78833669	        -55.58227330	        -10.45518463	         22.66642332	        -10.39432569	          4.88997035	         -9.82913368	          0.06470180	          0.02011177	          0.00999999	          0.23277540	          0.25549828	          0.11394499	          0.03237519	          0.15345087	          0.02710707	          0.00999999	          0.31405159	          0.00999999	          0.00999999	          0.31986559	          0.29883810	          0.03789958	          0.01163229	          0.00999999	          0.17566057	          0.01035861	          0.20333443	          0.00999999	          0.18562640	          0.00999999	          0.00999999	          0.05676936	          0.04066552	          0.32881905	
          0.12732111	         -7.42588733	         -2.44921712	          6.37876440	          0.23433698	          0.92634984	          0.00395589	         29.88003511	          1.66292112	         -6.28590872	        -25.81689500	          9.68258024	          3.31956954	          5.27892601	         -6.74997301	         -4.84166365	        -58.82199963	         -9.51257129	         20.01430344	        -10.66719474	          4.79782222	         -9.54442731	          0.06104821	          0.01728956	          0.00999999	          0.20011086	          0.23094304	          0.11430569	          0.02783210	          0.13600102	          0.02330323	          0.00999999	          0.26998186	          0.00999999	          0.00999999	          0.29591323	          0.28130002	          0.03258127	          0.00999999	          0.00999999	          0.18516890	          0.00999999	          0.24444921	          0.00999999	          0.15957811	          0.00999999	          0.00999999	          0.04880312	          0.03495907	          0.31631685	
          0.13711505	         -7.43991163	         -2.20350595	          5.92785690	          0.24913691	          0.93061880	          0.00475093	         28.55793260	          1.78855264	         -5.83403846	        -25.13686641	          9.86323534	          3.70382765	          7.67013651	         -6.51438305	         -4.94201305	        -61.60755705	         -8.52805341	         17.67351088	        -10.97084614	          4.63026757	         -9.23829644	          0.06107167	          0.01486338	          0.00999999	          0.17203002	          0.19853564	          0.11342509	          0.02392652	          0.13576505	          0.02003317	          0.00999999	          0.23209628	          0.00999999	          0.00999999	          0.25733682	          0.26275665	          0.02800926	          0.00999999	          0.00999999	          0.21010083	          0.00999999	          0.29338382	          0.00999999	          0.13718509	          0.09587423	          0.00999999	          0.04195475	          0.03005339	          0.30361254	
          0.14690898	         -7.45467070	         -1.91035840	          5.46289964	          0.26374490	          0.93487961	          0.00550569	         27.21688667	          1.84504202	         -5.37081725	        -24.38220846	          9.92689479	          4.08735926	         10.02358625	         -6.20558902	         -5.09827976	        -63.93243685	         -7.50702371	         15.60397437	        -11.29923892	          4.39524190	         -8.91492624	          0.06082920	          0.01277765	          0.00999999	          0.14788967	          0.17067584	          0.11187251	          0.02056900	          0.13529255	          0.01722199	          0.00999999	          0.19952704	          0.00999999	          0.00999999	          0.22122567	          0.24954798	          0.02407882	          0.00999999	          0.00999999	          0.23143532	          0.00999999	          0.35595403	          0.00999999	          0.12979660	          0.14867262	          0.00999999	          0.03606739	          0.02583610	          0.29304308	
          0.15670291	         -7.46816905	         -1.57811274	          4.98586131	          0.27819953	          0.93906118	          0.00621759	         25.86547895	          1.83806967	         -4.90195880	        -23.57382053	          9.88399744	          4.49061908	         12.33060167	         -5.83776849	         -5.31370475	        -65.80480273	         -6.44824277	         13.77405842	        -11.64732157	          4.10323800	         -8.57699189	          0.05960616	          0.01098461	          0.00999999	          0.12713684	          0.14672551	          0.10950059	          0.01768262	          0.13573042	          0.01480529	          0.00999999	          0.17152813	          0.00999999	          0.03186193	          0.19018187	          0.24086917	          0.02069992	          0.00999999	          0.00999999	          0.25221245	          0.00999999	          0.42567032	          0.00999999	          0.13995146	          0.15675699	          0.00999999	          0.03100619	          0.02221062	          0.28564977	
          0.16649684	         -7.47920705	         -1.21705856	          4.49798025	          0.29252572	          0.94310936	          0.00688633	         24.51132063	          1.77660040	         -4.43161442	        -22.72527520	          9.73294046	          4.93856319	         14.58878441	         -5.42618078	         -5.58570849	        -67.24763631	         -5.36749214	         12.15538977	        -12.01100614	          3.76646612	         -8.22605816	          0.05902062	          0.00999999	          0.00999999	          0.11301353	          0.12613605	          0.10445972	          0.01520128	          0.12975866	          0.01272772	          0.00999999	          0.14745820	          0.00999999	          0.05152484	          0.16349433	          0.23447860	          0.01779518	          0.00999999	          0.00999999	          0.26293549	          0.00999999	          0.49242793	          0.00999999	          0.15285600	          0.15041888	          0.00999999	          0.02665520	          0.01909388	          0.28182565	
          0.17629077	         -7.48731755	         -0.83887719	          4.00101892	          0.30674378	          0.94697882	          0.00751522	         23.15996176	          1.67182257	         -3.96211581	        -21.85221690	          9.50997417	          5.43406505	         16.79768253	         -4.99097032	         -5.91211804	        -68.29057780	         -4.27869396	         10.72282444	        -12.38613377	          3.39797754	         -7.86410870	          0.05183621	          0.00999999	          0.00999999	          0.10925611	          0.10843583	          0.09896299	          0.01306814	          0.11487400	          0.01094168	          0.00999999	          0.12676592	          0.00999999	          0.06500777	          0.14055176	          0.23629703	          0.01529804	          0.00999999	          0.00999999	          0.22603870	          0.00999999	          0.54425755	          0.00999999	          0.16694048	          0.14039330	          0.00999999	          0.02291477	          0.01641450	          0.28216510	
          0.18608470	         -7.49265925	         -0.45797572	          3.49833740	          0.32087551	          0.95062873	          0.00812005	         21.81217147	          1.53865264	         -3.49696455	        -20.96131493	          9.24777138	          5.97209285	         18.95719361	         -4.56638630	         -6.29912838	        -68.96507996	         -3.19436043	          9.45461705	        -12.76784367	          3.01172778	         -7.49510069	          0.05047026	          0.00999999	          0.00999999	          0.10847815	          0.09321942	          0.09419457	          0.01123434	          0.10491606	          0.00999999	          0.00999999	          0.10897731	          0.00999999	          0.07518202	          0.12082863	          0.23645145	          0.01315132	          0.00999999	          0.00999999	          0.19431950	          0.00999999	          0.56686986	          0.00999999	          0.18012740	          0.13731051	          0.00999999	          0.01969922	          0.01411112	          0.28648318	
          0.19587864	         -7.49590753	         -0.08663153	          2.99143084	          0.33494350	          0.95402306	          0.00871407	         20.47371445	          1.38974754	         -3.04253974	        -20.07032249	          8.97950003	          6.54231256	         21.06152126	         -4.18199909	         -6.75113086	        -69.28970942	         -2.12790762	          8.33275478	        -13.15108687	          2.62012130	         -7.12107310	          0.05620126	          0.02740754	          0.00999999	          0.10600372	          0.08013827	          0.08903622	          0.21683577	          0.10481440	          0.00999999	          0.00999999	          0.09368492	          0.02037747	          0.08502586	          0.11627684	          0.23561972	          0.01130585	          0.01000000	          0.00999999	          0.16705134	          0.00999999	          0.48732305	          0.00999999	          0.19034994	          0.13859613	          0.00999999	          0.01693490	          0.01213095	          0.29429238	
          0.20567257	         -7.49789897	          0.26523698	          2.47951249	          0.34895851	          0.95711842	          0.00929987	         19.18220278	          1.23444714	         -2.60391002	        -19.25646816	          8.74790229	          7.12715120	         23.09576283	         -3.85722504	         -7.26759422	        -69.25653162	         -1.09771966	          7.34095945	        -13.53241316	          2.23598510	         -6.74297420	          0.06582085	          0.04442837	          0.00999999	          0.10318310	          0.06889276	          0.08600402	          0.40253537	          0.09608906	          0.00999999	          0.00999999	          0.08053845	          0.03915902	          0.09398489	          0.13753818	          0.23073738	          0.00999999	          0.01000000	          0.00999999	          0.14360963	          0.00999999	          0.41893875	          0.00999999	          0.19794681	          0.13529721	          0.00999999	          0.01455849	          0.01042866	          0.30687172	
          0.21546650	         -7.49957557	          0.59054039	          1.96207732	          0.36293423	          0.95986404	          0.00987127	         17.97481949	          1.07960475	         -2.18829959	        -18.59364637	          8.58902051	          7.70751109	         25.04121940	         -3.60228821	         -7.84304215	        -68.85207414	         -0.11301304	          6.46401989	        -13.90784189	          1.87056672	         -6.36100715	          0.08948869	          0.03819390	          0.00999999	          0.10206799	          0.05922528	          0.08509898	          0.55589558	          0.10809907	          0.00999999	          0.00999999	          0.06923678	          0.03899396	          0.10286433	          0.16901712	          0.21864482	          0.00999999	          0.01573977	          0.00999999	          0.12345740	          0.00999999	          0.36015058	          0.00999999	          0.20836958	          0.13419183	          0.00999999	          0.01251555	          0.00999999	          0.32615018	
          0.22526043	         -7.50170312	          0.88624480	          1.43868457	          0.37690126	          0.96221024	          0.01041860	         16.86914964	          0.92877396	         -1.80984064	        -18.12164120	          8.53258045	          8.27179603	         26.87809875	         -3.41861477	         -8.46922866	        -68.06616925	          0.80540625	          5.68838790	        -14.27091521	          1.53031125	         -5.97108878	          0.10824926	          0.03283429	          0.00999999	          0.10075974	          0.05091441	          0.08521406	          0.65950051	          0.11397938	          0.00999999	          0.00999999	          0.05952103	          0.03352207	          0.11211121	          0.20594918	          0.20876168	          0.00999999	          0.01353107	          0.00999999	          0.10613307	          0.00999999	          0.30961194	          0.00999999	          0.21520026	          0.13060245	          0.00999999	          0.01075929	          0.00999999	          0.34933985	
          0.23505436	         -7.50503385	          1.14966921	          0.91069400	          0.39089428	          0.96411532	          0.01093057	         15.87071713	          0.78639171	         -1.47441187	        -17.85545762	          8.58459643	          8.82561763	         28.58767991	         -3.30337668	         -9.13434384	        -66.89379679	          1.65521745	          5.00026041	        -14.61473476	          1.22111423	         -5.56957574	          0.12394438	          0.02822677	          0.00999999	          0.09959939	          0.04376978	          0.08649928	          0.69895812	          0.11192223	          0.00999999	          0.00999999	          0.05116866	          0.02881804	          0.12251696	          0.24441207	          0.20296397	          0.00999999	          0.01163230	          0.00999999	          0.09123980	          0.00999999	          0.26616521	          0.00999999	          0.21768990	          0.12414869	          0.00999999	          0.00999999	          0.00999999	          0.37782976	
          0.24484830	         -7.51044275	          1.37846302	          0.38046232	          0.40494757	          0.96554934	          0.01139685	         14.97545637	          0.65692792	         -1.18276643	        -17.78974429	          8.73612378	          9.38493690	         30.15262554	         -3.25073262	         -9.82541234	        -65.33320839	          2.44016570	          4.38781724	        -14.93284768	          0.94816496	         -5.15467282	          0.13671790	          0.02426581	          0.00999999	          0.09918939	          0.03762772	          0.08840009	          0.66285448	          0.10205028	          0.00999999	          0.00999999	          0.04398834	          0.02477411	          0.13487379	          0.28164584	          0.20119407	          0.00999999	          0.00999999	          0.00999999	          0.07843644	          0.00999999	          0.22881520	          0.00999999	          0.21545588	          0.11586920	          0.00999999	          0.00999999	          0.00999999	          0.41161594	
          0.25464223	         -7.51884650	          1.57122894	         -0.14958691	          0.41909752	          0.96649528	          0.01180965	         14.16743390	          0.54387784	         -0.93248347	        -17.89659356	          8.97216557	          9.96790828	         31.55634055	         -3.25237101	        -10.53037028	        -63.38457716	          3.15728054	          3.83732688	        -15.21909661	          0.71502843	         -4.72591843	          0.14772401	          0.02086067	          0.00999999	          0.09977519	          0.03234756	          0.09068001	          0.56983849	          0.08772993	          0.00999999	          0.00999999	          0.03781562	          0.02129765	          0.14987412	          0.31520858	          0.20365397	          0.00999999	          0.00999999	          0.00999999	          0.06742974	          0.00999999	          0.19670639	          0.00999999	          0.20914296	          0.10636598	          0.00999999	          0.00999999	          0.00999999	          0.45013097	
          0.26443616	         -7.53102537	          1.72768896	         -0.67744541	          0.43338322	          0.96694830	          0.01216390	         13.42174591	          0.44911602	         -0.72003978	        -18.13336969	          9.27794822	         10.59210679	         32.78228148	         -3.29805692	        -11.23889984	        -61.05004685	          3.80006211	          3.33309221	        -15.46761499	          0.52352232	         -4.28374136	          0.15934812	          0.01793337	          0.00999999	          0.10270219	          0.02780834	          0.09306917	          0.48987510	          0.07559156	          0.00999999	          0.00999999	          0.03250909	          0.01830903	          0.16797501	          0.33973317	          0.20837239	          0.00999999	          0.00999999	          0.00999999	          0.05796757	          0.00999999	          0.16910329	          0.00999999	          0.20050055	          0.09640443	          0.01233888	          0.00999999	          0.00999999	          0.49039493	
          0.27423009	         -7.54741907	          1.84884243	         -1.20255553	          0.44784148	          0.96691425	          0.01245669	         12.71569732	          0.37254696	         -0.54069337	        -18.46371981	          9.64084455	         11.27588194	         33.81436927	         -3.37609482	        -11.94281871	        -58.33273880	          4.34662219	          2.86510913	        -15.67347616	          0.37376819	         -3.82811294	          0.16793575	          0.01541685	          0.00999999	          0.10653068	          0.02390610	          0.09435816	          0.42113269	          0.06568807	          0.00999999	          0.00999999	          0.02794720	          0.01573979	          0.18914889	          0.35377185	          0.21496357	          0.00999999	          0.00999999	          0.00999999	          0.04983318	          0.00999999	          0.14537363	          0.00999999	          0.19230926	          0.08596057	          0.01334804	          0.00999999	          0.00999999	          0.52258503	
          0.28402402	         -7.56817943	          1.93633192	         -1.72480949	          0.46250183	          0.96640817	          0.01268689	         12.03251502	          0.31286008	         -0.38863426	        -18.86046215	         10.04080819	         12.04293612	         34.64176293	         -3.47445533	        -12.63401543	        -55.24370313	          4.75926204	          2.43761944	        -15.83331171	          0.26476120	         -3.35922819	          0.17830785	          0.01325345	          0.00999999	          0.11216769	          0.02100313	          0.09436086	          0.36203665	          0.06387015	          0.00999999	          0.00999999	          0.02402547	          0.01353108	          0.21289393	          0.32110171	          0.22496482	          0.01941418	          0.00999999	          0.00999999	          0.04284027	          0.00999999	          0.12497387	          0.00999999	          0.18815141	          0.07764315	          0.01179352	          0.00999999	          0.00999999	          0.53757463	
          0.29381796	         -7.59331425	          1.99280880	         -2.24471474	          0.47738838	          0.96545634	          0.01285610	         11.35754145	          0.26739921	         -0.26159148	        -19.29670281	         10.44759052	         12.92412157	         35.26025780	         -3.58071646	        -13.30297840	        -51.79951865	          4.99467156	          2.06408146	        -15.94490035	          0.19342621	         -2.87613440	          0.18666652	          0.01139364	          0.00999999	          0.11832717	          0.02129764	          0.09303845	          0.31123335	          0.06552986	          0.00999999	          0.00999999	          0.02065406	          0.01163231	          0.23866410	          0.27604266	          0.23543307	          0.03378724	          0.00999999	          0.00999999	          0.03682865	          0.00999999	          0.10743674	          0.00999999	          0.18795855	          0.07003634	          0.01013858	          0.00999999	          0.00999999	          0.53751387	
          0.30361189	         -7.62292023	          2.02142180	         -2.76311000	          0.49251838	          0.96409264	          0.01296691	         10.68064502	          0.23286172	         -0.15745328	        -19.75619834	         10.85394888	         13.92432400	         35.67130544	         -3.68167247	        -13.93473758	        -48.01621246	          5.02864526	          1.75128619	        -16.00728657	          0.15557105	         -2.37731646	          0.18749257	          0.00999999	          0.00999999	          0.12464253	          0.01830903	          0.08964170	          0.26755909	          0.06165926	          0.00999999	          0.00999999	          0.01775575	          0.00999999	          0.26534832	          0.23730659	          0.24130872	          0.04479059	          0.00999999	          0.00999999	          0.03166062	          0.00999999	          0.09236052	          0.00999999	          0.19131277	          0.06130667	          0.00999999	          0.00999999	          0.00999999	          0.53213286	
          0.31340582	         -7.65728680	          2.02584177	         -3.28140276	          0.50790048	          0.96235102	          0.01302127	          9.99770897	          0.20532827	         -0.06762180	        -20.23328689	         11.26101955	         15.03084867	         35.88162527	         -3.76337258	        -14.50424219	        -43.91207438	          4.88362231	          1.49164961	        -16.02111242	          0.14640992	         -1.86161873	          0.18348251	          0.00999999	          0.00999999	          0.13002928	          0.01573979	          0.08272304	          0.23001348	          0.05300684	          0.00999999	          0.00999999	          0.02292862	          0.00999999	          0.29237878	          0.20400621	          0.24611030	          0.06152350	          0.00999999	          0.00999999	          0.02721780	          0.00999999	          0.07939990	          0.00999999	          0.19768339	          0.05270376	          0.00999999	          0.00999999	          0.00999999	          0.53118767	
          0.32319975	         -7.69676899	          2.01056103	         -3.80108688	          0.52354913	          0.96026522	          0.01302451	          9.29044431	          0.17995989	          0.01540911	        -20.69137435	         11.65628807	         16.22919152	         35.90313824	         -3.81357394	        -14.97459104	        -39.51899941	          4.62670835	          1.26716097	        -15.98679717	          0.15933789	         -1.32772413	          0.18490698	          0.00999999	          0.00999999	          0.13459482	          0.01353108	          0.07307801	          0.19773652	          0.04556858	          0.00999999	          0.00999999	          0.05313235	          0.00999999	          0.31888595	          0.17537875	          0.25744315	          0.09917100	          0.00999999	          0.00999999	          0.02339842	          0.00999999	          0.06825800	          0.00999999	          0.20452888	          0.04657415	          0.00999999	          0.00999999	          0.00999999	          0.53787314	
          0.33299368	         -7.74153654	          1.98203061	         -4.32136531	          0.53950327	          0.95787432	          0.01299087	          8.50088832	          0.14955318	          0.09091151	        -21.01990219	         12.00826414	         17.52084473	         35.75699179	         -3.82542872	        -15.29986288	        -34.90412622	          4.33411477	          1.06465843	        -15.90188077	          0.18330978	         -0.77462380	          0.17891018	          0.00999999	          0.00999999	          0.14441989	          0.01163231	          0.06282324	          0.16998886	          0.03917410	          0.00999999	          0.00999999	          0.09566652	          0.11361434	          0.34432934	          0.15076848	          0.27383341	          0.14578280	          0.00999999	          0.00999999	          0.02011501	          0.00999999	          0.15144846	          0.00999999	          0.21533290	          0.04334317	          0.00999999	          0.00999999	          0.00999999	          0.54350959	
          0.34278761	         -7.79152525	          1.94895399	         -4.83946770	          0.55579074	          0.95522535	          0.01294627	          7.56809996	          0.10500045	          0.16138388	        -21.10618301	         12.29745810	         18.90199348	         35.49614475	         -3.80504205	        -15.42605607	        -30.22162387	          4.04577402	          0.88614133	        -15.76559476	          0.20194167	         -0.20319892	          0.16406284	          0.00999999	          0.00999999	          0.14811334	          0.00999999	          0.05400748	          0.14613493	          0.03367694	          0.00999999	          0.00999999	          0.13195420	          0.19962761	          0.36906931	          0.12961168	          0.28377252	          0.18730774	          0.00999999	          0.00999999	          0.01729234	          0.00999999	          0.18298441	          0.00999999	          0.23471306	          0.04088404	          0.00999999	          0.00999999	          0.00999999	          0.54965454	
          0.35258155	         -7.84652900	          1.92215089	         -5.35255692	          0.57241448	          0.95237441	          0.01291635	          6.45950237	          0.03554858	          0.23551087	        -20.89317698	         12.53555383	         20.32450007	         35.17696444	         -3.76289005	        -15.30499146	        -25.62751623	          3.75612660	          0.73453089	        -15.58071828	          0.19649335	          0.38494913	          0.17188241	          0.00999999	          0.00999999	          0.13372510	          0.00999999	          0.05015952	          0.12562834	          0.02895118	          0.00999999	          0.00999999	          0.15012076	          0.27186169	          0.39254132	          0.11142374	          0.27529893	          0.22878757	          0.00999999	          0.00999999	          0.09319695	          0.00999999	          0.20674239	          0.01439198	          0.25610696	          0.03873657	          0.00999999	          0.01138209	          0.00999999	          0.55970655	
          0.36237548	         -7.90591261	          1.91605072	         -5.85531870	          0.58936251	          0.94938374	          0.01289615	          5.18548054	         -0.07488083	          0.32180669	        -20.39713133	         12.71388089	         21.75805151	         34.83450074	         -3.69781111	        -14.94187053	        -21.22852257	          3.46657935	          0.60789474	        -15.35174343	          0.14987710	          0.98785116	          0.17944242	          0.00999999	          0.00999999	          0.11495994	          0.00999999	          0.04838400	          0.10799937	          0.03586441	          0.00999999	          0.00999999	          0.14916985	          0.33738543	          0.41402114	          0.09578804	          0.26243977	          0.26637541	          0.00999999	          0.00999999	          0.17759577	          0.00999999	          0.17773097	          0.02164942	          0.28243936	          0.03865369	          0.00999999	          0.01163239	          0.00999999	          0.57756131	
          0.37216941	         -7.96889223	          1.93843829	         -6.34109746	          0.60660936	          0.94631645	          0.01286718	          3.78682116	         -0.23619671	          0.41003280	        -19.68410988	         12.80217145	         23.19947138	         34.49088777	         -3.60951832	        -14.39036956	        -17.09881501	          3.19840032	          0.50395580	        -15.08540728	          0.05488771	          1.60476668	          0.18253902	          0.00999999	          0.00999999	          0.10138198	          0.00999999	          0.05056779	          0.09284421	          0.04759951	          0.00999999	          0.00999999	          0.13071597	          0.39673935	          0.43273023	          0.08234645	          0.25069005	          0.30061165	          0.00999999	          0.00999999	          0.23504946	          0.00999999	          0.15279062	          0.03773725	          0.30518385	          0.03867763	          0.00999999	          0.01000006	          0.00999999	          0.59477337	
          0.38196334	         -8.03421434	          1.99096574	         -6.80269948	          0.62411524	          0.94323021	          0.01281025	          2.31809111	         -0.45071083	          0.48079116	        -18.84400749	         12.76417797	         24.66567577	         34.17502636	         -3.50158386	        -13.72497954	        -13.32222600	          2.98231415	          0.42129054	        -14.79126128	         -0.08909069	          2.23467002	          0.17952801	          0.00999999	          0.00999999	          0.09679506	          0.00999999	          0.04450197	          0.07981571	          0.04906529	          0.00999999	          0.01000000	          0.11237306	          0.44937695	          0.44757348	          0.07079107	          0.23184945	          0.33335693	          0.00999999	          0.00999999	          0.26786821	          0.00999999	          0.13135006	          0.03899396	          0.32226167	          0.03603703	          0.00999999	          0.00999999	          0.00999999	          0.61016248	
          0.39175727	         -8.10016888	          2.07460458	         -7.23440488	          0.64183299	          0.94017704	          0.01270548	          0.82688769	         -0.71856102	          0.52055754	        -17.95334281	         12.56645608	         26.18216328	         33.92189787	         -3.37375250	        -13.01854233	         -9.97658286	          2.83423689	          0.35919212	        -14.48112511	         -0.28234778	          2.87694206	          0.16331010	          0.00999999	          0.00999999	          0.09348225	          0.00999999	          0.03825717	          0.06861546	          0.04218013	          0.00999999	          0.04340490	          0.09660416	          0.49350998	          0.45683988	          0.06085721	          0.20785721	          0.36173759	          0.00999999	          0.00999999	          0.28210354	          0.00999999	          0.11291818	          0.03352208	          0.34080938	          0.03098010	          0.00999999	          0.00999999	          0.00999999	          0.62437420	
          0.40155121	         -8.16451263	          2.18944517	         -7.63142147	          0.65972209	          0.93720364	          0.01253454	         -0.65891109	         -1.03781308	          0.51955745	        -17.05681728	         12.18747562	         27.76672691	         33.76479224	         -3.22133738	        -12.32904771	         -7.12691064	          2.74452746	          0.31674522	        -14.16728009	         -0.52476698	          3.53003444	          0.16667878	          0.00999999	          0.00999999	          0.08699442	          0.00999999	          0.03288868	          0.05898690	          0.03626114	          0.00999999	          0.08350160	          0.08304804	          0.52749461	          0.46004439	          0.05231734	          0.20630282	          0.37489299	          0.00999999	          0.00999999	          0.27292617	          0.03810348	          0.09707278	          0.02881804	          0.35273432	          0.02819622	          0.00999999	          0.00999999	          0.00999999	          0.63640953	
          0.41134514	         -8.22372301	          2.32886372	         -7.99108426	          0.67778362	          0.93434868	          0.01228784	         -2.13341189	         -1.39882441	          0.47148566	        -16.17025342	         11.61326882	         29.42609996	         33.72045854	         -3.04303922	        -11.70044994	         -4.82992856	          2.69379800	          0.29170477	        -13.85617760	         -0.80885968	          4.19265472	          0.17357611	          0.00999999	          0.00999999	          0.07478680	          0.00999999	          0.02827353	          0.05070948	          0.03117275	          0.00999999	          0.08304807	          0.07139421	          0.55120621	          0.45707840	          0.04497583	          0.22060846	          0.37464496	          0.00999999	          0.00999999	          0.25301627	          0.07811960	          0.08345090	          0.02477411	          0.36223595	          0.02881804	          0.01000000	          0.00999999	          0.00999999	          0.64846415	
          0.42113907	         -8.27412153	          2.48066666	         -8.31139493	          0.69605044	          0.93163573	          0.01196581	         -3.59927571	         -1.78561307	          0.37528156	        -15.30145659	         10.83439049	         31.16061642	         33.78869420	         -2.84113976	        -11.15732945	         -3.12445875	          2.67016779	          0.27896854	        -13.54840176	         -1.12117362	          4.86118073	          0.18346045	          0.00999999	          0.00999999	          0.06429224	          0.00999999	          0.02430600	          0.04359360	          0.02679839	          0.00999999	          0.07139423	          0.06137571	          0.56387897	          0.44829678	          0.03866454	          0.24314679	          0.35572326	          0.00999999	          0.00999999	          0.22257369	          0.11566571	          0.07174054	          0.02129765	          0.35443637	          0.02477411	          0.01073873	          0.00999999	          0.00999999	          0.66024463	
          0.43093300	         -8.31242861	          2.62966485	         -8.58988545	          0.71457424	          0.92906976	          0.01157511	         -5.06413734	         -2.17876089	          0.22849488	        -14.45154811	          9.84186787	         32.96904337	         33.95550125	         -2.62126327	        -10.70331196	         -2.02650971	          2.68249302	          0.27417120	        -13.24059449	         -1.44460947	          5.52813891	          0.17746889	          0.00999999	          0.00999999	          0.05527034	          0.00999999	          0.02089523	          0.03747627	          0.02303787	          0.04045189	          0.06137573	          0.05276308	          0.56538680	          0.43401976	          0.03323888	          0.26091585	          0.30580589	          0.00999999	          0.00999999	          0.19134073	          0.14986503	          0.10965099	          0.01830903	          0.33821842	          0.02129765	          0.01573978	          0.00999999	          0.00999999	          0.66912973	
          0.44072693	         -8.33618001	          2.76156355	         -8.82399259	          0.73339533	          0.92663811	          0.01112190	         -6.52430114	         -2.55960583	          0.03176020	        -13.64276109	          8.63978479	         34.84318641	         34.20533376	         -2.39048196	        -10.33544705	         -1.54765040	          2.73682600	          0.27491698	        -12.93007496	         -1.76217082	          6.18147400	          0.16875503	          0.00999999	          0.00999999	          0.04751445	          0.00999999	          0.01796308	          0.14748060	          0.01980505	          0.08355805	          0.05276310	          0.04535903	          0.55592690	          0.41470131	          0.02857459	          0.26349031	          0.26289325	          0.00999999	          0.00999999	          0.18072489	          0.17532790	          0.21646471	          0.01573979	          0.32612044	          0.01830903	          0.01353108	          0.00999999	          0.00999999	          0.67488113	
          0.45052086	         -8.34379433	          2.86898184	         -9.01774949	          0.75252003	          0.92430865	          0.01061325	         -7.94623774	         -2.91812782	         -0.20622008	        -12.94787876	          7.25703866	         36.76935076	         34.53446596	         -2.15493340	        -10.06670756	         -1.72071582	          2.83520221	          0.27906610	        -12.61657784	         -2.06448533	          6.81412033	          0.16999832	          0.00999999	          0.00999999	          0.04084692	          0.00999999	          0.01544238	          0.25237504	          0.01702587	          0.07820627	          0.04535904	          0.03899396	          0.53639018	          0.39097848	          0.02456482	          0.27014754	          0.22600238	          0.00999999	          0.00999999	          0.16025994	          0.19449743	          0.28913255	          0.01353108	          0.30461072	          0.01573979	          0.01163231	          0.00999999	          0.00999999	          0.68364672	
          0.46031480	         -8.33394171	          2.94339908	         -9.17337352	          0.77196642	          0.92203022	          0.01005721	         -9.30984571	         -3.24341558	         -0.48570577	        -12.41426212	          5.72187099	         38.72910791	         34.93340380	         -1.92370214	         -9.89767512	         -2.55815164	          2.97154941	          0.28387243	        -12.29731924	         -2.34062028	          7.41939268	          0.18308076	          0.00999999	          0.00999999	          0.03511502	          0.00999999	          0.01327541	          0.30622404	          0.02267193	          0.06723187	          0.03899397	          0.03352208	          0.50518102	          0.36284508	          0.02111773	          0.27858950	          0.19428828	          0.00999999	          0.00999999	          0.14733300	          0.19943171	          0.31275811	          0.01163231	          0.26186579	          0.01353108	          0.00999999	          0.00999999	          0.00999999	          0.69127012	
          0.47010873	         -8.30628237	          2.97738927	         -9.29422577	          0.79177716	          0.91973699	          0.00946840	        -10.61445734	         -3.52599273	         -0.81038147	        -12.05327178	          4.06083052	         40.68868180	         35.36968751	         -1.70625778	         -9.83207183	         -4.01024527	          3.07279148	          0.29609456	        -11.96377661	         -2.58070820	          7.99348380	          0.20208842	          0.00999999	          0.00999999	          0.03018745	          0.01354925	          0.04139512	          0.32317773	          0.02477411	          0.05779746	          0.03352209	          0.02881804	          0.47145887	          0.33517293	          0.01815435	          0.27953543	          0.16702450	          0.00999999	          0.00999999	          0.14105265	          0.20581374	          0.26886988	          0.00999999	          0.22511911	          0.01163231	          0.00999999	          0.02129765	          0.00999999	          0.65734960	
          0.47990266	         -8.26176529	          2.95859759	         -9.38305105	          0.81197436	          0.91736922	          0.00885882	        -11.84496879	         -3.75105702	         -1.17236733	        -11.90221354	          2.31057191	         42.59700056	         35.79225978	         -1.51757949	         -9.88373808	         -5.97959587	          2.91704348	          0.30827121	        -11.61056289	         -2.76872392	          8.53554888	          0.18294644	          0.00999999	          0.00999999	          0.02595136	          0.24787111	          0.07078567	          0.37400101	          0.02129765	          0.33084980	          0.02881805	          0.02477411	          0.40530074	          0.29032851	          0.01560682	          0.24030923	          0.14358655	          0.00999999	          0.01163231	          0.30327653	          0.20196888	          0.23114034	          0.00999999	          0.19352895	          0.00999999	          0.00999999	          0.01830903	          0.01223745	          0.70577453	
          0.48969659	         -8.20231646	          2.89323404	         -9.43119084	          0.83248421	          0.91490967	          0.00821918	        -12.90074852	         -3.92325748	         -1.56691776	        -12.14805627	          0.55881591	         44.37909957	         36.14249979	         -1.37138489	        -10.04639695	         -8.39686038	          2.43956484	          0.31927072	        -11.24575683	         -2.90913244	          9.03223332	          0.23412767	          0.00999999	          0.00999999	          0.02230970	          0.37422265	          0.06085257	          0.41342775	          0.01830903	          0.59517300	          0.02477412	          0.02129765	          0.34842634	          0.24958775	          0.01341677	          0.20658750	          0.12343757	          0.00999999	          0.00999999	          0.57849155	          0.18058328	          0.19870524	          0.19959260	          0.16637173	          0.00999999	          0.00999999	          0.01573979	          0.01052021	          0.79919483	
          0.49949052	         -8.12685286	          2.85561319	         -9.44239394	          0.85316790	          0.91244255	          0.00759936	        -13.64801386	         -4.12421757	         -1.98411407	        -13.01079533	         -1.10294541	         45.94034702	         36.33937655	         -1.30940188	         -9.88592197	        -11.05519131	          1.87401841	          0.24679168	        -10.87473560	         -3.09002345	          9.46932445	          0.22219898	          0.00999999	          0.00999999	          0.01917906	          0.36633490	          0.05465524	          0.37794790	          0.01573979	          0.74236397	          0.02129766	          0.01830903	          0.29953292	          0.21456400	          0.01153404	          0.17759781	          0.10611602	          0.00999999	          0.10817030	          0.53262487	          0.16676182	          0.17082165	          0.27678830	          0.14302538	          0.00999999	          0.00999999	          0.01353108	          0.01163231	          0.87851554	
          0.50928446	         -8.04014216	          2.84204916	         -9.40975599	          0.87376085	          0.91013054	          0.00687766	        -13.97364197	         -4.36231287	         -2.40653902	        -14.64579572	         -2.67979284	         47.20241890	         36.44268709	         -1.23234261	         -9.67459618	        -13.64832677	          1.55402925	          0.21284853	        -10.53187435	         -3.29422262	          9.84117097	          0.24072683	          0.00999999	          0.00999999	          0.01648773	          0.31492844	          0.04698567	          0.32491183	          0.01353108	          0.84198410	          0.01830903	          0.01573979	          0.25750054	          0.18445500	          0.00999999	          0.18329665	          0.09122514	          0.00999999	          0.19466689	          0.56538669	          0.14336073	          0.14685086	          0.40594782	          0.12295514	          0.00999999	          0.00999999	          0.01163231	          0.00999999	          0.92650352	
          0.51907839	         -7.94339347	          2.84151069	         -9.33365845	          0.89401249	          0.90815839	          0.00602378	        -13.81007091	         -4.63653461	         -2.82548645	        -17.14633042	         -4.11085235	         47.84507555	         36.56136019	         -1.12107435	         -9.48176648	        -16.21591839	          1.12547869	          0.16276001	        -10.24934692	         -3.50833036	         10.14550939	          0.30632456	          0.00999999	          0.00999999	          0.01417406	          0.27073566	          0.04039234	          0.27931812	          0.01163231	          0.72383149	          0.01573979	          0.01353108	          0.22136642	          0.15857109	          0.00999999	          0.22461217	          0.07842384	          0.00999999	          0.26198585	          0.54503975	          0.12324343	          0.12624381	          0.58965299	          0.10570129	          0.00999999	          0.04355194	          0.00999999	          0.00999999	          0.95553561	
          0.52887232	         -7.83769391	          2.85705052	         -9.21238602	          0.91380591	          0.90670539	          0.00506380	        -13.15795355	         -4.95615250	         -3.23794586	        -20.45754541	         -5.53248463	         47.77605208	         36.74770539	         -0.97946468	         -9.28859846	        -18.94450908	          1.19563041	          0.08338122	        -10.03348325	         -3.73789700	         10.37329687	          0.36633511	          0.00999999	          0.00999999	          0.01218507	          0.23427772	          0.03472423	          0.24012241	          0.00999999	          0.62225882	          0.01353108	          0.01163231	          0.19030286	          0.13631938	          0.00999999	          0.21689406	          0.06741891	          0.00999999	          0.32063804	          0.54003434	          0.10614862	          0.10852847	          0.51439966	          0.09086861	          0.00999999	          0.18012023	          0.00999999	          0.00999999	          0.92775846	
          0.53866625	         -7.72983299	          2.88790734	         -9.04799862	          0.93312002	          0.90593768	          0.00401499	        -12.05607286	         -5.32347082	         -3.63880329	        -24.40953502	         -7.19203653	         47.01013352	         36.87479995	         -0.78000031	         -9.05621735	        -21.61018958	          1.90292303	          0.03956533	         -9.87525885	         -3.97765789	         10.52656197	          0.40574392	          0.00999999	          0.00999999	          0.01047518	          0.27564133	          0.02985150	          0.20642689	          0.00999999	          0.53493947	          0.01163231	          0.00999999	          0.16359835	          0.11719017	          0.00999999	          0.18645809	          0.05795825	          0.00999999	          0.37226222	          0.51769982	          0.09495692	          0.09329906	          0.44221580	          0.07811734	          0.00999999	          0.35386622	          0.00999999	          0.00999999	          0.79756945	
          0.54846018	         -7.63001893	          2.91329494	         -8.83954986	          0.95190833	          0.90602581	          0.00290427	        -10.54535695	         -5.71355199	         -4.02028495	        -28.83396617	         -9.15948269	         45.29089811	         36.75860060	         -0.51847494	         -8.79212195	        -23.86781928	          3.22754007	          0.16247425	         -9.77303187	         -4.20074555	         10.61130307	          0.39866278	          0.00999999	          0.00999999	          0.00999999	          0.29488102	          0.02566255	          0.17745975	          0.00999999	          0.45987334	          0.00999999	          0.00999999	          0.14064118	          0.10074530	          0.07594140	          0.16029310	          0.04982518	          0.00999999	          0.41428448	          0.45914576	          0.09042252	          0.08020674	          0.38016125	          0.06715541	          0.00999999	          0.44448490	          0.00999999	          0.00999999	          0.68564939	
          0.55825411	         -7.54693776	          2.92771221	         -8.59102325	          0.97007075	          0.90702099	          0.00177176	         -8.67636469	         -6.11286895	         -4.35239895	        -33.61395099	        -11.08930348	         42.06066144	         36.33768850	         -0.20020590	         -8.49911958	        -25.52618356	          4.78981447	          0.51251808	         -9.73129435	         -4.40257030	         10.63266055	          0.39311064	          0.03240048	          0.00999999	          0.00999999	          0.25350142	          0.02206142	          0.15255746	          0.01353107	          0.39534096	          0.00999999	          0.00999999	          0.12090551	          0.08660807	          0.28762018	          0.13779974	          0.04283339	          0.00999999	          0.42134884	          0.39471549	          0.09902951	          0.06895161	          0.32681458	          0.05773174	          0.00999999	          0.48689017	          0.00999999	          0.00999999	          0.58943468	
          0.56804805	         -7.48398995	          2.93037228	         -8.30532044	          0.98755913	          0.90882422	          0.00066727	         -6.55612320	         -6.47878633	         -4.58218472	        -38.53496549	        -12.40421620	         37.36060397	         35.64039863	          0.15573992	         -8.18838197	        -26.55951575	          6.19577963	          0.98790115	         -9.75159416	         -4.58439857	         10.58968033	          0.38530735	          0.05140868	          0.00999999	          0.01163231	          0.21792848	          0.01896562	          0.13114962	          0.01163230	          0.33986419	          0.00999999	          0.00999999	          0.10393927	          0.07445467	          0.27240677	          0.11846280	          0.03682273	          0.00999999	          0.40523603	          0.33932648	          0.10128397	          0.05927588	          0.28095387	          0.04963045	          0.00999999	          0.52681927	          0.00999999	          0.00999999	          0.50672142	
          0.57784198	         -7.44184734	          2.91627452	         -7.97978478	          1.00440123	          0.91134054	         -0.00036716	         -4.30169049	         -6.74679276	         -4.69904421	        -43.31915094	        -12.37057047	         32.93370762	         34.70975107	          0.52821806	         -7.86103477	        -27.02715266	          7.33149825	          1.50607032	         -9.83115896	         -4.74176094	         10.47780404	          0.36333514	          0.04765552	          0.01790273	          0.00999999	          0.18734736	          0.01630424	          0.11558085	          0.00999999	          0.29217227	          0.00999999	          0.00999999	          0.08935385	          0.06400671	          0.33264831	          0.10183934	          0.03165553	          0.00999999	          0.36638385	          0.29171001	          0.10792769	          0.05095791	          0.24152862	          0.04266599	          0.00999999	          0.49431096	          0.00999999	          0.00999999	          0.43561503	
          0.58763591	         -7.41884649	          2.86788315	         -7.61808314	          1.02066070	          0.91450290	         -0.00133730	         -1.95926570	         -6.90097787	         -4.74386637	        -47.80386421	        -11.78743131	         29.08556534	         33.61470164	          0.88479997	         -7.50601046	        -27.07115911	          8.22679703	          2.01317109	         -9.96871675	         -4.85187415	         10.30649152	          0.33496984	          0.05128227	          0.01573976	          0.00999999	          0.16105758	          0.01401632	          0.16187679	          0.00999999	          0.25117278	          0.00999999	          0.00999999	          0.07681514	          0.05502488	          0.35605740	          0.08754859	          0.02721343	          0.00999999	          0.31497052	          0.25077540	          0.11270901	          0.04380717	          0.20763578	          0.03667882	          0.00999999	          0.42494608	          0.00999999	          0.00999999	          0.37448674	
          0.59742984	         -7.41145590	          2.77923846	         -7.22729331	          1.03641947	          0.91816699	         -0.00225515	          0.44306835	         -6.95178244	         -4.76364672	        -51.90058154	        -11.24556001	         25.67960599	         32.42407798	          1.20379447	         -7.12453619	        -26.83130422	          8.89508339	          2.48449089	        -10.15904470	         -4.90512830	         10.08654265	          0.31337550	          0.04408601	          0.01353106	          0.00999999	          0.17078177	          0.01204946	          0.17371212	          0.00999999	          0.21592661	          0.00999999	          0.00999999	          0.06603595	          0.04730344	          0.33585324	          0.07526321	          0.02339466	          0.00999999	          0.27077184	          0.24623820	          0.11327237	          0.03765987	          0.17849899	          0.03153181	          0.00999999	          0.36531492	          0.00999999	          0.00999999	          0.34450790	
          0.60722377	         -7.41524153	          2.64167497	         -6.81279111	          1.05177680	          0.92216173	         -0.00312524	          2.86439454	         -6.89987756	         -4.78833669	        -55.58227330	        -10.45518463	         22.66642332	         31.17335004	          1.46693730	         -6.71779146	        -26.39513997	          9.36866844	          2.91744627	        -10.39432569	         -4.88997035	          9.82913368	          0.29883810	          0.03789958	          0.01163229	          0.00999999	          0.17566057	          0.01035861	          0.20333443	          0.00999999	          0.18562640	          0.00999999	          0.00999999	          0.05676936	          0.04066552	          0.32881905	          0.06470180	          0.02011177	          0.00999999	          0.23277540	          0.25549828	          0.11394499	          0.03237519	          0.15345087	          0.02710707	          0.00999999	          0.31405159	          0.00999999	          0.00999999	          0.31986559	
          0.61701771	         -7.42588733	          2.44921712	         -6.37876440	          1.06682119	          0.92634984	         -0.00395589	          5.27892601	         -6.74997301	         -4.84166365	        -58.82199963	         -9.51257129	         20.01430344	         29.88003511	          1.66292112	         -6.28590872	        -25.81689500	          9.68258024	          3.31956954	        -10.66719474	         -4.79782222	          9.54442731	          0.28130002	          0.03258127	          0.00999999	          0.00999999	          0.18516890	          0.00999999	          0.24444921	          0.00999999	          0.15957811	          0.00999999	          0.00999999	          0.04880312	          0.03495907	          0.31631685	          0.06104821	          0.01728956	          0.00999999	          0.20011086	          0.23094304	          0.11430569	          0.02783210	          0.13600102	          0.02330323	          0.00999999	          0.26998186	          0.00999999	          0.00999999	          0.29591323	
          0.62681164	         -7.43991163	          2.20350595	         -5.92785690	          1.08162112	          0.93061880	         -0.00475093	          7.67013651	         -6.51438305	         -4.94201305	        -61.60755705	         -8.52805341	         17.67351088	         28.55793260	          1.78855264	         -5.83403846	        -25.13686641	          9.86323534	          3.70382765	        -10.97084614	         -4.63026757	          9.23829644	          0.26275665	          0.02800926	          0.00999999	          0.00999999	          0.21010083	          0.00999999	          0.29338382	          0.00999999	          0.13718509	          0.09587423	          0.00999999	          0.04195475	          0.03005339	          0.30361254	          0.06107167	          0.01486338	          0.00999999	          0.17203002	          0.19853564	          0.11342509	          0.02392652	          0.13576505	          0.02003317	          0.00999999	          0.23209628	          0.00999999	          0.00999999	          0.25733682	
          0.63660557	         -7.45467070	          1.91035840	         -5.46289964	          1.09622911	          0.93487961	         -0.00550569	         10.02358625	         -6.20558902	         -5.09827976	        -63.93243685	         -7.50702371	         15.60397437	         27.21688667	          1.84504202	         -5.37081725	        -24.38220846	          9.92689479	          4.08735926	        -11.29923892	         -4.39524190	          8.91492624	          0.24954798	          0.02407882	          0.00999999	          0.00999999	          0.23143532	          0.00999999	          0.35595403	          0.00999999	          0.12979660	          0.14867262	          0.00999999	          0.03606739	          0.02583610	          0.29304308	          0.06082920	          0.01277765	          0.00999999	          0.14788967	          0.17067584	          0.11187251	          0.02056900	          0.13529255	          0.01722199	          0.00999999	          0.19952704	          0.00999999	          0.00999999	          0.22122567	
          0.64639950	         -7.46816905	          1.57811274	         -4.98586131	          1.11068374	          0.93906118	         -0.00621759	         12.33060167	         -5.83776849	         -5.31370475	        -65.80480273	         -6.44824277	         13.77405842	         25.86547895	          1.83806967	         -4.90195880	        -23.57382053	          9.88399744	          4.49061908	        -11.64732157	         -4.10323800	          8.57699189	          0.24086917	          0.02069992	          0.00999999	          0.00999999	          0.25221245	          0.00999999	          0.42567032	          0.00999999	          0.13995146	          0.15675699	          0.00999999	          0.03100619	          0.02221062	          0.28564977	          0.05960616	          0.01098461	          0.00999999	          0.12713684	          0.14672551	          0.10950059	          0.01768262	          0.13573042	          0.01480529	          0.00999999	          0.17152813	          0.00999999	          0.03186193	          0.19018187	
          0.65619343	         -7.47920705	          1.21705856	         -4.49798025	          1.12500992	          0.94310936	         -0.00688633	         14.58878441	         -5.42618078	         -5.58570849	        -67.24763631	         -5.36749214	         12.15538977	         24.51132063	          1.77660040	         -4.43161442	        -22.72527520	          9.73294046	          4.93856319	        -12.01100614	         -3.76646612	          8.22605816	          0.23447860	          0.01779518	          0.00999999	          0.00999999	          0.26293549	          0.00999999	          0.49242793	          0.00999999	          0.15285600	          0.15041888	          0.00999999	          0.02665520	          0.01909388	          0.28182565	          0.05902062	          0.00999999	          0.00999999	          0.11301353	          0.12613605	          0.10445972	          0.01520128	          0.12975866	          0.01272772	          0.00999999	          0.14745820	          0.00999999	          0.05152484	          0.16349433	
          0.66598736	         -7.48731755	          0.83887719	         -4.00101892	          1.13922798	          0.94697882	         -0.00751522	         16.79768253	         -4.99097032	         -5.91211804	        -68.29057780	         -4.27869396	         10.72282444	         23.15996176	          1.67182257	         -3.96211581	        -21.85221690	          9.50997417	          5.43406505	        -12.38613377	         -3.39797754	          7.86410870	          0.23629703	          0.01529804	          0.00999999	          0.00999999	          0.22603870	          0.00999999	          0.54425755	          0.00999999	          0.16694048	          0.14039330	          0.00999999	          0.02291477	          0.01641450	          0.28216510	          0.05183621	          0.00999999	          0.00999999	          0.10925611	          0.10843583	          0.09896299	          0.01306814	          0.11487400	          0.01094168	          0.00999999	          0.12676592	          0.00999999	          0.06500777	          0.14055176	
          0.67578130	         -7.49265925	          0.45797572	         -3.49833740	          1.15335971	          0.95062873	         -0.00812005	         18.95719361	         -4.56638630	         -6.29912838	        -68.96507996	         -3.19436043	          9.45461705	         21.81217147	          1.53865264	         -3.49696455	        -20.96131493	          9.24777138	          5.97209285	        -12.76784367	         -3.01172778	          7.49510069	          0.23645145	          0.01315132	          0.00999999	          0.00999999	          0.19431950	          0.00999999	          0.56686986	          0.00999999	          0.18012740	          0.13731051	          0.00999999	          0.01969922	          0.01411112	          0.28648318	          0.05047026	          0.00999999	          0.00999999	          0.10847815	          0.09321942	          0.09419457	          0.01123434	          0.10491606	          0.00999999	          0.00999999	          0.10897731	          0.00999999	          0.07518202	          0.12082863	
          0.68557523	         -7.49590753	          0.08663153	         -2.99143084	          1.16742771	          0.95402306	         -0.00871407	         21.06152126	         -4.18199909	         -6.75113086	        -69.28970942	         -2.12790762	          8.33275478	         20.47371445	          1.38974754	         -3.04253974	        -20.07032249	          8.97950003	          6.54231256	        -13.15108687	         -2.62012130	          7.12107310	          0.23561972	          0.01130585	          0.01000000	          0.00999999	          0.16705134	          0.00999999	          0.48732305	          0.00999999	          0.19034994	          0.13859613	          0.00999999	          0.01693490	          0.01213095	          0.29429238	          0.05620126	          0.02740754	          0.00999999	          0.10600372	          0.08013827	          0.08903622	          0.21683577	          0.10481440	          0.00999999	          0.00999999	          0.09368492	          0.02037747	          0.08502586	          0.11627684	
          0.69536916	         -7.49789897	         -0.26523698	         -2.47951249	          1.18144272	          0.95711842	         -0.00929987	         23.09576283	         -3.85722504	         -7.26759422	        -69.25653162	         -1.09771966	          7.34095945	         19.18220278	          1.23444714	         -2.60391002	        -19.25646816	          8.74790229	          7.12715120	        -13.53241316	         -2.23598510	          6.74297420	          0.23073738	          0.00999999	          0.01000000	          0.00999999	          0.14360963	          0.00999999	          0.41893875	          0.00999999	          0.19794681	          0.13529721	          0.00999999	          0.01455849	          0.01042866	          0.30687172	          0.06582085	          0.04442837	          0.00999999	          0.10318310	          0.06889276	          0.08600402	          0.40253537	          0.09608906	          0.00999999	          0.00999999	          0.08053845	          0.03915902	          0.09398489	          0.13753818	
          0.70516309	         -7.49957557	         -0.59054039	         -1.96207732	          1.19541844	          0.95986404	         -0.00987127	         25.04121940	         -3.60228821	         -7.84304215	        -68.85207414	         -0.11301304	          6.46401989	         17.97481949	          1.07960475	         -2.18829959	        -18.59364637	          8.58902051	          7.70751109	        -13.90784189	         -1.87056672	          6.36100715	          0.21864482	          0.00999999	          0.01573977	          0.00999999	          0.12345740	          0.00999999	          0.36015058	          0.00999999	          0.20836958	          0.13419183	          0.00999999	          0.01251555	          0.00999999	          0.32615018	          0.08948869	          0.03819390	          0.00999999	          0.10206799	          0.05922528	          0.08509898	          0.55589558	          0.10809907	          0.00999999	          0.00999999	          0.06923678	          0.03899396	          0.10286433	          0.16901712	
          0.71495702	         -7.50170312	         -0.88624480	         -1.43868457	          1.20938546	          0.96221024	         -0.01041860	         26.87809875	         -3.41861477	         -8.46922866	        -68.06616925	          0.80540625	          5.68838790	         16.86914964	          0.92877396	         -1.80984064	        -18.12164120	          8.53258045	          8.27179603	        -14.27091521	         -1.53031125	          5.97108878	          0.20876168	          0.00999999	          0.01353107	          0.00999999	          0.10613307	          0.00999999	          0.30961194	          0.00999999	          0.21520026	          0.13060245	          0.00999999	          0.01075929	          0.00999999	          0.34933985	          0.10824926	          0.03283429	          0.00999999	          0.10075974	          0.05091441	          0.08521406	          0.65950051	          0.11397938	          0.00999999	          0.00999999	          0.05952103	          0.03352207	          0.11211121	          0.20594918	
          0.72475096	         -7.50503385	         -1.14966921	         -0.91069400	          1.22337848	          0.96411532	         -0.01093057	         28.58767991	         -3.30337668	         -9.13434384	        -66.89379679	          1.65521745	          5.00026041	         15.87071713	          0.78639171	         -1.47441187	        -17.85545762	          8.58459643	          8.82561763	        -14.61473476	         -1.22111423	          5.56957574	          0.20296397	          0.00999999	          0.01163230	          0.00999999	          0.09123980	          0.00999999	          0.26616521	          0.00999999	          0.21768990	          0.12414869	          0.00999999	          0.00999999	          0.00999999	          0.37782976	          0.12394438	          0.02822677	          0.00999999	          0.09959939	          0.04376978	          0.08649928	          0.69895812	          0.11192223	          0.00999999	          0.00999999	          0.05116866	          0.02881804	          0.12251696	          0.24441207	
          0.73454489	         -7.51044275	         -1.37846302	         -0.38046232	          1.23743177	          0.96554934	         -0.01139685	         30.15262554	         -3.25073262	         -9.82541234	        -65.33320839	          2.44016570	          4.38781724	         14.97545637	          0.65692792	         -1.18276643	        -17.78974429	          8.73612378	          9.38493690	        -14.93284768	         -0.94816496	          5.15467282	          0.20119407	          0.00999999	          0.00999999	          0.00999999	          0.07843644	          0.00999999	          0.22881520	          0.00999999	          0.21545588	          0.11586920	          0.00999999	          0.00999999	          0.00999999	          0.41161594	          0.13671790	          0.02426581	          0.00999999	          0.09918939	          0.03762772	          0.08840009	          0.66285448	          0.10205028	          0.00999999	          0.00999999	          0.04398834	          0.02477411	          0.13487379	          0.28164584	
          0.74433882	         -7.51884650	         -1.57122894	          0.14958691	          1.25158172	          0.96649528	         -0.01180965	         31.55634055	         -3.25237101	        -10.53037028	        -63.38457716	          3.15728054	          3.83732688	         14.16743390	          0.54387784	         -0.93248347	        -17.89659356	          8.97216557	          9.96790828	        -15.21909661	         -0.71502843	          4.72591843	          0.20365397	          0.00999999	          0.00999999	          0.00999999	          0.06742974	          0.00999999	          0.19670639	          0.00999999	          0.20914296	          0.10636598	          0.00999999	          0.00999999	          0.00999999	          0.45013097	          0.14772401	          0.02086067	          0.00999999	          0.09977519	          0.03234756	          0.09068001	          0.56983849	          0.08772993	          0.00999999	          0.00999999	          0.03781562	          0.02129765	          0.14987412	          0.31520858	
          0.75413275	         -7.53102537	         -1.72768896	          0.67744541	          1.26586743	          0.96694830	         -0.01216390	         32.78228148	         -3.29805692	        -11.23889984	        -61.05004685	          3.80006211	          3.33309221	         13.42174591	          0.44911602	         -0.72003978	        -18.13336969	          9.27794822	         10.59210679	        -15.46761499	         -0.52352232	          4.28374136	          0.20837239	          0.00999999	          0.00999999	          0.00999999	          0.05796757	          0.00999999	          0.16910329	          0.00999999	          0.20050055	          0.09640443	          0.01233888	          0.00999999	          0.00999999	          0.49039493	          0.15934812	          0.01793337	          0.00999999	          0.10270219	          0.02780834	          0.09306917	          0.48987510	          0.07559156	          0.00999999	          0.00999999	          0.03250909	          0.01830903	          0.16797501	          0.33973317	
          0.76392668	         -7.54741907	         -1.84884243	          1.20255553	          1.28032569	          0.96691425	         -0.01245669	         33.81436927	         -3.37609482	        -11.94281871	        -58.33273880	          4.34662219	          2.86510913	         12.71569732	          0.37254696	         -0.54069337	        -18.46371981	          9.64084455	         11.27588194	        -15.67347616	         -0.37376819	          3.82811294	          0.21496357	          0.00999999	          0.00999999	          0.00999999	          0.04983318	          0.00999999	          0.14537363	          0.00999999	          0.19230926	          0.08596057	          0.01334804	          0.00999999	          0.00999999	          0.52258503	          0.16793575	          0.01541685	          0.00999999	          0.10653068	          0.02390610	          0.09435816	          0.42113269	          0.06568807	          0.00999999	          0.00999999	          0.02794720	          0.01573979	          0.18914889	          0.35377185	
          0.77372062	         -7.56817943	         -1.93633192	          1.72480949	          1.29498603	          0.96640817	         -0.01268689	         34.64176293	         -3.47445533	        -12.63401543	        -55.24370313	          4.75926204	          2.43761944	         12.03251502	          0.31286008	         -0.38863426	        -18.86046215	         10.04080819	         12.04293612	        -15.83331171	         -0.26476120	          3.35922819	          0.22496482	          0.01941418	          0.00999999	          0.00999999	          0.04284027	          0.00999999	          0.12497387	          0.00999999	          0.18815141	          0.07764315	          0.01179352	          0.00999999	          0.00999999	          0.53757463	          0.17830785	          0.01325345	          0.00999999	          0.11216769	          0.02100313	          0.09436086	          0.36203665	          0.06387015	          0.00999999	          0.00999999	          0.02402547	          0.01353108	          0.21289393	          0.32110171	
          0.78351455	         -7.59331425	         -1.99280880	          2.24471474	          1.30987259	          0.96545634	         -0.01285610	         35.26025780	         -3.58071646	        -13.30297840	        -51.79951865	          4.99467156	          2.06408146	         11.35754145	          0.26739921	         -0.26159148	        -19.29670281	         10.44759052	         12.92412157	        -15.94490035	         -0.19342621	          2.87613440	          0.23543307	          0.03378724	          0.00999999	          0.00999999	          0.03682865	          0.00999999	          0.10743674	          0.00999999	          0.18795855	          0.07003634	          0.01013858	          0.00999999	          0.00999999	          0.53751387	          0.18666652	          0.01139364	          0.00999999	          0.11832717	          0.02129764	          0.09303845	          0.31123335	          0.06552986	          0.00999999	          0.00999999	          0.02065406	          0.01163231	          0.23866410	          0.27604266	
          0.79330848	         -7.62292023	         -2.02142180	          2.76311000	          1.32500259	          0.96409264	         -0.01296691	         35.67130544	         -3.68167247	        -13.93473758	        -48.01621246	          5.02864526	          1.75128619	         10.68064502	          0.23286172	         -0.15745328	        -19.75619834	         10.85394888	         13.92432400	        -16.00728657	         -0.15557105	          2.37731646	          0.24130872	          0.04479059	          0.00999999	          0.00999999	          0.03166062	          0.00999999	          0.09236052	          0.00999999	          0.19131277	          0.06130667	          0.00999999	          0.00999999	          0.00999999	          0.53213286	          0.18749257	          0.00999999	          0.00999999	          0.12464253	          0.01830903	          0.08964170	          0.26755909	          0.06165926	          0.00999999	          0.00999999	          0.01775575	          0.00999999	          0.26534832	          0.23730659	
          0.80310241	         -7.65728680	         -2.02584177	          3.28140276	          1.34038469	          0.96235102	         -0.01302127	         35.88162527	         -3.76337258	        -14.50424219	        -43.91207438	          4.88362231	          1.49164961	          9.99770897	          0.20532827	         -0.06762180	        -20.23328689	         11.26101955	         15.03084867	        -16.02111242	         -0.14640992	          1.86161873	          0.24611030	          0.06152350	          0.00999999	          0.00999999	          0.02721780	          0.00999999	          0.07939990	          0.00999999	          0.19768339	          0.05270376	          0.00999999	          0.00999999	          0.00999999	          0.53118767	          0.18348251	          0.00999999	          0.00999999	          0.13002928	          0.01573979	          0.08272304	          0.23001348	          0.05300684	          0.00999999	          0.00999999	          0.02292862	          0.00999999	          0.29237878	          0.20400621	
          0.81289634	         -7.69676899	         -2.01056103	          3.80108688	          1.35603333	          0.96026522	         -0.01302451	         35.90313824	         -3.81357394	        -14.97459104	        -39.51899941	          4.62670835	          1.26716097	          9.29044431	          0.17995989	          0.01540911	        -20.69137435	         11.65628807	         16.22919152	        -15.98679717	         -0.15933789	          1.32772413	          0.25744315	          0.09917100	          0.00999999	          0.00999999	          0.02339842	          0.00999999	          0.06825800	          0.00999999	          0.20452888	          0.04657415	          0.00999999	          0.00999999	          0.00999999	          0.53787314	          0.18490698	          0.00999999	          0.00999999	          0.13459482	          0.01353108	          0.07307801	          0.19773652	          0.04556858	          0.00999999	          0.00999999	          0.05313235	          0.00999999	          0.31888595	          0.17537875	
          0.82269027	         -7.74153654	         -1.98203061	          4.32136531	          1.37198747	          0.95787432	         -0.01299087	         35.75699179	         -3.82542872	        -15.29986288	        -34.90412622	          4.33411477	          1.06465843	          8.50088832	          0.14955318	          0.09091151	        -21.01990219	         12.00826414	         17.52084473	        -15.90188077	         -0.18330978	          0.77462380	          0.27383341	          0.14578280	          0.00999999	          0.00999999	          0.02011501	          0.00999999	          0.15144846	          0.00999999	          0.21533290	          0.04334317	          0.00999999	          0.00999999	          0.00999999	          0.54350959	          0.17891018	          0.00999999	          0.00999999	          0.14441989	          0.01163231	          0.06282324	          0.16998886	          0.03917410	          0.00999999	          0.00999999	          0.09566652	          0.11361434	          0.34432934	          0.15076848	
          0.83248421	         -7.79152525	         -1.94895399	          4.83946770	          1.38827495	          0.95522535	         -0.01294627	         35.49614475	         -3.80504205	        -15.42605607	        -30.22162387	          4.04577402	          0.88614133	          7.56809996	          0.10500045	          0.16138388	        -21.10618301	         12.29745810	         18.90199348	        -15.76559476	         -0.20194167	          0.20319892	          0.28377252	          0.18730774	          0.00999999	          0.00999999	          0.01729234	          0.00999999	          0.18298441	          0.00999999	          0.23471306	          0.04088404	          0.00999999	          0.00999999	          0.00999999	          0.54965454	          0.16406284	          0.00999999	          0.00999999	          0.14811334	          0.00999999	          0.05400748	          0.14613493	          0.03367694	          0.00999999	          0.00999999	          0.13195420	          0.19962761	          0.36906931	          0.12961168	
          0.84227814	         -7.84652900	         -1.92215089	          5.35255692	          1.40489868	          0.95237441	         -0.01291635	         35.17696444	         -3.76289005	        -15.30499146	        -25.62751623	          3.75612660	          0.73453089	          6.45950237	          0.03554858	          0.23551087	        -20.89317698	         12.53555383	         20.32450007	        -15.58071828	         -0.19649335	         -0.38494913	          0.27529893	          0.22878757	          0.00999999	          0.00999999	          0.09319695	          0.00999999	          0.20674239	          0.01439198	          0.25610696	          0.03873657	          0.00999999	          0.01138209	          0.00999999	          0.55970655	          0.17188241	          0.00999999	          0.00999999	          0.13372510	          0.00999999	          0.05015952	          0.12562834	          0.02895118	          0.00999999	          0.00999999	          0.15012076	          0.27186169	          0.39254132	          0.11142374	
          0.85207207	         -7.90591261	         -1.91605072	          5.85531870	          1.42184672	          0.94938374	         -0.01289615	         34.83450074	         -3.69781111	        -14.94187053	        -21.22852257	          3.46657935	          0.60789474	          5.18548054	         -0.07488083	          0.32180669	        -20.39713133	         12.71388089	         21.75805151	        -15.35174343	         -0.14987710	         -0.98785116	          0.26243977	          0.26637541	          0.00999999	          0.00999999	          0.17759577	          0.00999999	          0.17773097	          0.02164942	          0.28243936	          0.03865369	          0.00999999	          0.01163239	          0.00999999	          0.57756131	          0.17944242	          0.00999999	          0.00999999	          0.11495994	          0.00999999	          0.04838400	          0.10799937	          0.03586441	          0.00999999	          0.00999999	          0.14916985	          0.33738543	          0.41402114	          0.09578804	
          0.86186600	         -7.96889223	         -1.93843829	          6.34109746	          1.43909356	          0.94631645	         -0.01286718	         34.49088777	         -3.60951832	        -14.39036956	        -17.09881501	          3.19840032	          0.50395580	          3.78682116	         -0.23619671	          0.41003280	        -19.68410988	         12.80217145	         23.19947138	        -15.08540728	         -0.05488771	         -1.60476668	          0.25069005	          0.30061165	          0.00999999	          0.00999999	          0.23504946	          0.00999999	          0.15279062	          0.03773725	          0.30518385	          0.03867763	          0.00999999	          0.01000006	          0.00999999	          0.59477337	          0.18253902	          0.00999999	          0.00999999	          0.10138198	          0.00999999	          0.05056779	          0.09284421	          0.04759951	          0.00999999	          0.00999999	          0.13071597	          0.39673935	          0.43273023	          0.08234645	
          0.87165993	         -8.03421434	         -1.99096574	          6.80269948	          1.45659945	          0.94323021	         -0.01281025	         34.17502636	         -3.50158386	        -13.72497954	        -13.32222600	          2.98231415	          0.42129054	          2.31809111	         -0.45071083	          0.48079116	        -18.84400749	         12.76417797	         24.66567577	        -14.79126128	          0.08909069	         -2.23467002	          0.23184945	          0.33335693	          0.00999999	          0.00999999	          0.26786821	          0.00999999	          0.13135006	          0.03899396	          0.32226167	          0.03603703	          0.00999999	          0.00999999	          0.00999999	          0.61016248	          0.17952801	          0.00999999	          0.00999999	          0.09679506	          0.00999999	          0.04450197	          0.07981571	          0.04906529	          0.00999999	          0.01000000	          0.11237306	          0.44937695	          0.44757348	          0.07079107	
          0.88145387	         -8.10016888	         -2.07460458	          7.23440488	          1.47431720	          0.94017704	         -0.01270548	         33.92189787	         -3.37375250	        -13.01854233	         -9.97658286	          2.83423689	          0.35919212	          0.82688769	         -0.71856102	          0.52055754	        -17.95334281	         12.56645608	         26.18216328	        -14.48112511	          0.28234778	         -2.87694206	          0.20785721	          0.36173759	          0.00999999	          0.00999999	          0.28210354	          0.00999999	          0.11291818	          0.03352208	          0.34080938	          0.03098010	          0.00999999	          0.00999999	          0.00999999	          0.62437420	          0.16331010	          0.00999999	          0.00999999	          0.09348225	          0.00999999	          0.03825717	          0.06861546	          0.04218013	          0.00999999	          0.04340490	          0.09660416	          0.49350998	          0.45683988	          0.06085721	
          0.89124780	         -8.16451263	         -2.18944517	          7.63142147	          1.49220629	          0.93720364	         -0.01253454	         33.76479224	         -3.22133738	        -12.32904771	         -7.12691064	          2.74452746	          0.31674522	         -0.65891109	         -1.03781308	          0.51955745	        -17.05681728	         12.18747562	         27.76672691	        -14.16728009	          0.52476698	         -3.53003444	          0.20630282	          0.37489299	          0.00999999	          0.00999999	          0.27292617	          0.03810348	          0.09707278	          0.02881804	          0.35273432	          0.02819622	          0.00999999	          0.00999999	          0.00999999	          0.63640953	          0.16667878	          0.00999999	          0.00999999	          0.08699442	          0.00999999	          0.03288868	          0.05898690	          0.03626114	          0.00999999	          0.08350160	          0.08304804	          0.52749461	          0.46004439	          0.05231734	
          0.90104173	         -8.22372301	         -2.32886372	          7.99108426	          1.51026783	          0.93434868	         -0.01228784	         33.72045854	         -3.04303922	        -11.70044994	         -4.82992856	          2.69379800	          0.29170477	         -2.13341189	         -1.39882441	          0.47148566	        -16.17025342	         11.61326882	         29.42609996	        -13.85617760	          0.80885968	         -4.19265472	          0.22060846	          0.37464496	          0.00999999	          0.00999999	          0.25301627	          0.07811960	          0.08345090	          0.02477411	          0.36223595	          0.02881804	          0.01000000	          0.00999999	          0.00999999	          0.64846415	          0.17357611	          0.00999999	          0.00999999	          0.07478680	          0.00999999	          0.02827353	          0.05070948	          0.03117275	          0.00999999	          0.08304807	          0.07139421	          0.55120621	          0.45707840	          0.04497583	
          0.91083566	         -8.27412153	         -2.48066666	          8.31139493	          1.52853465	          0.93163573	         -0.01196581	         33.78869420	         -2.84113976	        -11.15732945	         -3.12445875	          2.67016779	          0.27896854	         -3.59927571	         -1.78561307	          0.37528156	        -15.30145659	         10.83439049	         31.16061642	        -13.54840176	          1.12117362	         -4.86118073	          0.24314679	          0.35572326	          0.00999999	          0.00999999	          0.22257369	          0.11566571	          0.07174054	          0.02129765	          0.35443637	          0.02477411	          0.01073873	          0.00999999	          0.00999999	          0.66024463	          0.18346045	          0.00999999	          0.00999999	          0.06429224	          0.00999999	          0.02430600	          0.04359360	          0.02679839	          0.00999999	          0.07139423	          0.06137571	          0.56387897	          0.44829678	          0.03866454	
          0.92062959	         -8.31242861	         -2.62966485	          8.58988545	          1.54705844	          0.92906976	         -0.01157511	         33.95550125	         -2.62126327	        -10.70331196	         -2.02650971	          2.68249302	          0.27417120	         -5.06413734	         -2.17876089	          0.22849488	        -14.45154811	          9.84186787	         32.96904337	        -13.24059449	          1.44460947	         -5.52813891	          0.26091585	          0.30580589	          0.00999999	          0.00999999	          0.19134073	          0.14986503	          0.10965099	          0.01830903	          0.33821842	          0.02129765	          0.01573978	          0.00999999	          0.00999999	          0.66912973	          0.17746889	          0.00999999	          0.00999999	          0.05527034	          0.00999999	          0.02089523	          0.03747627	          0.02303787	          0.04045189	          0.06137573	          0.05276308	          0.56538680	          0.43401976	          0.03323888	
          0.93042352	         -8.33618001	         -2.76156355	          8.82399259	          1.56587954	          0.92663811	         -0.01112190	         34.20533376	         -2.39048196	        -10.33544705	         -1.54765040	          2.73682600	          0.27491698	         -6.52430114	         -2.55960583	          0.03176020	        -13.64276109	          8.63978479	         34.84318641	        -12.93007496	          1.76217082	         -6.18147400	          0.26349031	          0.26289325	          0.00999999	          0.00999999	          0.18072489	          0.17532790	          0.21646471	          0.01573979	          0.32612044	          0.01830903	          0.01353108	          0.00999999	          0.00999999	          0.67488113	          0.16875503	          0.00999999	          0.00999999	          0.04751445	          0.00999999	          0.01796308	          0.14748060	          0.01980505	          0.08355805	          0.05276310	          0.04535903	          0.55592690	          0.41470131	          0.02857459	
          0.94021746	         -8.34379433	         -2.86898184	          9.01774949	          1.58500424	          0.92430865	         -0.01061325	         34.53446596	         -2.15493340	        -10.06670756	         -1.72071582	          2.83520221	          0.27906610	         -7.94623774	         -2.91812782	         -0.20622008	        -12.94787876	          7.25703866	         36.76935076	        -12.61657784	          2.06448533	         -6.81412033	          0.27014754	          0.22600238	          0.00999999	          0.00999999	          0.16025994	          0.19449743	          0.28913255	          0.01353108	          0.30461072	          0.01573979	          0.01163231	          0.00999999	          0.00999999	          0.68364672	          0.16999832	          0.00999999	          0.00999999	          0.04084692	          0.00999999	          0.01544238	          0.25237504	          0.01702587	          0.07820627	          0.04535904	          0.03899396	          0.53639018	          0.39097848	          0.02456482	
          0.95001139	         -8.33394171	         -2.94339908	          9.17337352	          1.60445063	          0.92203022	         -0.01005721	         34.93340380	         -1.92370214	         -9.89767512	         -2.55815164	          2.97154941	          0.28387243	         -9.30984571	         -3.24341558	         -0.48570577	        -12.41426212	          5.72187099	         38.72910791	        -12.29731924	          2.34062028	         -7.41939268	          0.27858950	          0.19428828	          0.00999999	          0.00999999	          0.14733300	          0.19943171	          0.31275811	          0.01163231	          0.26186579	          0.01353108	          0.00999999	          0.00999999	          0.00999999	          0.69127012	          0.18308076	          0.00999999	          0.00999999	          0.03511502	          0.00999999	          0.01327541	          0.30622404	          0.02267193	          0.06723187	          0.03899397	          0.03352208	          0.50518102	          0.36284508	          0.02111773	
          0.95980532	         -8.30628237	         -2.97738927	          9.29422577	          1.62426137	          0.91973699	         -0.00946840	         35.36968751	         -1.70625778	         -9.83207183	         -4.01024527	          3.07279148	          0.29609456	        -10.61445734	         -3.52599273	         -0.81038147	        -12.05327178	          4.06083052	         40.68868180	        -11.96377661	          2.58070820	         -7.99348380	          0.27953543	          0.16702450	          0.00999999	          0.00999999	          0.14105265	          0.20581374	          0.26886988	          0.00999999	          0.22511911	          0.01163231	          0.00999999	          0.02129765	          0.00999999	          0.65734960	          0.20208842	          0.00999999	          0.00999999	          0.03018745	          0.01354925	          0.04139512	          0.32317773	          0.02477411	          0.05779746	          0.03352209	          0.02881804	          0.47145887	          0.33517293	          0.01815435	
          0.96959925	         -8.26176529	         -2.95859759	          9.38305105	          1.64445856	          0.91736922	         -0.00885882	         35.79225978	         -1.51757949	         -9.88373808	         -5.97959587	          2.91704348	          0.30827121	        -11.84496879	         -3.75105702	         -1.17236733	        -11.90221354	          2.31057191	         42.59700056	        -11.61056289	          2.76872392	         -8.53554888	          0.24030923	          0.14358655	          0.00999999	          0.01163231	          0.30327653	          0.20196888	          0.23114034	          0.00999999	          0.19352895	          0.00999999	          0.00999999	          0.01830903	          0.01223745	          0.70577453	          0.18294644	          0.00999999	          0.00999999	          0.02595136	          0.24787111	          0.07078567	          0.37400101	          0.02129765	          0.33084980	          0.02881805	          0.02477411	          0.40530074	          0.29032851	          0.01560682	
          0.97939318	         -8.20231646	         -2.89323404	          9.43119084	          1.66496841	          0.91490967	         -0.00821918	         36.14249979	         -1.37138489	        -10.04639695	         -8.39686038	          2.43956484	          0.31927072	        -12.90074852	         -3.92325748	         -1.56691776	        -12.14805627	          0.55881591	         44.37909957	        -11.24575683	          2.90913244	         -9.03223332	          0.20658750	          0.12343757	          0.00999999	          0.00999999	          0.57849155	          0.18058328	          0.19870524	          0.19959260	          0.16637173	          0.00999999	          0.00999999	          0.01573979	          0.01052021	          0.79919483	          0.23412767	          0.00999999	          0.00999999	          0.02230970	          0.37422265	          0.06085257	          0.41342775	          0.01830903	          0.59517300	          0.02477412	          0.02129765	          0.34842634	          0.24958775	          0.01341677	
          0.98918712	         -8.12685286	         -2.85561319	          9.44239394	          1.68565211	          0.91244255	         -0.00759936	         36.33937655	         -1.30940188	         -9.88592197	        -11.05519131	          1.87401841	          0.24679168	        -13.64801386	         -4.12421757	         -1.98411407	        -13.01079533	         -1.10294541	         45.94034702	        -10.87473560	          3.09002345	         -9.46932445	          0.17759781	          0.10611602	          0.00999999	          0.10817030	          0.53262487	          0.16676182	          0.17082165	          0.27678830	          0.14302538	          0.00999999	          0.00999999	          0.01353108	          0.01163231	          0.87851554	          0.22219898	          0.00999999	          0.00999999	          0.01917906	          0.36633490	          0.05465524	          0.37794790	          0.01573979	          0.74236397	          0.02129766	          0.01830903	          0.29953292	          0.21456400	          0.01153404	
          0.99898105	         -8.04014216	         -2.84204916	          9.40975599	          1.70624506	          0.91013054	         -0.00687766	         36.44268709	         -1.23234261	         -9.67459618	        -13.64832677	          1.55402925	          0.21284853	        -13.97364197	         -4.36231287	         -2.40653902	        -14.64579572	         -2.67979284	         47.20241890	        -10.53187435	          3.29422262	         -9.84117097	          0.18329665	          0.09122514	          0.00999999	          0.19466689	          0.56538669	          0.14336073	          0.14685086	          0.40594782	          0.12295514	          0.00999999	          0.00999999	          0.01163231	          0.00999999	          0.92650352	          0.24072683	          0.00999999	          0.00999999	          0.01648773	          0.31492844	          0.04698567	          0.32491183	          0.01353108	          0.84198410	          0.01830903	          0.01573979	          0.25750054	          0.18445500	          0.00999999	
          1.00877498	         -7.94339347	         -2.84151069	          9.33365845	          1.72649670	          0.90815839	         -0.00602378	         36.56136019	         -1.12107435	         -9.48176648	        -16.21591839	          1.12547869	          0.16276001	        -13.81007091	         -4.63653461	         -2.82548645	        -17.14633042	         -4.11085235	         47.84507555	        -10.24934692	          3.50833036	        -10.14550939	          0.22461217	          0.07842384	          0.00999999	          0.26198585	          0.54503975	          0.12324343	          0.12624381	          0.58965299	          0.10570129	          0.00999999	          0.04355194	          0.00999999	          0.00999999	          0.95553561	          0.30632456	          0.00999999	          0.00999999	          0.01417406	          0.27073566	          0.04039234	          0.27931812	          0.01163231	          0.72383149	          0.01573979	          0.01353108	          0.22136642	          0.15857109	          0.00999999	
          1.01856891	         -7.83769391	         -2.85705052	          9.21238602	          1.74629012	          0.90670539	         -0.00506380	         36.74770539	         -0.97946468	         -9.28859846	        -18.94450908	          1.19563041	          0.08338122	        -13.15795355	         -4.95615250	         -3.23794586	        -20.45754541	         -5.53248463	         47.77605208	        -10.03348325	          3.73789700	        -10.37329687	          0.21689406	          0.06741891	          0.00999999	          0.32063804	          0.54003434	          0.10614862	          0.10852847	          0.51439966	          0.09086861	          0.00999999	          0.18012023	          0.00999999	          0.00999999	          0.92775846	          0.36633511	          0.00999999	          0.00999999	          0.01218507	          0.23427772	          0.03472423	          0.24012241	          0.00999999	          0.62225882	          0.01353108	          0.01163231	          0.19030286	          0.13631938	          0.00999999	
          1.02836284	         -7.72983299	         -2.88790734	          9.04799862	          1.76560422	          0.90593768	         -0.00401499	         36.87479995	         -0.78000031	         -9.05621735	        -21.61018958	          1.90292303	          0.03956533	        -12.05607286	         -5.32347082	         -3.63880329	        -24.40953502	         -7.19203653	         47.01013352	         -9.87525885	          3.97765789	        -10.52656197	          0.18645809	          0.05795825	          0.00999999	          0.37226222	          0.51769982	          0.09495692	          0.09329906	          0.44221580	          0.07811734	          0.00999999	          0.35386622	          0.00999999	          0.00999999	          0.79756945	          0.40574392	          0.00999999	          0.00999999	          0.01047518	          0.27564133	          0.02985150	          0.20642689	          0.00999999	          0.53493947	          0.01163231	          0.00999999	          0.16359835	          0.11719017	          0.00999999	
          1.03815677	         -7.63001893	         -2.91329494	          8.83954986	          1.78439253	          0.90602581	         -0.00290427	         36.75860060	         -0.51847494	         -8.79212195	        -23.86781928	          3.22754007	          0.16247425	        -10.54535695	         -5.71355199	         -4.02028495	        -28.83396617	         -9.15948269	         45.29089811	         -9.77303187	          4.20074555	        -10.61130307	          0.16029310	          0.04982518	          0.00999999	          0.41428448	          0.45914576	          0.09042252	          0.08020674	          0.38016125	          0.06715541	          0.00999999	          0.44448490	          0.00999999	          0.00999999	          0.68564939	          0.39866278	          0.00999999	          0.00999999	          0.00999999	          0.29488102	          0.02566255	          0.17745975	          0.00999999	          0.45987334	          0.00999999	          0.00999999	          0.14064118	          0.10074530	          0.07594140	
          1.04795071	         -7.54693776	         -2.92771221	          8.59102325	          1.80255496	          0.90702099	         -0.00177176	         36.33768850	         -0.20020590	         -8.49911958	        -25.52618356	          4.78981447	          0.51251808	         -8.67636469	         -6.11286895	         -4.35239895	        -33.61395099	        -11.08930348	         42.06066144	         -9.73129435	          4.40257030	        -10.63266055	          0.13779974	          0.04283339	          0.00999999	          0.42134884	          0.39471549	          0.09902951	          0.06895161	          0.32681458	          0.05773174	          0.00999999	          0.48689017	          0.00999999	          0.00999999	          0.58943468	          0.39311064	          0.03240048	          0.00999999	          0.00999999	          0.25350142	          0.02206142	          0.15255746	          0.01353107	          0.39534096	          0.00999999	          0.00999999	          0.12090551	          0.08660807	          0.28762018	
          1.05774464	         -7.48398995	         -2.93037228	          8.30532044	          1.82004334	          0.90882422	         -0.00066727	         35.64039863	          0.15573992	         -8.18838197	        -26.55951575	          6.19577963	          0.98790115	         -6.55612320	         -6.47878633	         -4.58218472	        -38.53496549	        -12.40421620	         37.36060397	         -9.75159416	          4.58439857	        -10.58968033	          0.11846280	          0.03682273	          0.00999999	          0.40523603	          0.33932648	          0.10128397	          0.05927588	          0.28095387	          0.04963045	          0.00999999	          0.52681927	          0.00999999	          0.00999999	          0.50672142	          0.38530735	          0.05140868	          0.00999999	          0.01163231	          0.21792848	          0.01896562	          0.13114962	          0.01163230	          0.33986419	          0.00999999	          0.00999999	          0.10393927	          0.07445467	          0.27240677	
          1.06753857	         -7.44184734	         -2.91627452	          7.97978478	          1.83688543	          0.91134054	          0.00036716	         34.70975107	          0.52821806	         -7.86103477	        -27.02715266	          7.33149825	          1.50607032	         -4.30169049	         -6.74679276	         -4.69904421	        -43.31915094	        -12.37057047	         32.93370762	         -9.83115896	          4.74176094	        -10.47780404	          0.10183934	          0.03165553	          0.00999999	          0.36638385	          0.29171001	          0.10792769	          0.05095791	          0.24152862	          0.04266599	          0.00999999	          0.49431096	          0.00999999	          0.00999999	          0.43561503	          0.36333514	          0.04765552	          0.01790273	          0.00999999	          0.18734736	          0.01630424	          0.11558085	          0.00999999	          0.29217227	          0.00999999	          0.00999999	          0.08935385	          0.06400671	          0.33264831	
          1.07733250	         -7.41884649	         -2.86788315	          7.61808314	          1.85314491	          0.91450290	          0.00133730	         33.61470164	          0.88479997	         -7.50601046	        -27.07115911	          8.22679703	          2.01317109	         -1.95926570	         -6.90097787	         -4.74386637	        -47.80386421	        -11.78743131	         29.08556534	         -9.96871675	          4.85187415	        -10.30649152	          0.08754859	          0.02721343	          0.00999999	          0.31497052	          0.25077540	          0.11270901	          0.04380717	          0.20763578	          0.03667882	          0.00999999	          0.42494608	          0.00999999	          0.00999999	          0.37448674	          0.33496984	          0.05128227	          0.01573976	          0.00999999	          0.16105758	          0.01401632	          0.16187679	          0.00999999	          0.25117278	          0.00999999	          0.00999999	          0.07681514	          0.05502488	          0.35605740	
          1.08712643	         -7.41145590	         -2.77923846	          7.22729331	          1.86890368	          0.91816699	          0.00225515	         32.42407798	          1.20379447	         -7.12453619	        -26.83130422	          8.89508339	          2.48449089	          0.44306835	         -6.95178244	         -4.76364672	        -51.90058154	        -11.24556001	         25.67960599	        -10.15904470	          4.90512830	        -10.08654265	          0.07526321	          0.02339466	          0.00999999	          0.27077184	          0.24623820	          0.11327237	          0.03765987	          0.17849899	          0.03153181	          0.00999999	          0.36531492	          0.00999999	          0.00999999	          0.34450790	          0.31337550	          0.04408601	          0.01353106	          0.00999999	          0.17078177	          0.01204946	          0.17371212	          0.00999999	          0.21592661	          0.00999999	          0.00999999	          0.06603595	          0.04730344	          0.33585324	
          1.09692037	         -7.41524153	         -2.64167497	          6.81279111	          1.88426101	          0.92216173	          0.00312524	         31.17335004	          1.46693730	         -6.71779146	        -26.39513997	          9.36866844	          2.91744627	          2.86439454	         -6.89987756	         -4.78833669	        -55.58227330	        -10.45518463	         22.66642332	        -10.39432569	          4.88997035	         -9.82913368	          0.06470180	          0.02011177	          0.00999999	          0.23277540	          0.25549828	          0.11394499	          0.03237519	          0.15345087	          0.02710707	          0.00999999	          0.31405159	          0.00999999	          0.00999999	          0.31986559	          0.29883810	          0.03789958	          0.01163229	          0.00999999	          0.17566057	          0.01035861	          0.20333443	          0.00999999	          0.18562640	          0.00999999	          0.00999999	          0.05676936	          0.04066552	          0.32881905	
          1.10671430	         -7.42588733	         -2.44921712	          6.37876440	          1.89930540	          0.92634984	          0.00395589	         29.88003511	          1.66292112	         -6.28590872	        -25.81689500	          9.68258024	          3.31956954	          5.27892601	         -6.74997301	         -4.84166365	        -58.82199963	         -9.51257129	         20.01430344	        -10.66719474	          4.79782222	         -9.54442731	          0.06104821	          0.01728956	          0.00999999	          0.20011086	          0.23094304	          0.11430569	          0.02783210	          0.13600102	          0.02330323	          0.00999999	          0.26998186	          0.00999999	          0.00999999	          0.29591323	          0.28130002	          0.03258127	          0.00999999	          0.00999999	          0.18516890	          0.00999999	          0.24444921	          0.00999999	          0.15957811	          0.00999999	          0.00999999	          0.04880312	          0.03495907	          0.31631685	
          1.11650823	         -7.43991163	         -2.20350595	          5.92785690	          1.91410533	          0.93061880	          0.00475093	         28.55793260	          1.78855264	         -5.83403846	        -25.13686641	          9.86323534	          3.70382765	          7.67013651	         -6.51438305	         -4.94201305	        -61.60755705	         -8.52805341	         17.67351088	        -10.97084614	          4.63026757	         -9.23829644	          0.06107167	          0.01486338	          0.00999999	          0.17203002	          0.19853564	          0.11342509	          0.02392652	          0.13576505	          0.02003317	          0.00999999	          0.23209628	          0.00999999	          0.00999999	          0.25733682	          0.26275665	          0.02800926	          0.00999999	          0.00999999	          0.21010083	          0.00999999	          0.29338382	          0.00999999	          0.13718509	          0.09587423	          0.00999999	          0.04195475	          0.03005339	          0.30361254	
          1.12630216	         -7.45467070	         -1.91035840	          5.46289964	          1.92871331	          0.93487961	          0.00550569	         27.21688667	          1.84504202	         -5.37081725	        -24.38220846	          9.92689479	          4.08735926	         10.02358625	         -6.20558902	         -5.09827976	        -63.93243685	         -7.50702371	         15.60397437	        -11.29923892	          4.39524190	         -8.91492624	          0.06082920	          0.01277765	          0.00999999	          0.14788967	          0.17067584	          0.11187251	          0.02056900	          0.13529255	          0.01722199	          0.00999999	          0.19952704	          0.00999999	          0.00999999	          0.22122567	          0.24954798	          0.02407882	          0.00999999	          0.00999999	          0.23143532	          0.00999999	          0.35595403	          0.00999999	          0.12979660	          0.14867262	          0.00999999	          0.03606739	          0.02583610	          0.29304308	
          1.13609609	         -7.46816905	         -1.57811274	          4.98586131	          1.94316795	          0.93906118	          0.00621759	         25.86547895	          1.83806967	         -4.90195880	        -23.57382053	          9.88399744	          4.49061908	         12.33060167	         -5.83776849	         -5.31370475	        -65.80480273	         -6.44824277	         13.77405842	        -11.64732157	          4.10323800	         -8.57699189	          0.05960616	          0.01098461	          0.00999999	          0.12713684	          0.14672551	          0.10950059	          0.01768262	          0.13573042	          0.01480529	          0.00999999	          0.17152813	          0.00999999	          0.03186193	          0.19018187	          0.24086917	          0.02069992	          0.00999999	          0.00999999	          0.25221245	          0.00999999	          0.42567032	          0.00999999	          0.13995146	          0.15675699	          0.00999999	          0.03100619	          0.02221062	          0.28564977	
          1.14589002	         -7.47920705	         -1.21705856	          4.49798025	          1.95749413	          0.94310936	          0.00688633	         24.51132063	          1.77660040	         -4.43161442	        -22.72527520	          9.73294046	          4.93856319	         14.58878441	         -5.42618078	         -5.58570849	        -67.24763631	         -5.36749214	         12.15538977	        -12.01100614	          3.76646612	         -8.22605816	          0.05902062	          0.00999999	          0.00999999	          0.11301353	          0.12613605	          0.10445972	          0.01520128	          0.12975866	          0.01272772	          0.00999999	          0.14745820	          0.00999999	          0.05152484	          0.16349433	          0.23447860	          0.01779518	          0.00999999	          0.00999999	          0.26293549	          0.00999999	          0.49242793	          0.00999999	          0.15285600	          0.15041888	          0.00999999	          0.02665520	          0.01909388	          0.28182565	
          1.15568396	         -7.48731755	         -0.83887719	          4.00101892	          1.97171219	          0.94697882	          0.00751522	         23.15996176	          1.67182257	         -3.96211581	        -21.85221690	          9.50997417	          5.43406505	         16.79768253	         -4.99097032	         -5.91211804	        -68.29057780	         -4.27869396	         10.72282444	        -12.38613377	          3.39797754	         -7.86410870	          0.05183621	          0.00999999	          0.00999999	          0.10925611	          0.10843583	          0.09896299	          0.01306814	          0.11487400	          0.01094168	          0.00999999	          0.12676592	          0.00999999	          0.06500777	          0.14055176	          0.23629703	          0.01529804	          0.00999999	          0.00999999	          0.22603870	          0.00999999	          0.54425755	          0.00999999	          0.16694048	          0.14039330	          0.00999999	          0.02291477	          0.01641450	          0.28216510	
          1.16547789	         -7.49265925	         -0.45797572	          3.49833740	          1.98584392	          0.95062873	          0.00812005	         21.81217147	          1.53865264	         -3.49696455	        -20.96131493	          9.24777138	          5.97209285	         18.95719361	         -4.56638630	         -6.29912838	        -68.96507996	         -3.19436043	          9.45461705	        -12.76784367	          3.01172778	         -7.49510069	          0.05047026	          0.00999999	          0.00999999	          0.10847815	          0.09321942	          0.09419457	          0.01123434	          0.10491606	          0.00999999	          0.00999999	          0.10897731	          0.00999999	          0.07518202	          0.12082863	          0.23645145	          0.01315132	          0.00999999	          0.00999999	          0.19431950	          0.00999999	          0.56686986	          0.00999999	          0.18012740	          0.13731051	          0.00999999	          0.01969922	          0.01411112	          0.28648318	
          1.17527182	         -7.49590753	         -0.08663153	          2.99143084	          1.99991192	          0.95402306	          0.00871407	         20.47371445	          1.38974754	         -3.04253974	        -20.07032249	          8.97950003	          6.54231256	         21.06152126	         -4.18199909	         -6.75113086	        -69.28970942	         -2.12790762	          8.33275478	        -13.15108687	          2.62012130	         -7.12107310	          0.05620126	          0.02740754	          0.00999999	          0.10600372	          0.08013827	          0.08903622	          0.21683577	          0.10481440	          0.00999999	          0.00999999	          0.09368492	          0.02037747	          0.08502586	          0.11627684	          0.23561972	          0.01130585	          0.01000000	          0.00999999	          0.16705134	          0.00999999	          0.48732305	          0.00999999	          0.19034994	          0.13859613	          0.00999999	          0.01693490	          0.01213095	          0.29429238	
          1.18506575	         -7.49789897	          0.26523698	          2.47951249	          2.01392692	          0.95711842	          0.00929987	         19.18220278	          1.23444714	         -2.60391002	        -19.25646816	          8.74790229	          7.12715120	         23.09576283	         -3.85722504	         -7.26759422	        -69.25653162	         -1.09771966	          7.34095945	        -13.53241316	          2.23598510	         -6.74297420	          0.06582085	          0.04442837	          0.00999999	          0.10318310	          0.06889276	          0.08600402	          0.40253537	          0.09608906	          0.00999999	          0.00999999	          0.08053845	          0.03915902	          0.09398489	          0.13753818	          0.23073738	          0.00999999	          0.01000000	          0.00999999	          0.14360963	          0.00999999	          0.41893875	          0.00999999	          0.19794681	          0.13529721	          0.00999999	          0.01455849	          0.01042866	          0.30687172	
          1.19485968	         -7.49957557	          0.59054039	          1.96207732	          2.02790264	          0.95986404	          0.00987127	         17.97481949	          1.07960475	         -2.18829959	        -18.59364637	          8.58902051	          7.70751109	         25.04121940	         -3.60228821	         -7.84304215	        -68.85207414	         -0.11301304	          6.46401989	        -13.90784189	          1.87056672	         -6.36100715	          0.08948869	          0.03819390	          0.00999999	          0.10206799	          0.05922528	          0.08509898	          0.55589558	          0.10809907	          0.00999999	          0.00999999	          0.06923678	          0.03899396	          0.10286433	          0.16901712	          0.21864482	          0.00999999	          0.01573977	          0.00999999	          0.12345740	          0.00999999	          0.36015058	          0.00999999	          0.20836958	          0.13419183	          0.00999999	          0.01251555	          0.00999999	          0.32615018	
          1.20465362	         -7.50170312	          0.88624480	          1.43868457	          2.04186967	          0.96221024	          0.01041860	         16.86914964	          0.92877396	         -1.80984064	        -18.12164120	          8.53258045	          8.27179603	         26.87809875	         -3.41861477	         -8.46922866	        -68.06616925	          0.80540625	          5.68838790	        -14.27091521	          1.53031125	         -5.97108878	          0.10824926	          0.03283429	          0.00999999	          0.10075974	          0.05091441	          0.08521406	          0.65950051	          0.11397938	          0.00999999	          0.00999999	          0.05952103	          0.03352207	          0.11211121	          0.20594918	          0.20876168	          0.00999999	          0.01353107	          0.00999999	          0.10613307	          0.00999999	          0.30961194	          0.00999999	          0.21520026	          0.13060245	          0.00999999	          0.01075929	          0.00999999	          0.34933985	
          1.21444755	         -7.50503385	          1.14966921	          0.91069400	          2.05586269	          0.96411532	          0.01093057	         15.87071713	          0.78639171	         -1.47441187	        -17.85545762	          8.58459643	          8.82561763	         28.58767991	         -3.30337668	         -9.13434384	        -66.89379679	          1.65521745	          5.00026041	        -14.61473476	          1.22111423	         -5.56957574	          0.12394438	          0.02822677	          0.00999999	          0.09959939	          0.04376978	          0.08649928	          0.69895812	          0.11192223	          0.00999999	          0.00999999	          0.05116866	          0.02881804	          0.12251696	          0.24441207	          0.20296397	          0.00999999	          0.01163230	          0.00999999	          0.09123980	          0.00999999	          0.26616521	          0.00999999	          0.21768990	          0.12414869	          0.00999999	          0.00999999	          0.00999999	          0.37782976	
          1.22424148	         -7.51044275	          1.37846302	          0.38046232	          2.06991598	          0.96554934	          0.01139685	         14.97545637	          0.65692792	         -1.18276643	        -17.78974429	          8.73612378	          9.38493690	         30.15262554	         -3.25073262	         -9.82541234	        -65.33320839	          2.44016570	          4.38781724	        -14.93284768	          0.94816496	         -5.15467282	          0.13671790	          0.02426581	          0.00999999	          0.09918939	          0.03762772	          0.08840009	          0.66285448	          0.10205028	          0.00999999	          0.00999999	          0.04398834	          0.02477411	          0.13487379	          0.28164584	          0.20119407	          0.00999999	          0.00999999	          0.00999999	          0.07843644	          0.00999999	          0.22881520	          0.00999999	          0.21545588	          0.11586920	          0.00999999	          0.00999999	          0.00999999	          0.41161594	
          1.23403541	         -7.51884650	          1.57122894	         -0.14958691	          2.08406593	          0.96649528	          0.01180965	         14.16743390	          0.54387784	         -0.93248347	        -17.89659356	          8.97216557	          9.96790828	         31.55634055	         -3.25237101	        -10.53037028	        -63.38457716	          3.15728054	          3.83732688	        -15.21909661	          0.71502843	         -4.72591843	          0.14772401	          0.02086067	          0.00999999	          0.09977519	          0.03234756	          0.09068001	          0.56983849	          0.08772993	          0.00999999	          0.00999999	          0.03781562	          0.02129765	          0.14987412	          0.31520858	          0.20365397	          0.00999999	          0.00999999	          0.00999999	          0.06742974	          0.00999999	          0.19670639	          0.00999999	          0.20914296	          0.10636598	          0.00999999	          0.00999999	          0.00999999	          0.45013097	
          1.24382934	         -7.53102537	          1.72768896	         -0.67744541	          2.09835163	          0.96694830	          0.01216390	         13.42174591	          0.44911602	         -0.72003978	        -18.13336969	          9.27794822	         10.59210679	         32.78228148	         -3.29805692	        -11.23889984	        -61.05004685	          3.80006211	          3.33309221	        -15.46761499	          0.52352232	         -4.28374136	          0.15934812	          0.01793337	          0.00999999	          0.10270219	          0.02780834	          0.09306917	          0.48987510	          0.07559156	          0.00999999	          0.00999999	          0.03250909	          0.01830903	          0.16797501	          0.33973317	          0.20837239	          0.00999999	          0.00999999	          0.00999999	          0.05796757	          0.00999999	          0.16910329	          0.00999999	          0.20050055	          0.09640443	          0.01233888	          0.00999999	          0.00999999	          0.49039493	
          1.25362327	         -7.54741907	          1.84884243	         -1.20255553	          2.11280990	          0.96691425	          0.01245669	         12.71569732	          0.37254696	         -0.54069337	        -18.46371981	          9.64084455	         11.27588194	         33.81436927	         -3.37609482	        -11.94281871	        -58.33273880	          4.34662219	          2.86510913	        -15.67347616	          0.37376819	         -3.82811294	          0.16793575	          0.01541685	          0.00999999	          0.10653068	          0.02390610	          0.09435816	          0.42113269	          0.06568807	          0.00999999	          0.00999999	          0.02794720	          0.01573979	          0.18914889	          0.35377185	          0.21496357	          0.00999999	          0.00999999	          0.00999999	          0.04983318	          0.00999999	          0.14537363	          0.00999999	          0.19230926	          0.08596057	          0.01334804	          0.00999999	          0.00999999	          0.52258503	
          1.26341721	         -7.56817943	          1.93633192	         -1.72480949	          2.12747024	          0.96640817	          0.01268689	         12.03251502	          0.31286008	         -0.38863426	        -18.86046215	         10.04080819	         12.04293612	         34.64176293	         -3.47445533	        -12.63401543	        -55.24370313	          4.75926204	          2.43761944	        -15.83331171	          0.26476120	         -3.35922819	          0.17830785	          0.01325345	          0.00999999	          0.11216769	          0.02100313	          0.09436086	          0.36203665	          0.06387015	          0.00999999	          0.00999999	          0.02402547	          0.01353108	          0.21289393	          0.32110171	          0.22496482	          0.01941418	          0.00999999	          0.00999999	          0.04284027	          0.00999999	          0.12497387	          0.00999999	          0.18815141	          0.07764315	          0.01179352	          0.00999999	          0.00999999	          0.53757463	
          1.27321114	         -7.59331425	          1.99280880	         -2.24471474	          2.14235679	          0.96545634	          0.01285610	         11.35754145	          0.26739921	         -0.26159148	        -19.29670281	         10.44759052	         12.92412157	         35.26025780	         -3.58071646	        -13.30297840	        -51.79951865	          4.99467156	          2.06408146	        -15.94490035	          0.19342621	         -2.87613440	          0.18666652	          0.01139364	          0.00999999	          0.11832717	          0.02129764	          0.09303845	          0.31123335	          0.06552986	          0.00999999	          0.00999999	          0.02065406	          0.01163231	          0.23866410	          0.27604266	          0.23543307	          0.03378724	          0.00999999	          0.00999999	          0.03682865	          0.00999999	          0.10743674	          0.00999999	          0.18795855	          0.07003634	          0.01013858	          0.00999999	          0.00999999	          0.53751387	
          1.28300507	         -7.62292023	          2.02142180	         -2.76311000	          2.15748680	          0.96409264	          0.01296691	         10.68064502	          0.23286172	         -0.15745328	        -19.75619834	         10.85394888	         13.92432400	         35.67130544	         -3.68167247	        -13.93473758	        -48.01621246	          5.02864526	          1.75128619	        -16.00728657	          0.15557105	         -2.37731646	          0.18749257	          0.00999999	          0.00999999	          0.12464253	          0.01830903	          0.08964170	          0.26755909	          0.06165926	          0.00999999	          0.00999999	          0.01775575	          0.00999999	          0.26534832	          0.23730659	          0.24130872	          0.04479059	          0.00999999	          0.00999999	          0.03166062	          0.00999999	          0.09236052	          0.00999999	          0.19131277	          0.06130667	          0.00999999	          0.00999999	          0.00999999	          0.53213286	
          1.29279900	         -7.65728680	          2.02584177	         -3.28140276	          2.17286890	          0.96235102	          0.01302127	          9.99770897	          0.20532827	         -0.06762180	        -20.23328689	         11.26101955	         15.03084867	         35.88162527	         -3.76337258	        -14.50424219	        -43.91207438	          4.88362231	          1.49164961	        -16.02111242	          0.14640992	         -1.86161873	          0.18348251	          0.00999999	          0.00999999	          0.13002928	          0.01573979	          0.08272304	          0.23001348	          0.05300684	          0.00999999	          0.00999999	          0.02292862	          0.00999999	          0.29237878	          0.20400621	          0.24611030	          0.06152350	          0.00999999	          0.00999999	          0.02721780	          0.00999999	          0.07939990	          0.00999999	          0.19768339	          0.05270376	          0.00999999	          0.00999999	          0.00999999	          0.53118767	
          1.30259293	         -7.69676899	          2.01056103	         -3.80108688	          2.18851754	          0.96026522	          0.01302451	          9.29044431	          0.17995989	          0.01540911	        -20.69137435	         11.65628807	         16.22919152	         35.90313824	         -3.81357394	        -14.97459104	        -39.51899941	          4.62670835	          1.26716097	        -15.98679717	          0.15933789	         -1.32772413	          0.18490698	          0.00999999	          0.00999999	          0.13459482	          0.01353108	          0.07307801	          0.19773652	          0.04556858	          0.00999999	          0.00999999	          0.05313235	          0.00999999	          0.31888595	          0.17537875	          0.25744315	          0.09917100	          0.00999999	          0.00999999	          0.02339842	          0.00999999	          0.06825800	          0.00999999	          0.20452888	          0.04657415	          0.00999999	          0.00999999	          0.00999999	          0.53787314	
          1.31238687	         -7.74153654	          1.98203061	         -4.32136531	          2.20447168	          0.95787432	          0.01299087	          8.50088832	          0.14955318	          0.09091151	        -21.01990219	         12.00826414	         17.52084473	         35.75699179	         -3.82542872	        -15.29986288	        -34.90412622	          4.33411477	          1.06465843	        -15.90188077	          0.18330978	         -0.77462380	          0.17891018	          0.00999999	          0.00999999	          0.14441989	          0.01163231	          0.06282324	          0.16998886	          0.03917410	          0.00999999	          0.00999999	          0.09566652	          0.11361434	          0.34432934	          0.15076848	          0.27383341	          0.14578280	          0.00999999	          0.00999999	          0.02011501	          0.00999999	          0.15144846	          0.00999999	          0.21533290	          0.04334317	          0.00999999	          0.00999999	          0.00999999	          0.54350959	
          1.32218080	         -7.79152525	          1.94895399	         -4.83946770	          2.22075915	          0.95522535	          0.01294627	          7.56809996	          0.10500045	          0.16138388	        -21.10618301	         12.29745810	         18.90199348	         35.49614475	         -3.80504205	        -15.42605607	        -30.22162387	          4.04577402	          0.88614133	        -15.76559476	          0.20194167	         -0.20319892	          0.16406284	          0.00999999	          0.00999999	          0.14811334	          0.00999999	          0.05400748	          0.14613493	          0.03367694	          0.00999999	          0.00999999	          0.13195420	          0.19962761	          0.36906931	          0.12961168	          0.28377252	          0.18730774	          0.00999999	          0.00999999	          0.01729234	          0.00999999	          0.18298441	          0.00999999	          0.23471306	          0.04088404	          0.00999999	          0.00999999	          0.00999999	          0.54965454	
          1.33197473	         -7.84652900	          1.92215089	         -5.35255692	          2.23738289	          0.95237441	          0.01291635	          6.45950237	          0.03554858	          0.23551087	        -20.89317698	         12.53555383	         20.32450007	         35.17696444	         -3.76289005	        -15.30499146	        -25.62751623	          3.75612660	          0.73453089	        -15.58071828	          0.19649335	          0.38494913	          0.17188241	          0.00999999	          0.00999999	          0.13372510	          0.00999999	          0.05015952	          0.12562834	          0.02895118	          0.00999999	          0.00999999	          0.15012076	          0.27186169	          0.39254132	          0.11142374	          0.27529893	          0.22878757	          0.00999999	          0.00999999	          0.09319695	          0.00999999	          0.20674239	          0.01439198	          0.25610696	          0.03873657	          0.00999999	          0.01138209	          0.00999999	          0.55970655	
          1.34176866	         -7.90591261	          1.91605072	         -5.85531870	          2.25433092	          0.94938374	          0.01289615	          5.18548054	         -0.07488083	          0.32180669	        -20.39713133	         12.71388089	         21.75805151	         34.83450074	         -3.69781111	        -14.94187053	        -21.22852257	          3.46657935	          0.60789474	        -15.35174343	          0.14987710	          0.98785116	          0.17944242	          0.00999999	          0.00999999	          0.11495994	          0.00999999	          0.04838400	          0.10799937	          0.03586441	          0.00999999	          0.00999999	          0.14916985	          0.33738543	          0.41402114	          0.09578804	          0.26243977	          0.26637541	          0.00999999	          0.00999999	          0.17759577	          0.00999999	          0.17773097	          0.02164942	          0.28243936	          0.03865369	          0.00999999	          0.01163239	          0.00999999	          0.57756131	
          1.35156259	         -7.96889223	          1.93843829	         -6.34109746	          2.27157777	          0.94631645	          0.01286718	          3.78682116	         -0.23619671	          0.41003280	        -19.68410988	         12.80217145	         23.19947138	         34.49088777	         -3.60951832	        -14.39036956	        -17.09881501	          3.19840032	          0.50395580	        -15.08540728	          0.05488771	          1.60476668	          0.18253902	          0.00999999	          0.00999999	          0.10138198	          0.00999999	          0.05056779	          0.09284421	          0.04759951	          0.00999999	          0.00999999	          0.13071597	          0.39673935	          0.43273023	          0.08234645	          0.25069005	          0.30061165	          0.00999999	          0.00999999	          0.23504946	          0.00999999	          0.15279062	          0.03773725	          0.30518385	          0.03867763	          0.00999999	          0.01000006	          0.00999999	          0.59477337	
          1.36135653	         -8.03421434	          1.99096574	         -6.80269948	          2.28908365	          0.94323021	          0.01281025	          2.31809111	         -0.45071083	          0.48079116	        -18.84400749	         12.76417797	         24.66567577	         34.17502636	         -3.50158386	        -13.72497954	        -13.32222600	          2.98231415	          0.42129054	        -14.79126128	         -0.08909069	          2.23467002	          0.17952801	          0.00999999	          0.00999999	          0.09679506	          0.00999999	          0.04450197	          0.07981571	          0.04906529	          0.00999999	          0.01000000	          0.11237306	          0.44937695	          0.44757348	          0.07079107	          0.23184945	          0.33335693	          0.00999999	          0.00999999	          0.26786821	          0.00999999	          0.13135006	          0.03899396	          0.32226167	          0.03603703	          0.00999999	          0.00999999	          0.00999999	          0.61016248	
          1.37115046	         -8.10016888	          2.07460458	         -7.23440488	          2.30680140	          0.94017704	          0.01270548	          0.82688769	         -0.71856102	          0.52055754	        -17.95334281	         12.56645608	         26.18216328	         33.92189787	         -3.37375250	        -13.01854233	         -9.97658286	          2.83423689	          0.35919212	        -14.48112511	         -0.28234778	          2.87694206	          0.16331010	          0.00999999	          0.00999999	          0.09348225	          0.00999999	          0.03825717	          0.06861546	          0.04218013	          0.00999999	          0.04340490	          0.09660416	          0.49350998	          0.45683988	          0.06085721	          0.20785721	          0.36173759	          0.00999999	          0.00999999	          0.28210354	          0.00999999	          0.11291818	          0.03352208	          0.34080938	          0.03098010	          0.00999999	          0.00999999	          0.00999999	          0.62437420	
          1.38094439	         -8.16451263	          2.18944517	         -7.63142147	          2.32469050	          0.93720364	          0.01253454	         -0.65891109	         -1.03781308	          0.51955745	        -17.05681728	         12.18747562	         27.76672691	         33.76479224	         -3.22133738	        -12.32904771	         -7.12691064	          2.74452746	          0.31674522	        -14.16728009	         -0.52476698	          3.53003444	          0.16667878	          0.00999999	          0.00999999	          0.08699442	          0.00999999	          0.03288868	          0.05898690	          0.03626114	          0.00999999	          0.08350160	          0.08304804	          0.52749461	          0.46004439	          0.05231734	          0.20630282	          0.37489299	          0.00999999	          0.00999999	          0.27292617	          0.03810348	          0.09707278	          0.02881804	          0.35273432	          0.02819622	          0.00999999	          0.00999999	          0.00999999	          0.63640953	
          1.39073832	         -8.22372301	          2.32886372	         -7.99108426	          2.34275203	          0.93434868	          0.01228784	         -2.13341189	         -1.39882441	          0.47148566	        -16.17025342	         11.61326882	         29.42609996	         33.72045854	         -3.04303922	        -11.70044994	         -4.82992856	          2.69379800	          0.29170477	        -13.85617760	         -0.80885968	          4.19265472	          0.17357611	          0.00999999	          0.00999999	          0.07478680	          0.00999999	          0.02827353	          0.05070948	          0.03117275	          0.00999999	          0.08304807	          0.07139421	          0.55120621	          0.45707840	          0.04497583	          0.22060846	          0.37464496	          0.00999999	          0.00999999	          0.25301627	          0.07811960	          0.08345090	          0.02477411	          0.36223595	          0.02881804	          0.01000000	          0.00999999	          0.00999999	          0.64846415	
          1.40053225	         -8.27412153	          2.48066666	         -8.31139493	          2.36101885	          0.93163573	          0.01196581	         -3.59927571	         -1.78561307	          0.37528156	        -15.30145659	         10.83439049	         31.16061642	         33.78869420	         -2.84113976	        -11.15732945	         -3.12445875	          2.67016779	          0.27896854	        -13.54840176	         -1.12117362	          4.86118073	          0.18346045	          0.00999999	          0.00999999	          0.06429224	          0.00999999	          0.02430600	          0.04359360	          0.02679839	          0.00999999	          0.07139423	          0.06137571	          0.56387897	          0.44829678	          0.03866454	          0.24314679	          0.35572326	          0.00999999	          0.00999999	          0.22257369	          0.11566571	          0.07174054	          0.02129765	          0.35443637	          0.02477411	          0.01073873	          0.00999999	          0.00999999	          0.66024463	
          1.41032618	         -8.31242861	          2.62966485	         -8.58988545	          2.37954265	          0.92906976	          0.01157511	         -5.06413734	         -2.17876089	          0.22849488	        -14.45154811	          9.84186787	         32.96904337	         33.95550125	         -2.62126327	        -10.70331196	         -2.02650971	          2.68249302	          0.27417120	        -13.24059449	         -1.44460947	          5.52813891	          0.17746889	          0.00999999	          0.00999999	          0.05527034	          0.00999999	          0.02089523	          0.03747627	          0.02303787	          0.04045189	          0.06137573	          0.05276308	          0.56538680	          0.43401976	          0.03323888	          0.26091585	          0.30580589	          0.00999999	          0.00999999	          0.19134073	          0.14986503	          0.10965099	          0.01830903	          0.33821842	          0.02129765	          0.01573978	          0.00999999	          0.00999999	          0.66912973	
          1.42012012	         -8.33618001	          2.76156355	         -8.82399259	          2.39836374	          0.92663811	          0.01112190	         -6.52430114	         -2.55960583	          0.03176020	        -13.64276109	          8.63978479	         34.84318641	         34.20533376	         -2.39048196	        -10.33544705	         -1.54765040	          2.73682600	          0.27491698	        -12.93007496	         -1.76217082	          6.18147400	          0.16875503	          0.00999999	          0.00999999	          0.04751445	          0.00999999	          0.01796308	          0.14748060	          0.01980505	          0.08355805	          0.05276310	          0.04535903	          0.55592690	          0.41470131	          0.02857459	          0.26349031	          0.26289325	          0.00999999	          0.00999999	          0.18072489	          0.17532790	          0.21646471	          0.01573979	          0.32612044	          0.01830903	          0.01353108	          0.00999999	          0.00999999	          0.67488113	
          1.42991405	         -8.34379433	          2.86898184	         -9.01774949	          2.41748844	          0.92430865	          0.01061325	         -7.94623774	         -2.91812782	         -0.20622008	        -12.94787876	          7.25703866	         36.76935076	         34.53446596	         -2.15493340	        -10.06670756	         -1.72071582	          2.83520221	          0.27906610	        -12.61657784	         -2.06448533	          6.81412033	          0.16999832	          0.00999999	          0.00999999	          0.04084692	          0.00999999	          0.01544238	          0.25237504	          0.01702587	          0.07820627	          0.04535904	          0.03899396	          0.53639018	          0.39097848	          0.02456482	          0.27014754	          0.22600238	          0.00999999	          0.00999999	          0.16025994	          0.19449743	          0.28913255	          0.01353108	          0.30461072	          0.01573979	          0.01163231	          0.00999999	          0.00999999	          0.68364672	
          1.43970798	         -8.33394171	          2.94339908	         -9.17337352	          2.43693483	          0.92203022	          0.01005721	         -9.30984571	         -3.24341558	         -0.48570577	        -12.41426212	          5.72187099	         38.72910791	         34.93340380	         -1.92370214	         -9.89767512	         -2.55815164	          2.97154941	          0.28387243	        -12.29731924	         -2.34062028	          7.41939268	          0.18308076	          0.00999999	          0.00999999	          0.03511502	          0.00999999	          0.01327541	          0.30622404	          0.02267193	          0.06723187	          0.03899397	          0.03352208	          0.50518102	          0.36284508	          0.02111773	          0.27858950	          0.19428828	          0.00999999	          0.00999999	          0.14733300	          0.19943171	          0.31275811	          0.01163231	          0.26186579	          0.01353108	          0.00999999	          0.00999999	          0.00999999	          0.69127012	
          1.44950191	         -8.30628237	          2.97738927	         -9.29422577	          2.45674557	          0.91973699	          0.00946840	        -10.61445734	         -3.52599273	         -0.81038147	        -12.05327178	          4.06083052	         40.68868180	         35.36968751	         -1.70625778	         -9.83207183	         -4.01024527	          3.07279148	          0.29609456	        -11.96377661	         -2.58070820	          7.99348380	          0.20208842	          0.00999999	          0.00999999	          0.03018745	          0.01354925	          0.04139512	          0.32317773	          0.02477411	          0.05779746	          0.03352209	          0.02881804	          0.47145887	          0.33517293	          0.01815435	          0.27953543	          0.16702450	          0.00999999	          0.00999999	          0.14105265	          0.20581374	          0.26886988	          0.00999999	          0.22511911	          0.01163231	          0.00999999	          0.02129765	          0.00999999	          0.65734960	
          1.45929584	         -8.26176529	          2.95859759	         -9.38305105	          2.47694277	          0.91736922	          0.00885882	        -11.84496879	         -3.75105702	         -1.17236733	        -11.90221354	          2.31057191	         42.59700056	         35.79225978	         -1.51757949	         -9.88373808	         -5.97959587	          2.91704348	          0.30827121	        -11.61056289	         -2.76872392	          8.53554888	          0.18294644	          0.00999999	          0.00999999	          0.02595136	          0.24787111	          0.07078567	          0.37400101	          0.02129765	          0.33084980	          0.02881805	          0.02477411	          0.40530074	          0.29032851	          0.01560682	          0.24030923	          0.14358655	          0.00999999	          0.01163231	          0.30327653	          0.20196888	          0.23114034	          0.00999999	          0.19352895	          0.00999999	          0.00999999	          0.01830903	          0.01223745	          0.70577453	
          1.46908978	         -8.20231646	          2.89323404	         -9.43119084	          2.49745262	          0.91490967	          0.00821918	        -12.90074852	         -3.92325748	         -1.56691776	        -12.14805627	          0.55881591	         44.37909957	         36.14249979	         -1.37138489	        -10.04639695	         -8.39686038	          2.43956484	          0.31927072	        -11.24575683	         -2.90913244	          9.03223332	          0.23412767	          0.00999999	          0.00999999	          0.02230970	          0.37422265	          0.06085257	          0.41342775	          0.01830903	          0.59517300	          0.02477412	          0.02129765	          0.34842634	          0.24958775	          0.01341677	          0.20658750	          0.12343757	          0.00999999	          0.00999999	          0.57849155	          0.18058328	          0.19870524	          0.19959260	          0.16637173	          0.00999999	          0.00999999	          0.01573979	          0.01052021	          0.79919483	
          1.47888371	         -8.12685286	          2.85561319	         -9.44239394	          2.51813632	          0.91244255	          0.00759936	        -13.64801386	         -4.12421757	         -1.98411407	        -13.01079533	         -1.10294541	         45.94034702	         36.33937655	         -1.30940188	         -9.88592197	        -11.05519131	          1.87401841	          0.24679168	        -10.87473560	         -3.09002345	          9.46932445	          0.22219898	          0.00999999	          0.00999999	          0.01917906	          0.36633490	          0.05465524	          0.37794790	          0.01573979	          0.74236397	          0.02129766	          0.01830903	          0.29953292	          0.21456400	          0.01153404	          0.17759781	          0.10611602	          0.00999999	          0.10817030	          0.53262487	          0.16676182	          0.17082165	          0.27678830	          0.14302538	          0.00999999	          0.00999999	          0.01353108	          0.01163231	          0.87851554	
          1.48867764	         -8.04014216	          2.84204916	         -9.40975599	          2.53872926	          0.91013054	          0.00687766	        -13.97364197	         -4.36231287	         -2.40653902	        -14.64579572	         -2.67979284	         47.20241890	         36.44268709	         -1.23234261	         -9.67459618	        -13.64832677	          1.55402925	          0.21284853	        -10.53187435	         -3.29422262	          9.84117097	          0.24072683	          0.00999999	          0.00999999	          0.01648773	          0.31492844	          0.04698567	          0.32491183	          0.01353108	          0.84198410	          0.01830903	          0.01573979	          0.25750054	          0.18445500	          0.00999999	          0.18329665	          0.09122514	          0.00999999	          0.19466689	          0.56538669	          0.14336073	          0.14685086	          0.40594782	          0.12295514	          0.00999999	          0.00999999	          0.01163231	          0.00999999	          0.92650352	
          1.49847157	         -7.94339347	          2.84151069	         -9.33365845	          2.55898090	          0.90815839	          0.00602378	        -13.81007091	         -4.63653461	         -2.82548645	        -17.14633042	         -4.11085235	         47.84507555	         36.56136019	         -1.12107435	         -9.48176648	        -16.21591839	          1.12547869	          0.16276001	        -10.24934692	         -3.50833036	         10.14550939	          0.30632456	          0.00999999	          0.00999999	          0.01417406	          0.27073566	          0.04039234	          0.27931812	          0.01163231	          0.72383149	          0.01573979	          0.01353108	          0.22136642	          0.15857109	          0.00999999	          0.22461217	          0.07842384	          0.00999999	          0.26198585	          0.54503975	          0.12324343	          0.12624381	          0.58965299	          0.10570129	          0.00999999	          0.04355194	          0.00999999	          0.00999999	          0.95553561	
          1.50826550	         -7.83769391	          2.85705052	         -9.21238602	          2.57877433	          0.90670539	          0.00506380	        -13.15795355	         -4.95615250	         -3.23794586	        -20.45754541	         -5.53248463	         47.77605208	         36.74770539	         -0.97946468	         -9.28859846	        -18.94450908	          1.19563041	          0.08338122	        -10.03348325	         -3.73789700	         10.37329687	          0.36633511	          0.00999999	          0.00999999	          0.01218507	          0.23427772	          0.03472423	          0.24012241	          0.00999999	          0.62225882	          0.01353108	          0.01163231	          0.19030286	          0.13631938	          0.00999999	          0.21689406	          0.06741891	          0.00999999	          0.32063804	          0.54003434	          0.10614862	          0.10852847	          0.51439966	          0.09086861	          0.00999999	          0.18012023	          0.00999999	          0.00999999	          0.92775846	
          1.51805943	         -7.72983299	          2.88790734	         -9.04799862	          2.59808843	          0.90593768	          0.00401499	        -12.05607286	         -5.32347082	         -3.63880329	        -24.40953502	         -7.19203653	         47.01013352	         36.87479995	         -0.78000031	         -9.05621735	        -21.61018958	          1.90292303	          0.03956533	         -9.87525885	         -3.97765789	         10.52656197	          0.40574392	          0.00999999	          0.00999999	          0.01047518	          0.27564133	          0.02985150	          0.20642689	          0.00999999	          0.53493947	          0.01163231	          0.00999999	          0.16359835	          0.11719017	          0.00999999	          0.18645809	          0.05795825	          0.00999999	          0.37226222	          0.51769982	          0.09495692	          0.09329906	          0.44221580	          0.07811734	          0.00999999	          0.35386622	          0.00999999	          0.00999999	          0.79756945	
          1.52785337	         -7.63001893	          2.91329494	         -8.83954986	          2.61687674	          0.90602581	          0.00290427	        -10.54535695	         -5.71355199	         -4.02028495	        -28.83396617	         -9.15948269	         45.29089811	         36.75860060	         -0.51847494	         -8.79212195	        -23.86781928	          3.22754007	          0.16247425	         -9.77303187	         -4.20074555	         10.61130307	          0.39866278	          0.00999999	          0.00999999	          0.00999999	          0.29488102	          0.02566255	          0.17745975	          0.00999999	          0.45987334	          0.00999999	          0.00999999	          0.14064118	          0.10074530	          0.07594140	          0.16029310	          0.04982518	          0.00999999	          0.41428448	          0.45914576	          0.09042252	          0.08020674	          0.38016125	          0.06715541	          0.00999999	          0.44448490	          0.00999999	          0.00999999	          0.68564939	
          1.53764730	         -7.54693776	          2.92771221	         -8.59102325	          2.63503917	          0.90702099	          0.00177176	         -8.67636469	         -6.11286895	         -4.35239895	        -33.61395099	        -11.08930348	         42.06066144	         36.33768850	         -0.20020590	         -8.49911958	        -25.52618356	          4.78981447	          0.51251808	         -9.73129435	         -4.40257030	         10.63266055	          0.39311064	          0.03240048	          0.00999999	          0.00999999	          0.25350142	          0.02206142	          0.15255746	          0.01353107	          0.39534096	          0.00999999	          0.00999999	          0.12090551	          0.08660807	          0.28762018	          0.13779974	          0.04283339	          0.00999999	          0.42134884	          0.39471549	          0.09902951	          0.06895161	          0.32681458	          0.05773174	          0.00999999	          0.48689017	          0.00999999	          0.00999999	          0.58943468	
          1.54744123	         -7.48398995	          2.93037228	         -8.30532044	          2.65252754	          0.90882422	          0.00066727	         -6.55612320	         -6.47878633	         -4.58218472	        -38.53496549	        -12.40421620	         37.36060397	         35.64039863	          0.15573992	         -8.18838197	        -26.55951575	          6.19577963	          0.98790115	         -9.75159416	         -4.58439857	         10.58968033	          0.38530735	          0.05140868	          0.00999999	          0.01163231	          0.21792848	          0.01896562	          0.13114962	          0.01163230	          0.33986419	          0.00999999	          0.00999999	          0.10393927	          0.07445467	          0.27240677	          0.11846280	          0.03682273	          0.00999999	          0.40523603	          0.33932648	          0.10128397	          0.05927588	          0.28095387	          0.04963045	          0.00999999	          0.52681927	          0.00999999	          0.00999999	          0.50672142	
          1.55723516	         -7.44184734	          2.91627452	         -7.97978478	          2.66936964	          0.91134054	         -0.00036716	         -4.30169049	         -6.74679276	         -4.69904421	        -43.31915094	        -12.37057047	         32.93370762	         34.70975107	          0.52821806	         -7.86103477	        -27.02715266	          7.33149825	          1.50607032	         -9.83115896	         -4.74176094	         10.47780404	          0.36333514	          0.04765552	          0.01790273	          0.00999999	          0.18734736	          0.01630424	          0.11558085	          0.00999999	          0.29217227	          0.00999999	          0.00999999	          0.08935385	          0.06400671	          0.33264831	          0.10183934	          0.03165553	          0.00999999	          0.36638385	          0.29171001	          0.10792769	          0.05095791	          0.24152862	          0.04266599	          0.00999999	          0.49431096	          0.00999999	          0.00999999	          0.43561503	
          1.56702909	         -7.41884649	          2.86788315	         -7.61808314	          2.68562911	          0.91450290	         -0.00133730	         -1.95926570	         -6.90097787	         -4.74386637	        -47.80386421	        -11.78743131	         29.08556534	         33.61470164	          0.88479997	         -7.50601046	        -27.07115911	          8.22679703	          2.01317109	         -9.96871675	         -4.85187415	         10.30649152	          0.33496984	          0.05128227	          0.01573976	          0.00999999	          0.16105758	          0.01401632	          0.16187679	          0.00999999	          0.25117278	          0.00999999	          0.00999999	          0.07681514	          0.05502488	          0.35605740	          0.08754859	          0.02721343	          0.00999999	          0.31497052	          0.25077540	          0.11270901	          0.04380717	          0.20763578	          0.03667882	          0.00999999	          0.42494608	          0.00999999	          0.00999999	          0.37448674	
          1.57682303	         -7.41145590	          2.77923846	         -7.22729331	          2.70138789	          0.91816699	         -0.00225515	          0.44306835	         -6.95178244	         -4.76364672	        -51.90058154	        -11.24556001	         25.67960599	         32.42407798	          1.20379447	         -7.12453619	        -26.83130422	          8.89508339	          2.48449089	        -10.15904470	         -4.90512830	         10.08654265	          0.31337550	          0.04408601	          0.01353106	          0.00999999	          0.17078177	          0.01204946	          0.17371212	          0.00999999	          0.21592661	          0.00999999	          0.00999999	          0.06603595	          0.04730344	          0.33585324	          0.07526321	          0.02339466	          0.00999999	          0.27077184	          0.24623820	          0.11327237	          0.03765987	          0.17849899	          0.03153181	          0.00999999	          0.36531492	          0.00999999	          0.00999999	          0.34450790	
          1.58661696	         -7.41524153	          2.64167497	         -6.81279111	          2.71674521	          0.92216173	         -0.00312524	          2.86439454	         -6.89987756	         -4.78833669	        -55.58227330	        -10.45518463	         22.66642332	         31.17335004	          1.46693730	         -6.71779146	        -26.39513997	          9.36866844	          2.91744627	        -10.39432569	         -4.88997035	          9.82913368	          0.29883810	          0.03789958	          0.01163229	          0.00999999	          0.17566057	          0.01035861	          0.20333443	          0.00999999	          0.18562640	          0.00999999	          0.00999999	          0.05676936	          0.04066552	          0.32881905	          0.06470180	          0.02011177	          0.00999999	          0.23277540	          0.25549828	          0.11394499	          0.03237519	          0.15345087	          0.02710707	          0.00999999	          0.31405159	          0.00999999	          0.00999999	          0.31986559	
          1.59641089	         -7.42588733	          2.44921712	         -6.37876440	          2.73178960	          0.92634984	         -0.00395589	          5.27892601	         -6.74997301	         -4.84166365	        -58.82199963	         -9.51257129	         20.01430344	         29.88003511	          1.66292112	         -6.28590872	        -25.81689500	          9.68258024	          3.31956954	        -10.66719474	         -4.79782222	          9.54442731	          0.28130002	          0.03258127	          0.00999999	          0.00999999	          0.18516890	          0.00999999	          0.24444921	          0.00999999	          0.15957811	          0.00999999	          0.00999999	          0.04880312	          0.03495907	          0.31631685	          0.06104821	          0.01728956	          0.00999999	          0.20011086	          0.23094304	          0.11430569	          0.02783210	          0.13600102	          0.02330323	          0.00999999	          0.26998186	          0.00999999	          0.00999999	          0.29591323	
          1.60620482	         -7.43991163	          2.20350595	         -5.92785690	          2.74658953	          0.93061880	         -0.00475093	          7.67013651	         -6.51438305	         -4.94201305	        -61.60755705	         -8.52805341	         17.67351088	         28.55793260	          1.78855264	         -5.83403846	        -25.13686641	          9.86323534	          3.70382765	        -10.97084614	         -4.63026757	          9.23829644	          0.26275665	          0.02800926	          0.00999999	          0.00999999	          0.21010083	          0.00999999	          0.29338382	          0.00999999	          0.13718509	          0.09587423	          0.00999999	          0.04195475	          0.03005339	          0.30361254	          0.06107167	          0.01486338	          0.00999999	          0.17203002	          0.19853564	          0.11342509	          0.02392652	          0.13576505	          0.02003317	          0.00999999	          0.23209628	          0.00999999	          0.00999999	          0.25733682	
          1.61599875	         -7.45467070	          1.91035840	         -5.46289964	          2.76119752	          0.93487961	         -0.00550569	         10.02358625	         -6.20558902	         -5.09827976	        -63.93243685	         -7.50702371	         15.60397437	         27.21688667	          1.84504202	         -5.37081725	        -24.38220846	          9.92689479	          4.08735926	        -11.29923892	         -4.39524190	          8.91492624	          0.24954798	          0.02407882	          0.00999999	          0.00999999	          0.23143532	          0.00999999	          0.35595403	          0.00999999	          0.12979660	          0.14867262	          0.00999999	          0.03606739	          0.02583610	          0.29304308	          0.06082920	          0.01277765	          0.00999999	          0.14788967	          0.17067584	          0.11187251	          0.02056900	          0.13529255	          0.01722199	          0.00999999	          0.19952704	          0.00999999	          0.00999999	          0.22122567	
          1.62579268	         -7.46816905	          1.57811274	         -4.98586131	          2.77565215	          0.93906118	         -0.00621759	         12.33060167	         -5.83776849	         -5.31370475	        -65.80480273	         -6.44824277	         13.77405842	         25.86547895	          1.83806967	         -4.90195880	        -23.57382053	          9.88399744	          4.49061908	        -11.64732157	         -4.10323800	          8.57699189	          0.24086917	          0.02069992	          0.00999999	          0.00999999	          0.25221245	          0.00999999	          0.42567032	          0.00999999	          0.13995146	          0.15675699	          0.00999999	          0.03100619	          0.02221062	          0.28564977	          0.05960616	          0.01098461	          0.00999999	          0.12713684	          0.14672551	          0.10950059	          0.01768262	          0.13573042	          0.01480529	          0.00999999	          0.17152813	          0.00999999	          0.03186193	          0.19018187	
          1.63558662	         -7.47920705	          1.21705856	         -4.49798025	          2.78997833	          0.94310936	         -0.00688633	         14.58878441	         -5.42618078	         -5.58570849	        -67.24763631	         -5.36749214	         12.15538977	         24.51132063	          1.77660040	         -4.43161442	        -22.72527520	          9.73294046	          4.93856319	        -12.01100614	         -3.76646612	          8.22605816	          0.23447860	          0.01779518	          0.00999999	          0.00999999	          0.26293549	          0.00999999	          0.49242793	          0.00999999	          0.15285600	          0.15041888	          0.00999999	          0.02665520	          0.01909388	          0.28182565	          0.05902062	          0.00999999	          0.00999999	          0.11301353	          0.12613605	          0.10445972	          0.01520128	          0.12975866	          0.01272772	          0.00999999	          0.14745820	          0.00999999	          0.05152484	          0.16349433	
          1.64538055	         -7.48731755	          0.83887719	         -4.00101892	          2.80419639	          0.94697882	         -0.00751522	         16.79768253	         -4.99097032	         -5.91211804	        -68.29057780	         -4.27869396	         10.72282444	         23.15996176	          1.67182257	         -3.96211581	        -21.85221690	          9.50997417	          5.43406505	        -12.38613377	         -3.39797754	          7.86410870	          0.23629703	          0.01529804	          0.00999999	          0.00999999	          0.22603870	          0.00999999	          0.54425755	          0.00999999	          0.16694048	          0.14039330	          0.00999999	          0.02291477	          0.01641450	          0.28216510	          0.05183621	          0.00999999	          0.00999999	          0.10925611	          0.10843583	          0.09896299	          0.01306814	          0.11487400	          0.01094168	          0.00999999	          0.12676592	          0.00999999	          0.06500777	          0.14055176	
          1.65517448	         -7.49265925	          0.45797572	         -3.49833740	          2.81832813	          0.95062873	         -0.00812005	         18.95719361	         -4.56638630	         -6.29912838	        -68.96507996	         -3.19436043	          9.45461705	         21.81217147	          1.53865264	         -3.49696455	        -20.96131493	          9.24777138	          5.97209285	        -12.76784367	         -3.01172778	          7.49510069	          0.23645145	          0.01315132	          0.00999999	          0.00999999	          0.19431950	          0.00999999	          0.56686986	          0.00999999	          0.18012740	          0.13731051	          0.00999999	          0.01969922	          0.01411112	          0.28648318	          0.05047026	          0.00999999	          0.00999999	          0.10847815	          0.09321942	          0.09419457	          0.01123434	          0.10491606	          0.00999999	          0.00999999	          0.10897731	          0.00999999	          0.07518202	          0.12082863	
          1.66496841	         -7.49590753	          0.08663153	         -2.99143084	          2.83239612	          0.95402306	         -0.00871407	         21.06152126	         -4.18199909	         -6.75113086	        -69.28970942	         -2.12790762	          8.33275478	         20.47371445	          1.38974754	         -3.04253974	        -20.07032249	          8.97950003	          6.54231256	        -13.15108687	         -2.62012130	          7.12107310	          0.23561972	          0.01130585	          0.01000000	          0.00999999	          0.16705134	          0.00999999	          0.48732305	          0.00999999	          0.19034994	          0.13859613	          0.00999999	          0.01693490	          0.01213095	          0.29429238	          0.05620126	          0.02740754	          0.00999999	          0.10600372	          0.08013827	          0.08903622	          0.21683577	          0.10481440	          0.00999999	          0.00999999	          0.09368492	          0.02037747	          0.08502586	          0.11627684	
          1.67476234	         -7.49789897	         -0.26523698	         -2.47951249	          2.84641113	          0.95711842	         -0.00929987	         23.09576283	         -3.85722504	         -7.26759422	        -69.25653162	         -1.09771966	          7.34095945	         19.18220278	          1.23444714	         -2.60391002	        -19.25646816	          8.74790229	          7.12715120	        -13.53241316	         -2.23598510	          6.74297420	          0.23073738	          0.00999999	          0.01000000	          0.00999999	          0.14360963	          0.00999999	          0.41893875	          0.00999999	          0.19794681	          0.13529721	          0.00999999	          0.01455849	          0.01042866	          0.30687172	          0.06582085	          0.04442837	          0.00999999	          0.10318310	          0.06889276	          0.08600402	          0.40253537	          0.09608906	          0.00999999	          0.00999999	          0.08053845	          0.03915902	          0.09398489	          0.13753818	
          1.68455628	         -7.49957557	         -0.59054039	         -1.96207732	          2.86038685	          0.95986404	         -0.00987127	         25.04121940	         -3.60228821	         -7.84304215	        -68.85207414	         -0.11301304	          6.46401989	         17.97481949	          1.07960475	         -2.18829959	        -18.59364637	          8.58902051	          7.70751109	        -13.90784189	         -1.87056672	          6.36100715	          0.21864482	          0.00999999	          0.01573977	          0.00999999	          0.12345740	          0.00999999	          0.36015058	          0.00999999	          0.20836958	          0.13419183	          0.00999999	          0.01251555	          0.00999999	          0.32615018	          0.08948869	          0.03819390	          0.00999999	          0.10206799	          0.05922528	          0.08509898	          0.55589558	          0.10809907	          0.00999999	          0.00999999	          0.06923678	          0.03899396	          0.10286433	          0.16901712	
          1.69435021	         -7.50170312	         -0.88624480	         -1.43868457	          2.87435388	          0.96221024	         -0.01041860	         26.87809875	         -3.41861477	         -8.46922866	        -68.06616925	          0.80540625	          5.68838790	         16.86914964	          0.92877396	         -1.80984064	        -18.12164120	          8.53258045	          8.27179603	        -14.27091521	         -1.53031125	          5.97108878	          0.20876168	          0.00999999	          0.01353107	          0.00999999	          0.10613307	          0.00999999	          0.30961194	          0.00999999	          0.21520026	          0.13060245	          0.00999999	          0.01075929	          0.00999999	          0.34933985	          0.10824926	          0.03283429	          0.00999999	          0.10075974	          0.05091441	          0.08521406	          0.65950051	          0.11397938	          0.00999999	          0.00999999	          0.05952103	          0.03352207	          0.11211121	          0.20594918	
          1.70414414	         -7.50503385	         -1.14966921	         -0.91069400	          2.88834689	          0.96411532	         -0.01093057	         28.58767991	         -3.30337668	         -9.13434384	        -66.89379679	          1.65521745	          5.00026041	         15.87071713	          0.78639171	         -1.47441187	        -17.85545762	          8.58459643	          8.82561763	        -14.61473476	         -1.22111423	          5.56957574	          0.20296397	          0.00999999	          0.01163230	          0.00999999	          0.09123980	          0.00999999	          0.26616521	          0.00999999	          0.21768990	          0.12414869	          0.00999999	          0.00999999	          0.00999999	          0.37782976	          0.12394438	          0.02822677	          0.00999999	          0.09959939	          0.04376978	          0.08649928	          0.69895812	          0.11192223	          0.00999999	          0.00999999	          0.05116866	          0.02881804	          0.12251696	          0.24441207	
          1.71393807	         -7.51044275	         -1.37846302	         -0.38046232	          2.90240018	          0.96554934	         -0.01139685	         30.15262554	         -3.25073262	         -9.82541234	        -65.33320839	          2.44016570	          4.38781724	         14.97545637	          0.65692792	         -1.18276643	        -17.78974429	          8.73612378	          9.38493690	        -14.93284768	         -0.94816496	          5.15467282	          0.20119407	          0.00999999	          0.00999999	          0.00999999	          0.07843644	          0.00999999	          0.22881520	          0.00999999	          0.21545588	          0.11586920	          0.00999999	          0.00999999	          0.00999999	          0.41161594	          0.13671790	          0.02426581	          0.00999999	          0.09918939	          0.03762772	          0.08840009	          0.66285448	          0.10205028	          0.00999999	          0.00999999	          0.04398834	          0.02477411	          0.13487379	          0.28164584	
          1.72373200	         -7.51884650	         -1.57122894	          0.14958691	          2.91655013	          0.96649528	         -0.01180965	         31.55634055	         -3.25237101	        -10.53037028	        -63.38457716	          3.15728054	          3.83732688	         14.16743390	          0.54387784	         -0.93248347	        -17.89659356	          8.97216557	          9.96790828	        -15.21909661	         -0.71502843	          4.72591843	          0.20365397	          0.00999999	          0.00999999	          0.00999999	          0.06742974	          0.00999999	          0.19670639	          0.00999999	          0.20914296	          0.10636598	          0.00999999	          0.00999999	          0.00999999	          0.45013097	          0.14772401	          0.02086067	          0.00999999	          0.09977519	          0.03234756	          0.09068001	          0.56983849	          0.08772993	          0.00999999	          0.00999999	          0.03781562	          0.02129765	          0.14987412	          0.31520858	
          1.73352593	         -7.53102537	         -1.72768896	          0.67744541	          2.93083584	          0.96694830	         -0.01216390	         32.78228148	         -3.29805692	        -11.23889984	        -61.05004685	          3.80006211	          3.33309221	         13.42174591	          0.44911602	         -0.72003978	        -18.13336969	          9.27794822	         10.59210679	        -15.46761499	         -0.52352232	          4.28374136	          0.20837239	          0.00999999	          0.00999999	          0.00999999	          0.05796757	          0.00999999	          0.16910329	          0.00999999	          0.20050055	          0.09640443	          0.01233888	          0.00999999	          0.00999999	          0.49039493	          0.15934812	          0.01793337	          0.00999999	          0.10270219	          0.02780834	          0.09306917	          0.48987510	          0.07559156	          0.00999999	          0.00999999	          0.03250909	          0.01830903	          0.16797501	          0.33973317	
          1.74331987	         -7.54741907	         -1.84884243	          1.20255553	          2.94529410	          0.96691425	         -0.01245669	         33.81436927	         -3.37609482	        -11.94281871	        -58.33273880	          4.34662219	          2.86510913	         12.71569732	          0.37254696	         -0.54069337	        -18.46371981	          9.64084455	         11.27588194	        -15.67347616	         -0.37376819	          3.82811294	          0.21496357	          0.00999999	          0.00999999	          0.00999999	          0.04983318	          0.00999999	          0.14537363	          0.00999999	          0.19230926	          0.08596057	          0.01334804	          0.00999999	          0.00999999	          0.52258503	          0.16793575	          0.01541685	          0.00999999	          0.10653068	          0.02390610	          0.09435816	          0.42113269	          0.06568807	          0.00999999	          0.00999999	          0.02794720	          0.01573979	          0.18914889	          0.35377185	
          1.75311380	         -7.56817943	         -1.93633192	          1.72480949	          2.95995445	          0.96640817	         -0.01268689	         34.64176293	         -3.47445533	        -12.63401543	        -55.24370313	          4.75926204	          2.43761944	         12.03251502	          0.31286008	         -0.38863426	        -18.86046215	         10.04080819	         12.04293612	        -15.83331171	         -0.26476120	          3.35922819	          0.22496482	          0.01941418	          0.00999999	          0.00999999	          0.04284027	          0.00999999	          0.12497387	          0.00999999	          0.18815141	          0.07764315	          0.01179352	          0.00999999	          0.00999999	          0.53757463	          0.17830785	          0.01325345	          0.00999999	          0.11216769	          0.02100313	          0.09436086	          0.36203665	          0.06387015	          0.00999999	          0.00999999	          0.02402547	          0.01353108	          0.21289393	          0.32110171	
          1.76290773	         -7.59331425	         -1.99280880	          2.24471474	          2.97484100	          0.96545634	         -0.01285610	         35.26025780	         -3.58071646	        -13.30297840	        -51.79951865	          4.99467156	          2.06408146	         11.35754145	          0.26739921	         -0.26159148	        -19.29670281	         10.44759052	         12.92412157	        -15.94490035	         -0.19342621	          2.87613440	          0.23543307	          0.03378724	          0.00999999	          0.00999999	          0.03682865	          0.00999999	          0.10743674	          0.00999999	          0.18795855	          0.07003634	          0.01013858	          0.00999999	          0.00999999	          0.53751387	          0.18666652	          0.01139364	          0.00999999	          0.11832717	          0.02129764	          0.09303845	          0.31123335	          0.06552986	          0.00999999	          0.00999999	          0.02065406	          0.01163231	          0.23866410	          0.27604266	
          1.77270166	         -7.62292023	         -2.02142180	          2.76311000	          2.98997100	          0.96409264	         -0.01296691	         35.67130544	         -3.68167247	        -13.93473758	        -48.01621246	          5.02864526	          1.75128619	         10.68064502	          0.23286172	         -0.15745328	        -19.75619834	         10.85394888	         13.92432400	        -16.00728657	         -0.15557105	          2.37731646	          0.24130872	          0.04479059	          0.00999999	          0.00999999	          0.03166062	          0.00999999	          0.09236052	          0.00999999	          0.19131277	          0.06130667	          0.00999999	          0.00999999	          0.00999999	          0.53213286	          0.18749257	          0.00999999	          0.00999999	          0.12464253	          0.01830903	          0.08964170	          0.26755909	          0.06165926	          0.00999999	          0.00999999	          0.01775575	          0.00999999	          0.26534832	          0.23730659	
          1.78249559	         -7.65728680	         -2.02584177	          3.28140276	          3.00535310	          0.96235102	         -0.01302127	         35.88162527	         -3.76337258	        -14.50424219	        -43.91207438	          4.88362231	          1.49164961	          9.99770897	          0.20532827	         -0.06762180	        -20.23328689	         11.26101955	         15.03084867	        -16.02111242	         -0.14640992	          1.86161873	          0.24611030	          0.06152350	          0.00999999	          0.00999999	          0.02721780	          0.00999999	          0.07939990	          0.00999999	          0.19768339	          0.05270376	          0.00999999	          0.00999999	          0.00999999	          0.53118767	          0.18348251	          0.00999999	          0.00999999	          0.13002928	          0.01573979	          0.08272304	          0.23001348	          0.05300684	          0.00999999	          0.00999999	          0.02292862	          0.00999999	          0.29237878	          0.20400621	
          1.79228953	         -7.69676899	         -2.01056103	          3.80108688	          3.02100174	          0.96026522	         -0.01302451	         35.90313824	         -3.81357394	        -14.97459104	        -39.51899941	          4.62670835	          1.26716097	          9.29044431	          0.17995989	          0.01540911	        -20.69137435	         11.65628807	         16.22919152	        -15.98679717	         -0.15933789	          1.32772413	          0.25744315	          0.09917100	          0.00999999	          0.00999999	          0.02339842	          0.00999999	          0.06825800	          0.00999999	          0.20452888	          0.04657415	          0.00999999	          0.00999999	          0.00999999	          0.53787314	          0.18490698	          0.00999999	          0.00999999	          0.13459482	          0.01353108	          0.07307801	          0.19773652	          0.04556858	          0.00999999	          0.00999999	          0.05313235	          0.00999999	          0.31888595	          0.17537875	
          1.80208346	         -7.74153654	         -1.98203061	          4.32136531	          3.03695589	          0.95787432	         -0.01299087	         35.75699179	         -3.82542872	        -15.29986288	        -34.90412622	          4.33411477	          1.06465843	          8.50088832	          0.14955318	          0.09091151	        -21.01990219	         12.00826414	         17.52084473	        -15.90188077	         -0.18330978	          0.77462380	          0.27383341	          0.14578280	          0.00999999	          0.00999999	          0.02011501	          0.00999999	          0.15144846	          0.00999999	          0.21533290	          0.04334317	          0.00999999	          0.00999999	          0.00999999	          0.54350959	          0.17891018	          0.00999999	          0.00999999	          0.14441989	          0.01163231	          0.06282324	          0.16998886	          0.03917410	          0.00999999	          0.00999999	          0.09566652	          0.11361434	          0.34432934	          0.15076848	
          1.81187739	         -7.79152525	         -1.94895399	          4.83946770	          3.05324336	          0.95522535	         -0.01294627	         35.49614475	         -3.80504205	        -15.42605607	        -30.22162387	          4.04577402	          0.88614133	          7.56809996	          0.10500045	          0.16138388	        -21.10618301	         12.29745810	         18.90199348	        -15.76559476	         -0.20194167	          0.20319892	          0.28377252	          0.18730774	          0.00999999	          0.00999999	          0.01729234	          0.00999999	          0.18298441	          0.00999999	          0.23471306	          0.04088404	          0.00999999	          0.00999999	          0.00999999	          0.54965454	          0.16406284	          0.00999999	          0.00999999	          0.14811334	          0.00999999	          0.05400748	          0.14613493	          0.03367694	          0.00999999	          0.00999999	          0.13195420	          0.19962761	          0.36906931	          0.12961168	
          1.82167132	         -7.84652900	         -1.92215089	          5.35255692	          3.06986710	          0.95237441	         -0.01291635	         35.17696444	         -3.76289005	        -15.30499146	        -25.62751623	          3.75612660	          0.73453089	          6.45950237	          0.03554858	          0.23551087	        -20.89317698	         12.53555383	         20.32450007	        -15.58071828	         -0.19649335	         -0.38494913	          0.27529893	          0.22878757	          0.00999999	          0.00999999	          0.09319695	          0.00999999	          0.20674239	          0.01439198	          0.25610696	          0.03873657	          0.00999999	          0.01138209	          0.00999999	          0.55970655	          0.17188241	          0.00999999	          0.00999999	          0.13372510	          0.00999999	          0.05015952	          0.12562834	          0.02895118	          0.00999999	          0.00999999	          0.15012076	          0.27186169	          0.39254132	          0.11142374	
          1.83146525	         -7.90591261	         -1.91605072	          5.85531870	          3.08681513	          0.94938374	         -0.01289615	         34.83450074	         -3.69781111	        -14.94187053	        -21.22852257	          3.46657935	          0.60789474	          5.18548054	         -0.07488083	          0.32180669	        -20.39713133	         12.71388089	         21.75805151	        -15.35174343	         -0.14987710	         -0.98785116	          0.26243977	          0.26637541	          0.00999999	          0.00999999	          0.17759577	          0.00999999	          0.17773097	          0.02164942	          0.28243936	          0.03865369	          0.00999999	          0.01163239	          0.00999999	          0.57756131	          0.17944242	          0.00999999	          0.00999999	          0.11495994	          0.00999999	          0.04838400	          0.10799937	          0.03586441	          0.00999999	          0.00999999	          0.14916985	          0.33738543	          0.41402114	          0.09578804	
          1.84125919	         -7.96889223	         -1.93843829	          6.34109746	          3.10406197	          0.94631645	         -0.01286718	         34.49088777	         -3.60951832	        -14.39036956	        -17.09881501	          3.19840032	          0.50395580	          3.78682116	         -0.23619671	          0.41003280	        -19.68410988	         12.80217145	         23.19947138	        -15.08540728	         -0.05488771	         -1.60476668	          0.25069005	          0.30061165	          0.00999999	          0.00999999	          0.23504946	          0.00999999	          0.15279062	          0.03773725	          0.30518385	          0.03867763	          0.00999999	          0.01000006	          0.00999999	          0.59477337	          0.18253902	          0.00999999	          0.00999999	          0.10138198	          0.00999999	          0.05056779	          0.09284421	          0.04759951	          0.00999999	          0.00999999	          0.13071597	          0.39673935	          0.43273023	          0.08234645	
          1.85105312	         -8.03421434	         -1.99096574	          6.80269948	          3.12156786	          0.94323021	         -0.01281025	         34.17502636	         -3.50158386	        -13.72497954	        -13.32222600	          2.98231415	          0.42129054	          2.31809111	         -0.45071083	          0.48079116	        -18.84400749	         12.76417797	         24.66567577	        -14.79126128	          0.08909069	         -2.23467002	          0.23184945	          0.33335693	          0.00999999	          0.00999999	          0.26786821	          0.00999999	          0.13135006	          0.03899396	          0.32226167	          0.03603703	          0.00999999	          0.00999999	          0.00999999	          0.61016248	          0.17952801	          0.00999999	          0.00999999	          0.09679506	          0.00999999	          0.04450197	          0.07981571	          0.04906529	          0.00999999	          0.01000000	          0.11237306	          0.44937695	          0.44757348	          0.07079107	
          1.86084705	         -8.10016888	         -2.07460458	          7.23440488	          3.13928561	          0.94017704	         -0.01270548	         33.92189787	         -3.37375250	        -13.01854233	         -9.97658286	          2.83423689	          0.35919212	          0.82688769	         -0.71856102	          0.52055754	        -17.95334281	         12.56645608	         26.18216328	        -14.48112511	          0.28234778	         -2.87694206	          0.20785721	          0.36173759	          0.00999999	          0.00999999	          0.28210354	          0.00999999	          0.11291818	          0.03352208	          0.34080938	          0.03098010	          0.00999999	          0.00999999	          0.00999999	          0.62437420	          0.16331010	          0.00999999	          0.00999999	          0.09348225	          0.00999999	          0.03825717	          0.06861546	          0.04218013	          0.00999999	          0.04340490	          0.09660416	          0.49350998	          0.45683988	          0.06085721	
          1.87064098	         -8.16451263	         -2.18944517	          7.63142147	          3.15717470	          0.93720364	         -0.01253454	         33.76479224	         -3.22133738	        -12.32904771	         -7.12691064	          2.74452746	          0.31674522	         -0.65891109	         -1.03781308	          0.51955745	        -17.05681728	         12.18747562	         27.76672691	        -14.16728009	          0.52476698	         -3.53003444	          0.20630282	          0.37489299	          0.00999999	          0.00999999	          0.27292617	          0.03810348	          0.09707278	          0.02881804	          0.35273432	          0.02819622	          0.00999999	          0.00999999	          0.00999999	          0.63640953	          0.16667878	          0.00999999	          0.00999999	          0.08699442	          0.00999999	          0.03288868	          0.05898690	          0.03626114	          0.00999999	          0.08350160	          0.08304804	          0.52749461	          0.46004439	          0.05231734	
          1.88043491	         -8.22372301	         -2.32886372	          7.99108426	          3.17523624	          0.93434868	         -0.01228784	         33.72045854	         -3.04303922	        -11.70044994	         -4.82992856	          2.69379800	          0.29170477	         -2.13341189	         -1.39882441	          0.47148566	        -16.17025342	         11.61326882	         29.42609996	        -13.85617760	          0.80885968	         -4.19265472	          0.22060846	          0.37464496	          0.00999999	          0.00999999	          0.25301627	          0.07811960	          0.08345090	          0.02477411	          0.36223595	          0.02881804	          0.01000000	          0.00999999	          0.00999999	          0.64846415	          0.17357611	          0.00999999	          0.00999999	          0.07478680	          0.00999999	          0.02827353	          0.05070948	          0.03117275	          0.00999999	          0.08304807	          0.07139421	          0.55120621	          0.45707840	          0.04497583	
          1.89022884	         -8.27412153	         -2.48066666	          8.31139493	          3.19350306	          0.93163573	         -0.01196581	         33.78869420	         -2.84113976	        -11.15732945	         -3.12445875	          2.67016779	          0.27896854	         -3.59927571	         -1.78561307	          0.37528156	        -15.30145659	         10.83439049	         31.16061642	        -13.54840176	          1.12117362	         -4.86118073	          0.24314679	          0.35572326	          0.00999999	          0.00999999	          0.22257369	          0.11566571	          0.07174054	          0.02129765	          0.35443637	          0.02477411	          0.01073873	          0.00999999	          0.00999999	          0.66024463	          0.18346045	          0.00999999	          0.00999999	          0.06429224	          0.00999999	          0.02430600	          0.04359360	          0.02679839	          0.00999999	          0.07139423	          0.06137571	          0.56387897	          0.44829678	          0.03866454	
          1.90002278	         -8.31242861	         -2.62966485	          8.58988545	          3.21202686	          0.92906976	         -0.01157511	         33.95550125	         -2.62126327	        -10.70331196	         -2.02650971	          2.68249302	          0.27417120	         -5.06413734	         -2.17876089	          0.22849488	        -14.45154811	          9.84186787	         32.96904337	        -13.24059449	          1.44460947	         -5.52813891	          0.26091585	          0.30580589	          0.00999999	          0.00999999	          0.19134073	          0.14986503	          0.10965099	          0.01830903	          0.33821842	          0.02129765	          0.01573978	          0.00999999	          0.00999999	          0.66912973	          0.17746889	          0.00999999	          0.00999999	          0.05527034	          0.00999999	          0.02089523	          0.03747627	          0.02303787	          0.04045189	          0.06137573	          0.05276308	          0.56538680	          0.43401976	          0.03323888	
          1.90981671	         -8.33618001	         -2.76156355	          8.82399259	          3.23084795	          0.92663811	         -0.01112190	         34.20533376	         -2.39048196	        -10.33544705	         -1.54765040	          2.73682600	          0.27491698	         -6.52430114	         -2.55960583	          0.03176020	        -13.64276109	          8.63978479	         34.84318641	        -12.93007496	          1.76217082	         -6.18147400	          0.26349031	          0.26289325	          0.00999999	          0.00999999	          0.18072489	          0.17532790	          0.21646471	          0.01573979	          0.32612044	          0.01830903	          0.01353108	          0.00999999	          0.00999999	          0.67488113	          0.16875503	          0.00999999	          0.00999999	          0.04751445	          0.00999999	          0.01796308	          0.14748060	          0.01980505	          0.08355805	          0.05276310	          0.04535903	          0.55592690	          0.41470131	          0.02857459	
          1.91961064	         -8.34379433	         -2.86898184	          9.01774949	          3.24997265	          0.92430865	         -0.01061325	         34.53446596	         -2.15493340	        -10.06670756	         -1.72071582	          2.83520221	          0.27906610	         -7.94623774	         -2.91812782	         -0.20622008	        -12.94787876	          7.25703866	         36.76935076	        -12.61657784	          2.06448533	         -6.81412033	          0.27014754	          0.22600238	          0.00999999	          0.00999999	          0.16025994	          0.19449743	          0.28913255	          0.01353108	          0.30461072	          0.01573979	          0.01163231	          0.00999999	          0.00999999	          0.68364672	          0.16999832	          0.00999999	          0.00999999	          0.04084692	          0.00999999	          0.01544238	          0.25237504	          0.01702587	          0.07820627	          0.04535904	          0.03899396	          0.53639018	          0.39097848	          0.02456482	
          1.92940457	         -8.33394171	         -2.94339908	          9.17337352	          3.26941904	          0.92203022	         -0.01005721	         34.93340380	         -1.92370214	         -9.89767512	         -2.55815164	          2.97154941	          0.28387243	         -9.30984571	         -3.24341558	         -0.48570577	        -12.41426212	          5.72187099	         38.72910791	        -12.29731924	          2.34062028	         -7.41939268	          0.27858950	          0.19428828	          0.00999999	          0.00999999	          0.14733300	          0.19943171	          0.31275811	          0.01163231	          0.26186579	          0.01353108	          0.00999999	          0.00999999	          0.00999999	          0.69127012	          0.18308076	          0.00999999	          0.00999999	          0.03511502	          0.00999999	          0.01327541	          0.30622404	          0.02267193	          0.06723187	          0.03899397	          0.03352208	          0.50518102	          0.36284508	          0.02111773	
          1.93919850	         -8.30628237	         -2.97738927	          9.29422577	          3.28922978	          0.91973699	         -0.00946840	         35.36968751	         -1.70625778	         -9.83207183	         -4.01024527	          3.07279148	          0.29609456	        -10.61445734	         -3.52599273	         -0.81038147	        -12.05327178	          4.06083052	         40.68868180	        -11.96377661	          2.58070820	         -7.99348380	          0.27953543	          0.16702450	          0.00999999	          0.00999999	          0.14105265	          0.20581374	          0.26886988	          0.00999999	          0.22511911	          0.01163231	          0.00999999	          0.02129765	          0.00999999	          0.65734960	          0.20208842	          0.00999999	          0.00999999	          0.03018745	          0.01354925	          0.04139512	          0.32317773	          0.02477411	          0.05779746	          0.03352209	          0.02881804	          0.47145887	          0.33517293	          0.01815435	
          1.94899244	         -8.26176529	         -2.95859759	          9.38305105	          3.30942697	          0.91736922	         -0.00885882	         35.79225978	         -1.51757949	         -9.88373808	         -5.97959587	          2.91704348	          0.30827121	        -11.84496879	         -3.75105702	         -1.17236733	        -11.90221354	          2.31057191	         42.59700056	        -11.61056289	          2.76872392	         -8.53554888	          0.24030923	          0.14358655	          0.00999999	          0.01163231	          0.30327653	          0.20196888	          0.23114034	          0.00999999	          0.19352895	          0.00999999	          0.00999999	          0.01830903	          0.01223745	          0.70577453	          0.18294644	          0.00999999	          0.00999999	          0.02595136	          0.24787111	          0.07078567	          0.37400101	          0.02129765	          0.33084980	          0.02881805	          0.02477411	          0.40530074	          0.29032851	          0.01560682	
