/vscmnt/brussel_pixiu_data/_data_brussel/112/vsc11236/PredSimResults/SUBJ07mtu3D/worker8.mot
version=1
nRows=200
nColumns=50
inDegrees=yes
endheader
                time	         pelvis_tilt	         pelvis_list	     pelvis_rotation	           pelvis_tx	           pelvis_ty	           pelvis_tz	       hip_flexion_r	     hip_adduction_r	      hip_rotation_r	        knee_angle_r	       ankle_angle_r	         mtp_angle_r	       hip_flexion_l	     hip_adduction_l	      hip_rotation_l	        knee_angle_l	       ankle_angle_l	         mtp_angle_l	    lumbar_extension	      lumbar_bending	     lumbar_rotation	 ercspn_r/activation	 intobl_r/activation	 extobl_r/activation	    abd_r/activation	    add_r/activation	hamstrings_r/activation	bifemsh_r/activation	glut_max_r/activation	iliopsoas_r/activation	rect_fem_r/activation	  vasti_r/activation	gastroc_r/activation	 soleus_r/activation	tib_ant_r/activation	 ercspn_l/activation	 intobl_l/activation	 extobl_l/activation	    abd_l/activation	    add_l/activation	hamstrings_l/activation	bifemsh_l/activation	glut_max_l/activation	iliopsoas_l/activation	rect_fem_l/activation	  vasti_l/activation	gastroc_l/activation	 soleus_l/activation	tib_ant_l/activation	
          0.00000000	         -6.85223198	         -0.52582569	          6.53332976	          0.00000000	          0.84931037	         -0.00839839	         33.05442924	         -1.51737123	         -3.20185848	         -8.19527304	          5.45700932	          0.26130691	        -10.82322786	          0.62936712	          6.96915760	         -8.49049242	          8.40875397	         26.58789913	         -9.18173241	         -1.79375084	         -1.21929260	          0.12377634	          0.16165446	          0.01918892	          0.02220881	          0.10036296	          0.04001064	          0.01168291	          0.05499028	          0.01005652	          0.03033958	          0.01856889	          0.01922612	          0.01095203	          0.21851832	          0.07387388	          0.01000012	          0.01000018	          0.04353809	          0.01295728	          0.01473054	          0.12487778	          0.03139788	          0.26263789	          0.02024278	          0.01000276	          0.10367128	          0.30704168	          0.01732047	
          0.01065400	         -6.90087068	         -0.46411820	          6.53817580	          0.01477166	          0.84786049	         -0.00821723	         32.69475830	         -1.23371510	         -2.47300820	         -8.89485407	          5.07753323	          0.26795710	        -11.12384877	          0.67953638	          6.61493735	         -9.68355477	          7.68802338	         28.09566275	         -9.09125173	         -1.44974248	         -1.27581031	          0.10517040	          0.13727849	          0.01629542	          0.01885994	          0.13867632	          0.03397744	          0.01000179	          0.12590507	          0.01000145	          0.02576524	          0.01576919	          0.01632712	          0.01387311	          0.21091759	          0.12029669	          0.01000016	          0.01000030	          0.03697294	          0.02721282	          0.01250986	          0.10604739	          0.02666339	          0.30029220	          0.02666538	          0.03139348	          0.08803860	          0.29163349	          0.01470870	
          0.02130800	         -6.93661313	         -0.40243040	          6.50032166	          0.02982002	          0.84652679	         -0.00800703	         32.26830244	         -1.01803475	         -1.66389345	         -9.90209592	          4.82062682	          0.24871838	        -11.35505088	          0.74052628	          6.23012032	        -11.04836628	          6.85708157	         29.56284947	         -8.97842028	         -1.09366533	         -1.33060603	          0.10680432	          0.13449938	          0.01383825	          0.06093077	          0.11944471	          0.03560027	          0.02264083	          0.14341297	          0.01000242	          0.02188052	          0.01339148	          0.01386586	          0.01178125	          0.24082213	          0.12147148	          0.01000010	          0.01000025	          0.03139775	          0.03355383	          0.01064592	          0.09005645	          0.02264281	          0.26857551	          0.02264471	          0.02666266	          0.07476318	          0.27059407	          0.01249077	
          0.03196200	         -6.96281778	         -0.33199231	          6.41578662	          0.04494563	          0.84544498	         -0.00772230	         31.82327830	         -0.82239135	         -0.92730273	        -10.88675133	          4.50106761	          0.24062880	        -11.42500944	          0.82742650	          5.81267048	        -12.71900284	          5.90907832	         30.95081839	         -8.86797482	         -0.74201787	         -1.38091207	          0.11998014	          0.11421815	          0.01175162	          0.11088060	          0.13457157	          0.03730627	          0.01922720	          0.17096981	          0.01000025	          0.01858164	          0.01137322	          0.01177515	          0.01000480	          0.26258828	          0.14663618	          0.01000007	          0.01000025	          0.02666325	          0.02849487	          0.01000390	          0.07647681	          0.01922849	          0.27914946	          0.01923025	          0.02264239	          0.06348957	          0.24834078	          0.01060728	
          0.04261599	         -6.97968882	         -0.25589746	          6.28754296	          0.05998951	          0.84473524	         -0.00735818	         31.43975985	         -0.62436453	         -0.27113883	        -11.97787610	          4.18180633	          0.22724118	        -11.26000370	          0.93970161	          5.36534636	        -14.80114756	          4.84506085	         32.16821465	         -8.77566358	         -0.39340321	         -1.42494696	          0.12816161	          0.09699512	          0.01000016	          0.14394102	          0.15545395	          0.03854861	          0.01632825	          0.18949220	          0.01000032	          0.01578030	          0.08889387	          0.01000050	          0.01000018	          0.27836873	          0.17194954	          0.01000010	          0.01000020	          0.02264267	          0.04515545	          0.01387042	          0.06494487	          0.01632902	          0.27710696	          0.01633061	          0.01922818	          0.05391592	          0.22070566	          0.01000003	
          0.05326999	         -6.98694187	         -0.17874111	          6.11994242	          0.07487696	          0.84448589	         -0.00692635	         31.10241627	         -0.42013502	          0.31083758	        -13.15958731	          3.96077660	          0.21137673	        -10.79980877	          1.07347358	          4.88604202	        -17.38776068	          3.69325175	         33.03019084	         -8.70418390	         -0.04561086	         -1.46159509	          0.12917211	          0.08236915	          0.01000018	          0.17312029	          0.17006095	          0.03805968	          0.01386642	          0.19942454	          0.01000027	          0.01340161	          0.18672395	          0.01000065	          0.01000048	          0.28001079	          0.20028495	          0.01000009	          0.01000021	          0.01922836	          0.05910508	          0.01178161	          0.05515188	          0.01386676	          0.26217516	          0.01386818	          0.01632878	          0.04578589	          0.18742527	          0.01000006	
          0.06392399	         -6.98503376	         -0.10396389	          5.91415288	          0.08956031	          0.84477237	         -0.00643773	         30.75993377	         -0.21041754	          0.81951925	        -14.34151395	          3.88488126	          0.19655130	        -10.00248506	          1.22161786	          4.37023342	        -20.53467397	          2.46903952	         33.30999983	         -8.65291841	          0.30143731	         -1.48820760	          0.13136242	          0.06994864	          0.01000017	          0.18960000	          0.17540665	          0.03527519	          0.01177596	          0.19994128	          0.01000028	          0.01138232	          0.24798918	          0.01000079	          0.01000174	          0.27017831	          0.21797734	          0.01000010	          0.01000022	          0.01632890	          0.06918731	          0.01000808	          0.04683568	          0.01177580	          0.22967352	          0.01177708	          0.01386656	          0.03888180	          0.15916321	          0.01000005	
          0.07457799	         -6.97450396	         -0.03354538	          5.67193741	          0.10403006	          0.84560147	         -0.00591010	         30.36213719	          0.00419170	          1.26835185	        -15.42866521	          3.94289760	          0.18492792	         -8.86213522	          1.37474463	          3.82136471	        -24.21165255	          1.07679251	         32.94304612	         -8.61680994	          0.64807874	         -1.50210075	          0.13409185	          0.05940103	          0.01000015	          0.19684322	          0.17145187	          0.03274858	          0.01000186	          0.19264610	          0.01000022	          0.01000479	          0.28966792	          0.01000058	          0.01000041	          0.25589983	          0.22323506	          0.01000008	          0.01000025	          0.01386665	          0.07996347	          0.01000145	          0.03977409	          0.01000014	          0.19504088	          0.01000135	          0.01177563	          0.03301878	          0.13516281	          0.01000005	
          0.08523199	         -6.95610150	          0.03204837	          5.39515703	          0.11829993	          0.84690656	         -0.00536396	         29.87311965	          0.22173627	          1.67960963	        -16.35399786	          4.12018557	          0.17975142	         -7.40827439	          1.52258391	          3.24400270	        -28.30692802	         -0.60981024	         31.93363293	         -8.58890404	          0.99458244	         -1.50012919	          0.12245771	          0.05044390	          0.01000018	          0.20256334	          0.16154611	          0.03326141	          0.01000226	          0.17142448	          0.01000025	          0.01000469	          0.30981130	          0.01000047	          0.01000027	          0.23297012	          0.22908890	          0.01000015	          0.01000022	          0.01177568	          0.07109277	          0.01000173	          0.03491541	          0.01000004	          0.16563049	          0.01000027	          0.01000005	          0.02803986	          0.11478146	          0.01000002	
          0.09588599	         -6.93125855	          0.08728801	          5.09028591	          0.13237452	          0.84858853	         -0.00480579	         29.28497485	          0.44619563	          2.08123199	        -17.10146576	          4.41420154	          0.19247911	         -5.69159471	          1.64556878	          2.63945637	        -32.66346324	         -2.67096964	         30.27959412	         -8.56448570	          1.34339674	         -1.48572537	          0.10399326	          0.04283742	          0.01000018	          0.20955943	          0.14658453	          0.03549320	          0.01000154	          0.14725482	          0.01000026	          0.01000707	          0.32263183	          0.01000029	          0.01000013	          0.19814668	          0.23457271	          0.01000008	          0.01000014	          0.01000002	          0.06037264	          0.01000075	          0.03356852	          0.01000003	          0.14065491	          0.01000029	          0.01000002	          0.02381171	          0.09747343	          0.01172149	
          0.10653998	         -6.90151625	          0.13316551	          4.76129459	          0.14624066	          0.85053515	         -0.00423421	         28.60719340	          0.67581864	          2.49379698	        -17.67804218	          4.78706988	          0.24463379	         -3.78565420	          1.73653629	          2.01203879	        -37.13672945	         -4.79355011	         27.63951942	         -8.54362012	          1.68797185	         -1.46242303	          0.08831206	          0.03637794	          0.01000032	          0.22378252	          0.12448307	          0.03589978	          0.01000161	          0.12505113	          0.01000016	          0.01000213	          0.32281736	          0.01000049	          0.01000034	          0.16826798	          0.23039798	          0.01334883	          0.01000051	          0.01000002	          0.05126900	          0.01000116	          0.02850716	          0.01000006	          0.11944546	          0.01550472	          0.01000009	          0.02022115	          0.08277530	          0.11193984	
          0.11719398	         -6.86842967	          0.16239800	          4.41345630	          0.15988095	          0.85260298	         -0.00366672	         27.85998515	          0.91284695	          2.91141732	        -18.11433717	          5.23245513	          0.34587856	         -1.79923350	          1.79544007	          1.37927968	        -41.59913861	         -6.14421783	         24.21400353	         -8.52676448	          2.03451233	         -1.43168159	          0.07499780	          0.03089249	          0.01000021	          0.22208288	          0.11214313	          0.03645973	          0.01000111	          0.12363825	          0.01000016	          0.01000346	          0.32401323	          0.01000059	          0.01000216	          0.14289471	          0.22451274	          0.01133603	          0.01000035	          0.01000002	          0.04353810	          0.01000051	          0.06564828	          0.01000003	          0.10152995	          0.07755469	          0.01000001	          0.01717325	          0.07029352	          0.12083381	
          0.12784798	         -6.83355402	          0.18675601	          4.04558944	          0.17332563	          0.85476567	         -0.00310533	         27.04246205	          1.14135557	          3.31614469	        -18.39888264	          5.68064722	          0.49619138	          0.17371190	          1.83416632	          0.72379584	        -45.77607252	         -6.56411486	         21.14864873	         -8.51266835	          2.36796980	         -1.39200996	          0.06955639	          0.02623421	          0.01000022	          0.22096023	          0.10298787	          0.04018012	          0.01000117	          0.11908826	          0.01000014	          0.01000243	          0.30482613	          0.01000053	          0.01598905	          0.12134752	          0.20603844	          0.01000020	          0.01000052	          0.01000002	          0.03697295	          0.01000051	          0.08457053	          0.01000002	          0.09890627	          0.13300295	          0.01000001	          0.03068861	          0.05969389	          0.14033224	
          0.13850198	         -6.79827796	          0.20892323	          3.66213883	          0.18659352	          0.85704175	         -0.00255343	         26.15653195	          1.35521542	          3.70755949	        -18.52592489	          6.06911842	          0.70514268	          2.11060501	          1.84184589	          0.02568754	        -49.53148017	         -6.52783689	         18.48172447	         -8.50256548	          2.68628734	         -1.34378398	          0.06148973	          0.02227836	          0.01000026	          0.21908846	          0.09695451	          0.04404699	          0.01000124	          0.11155132	          0.01000013	          0.01000186	          0.28035571	          0.01000049	          0.02716966	          0.10304951	          0.18735720	          0.01000035	          0.01000060	          0.01000002	          0.03139776	          0.01000054	          0.11143608	          0.01000002	          0.09837967	          0.18485528	          0.01000001	          0.03450480	          0.05069258	          0.14989345	
          0.14915598	         -6.76340413	          0.22893861	          3.26917239	          0.19968620	          0.85942190	         -0.00201407	         25.21057907	          1.55251404	          4.09093703	        -18.50492740	          6.36621281	          0.98312276	          4.01004931	          1.80768469	         -0.72333496	        -52.80838070	         -6.24016078	         16.15153205	         -8.50042123	          2.99040355	         -1.28819303	          0.05347225	          0.01891901	          0.01000030	          0.21604650	          0.09326934	          0.04694882	          0.01000112	          0.10338986	          0.01000011	          0.01000157	          0.25605355	          0.01000045	          0.03976743	          0.08751075	          0.17165301	          0.01000048	          0.01000066	          0.01000002	          0.02666327	          0.01000050	          0.14131868	          0.01000002	          0.09752339	          0.22357407	          0.01000001	          0.03569505	          0.04304859	          0.14513799	
          0.15980998	         -6.72916796	          0.24799403	          2.87213252	          0.21260249	          0.86187999	         -0.00148714	         24.21156189	          1.73046948	          4.46794541	        -18.34723564	          6.56574292	          1.33196637	          5.87785556	          1.72541532	         -1.52503249	        -55.58944317	         -5.80723879	         14.11630175	         -8.51042604	          3.27894702	         -1.22682335	          0.04655005	          0.01606623	          0.01000037	          0.21151067	          0.08931181	          0.04889000	          0.01000098	          0.09464775	          0.01000010	          0.01000141	          0.23375615	          0.01000042	          0.05154286	          0.07431507	          0.15937168	          0.01000083	          0.01000066	          0.01000003	          0.02264269	          0.01000045	          0.17872283	          0.01000003	          0.09579169	          0.24563905	          0.01000001	          0.03597068	          0.03655725	          0.13639903	
          0.17046398	         -6.69536833	          0.26743247	          2.47579857	          0.22534059	          0.86437910	         -0.00097196	         23.16626500	          1.88631391	          4.83721370	        -18.06645129	          6.67432627	          1.74592605	          7.72321149	          1.59248995	         -2.37606787	        -57.89049249	         -5.27373520	         12.33592517	         -8.53613544	          3.54990350	         -1.16129391	          0.04188978	          0.01364364	          0.01000047	          0.20371190	          0.08084739	          0.05033814	          0.01000085	          0.08602926	          0.01000010	          0.01000133	          0.21471031	          0.01000041	          0.06195747	          0.06310912	          0.14856830	          0.01000769	          0.01000060	          0.01000003	          0.01922838	          0.01000037	          0.22298466	          0.01000003	          0.09362215	          0.25015902	          0.01000002	          0.03405249	          0.03104475	          0.12678211	
          0.18111797	         -6.66157054	          0.28962075	          2.08412008	          0.23789871	          0.86687635	         -0.00047057	         22.08289803	          2.01638044	          5.19442948	        -17.67984432	          6.70435108	          2.21519619	          9.55562682	          1.41130202	         -3.26916825	        -59.75075255	         -4.65196697	         10.77778792	         -8.58030360	          3.80044932	         -1.09246171	          0.04220390	          0.01158639	          0.01000052	          0.19373566	          0.06865660	          0.05077992	          0.01000073	          0.08098202	          0.01000009	          0.01000135	          0.19937463	          0.01000039	          0.07081173	          0.05359289	          0.14000977	          0.01406748	          0.01000064	          0.01000004	          0.01632892	          0.01000028	          0.27452533	          0.01000004	          0.09311917	          0.23952392	          0.01000002	          0.02891859	          0.02636348	          0.11557608	
          0.19177197	         -6.62718095	          0.31732811	          1.70018790	          0.25028097	          0.86932833	          0.00001243	         20.96776015	          2.11693452	          5.53396965	        -17.20263606	          6.67216999	          2.72868573	         11.38203889	          1.18779428	         -4.19451294	        -61.22142413	         -3.94162450	          9.41348642	         -8.64384844	          4.02756725	         -1.01961536	          0.04244657	          0.01000029	          0.01000053	          0.18373250	          0.05830387	          0.04975378	          0.01000066	          0.07661686	          0.01000009	          0.01000149	          0.18622854	          0.01000039	          0.07821023	          0.04551162	          0.13635736	          0.01712949	          0.01000069	          0.01000006	          0.01386667	          0.01000021	          0.32632461	          0.01000004	          0.09383133	          0.21794634	          0.01000002	          0.02455803	          0.02238810	          0.10579193	
          0.20242597	         -6.59151772	          0.35169445	          1.32661859	          0.26249907	          0.87169455	          0.00047470	         19.82485690	          2.18702875	          5.85406475	        -16.64756779	          6.59619189	          3.27475164	         13.20644453	          0.92742490	         -5.14116677	        -62.35837397	         -3.15084653	          8.21923892	         -8.72563051	          4.22945829	         -0.94254776	          0.04215920	          0.01000038	          0.01000053	          0.17417580	          0.04951221	          0.04689822	          0.01000061	          0.07195249	          0.01000009	          0.01000184	          0.17426546	          0.01000039	          0.08447735	          0.03864892	          0.13621441	          0.01922402	          0.01000073	          0.01000007	          0.01177572	          0.01000015	          0.37032619	          0.01000004	          0.09569913	          0.18858136	          0.01000003	          0.02085495	          0.01901218	          0.09841764	
          0.21307997	         -6.55396653	          0.39270857	          0.96514771	          0.27456998	          0.87393874	          0.00091663	         18.65763207	          2.22767361	          6.15540704	        -16.02693913	          6.49400993	          3.84237706	         15.02948213	          0.63499730	         -6.09825646	        -63.21570268	         -2.29206986	          7.17383497	         -8.82314814	          4.40521753	         -0.86203866	          0.03935468	          0.01000031	          0.01000055	          0.16478094	          0.04204623	          0.04341837	          0.01000059	          0.06611113	          0.01000009	          0.01000250	          0.16266876	          0.01000040	          0.08990607	          0.03282105	          0.13742929	          0.01632877	          0.01000072	          0.01000008	          0.01000008	          0.01000011	          0.39590006	          0.01000004	          0.09801390	          0.16014544	          0.01000003	          0.01771025	          0.01614532	          0.09341435	
          0.22373397	         -6.51413008	          0.43985220	          0.61639620	          0.28651571	          0.87603068	          0.00133979	         17.46922889	          2.24077434	          6.43868747	        -15.35235429	          6.38077035	          4.42206098	         16.84638342	          0.31570375	         -7.05533253	        -63.83309660	         -1.38148655	          6.25914905	         -8.93290170	          4.55466039	         -0.77967533	          0.03839183	          0.01000034	          0.01000048	          0.15464258	          0.03570606	          0.03994209	          0.01000059	          0.06329669	          0.01000009	          0.01000412	          0.15163531	          0.01000042	          0.09470695	          0.02787197	          0.13885776	          0.01386705	          0.01000088	          0.01000009	          0.01000004	          0.01000008	          0.38013879	          0.01000005	          0.10237636	          0.13599720	          0.01000003	          0.01503975	          0.01371076	          0.09072037	
          0.23438797	         -6.47185884	          0.49294080	          0.27945540	          0.29836784	          0.87794954	          0.00174358	         16.25924337	          2.22748184	          6.70173360	        -14.62853229	          6.26695220	          5.00627894	         18.64297838	         -0.02163366	         -8.00120756	        -64.21892515	         -0.44135917	          5.45938428	         -9.04986612	          4.67803073	         -0.69583963	          0.03697051	          0.01000046	          0.01000041	          0.14410777	          0.03032192	          0.03641793	          0.01000060	          0.06262972	          0.01000009	          0.01000846	          0.14012115	          0.01000045	          0.09904180	          0.02366918	          0.14060190	          0.01177638	          0.01000136	          0.01000009	          0.01000004	          0.01000006	          0.32281767	          0.01000004	          0.10846179	          0.11549040	          0.01000004	          0.01277194	          0.01164331	          0.08973709	
          0.24504196	         -6.42733675	          0.55093671	         -0.04699378	          0.31016161	          0.87968325	          0.00212727	         15.02513204	          2.18964338	          6.94308483	        -13.85504748	          6.15702557	          5.58901502	         20.39844767	         -0.36768805	         -8.92517441	        -64.35393203	          0.49868101	          4.76035234	         -9.16860857	          4.77676098	         -0.61047673	          0.03256211	          0.01000065	          0.01000036	          0.13405193	          0.02574966	          0.03368360	          0.01000063	          0.06154782	          0.01000010	          0.03070784	          0.12277690	          0.01000047	          0.10303642	          0.02010014	          0.13944938	          0.01000148	          0.01000255	          0.01000010	          0.01000003	          0.01000005	          0.27413975	          0.01000005	          0.11425886	          0.09807665	          0.01000004	          0.01084614	          0.01000005	          0.09017502	
          0.25569596	         -6.38118150	          0.61193528	         -0.36388947	          0.32192240	          0.88122278	          0.00249078	         13.76681269	          2.13021206	          7.16294805	        -13.03401911	          6.05319474	          6.16532482	         22.09496116	         -0.71407734	         -9.81678953	        -64.21880481	          1.40626422	          4.14942532	         -9.28554039	          4.85316463	         -0.52375694	          0.02890683	          0.01000106	          0.01000033	          0.12456916	          0.02186686	          0.03066316	          0.01000066	          0.06013036	          0.01000010	          0.03139386	          0.10426417	          0.01000052	          0.10683500	          0.01706930	          0.13914521	          0.01000075	          0.01001655	          0.01000009	          0.01000003	          0.01000004	          0.23280197	          0.01000005	          0.11966162	          0.08704272	          0.01000006	          0.01000019	          0.01000006	          0.09539021	
          0.26634996	         -6.33419430	          0.67314756	         -0.67171712	          0.33366984	          0.88255882	          0.00283532	         12.48593426	          2.05340031	          7.36446830	        -12.17031961	          5.95725988	          6.73128687	         23.71892123	         -1.05403499	        -10.66563267	        -63.80193946	          2.25662375	          3.61449176	         -9.39788413	          4.91022619	         -0.43610717	          0.02602729	          0.01000098	          0.01000032	          0.11546423	          0.01856955	          0.02753215	          0.01000075	          0.05486241	          0.01000011	          0.02666328	          0.08854236	          0.01000062	          0.11034301	          0.01449554	          0.13804248	          0.01000081	          0.01548132	          0.01000009	          0.01000003	          0.01000004	          0.19769753	          0.01000005	          0.12298414	          0.08282408	          0.01000008	          0.01000021	          0.01000006	          0.10084902	
          0.27700396	         -6.28743087	          0.73086914	         -0.97083123	          0.34541834	          0.88368219	          0.00316367	         11.18329966	          1.96422389	          7.55317988	        -11.26518175	          5.86596444	          7.28489072	         25.25982779	         -1.38264714	        -11.46145854	        -63.09727037	          3.04532769	          3.14523348	         -9.50382547	          4.95169984	         -0.34882621	          0.02223041	          0.01000081	          0.01000032	          0.10672734	          0.01576945	          0.02448075	          0.01000093	          0.04796291	          0.01000013	          0.02264398	          0.07519114	          0.01000061	          0.11391841	          0.01231040	          0.13657400	          0.01000090	          0.02101216	          0.01000009	          0.01000003	          0.01000003	          0.16788652	          0.01000006	          0.12445750	          0.08172008	          0.01000012	          0.01000017	          0.01000007	          0.10597199	
          0.28765796	         -6.24211119	          0.78083481	         -1.26180115	          0.35718020	          0.88458257	          0.00347958	          9.85731156	          1.86777599	          7.73214807	        -10.31729263	          5.79184103	          7.81190238	         26.70928473	         -1.69654904	        -12.19431941	        -62.10322148	          3.77228294	          2.73254317	         -9.60208208	          4.98185259	         -0.26313982	          0.01889630	          0.01000074	          0.01000032	          0.09787339	          0.01339159	          0.02133193	          0.01000115	          0.04119951	          0.01000015	          0.01923031	          0.06385311	          0.01000073	          0.11830944	          0.01882827	          0.13305667	          0.01000101	          0.02457248	          0.01000009	          0.01000003	          0.01000003	          0.14257075	          0.01000007	          0.12380365	          0.08214988	          0.01000023	          0.01000015	          0.01000007	          0.11066634	
          0.29831196	         -6.19937598	          0.81863586	         -1.54512481	          0.36896809	          0.88523981	          0.00378620	          8.50653358	          1.76915692	          7.90254259	         -9.32950895	          5.76450139	          8.28478820	         28.06118578	         -1.99343596	        -12.85409009	        -60.82559117	          4.43422339	          2.36853271	         -9.69140287	          5.00541734	         -0.17959327	          0.01617822	          0.01000072	          0.01000033	          0.08889680	          0.01137231	          0.01830869	          0.01000158	          0.03506194	          0.01000019	          0.01633125	          0.05422474	          0.01000103	          0.12357297	          0.03385251	          0.12869087	          0.01000108	          0.02716954	          0.01000009	          0.01000004	          0.01000003	          0.12107236	          0.01000009	          0.12142608	          0.08310402	          0.01000096	          0.01000013	          0.01000008	          0.11480277	
          0.30896596	         -6.16021600	          0.83990248	         -1.82123921	          0.38079635	          0.88562579	          0.00408656	          7.12975544	          1.67349343	          8.06510872	         -8.30238433	          5.79222621	          8.69009074	         29.31024897	         -2.27192491	        -13.43070139	        -59.27352945	          5.02303203	          2.04697750	         -9.77027157	          5.02728326	         -0.09822963	          0.01547286	          0.01000076	          0.01000033	          0.08005439	          0.01000017	          0.01557015	          0.01000177	          0.03033967	          0.01000024	          0.01386932	          0.04604824	          0.01000177	          0.12964407	          0.05232130	          0.12521768	          0.01000105	          0.03049189	          0.01000008	          0.01000004	          0.01000003	          0.10281574	          0.01000011	          0.11768078	          0.08431446	          0.01426456	          0.01000012	          0.01000009	          0.11826709	
          0.31961995	         -6.12550272	          0.84016119	         -2.09075348	          0.39268416	          0.88571423	          0.00438368	          5.72439507	          1.58591836	          8.21999093	         -7.23150934	          5.86273613	          9.03205946	         30.44680999	         -2.53084820	        -13.91478684	        -57.44354271	          5.52623837	          1.76338498	         -9.83632540	          5.05263795	         -0.01873564	          0.01476050	          0.01000065	          0.01000034	          0.07395930	          0.01000023	          0.01371475	          0.03184581	          0.02604271	          0.01000034	          0.01177881	          0.03910468	          0.01000185	          0.13655613	          0.07036399	          0.12323707	          0.01000124	          0.03193079	          0.01000008	          0.01000005	          0.01000003	          0.08731205	          0.01000014	          0.11272748	          0.08519549	          0.01746718	          0.01000011	          0.01000011	          0.12075494	
          0.33027395	         -6.09592727	          0.81577552	         -2.35407972	          0.40464752	          0.88548098	          0.00468092	          4.29386831	          1.51147881	          8.36573313	         -6.12517392	          5.96603019	          9.32455983	         31.46392106	         -2.76959767	        -14.29728477	        -55.33963441	          5.93010404	          1.51493373	         -9.88733828	          5.08559841	          0.05921429	          0.01623380	          0.01000084	          0.01000033	          0.07214971	          0.01000024	          0.01270617	          0.16109216	          0.02647491	          0.01000037	          0.01000550	          0.03320815	          0.01001715	          0.14407125	          0.08514438	          0.12139346	          0.01000095	          0.03221892	          0.01000008	          0.01000006	          0.01000003	          0.07414618	          0.01000018	          0.10848353	          0.08751035	          0.01865738	          0.01000010	          0.01000013	          0.12233277	
          0.34092795	         -6.07198268	          0.76607659	         -2.61184939	          0.41669063	          0.88490622	          0.00498080	          2.85903434	          1.45466473	          8.49887730	         -5.02350289	          6.09309421	          9.59752602	         32.36118813	         -2.98648083	        -14.56910683	        -52.98070040	          6.22368809	          1.30009566	         -9.92230351	          5.12710591	          0.13632408	          0.01714468	          0.01000084	          0.01000032	          0.07314106	          0.01000024	          0.01231332	          0.27661662	          0.02562257	          0.01000046	          0.01000293	          0.02820077	          0.03708415	          0.15185034	          0.10100562	          0.12162910	          0.01000091	          0.03204113	          0.01000007	          0.01000007	          0.01000003	          0.06296561	          0.01000025	          0.10444266	          0.09033462	          0.01890878	          0.01000010	          0.01000018	          0.12333920	
          0.35158195	         -6.05410279	          0.69257145	         -2.86472560	          0.42881548	          0.88398303	          0.00528490	          1.44284864	          1.41802659	          8.62025316	         -3.96931451	          6.24185566	          9.87831096	         33.14113570	         -3.17914345	        -14.72052656	        -50.39170160	          6.40637081	          1.11751369	         -9.94036238	          5.17561122	          0.21291400	          0.01726008	          0.01000084	          0.01000031	          0.07524234	          0.01000026	          0.01047501	          0.38560919	          0.02323531	          0.01000051	          0.01000250	          0.02394846	          0.06464898	          0.16021320	          0.11495380	          0.12235204	          0.01000084	          0.03165521	          0.01000007	          0.01000008	          0.01000003	          0.05347097	          0.01000033	          0.10004197	          0.09509797	          0.01853589	          0.01000011	          0.01000027	          0.12435232	
          0.36223595	         -6.04266593	          0.59868068	         -3.11364751	          0.44102835	          0.88271363	          0.00559485	          0.06240426	          1.40113140	          8.73285346	         -2.99797456	          6.42975747	         10.17927700	         33.80710641	         -3.34518005	        -14.74174259	        -47.60040021	          6.49117849	          0.96436142	         -9.94004283	          5.22724394	          0.28908004	          0.01605427	          0.01000054	          0.01000030	          0.07887266	          0.01000026	          0.01000161	          0.48207878	          0.01973257	          0.01116868	          0.01000169	          0.02033736	          0.08784015	          0.16951905	          0.12651155	          0.12538327	          0.01000110	          0.02774893	          0.01000006	          0.01000010	          0.01000003	          0.04540804	          0.01000039	          0.09410332	          0.10059474	          0.01797038	          0.01000012	          0.01000043	          0.12603746	
          0.37288995	         -6.03806057	          0.48996575	         -3.35974888	          0.45333845	          0.88110875	          0.00591230	         -1.27060220	          1.40039798	          8.83599200	         -2.13311364	          6.66702458	         10.51320947	         34.36258616	         -3.48227852	        -14.62397837	        -44.63728432	          6.50270457	          0.83565019	         -9.91966103	          5.27563270	          0.36452049	          0.01363490	          0.01000070	          0.01000030	          0.08902268	          0.01000025	          0.01051778	          0.55608007	          0.02489955	          0.05024097	          0.01000114	          0.01727081	          0.10732662	          0.18020425	          0.13360462	          0.11789873	          0.01000106	          0.04051828	          0.01000006	          0.01000017	          0.01000003	          0.03856092	          0.01000072	          0.08914514	          0.10964305	          0.01785586	          0.01000013	          0.01000066	          0.12896459	
          0.38354394	         -6.04136597	          0.37578498	         -3.60626193	          0.46572714	          0.87919208	          0.00623948	         -2.52922534	          1.41048470	          8.92359606	         -1.42035161	          6.96448448	         10.89943753	         34.81542640	         -3.58773451	        -14.36104497	        -41.53845163	          6.46883880	          0.72583685	         -9.88358045	          5.31035128	          0.43831586	          0.01177699	          0.01000075	          0.01000032	          0.10361116	          0.01000029	          0.01709967	          0.60547219	          0.02950044	          0.11049761	          0.01000087	          0.01466669	          0.12349178	          0.19247690	          0.13557309	          0.11007577	          0.01000089	          0.05683754	          0.01000006	          0.01000020	          0.01000003	          0.03274630	          0.01000079	          0.08009833	          0.11893343	          0.01752864	          0.01000013	          0.01000088	          0.13277605	
          0.39419794	         -6.05368922	          0.26782491	         -3.85687481	          0.47817086	          0.87700393	          0.00657721	         -3.68558709	          1.42367799	          8.99152674	         -0.90499253	          7.33010228	         11.35886127	         35.17273117	         -3.65967539	        -13.95255963	        -38.34274428	          6.41198864	          0.63143898	         -9.83795652	          5.31869798	          0.50828082	          0.01000208	          0.01000051	          0.01000033	          0.11839653	          0.01000021	          0.02227950	          0.63289939	          0.03577066	          0.17809338	          0.01000065	          0.01245531	          0.13750182	          0.20636297	          0.13282388	          0.10256489	          0.01000211	          0.07279047	          0.01000006	          0.01071499	          0.01000004	          0.02780846	          0.01277697	          0.07140467	          0.13011472	          0.01785301	          0.01000014	          0.01000109	          0.13723267	
          0.40485194	         -6.07587567	          0.17694980	         -4.11459479	          0.49065650	          0.87460200	          0.00692229	         -4.72035400	          1.43163070	          9.03766684	         -0.61609420	          7.75966940	         11.91232337	         35.43602527	         -3.69750434	        -13.40716423	        -35.08320607	          6.34443721	          0.55055433	         -9.78792877	          5.28957548	          0.57202496	          0.01000122	          0.01000038	          0.01000036	          0.12516404	          0.01000026	          0.02892809	          0.63834772	          0.04092139	          0.24314270	          0.01000052	          0.01057753	          0.14977806	          0.22225448	          0.12313566	          0.09598857	          0.01689217	          0.08482747	          0.01000007	          0.01814923	          0.01000004	          0.02361522	          0.01633882	          0.06458789	          0.14266040	          0.01704468	          0.01000016	          0.01000126	          0.14219132	
          0.41550594	         -6.10844804	          0.11299059	         -4.38036964	          0.50318307	          0.87205922	          0.00726405	         -5.62393677	          1.42476300	          9.06435593	         -0.56387131	          8.22912180	         12.58527194	         35.60275579	         -3.69685259	        -12.74235597	        -31.78834836	          6.27215662	          0.48180959	         -9.73712322	          5.21342715	          0.62838413	          0.01000125	          0.01000038	          0.01000035	          0.12759445	          0.01000033	          0.03562977	          0.62209569	          0.04854920	          0.30377434	          0.01000042	          0.01000092	          0.16041377	          0.23966289	          0.10456812	          0.09184039	          0.04375917	          0.09367449	          0.01000008	          0.02706155	          0.01000005	          0.02005428	          0.01387732	          0.05891045	          0.15283052	          0.01666737	          0.01000017	          0.01000122	          0.14764363	
          0.42615994	         -6.15166282	          0.08219295	         -4.65223092	          0.51575689	          0.86945639	          0.00759263	         -6.40045128	          1.39608488	          9.06577418	         -0.73323285	          8.70483647	         13.39429803	         35.67558040	         -3.65444347	        -11.97575907	        -28.49872978	          6.19739506	          0.42391944	         -9.68858634	          5.08273193	          0.67837797	          0.01000094	          0.01000033	          0.01000034	          0.12896231	          0.01000037	          0.04258915	          0.58542833	          0.05532224	          0.35663154	          0.01000038	          0.01000104	          0.17070584	          0.25814547	          0.08880021	          0.08904517	          0.07113409	          0.09837363	          0.01000010	          0.03552524	          0.01000005	          0.01703031	          0.01178658	          0.05154153	          0.15546731	          0.01701791	          0.01000019	          0.01000120	          0.15337646	
          0.43681394	         -6.20523286	          0.08603195	         -4.92600853	          0.52839250	          0.86686867	          0.00789810	         -7.06145080	          1.34309230	          9.03233502	         -1.10160902	          9.16945363	         14.32807163	         35.66083023	         -3.57126393	        -11.13089670	        -25.26515700	          6.12222611	          0.37610107	         -9.64418422	          4.89486011	          0.72369851	          0.01000046	          0.01000034	          0.01000030	          0.13037787	          0.01000037	          0.04958572	          0.53224248	          0.06248598	          0.38774664	          0.01000033	          0.01000091	          0.17942876	          0.27667309	          0.07540994	          0.08711757	          0.09936779	          0.08354399	          0.01000017	          0.04390724	          0.01000007	          0.01446234	          0.01001160	          0.04377039	          0.13206495	          0.01777457	          0.01000022	          0.01000126	          0.15936027	
          0.44746794	         -6.26804740	          0.12212547	         -5.19562133	          0.54112007	          0.86435606	          0.00816586	         -7.62902963	          1.26620151	          8.95099993	         -1.62801608	          9.58728557	         15.37627819	         35.56698873	         -3.44997393	        -10.23883844	        -22.14750499	          6.04842758	          0.33769975	         -9.60280981	          4.65260823	          0.76820214	          0.01000028	          0.01000031	          0.01000027	          0.12967105	          0.01000031	          0.05245146	          0.46170662	          0.06688367	          0.40755568	          0.01000030	          0.01000086	          0.18582699	          0.29439100	          0.06403880	          0.08687367	          0.12441247	          0.07094650	          0.01000062	          0.05046663	          0.01000009	          0.01228162	          0.01000428	          0.03717057	          0.11215658	          0.01975515	          0.01000024	          0.01000108	          0.16561902	
          0.45812193	         -6.33840534	          0.18446801	         -5.45422148	          0.55397548	          0.86196315	          0.00838212	         -8.12980845	          1.16827011	          8.81703276	         -2.26471059	          9.91595479	         16.53092671	         35.40461510	         -3.29446296	         -9.32975191	        -19.21033994	          5.97897651	          0.30783135	         -9.56238732	          4.36286917	          0.81527903	          0.01000027	          0.01000024	          0.01000025	          0.12544263	          0.01000029	          0.04624718	          0.39208624	          0.06768378	          0.41202379	          0.01000032	          0.01000084	          0.18921512	          0.30997625	          0.05438232	          0.09098694	          0.14152744	          0.06024848	          0.01591642	          0.05914244	          0.01000012	          0.01042980	          0.01010426	          0.03156581	          0.09524720	          0.02183431	          0.01000029	          0.01000096	          0.17174513	
          0.46877593	         -6.41418628	          0.26500975	         -5.69620976	          0.56699557	          0.85972127	          0.00853973	         -8.58633179	          1.05411174	          8.63608086	         -2.97459020	         10.12151415	         17.78369114	         35.18023300	         -3.10771664	         -8.41491504	        -16.50732073	          5.91719813	          0.28555120	         -9.52055822	          4.03398450	          0.86658330	          0.01000034	          0.01000018	          0.01000023	          0.11608564	          0.01000028	          0.03927395	          0.33296344	          0.06631933	          0.40671161	          0.01000037	          0.01000088	          0.18902460	          0.32229964	          0.04618195	          0.09715449	          0.15417970	          0.05116358	          0.02268169	          0.06881388	          0.01000016	          0.01000053	          0.01087177	          0.02680618	          0.08088657	          0.02403098	          0.01000037	          0.01000106	          0.17754258	
          0.47942993	         -6.49305806	          0.35353517	         -5.91655464	          0.58021226	          0.85764627	          0.00863797	         -9.01310370	          0.93250630	          8.41643523	         -3.73859068	         10.18482529	         19.12409832	         34.89868460	         -2.89282033	         -7.49875782	        -14.08321833	          5.86470161	          0.26982923	         -9.47551131	          3.67569211	          0.92224224	          0.01000047	          0.01000014	          0.01000022	          0.09858160	          0.01000022	          0.03335199	          0.28275569	          0.06584667	          0.39201455	          0.01000048	          0.01000098	          0.18485990	          0.33062088	          0.03921813	          0.10512776	          0.16687815	          0.04344860	          0.02844331	          0.08030817	          0.01000024	          0.01000095	          0.01115870	          0.02276427	          0.06869088	          0.02637650	          0.01000041	          0.01000066	          0.18295680	
          0.49008393	         -6.57269983	          0.43752544	         -6.10975209	          0.59364818	          0.85573796	          0.00868059	         -9.41592850	          0.81647632	          8.16656604	         -4.55560341	         10.09986255	         20.53980146	         34.56662701	         -2.65311866	         -6.58907601	        -11.98004303	          5.82058798	          0.25964008	         -9.42672976	          3.29913782	          0.98118749	          0.01000075	          0.01000012	          0.01000021	          0.08371645	          0.01000020	          0.02832297	          0.24011877	          0.06037022	          0.36919504	          0.01000068	          0.01000119	          0.17645893	          0.33456196	          0.03330438	          0.11099682	          0.17519828	          0.03689696	          0.03175381	          0.08719172	          0.01000030	          0.01000117	          0.01037164	          0.01933185	          0.05833390	          0.02959234	          0.01000069	          0.01000119	          0.18791049	
          0.50073793	         -6.65081710	          0.50565783	         -6.27108414	          0.60731893	          0.85398076	          0.00867360	         -9.79772506	          0.71818406	          7.89303638	         -5.43005396	          9.86943850	         22.01486674	         34.19681745	         -2.39182973	         -5.69270219	        -10.25105412	          5.78199610	          0.25426786	         -9.37438120	          2.91394444	          1.04192170	          0.01358417	          0.01000010	          0.01000020	          0.07109279	          0.01000018	          0.02405226	          0.20391110	          0.05126843	          0.34198108	          0.01000127	          0.01000117	          0.16388934	          0.33406999	          0.02828238	          0.12039904	          0.17611319	          0.03133325	          0.03298001	          0.08819834	          0.01706004	          0.01000163	          0.01000437	          0.01641707	          0.04953848	          0.03031143	          0.01000027	          0.01000018	          0.19167589	
          0.51139193	         -6.72490321	          0.54776906	         -6.39699615	          0.62124353	          0.85234788	          0.00862320	        -10.16116609	          0.64861245	          7.60180894	         -6.36840350	          9.50223984	         23.52878072	         33.80637272	         -2.11308044	         -4.81771573	         -8.97247752	          5.73480827	          0.25327795	         -9.31692607	          2.52940297	          1.10254611	          0.02469981	          0.01000012	          0.01000017	          0.06037265	          0.01000031	          0.02042559	          0.17316320	          0.04353812	          0.32670137	          0.01000491	          0.01000701	          0.14375685	          0.32912294	          0.02401765	          0.12535024	          0.17338792	          0.02660850	          0.03079595	          0.08765091	          0.03370637	          0.01000227	          0.01000037	          0.01394182	          0.04206921	          0.02574712	          0.01177516	          0.01101996	          0.19734339	
          0.52204593	         -6.79269341	          0.55670887	         -6.48579579	          0.63543342	          0.85080434	          0.00853139	        -10.50186566	          0.61615379	          7.29655672	         -7.38855416	          9.01342201	         25.05947574	         33.41824443	         -1.81937030	         -3.98311057	         -8.25051033	          5.65306052	          0.25744553	         -9.25291202	          2.15333305	          1.16259775	          0.02240122	          0.01000007	          0.01000022	          0.05126900	          0.01000010	          0.01734579	          0.14705181	          0.03697303	          0.28667570	          0.02383339	          0.01000196	          0.12207977	          0.32051504	          0.02039601	          0.12632430	          0.16974699	          0.02259620	          0.02615232	          0.07721958	          0.03872821	          0.01000214	          0.01011898	          0.01183972	          0.03572616	          0.02186560	          0.01000016	          0.01000009	          0.19333434	
          0.53269992	         -6.85223198	          0.52582569	         -6.53332976	          0.64989391	          0.84931037	          0.00839839	        -10.82322786	          0.62936712	          6.96915760	         -8.49049242	          8.40875397	         26.58789913	         33.05442924	         -1.51737123	         -3.20185848	         -8.19527304	          5.45700932	          0.26130691	         -9.18173241	          1.79375084	          1.21929260	          0.07387388	          0.01000012	          0.01000018	          0.04353809	          0.01295728	          0.01473054	          0.12487778	          0.03139788	          0.26263789	          0.02024278	          0.01000276	          0.10367128	          0.30704168	          0.01732047	          0.12377634	          0.16165446	          0.01918892	          0.02220881	          0.10036296	          0.04001064	          0.01168291	          0.05499028	          0.01005652	          0.03033958	          0.01856889	          0.01922612	          0.01095203	          0.21851832	
          0.54335392	         -6.90087068	          0.46411820	         -6.53817580	          0.66466556	          0.84786049	          0.00821723	        -11.12384877	          0.67953638	          6.61493735	         -9.68355477	          7.68802338	         28.09566275	         32.69475830	         -1.23371510	         -2.47300820	         -8.89485407	          5.07753323	          0.26795710	         -9.09125173	          1.44974248	          1.27581031	          0.12029669	          0.01000016	          0.01000030	          0.03697294	          0.02721282	          0.01250986	          0.10604739	          0.02666339	          0.30029220	          0.02666538	          0.03139348	          0.08803860	          0.29163349	          0.01470870	          0.10517040	          0.13727849	          0.01629542	          0.01885994	          0.13867632	          0.03397744	          0.01000179	          0.12590507	          0.01000145	          0.02576524	          0.01576919	          0.01632712	          0.01387311	          0.21091759	
          0.55400792	         -6.93661313	          0.40243040	         -6.50032166	          0.67971393	          0.84652679	          0.00800703	        -11.35505088	          0.74052628	          6.23012032	        -11.04836628	          6.85708157	         29.56284947	         32.26830244	         -1.01803475	         -1.66389345	         -9.90209592	          4.82062682	          0.24871838	         -8.97842028	          1.09366533	          1.33060603	          0.12147148	          0.01000010	          0.01000025	          0.03139775	          0.03355383	          0.01064592	          0.09005645	          0.02264281	          0.26857551	          0.02264471	          0.02666266	          0.07476318	          0.27059407	          0.01249077	          0.10680432	          0.13449938	          0.01383825	          0.06093077	          0.11944471	          0.03560027	          0.02264083	          0.14341297	          0.01000242	          0.02188052	          0.01339148	          0.01386586	          0.01178125	          0.24082213	
          0.56466192	         -6.96281778	          0.33199231	         -6.41578662	          0.69483954	          0.84544498	          0.00772230	        -11.42500944	          0.82742650	          5.81267048	        -12.71900284	          5.90907832	         30.95081839	         31.82327830	         -0.82239135	         -0.92730273	        -10.88675133	          4.50106761	          0.24062880	         -8.86797482	          0.74201787	          1.38091207	          0.14663618	          0.01000007	          0.01000025	          0.02666325	          0.02849487	          0.01000390	          0.07647681	          0.01922849	          0.27914946	          0.01923025	          0.02264239	          0.06348957	          0.24834078	          0.01060728	          0.11998014	          0.11421815	          0.01175162	          0.11088060	          0.13457157	          0.03730627	          0.01922720	          0.17096981	          0.01000025	          0.01858164	          0.01137322	          0.01177515	          0.01000480	          0.26258828	
          0.57531592	         -6.97968882	          0.25589746	         -6.28754296	          0.70988342	          0.84473524	          0.00735818	        -11.26000370	          0.93970161	          5.36534636	        -14.80114756	          4.84506085	         32.16821465	         31.43975985	         -0.62436453	         -0.27113883	        -11.97787610	          4.18180633	          0.22724118	         -8.77566358	          0.39340321	          1.42494696	          0.17194954	          0.01000010	          0.01000020	          0.02264267	          0.04515545	          0.01387042	          0.06494487	          0.01632902	          0.27710696	          0.01633061	          0.01922818	          0.05391592	          0.22070566	          0.01000003	          0.12816161	          0.09699512	          0.01000016	          0.14394102	          0.15545395	          0.03854861	          0.01632825	          0.18949220	          0.01000032	          0.01578030	          0.08889387	          0.01000050	          0.01000018	          0.27836873	
          0.58596992	         -6.98694187	          0.17874111	         -6.11994242	          0.72477087	          0.84448589	          0.00692635	        -10.79980877	          1.07347358	          4.88604202	        -17.38776068	          3.69325175	         33.03019084	         31.10241627	         -0.42013502	          0.31083758	        -13.15958731	          3.96077660	          0.21137673	         -8.70418390	          0.04561086	          1.46159509	          0.20028495	          0.01000009	          0.01000021	          0.01922836	          0.05910508	          0.01178161	          0.05515188	          0.01386676	          0.26217516	          0.01386818	          0.01632878	          0.04578589	          0.18742527	          0.01000006	          0.12917211	          0.08236915	          0.01000018	          0.17312029	          0.17006095	          0.03805968	          0.01386642	          0.19942454	          0.01000027	          0.01340161	          0.18672395	          0.01000065	          0.01000048	          0.28001079	
          0.59662391	         -6.98503376	          0.10396389	         -5.91415288	          0.73945421	          0.84477237	          0.00643773	        -10.00248506	          1.22161786	          4.37023342	        -20.53467397	          2.46903952	         33.30999983	         30.75993377	         -0.21041754	          0.81951925	        -14.34151395	          3.88488126	          0.19655130	         -8.65291841	         -0.30143731	          1.48820760	          0.21797734	          0.01000010	          0.01000022	          0.01632890	          0.06918731	          0.01000808	          0.04683568	          0.01177580	          0.22967352	          0.01177708	          0.01386656	          0.03888180	          0.15916321	          0.01000005	          0.13136242	          0.06994864	          0.01000017	          0.18960000	          0.17540665	          0.03527519	          0.01177596	          0.19994128	          0.01000028	          0.01138232	          0.24798918	          0.01000079	          0.01000174	          0.27017831	
          0.60727791	         -6.97450396	          0.03354538	         -5.67193741	          0.75392397	          0.84560147	          0.00591010	         -8.86213522	          1.37474463	          3.82136471	        -24.21165255	          1.07679251	         32.94304612	         30.36213719	          0.00419170	          1.26835185	        -15.42866521	          3.94289760	          0.18492792	         -8.61680994	         -0.64807874	          1.50210075	          0.22323506	          0.01000008	          0.01000025	          0.01386665	          0.07996347	          0.01000145	          0.03977409	          0.01000014	          0.19504088	          0.01000135	          0.01177563	          0.03301878	          0.13516281	          0.01000005	          0.13409185	          0.05940103	          0.01000015	          0.19684322	          0.17145187	          0.03274858	          0.01000186	          0.19264610	          0.01000022	          0.01000479	          0.28966792	          0.01000058	          0.01000041	          0.25589983	
          0.61793191	         -6.95610150	         -0.03204837	         -5.39515703	          0.76819384	          0.84690656	          0.00536396	         -7.40827439	          1.52258391	          3.24400270	        -28.30692802	         -0.60981024	         31.93363293	         29.87311965	          0.22173627	          1.67960963	        -16.35399786	          4.12018557	          0.17975142	         -8.58890404	         -0.99458244	          1.50012919	          0.22908890	          0.01000015	          0.01000022	          0.01177568	          0.07109277	          0.01000173	          0.03491541	          0.01000004	          0.16563049	          0.01000027	          0.01000005	          0.02803986	          0.11478146	          0.01000002	          0.12245771	          0.05044390	          0.01000018	          0.20256334	          0.16154611	          0.03326141	          0.01000226	          0.17142448	          0.01000025	          0.01000469	          0.30981130	          0.01000047	          0.01000027	          0.23297012	
          0.62858591	         -6.93125855	         -0.08728801	         -5.09028591	          0.78226843	          0.84858853	          0.00480579	         -5.69159471	          1.64556878	          2.63945637	        -32.66346324	         -2.67096964	         30.27959412	         29.28497485	          0.44619563	          2.08123199	        -17.10146576	          4.41420154	          0.19247911	         -8.56448570	         -1.34339674	          1.48572537	          0.23457271	          0.01000008	          0.01000014	          0.01000002	          0.06037264	          0.01000075	          0.03356852	          0.01000003	          0.14065491	          0.01000029	          0.01000002	          0.02381171	          0.09747343	          0.01172149	          0.10399326	          0.04283742	          0.01000018	          0.20955943	          0.14658453	          0.03549320	          0.01000154	          0.14725482	          0.01000026	          0.01000707	          0.32263183	          0.01000029	          0.01000013	          0.19814668	
          0.63923991	         -6.90151625	         -0.13316551	         -4.76129459	          0.79613457	          0.85053515	          0.00423421	         -3.78565420	          1.73653629	          2.01203879	        -37.13672945	         -4.79355011	         27.63951942	         28.60719340	          0.67581864	          2.49379698	        -17.67804218	          4.78706988	          0.24463379	         -8.54362012	         -1.68797185	          1.46242303	          0.23039798	          0.01334883	          0.01000051	          0.01000002	          0.05126900	          0.01000116	          0.02850716	          0.01000006	          0.11944546	          0.01550472	          0.01000009	          0.02022115	          0.08277530	          0.11193984	          0.08831206	          0.03637794	          0.01000032	          0.22378252	          0.12448307	          0.03589978	          0.01000161	          0.12505113	          0.01000016	          0.01000213	          0.32281736	          0.01000049	          0.01000034	          0.16826798	
          0.64989391	         -6.86842967	         -0.16239800	         -4.41345630	          0.80977486	          0.85260298	          0.00366672	         -1.79923350	          1.79544007	          1.37927968	        -41.59913861	         -6.14421783	         24.21400353	         27.85998515	          0.91284695	          2.91141732	        -18.11433717	          5.23245513	          0.34587856	         -8.52676448	         -2.03451233	          1.43168159	          0.22451274	          0.01133603	          0.01000035	          0.01000002	          0.04353810	          0.01000051	          0.06564828	          0.01000003	          0.10152995	          0.07755469	          0.01000001	          0.01717325	          0.07029352	          0.12083381	          0.07499780	          0.03089249	          0.01000021	          0.22208288	          0.11214313	          0.03645973	          0.01000111	          0.12363825	          0.01000016	          0.01000346	          0.32401323	          0.01000059	          0.01000216	          0.14289471	
          0.66054791	         -6.83355402	         -0.18675601	         -4.04558944	          0.82321954	          0.85476567	          0.00310533	          0.17371190	          1.83416632	          0.72379584	        -45.77607252	         -6.56411486	         21.14864873	         27.04246205	          1.14135557	          3.31614469	        -18.39888264	          5.68064722	          0.49619138	         -8.51266835	         -2.36796980	          1.39200996	          0.20603844	          0.01000020	          0.01000052	          0.01000002	          0.03697295	          0.01000051	          0.08457053	          0.01000002	          0.09890627	          0.13300295	          0.01000001	          0.03068861	          0.05969389	          0.14033224	          0.06955639	          0.02623421	          0.01000022	          0.22096023	          0.10298787	          0.04018012	          0.01000117	          0.11908826	          0.01000014	          0.01000243	          0.30482613	          0.01000053	          0.01598905	          0.12134752	
          0.67120190	         -6.79827796	         -0.20892323	         -3.66213883	          0.83648742	          0.85704175	          0.00255343	          2.11060501	          1.84184589	          0.02568754	        -49.53148017	         -6.52783689	         18.48172447	         26.15653195	          1.35521542	          3.70755949	        -18.52592489	          6.06911842	          0.70514268	         -8.50256548	         -2.68628734	          1.34378398	          0.18735720	          0.01000035	          0.01000060	          0.01000002	          0.03139776	          0.01000054	          0.11143608	          0.01000002	          0.09837967	          0.18485528	          0.01000001	          0.03450480	          0.05069258	          0.14989345	          0.06148973	          0.02227836	          0.01000026	          0.21908846	          0.09695451	          0.04404699	          0.01000124	          0.11155132	          0.01000013	          0.01000186	          0.28035571	          0.01000049	          0.02716966	          0.10304951	
          0.68185590	         -6.76340413	         -0.22893861	         -3.26917239	          0.84958010	          0.85942190	          0.00201407	          4.01004931	          1.80768469	         -0.72333496	        -52.80838070	         -6.24016078	         16.15153205	         25.21057907	          1.55251404	          4.09093703	        -18.50492740	          6.36621281	          0.98312276	         -8.50042123	         -2.99040355	          1.28819303	          0.17165301	          0.01000048	          0.01000066	          0.01000002	          0.02666327	          0.01000050	          0.14131868	          0.01000002	          0.09752339	          0.22357407	          0.01000001	          0.03569505	          0.04304859	          0.14513799	          0.05347225	          0.01891901	          0.01000030	          0.21604650	          0.09326934	          0.04694882	          0.01000112	          0.10338986	          0.01000011	          0.01000157	          0.25605355	          0.01000045	          0.03976743	          0.08751075	
          0.69250990	         -6.72916796	         -0.24799403	         -2.87213252	          0.86249639	          0.86187999	          0.00148714	          5.87785556	          1.72541532	         -1.52503249	        -55.58944317	         -5.80723879	         14.11630175	         24.21156189	          1.73046948	          4.46794541	        -18.34723564	          6.56574292	          1.33196637	         -8.51042604	         -3.27894702	          1.22682335	          0.15937168	          0.01000083	          0.01000066	          0.01000003	          0.02264269	          0.01000045	          0.17872283	          0.01000003	          0.09579169	          0.24563905	          0.01000001	          0.03597068	          0.03655725	          0.13639903	          0.04655005	          0.01606623	          0.01000037	          0.21151067	          0.08931181	          0.04889000	          0.01000098	          0.09464775	          0.01000010	          0.01000141	          0.23375615	          0.01000042	          0.05154286	          0.07431507	
          0.70316390	         -6.69536833	         -0.26743247	         -2.47579857	          0.87523450	          0.86437910	          0.00097196	          7.72321149	          1.59248995	         -2.37606787	        -57.89049249	         -5.27373520	         12.33592517	         23.16626500	          1.88631391	          4.83721370	        -18.06645129	          6.67432627	          1.74592605	         -8.53613544	         -3.54990350	          1.16129391	          0.14856830	          0.01000769	          0.01000060	          0.01000003	          0.01922838	          0.01000037	          0.22298466	          0.01000003	          0.09362215	          0.25015902	          0.01000002	          0.03405249	          0.03104475	          0.12678211	          0.04188978	          0.01364364	          0.01000047	          0.20371190	          0.08084739	          0.05033814	          0.01000085	          0.08602926	          0.01000010	          0.01000133	          0.21471031	          0.01000041	          0.06195747	          0.06310912	
          0.71381790	         -6.66157054	         -0.28962075	         -2.08412008	          0.88779261	          0.86687635	          0.00047057	          9.55562682	          1.41130202	         -3.26916825	        -59.75075255	         -4.65196697	         10.77778792	         22.08289803	          2.01638044	          5.19442948	        -17.67984432	          6.70435108	          2.21519619	         -8.58030360	         -3.80044932	          1.09246171	          0.14000977	          0.01406748	          0.01000064	          0.01000004	          0.01632892	          0.01000028	          0.27452533	          0.01000004	          0.09311917	          0.23952392	          0.01000002	          0.02891859	          0.02636348	          0.11557608	          0.04220390	          0.01158639	          0.01000052	          0.19373566	          0.06865660	          0.05077992	          0.01000073	          0.08098202	          0.01000009	          0.01000135	          0.19937463	          0.01000039	          0.07081173	          0.05359289	
          0.72447190	         -6.62718095	         -0.31732811	         -1.70018790	          0.90017488	          0.86932833	         -0.00001243	         11.38203889	          1.18779428	         -4.19451294	        -61.22142413	         -3.94162450	          9.41348642	         20.96776015	          2.11693452	          5.53396965	        -17.20263606	          6.67216999	          2.72868573	         -8.64384844	         -4.02756725	          1.01961536	          0.13635736	          0.01712949	          0.01000069	          0.01000006	          0.01386667	          0.01000021	          0.32632461	          0.01000004	          0.09383133	          0.21794634	          0.01000002	          0.02455803	          0.02238810	          0.10579193	          0.04244657	          0.01000029	          0.01000053	          0.18373250	          0.05830387	          0.04975378	          0.01000066	          0.07661686	          0.01000009	          0.01000149	          0.18622854	          0.01000039	          0.07821023	          0.04551162	
          0.73512589	         -6.59151772	         -0.35169445	         -1.32661859	          0.91239298	          0.87169455	         -0.00047470	         13.20644453	          0.92742490	         -5.14116677	        -62.35837397	         -3.15084653	          8.21923892	         19.82485690	          2.18702875	          5.85406475	        -16.64756779	          6.59619189	          3.27475164	         -8.72563051	         -4.22945829	          0.94254776	          0.13621441	          0.01922402	          0.01000073	          0.01000007	          0.01177572	          0.01000015	          0.37032619	          0.01000004	          0.09569913	          0.18858136	          0.01000003	          0.02085495	          0.01901218	          0.09841764	          0.04215920	          0.01000038	          0.01000053	          0.17417580	          0.04951221	          0.04689822	          0.01000061	          0.07195249	          0.01000009	          0.01000184	          0.17426546	          0.01000039	          0.08447735	          0.03864892	
          0.74577989	         -6.55396653	         -0.39270857	         -0.96514771	          0.92446389	          0.87393874	         -0.00091663	         15.02948213	          0.63499730	         -6.09825646	        -63.21570268	         -2.29206986	          7.17383497	         18.65763207	          2.22767361	          6.15540704	        -16.02693913	          6.49400993	          3.84237706	         -8.82314814	         -4.40521753	          0.86203866	          0.13742929	          0.01632877	          0.01000072	          0.01000008	          0.01000008	          0.01000011	          0.39590006	          0.01000004	          0.09801390	          0.16014544	          0.01000003	          0.01771025	          0.01614532	          0.09341435	          0.03935468	          0.01000031	          0.01000055	          0.16478094	          0.04204623	          0.04341837	          0.01000059	          0.06611113	          0.01000009	          0.01000250	          0.16266876	          0.01000040	          0.08990607	          0.03282105	
          0.75643389	         -6.51413008	         -0.43985220	         -0.61639620	          0.93640961	          0.87603068	         -0.00133979	         16.84638342	          0.31570375	         -7.05533253	        -63.83309660	         -1.38148655	          6.25914905	         17.46922889	          2.24077434	          6.43868747	        -15.35235429	          6.38077035	          4.42206098	         -8.93290170	         -4.55466039	          0.77967533	          0.13885776	          0.01386705	          0.01000088	          0.01000009	          0.01000004	          0.01000008	          0.38013879	          0.01000005	          0.10237636	          0.13599720	          0.01000003	          0.01503975	          0.01371076	          0.09072037	          0.03839183	          0.01000034	          0.01000048	          0.15464258	          0.03570606	          0.03994209	          0.01000059	          0.06329669	          0.01000009	          0.01000412	          0.15163531	          0.01000042	          0.09470695	          0.02787197	
          0.76708789	         -6.47185884	         -0.49294080	         -0.27945540	          0.94826175	          0.87794954	         -0.00174358	         18.64297838	         -0.02163366	         -8.00120756	        -64.21892515	         -0.44135917	          5.45938428	         16.25924337	          2.22748184	          6.70173360	        -14.62853229	          6.26695220	          5.00627894	         -9.04986612	         -4.67803073	          0.69583963	          0.14060190	          0.01177638	          0.01000136	          0.01000009	          0.01000004	          0.01000006	          0.32281767	          0.01000004	          0.10846179	          0.11549040	          0.01000004	          0.01277194	          0.01164331	          0.08973709	          0.03697051	          0.01000046	          0.01000041	          0.14410777	          0.03032192	          0.03641793	          0.01000060	          0.06262972	          0.01000009	          0.01000846	          0.14012115	          0.01000045	          0.09904180	          0.02366918	
          0.77774189	         -6.42733675	         -0.55093671	          0.04699378	          0.96005552	          0.87968325	         -0.00212727	         20.39844767	         -0.36768805	         -8.92517441	        -64.35393203	          0.49868101	          4.76035234	         15.02513204	          2.18964338	          6.94308483	        -13.85504748	          6.15702557	          5.58901502	         -9.16860857	         -4.77676098	          0.61047673	          0.13944938	          0.01000148	          0.01000255	          0.01000010	          0.01000003	          0.01000005	          0.27413975	          0.01000005	          0.11425886	          0.09807665	          0.01000004	          0.01084614	          0.01000005	          0.09017502	          0.03256211	          0.01000065	          0.01000036	          0.13405193	          0.02574966	          0.03368360	          0.01000063	          0.06154782	          0.01000010	          0.03070784	          0.12277690	          0.01000047	          0.10303642	          0.02010014	
          0.78839589	         -6.38118150	         -0.61193528	          0.36388947	          0.97181631	          0.88122278	         -0.00249078	         22.09496116	         -0.71407734	         -9.81678953	        -64.21880481	          1.40626422	          4.14942532	         13.76681269	          2.13021206	          7.16294805	        -13.03401911	          6.05319474	          6.16532482	         -9.28554039	         -4.85316463	          0.52375694	          0.13914521	          0.01000075	          0.01001655	          0.01000009	          0.01000003	          0.01000004	          0.23280197	          0.01000005	          0.11966162	          0.08704272	          0.01000006	          0.01000019	          0.01000006	          0.09539021	          0.02890683	          0.01000106	          0.01000033	          0.12456916	          0.02186686	          0.03066316	          0.01000066	          0.06013036	          0.01000010	          0.03139386	          0.10426417	          0.01000052	          0.10683500	          0.01706930	
          0.79904989	         -6.33419430	         -0.67314756	          0.67171712	          0.98356375	          0.88255882	         -0.00283532	         23.71892123	         -1.05403499	        -10.66563267	        -63.80193946	          2.25662375	          3.61449176	         12.48593426	          2.05340031	          7.36446830	        -12.17031961	          5.95725988	          6.73128687	         -9.39788413	         -4.91022619	          0.43610717	          0.13804248	          0.01000081	          0.01548132	          0.01000009	          0.01000003	          0.01000004	          0.19769753	          0.01000005	          0.12298414	          0.08282408	          0.01000008	          0.01000021	          0.01000006	          0.10084902	          0.02602729	          0.01000098	          0.01000032	          0.11546423	          0.01856955	          0.02753215	          0.01000075	          0.05486241	          0.01000011	          0.02666328	          0.08854236	          0.01000062	          0.11034301	          0.01449554	
          0.80970388	         -6.28743087	         -0.73086914	          0.97083123	          0.99531225	          0.88368219	         -0.00316367	         25.25982779	         -1.38264714	        -11.46145854	        -63.09727037	          3.04532769	          3.14523348	         11.18329966	          1.96422389	          7.55317988	        -11.26518175	          5.86596444	          7.28489072	         -9.50382547	         -4.95169984	          0.34882621	          0.13657400	          0.01000090	          0.02101216	          0.01000009	          0.01000003	          0.01000003	          0.16788652	          0.01000006	          0.12445750	          0.08172008	          0.01000012	          0.01000017	          0.01000007	          0.10597199	          0.02223041	          0.01000081	          0.01000032	          0.10672734	          0.01576945	          0.02448075	          0.01000093	          0.04796291	          0.01000013	          0.02264398	          0.07519114	          0.01000061	          0.11391841	          0.01231040	
          0.82035788	         -6.24211119	         -0.78083481	          1.26180115	          1.00707411	          0.88458257	         -0.00347958	         26.70928473	         -1.69654904	        -12.19431941	        -62.10322148	          3.77228294	          2.73254317	          9.85731156	          1.86777599	          7.73214807	        -10.31729263	          5.79184103	          7.81190238	         -9.60208208	         -4.98185259	          0.26313982	          0.13305667	          0.01000101	          0.02457248	          0.01000009	          0.01000003	          0.01000003	          0.14257075	          0.01000007	          0.12380365	          0.08214988	          0.01000023	          0.01000015	          0.01000007	          0.11066634	          0.01889630	          0.01000074	          0.01000032	          0.09787339	          0.01339159	          0.02133193	          0.01000115	          0.04119951	          0.01000015	          0.01923031	          0.06385311	          0.01000073	          0.11830944	          0.01882827	
          0.83101188	         -6.19937598	         -0.81863586	          1.54512481	          1.01886200	          0.88523981	         -0.00378620	         28.06118578	         -1.99343596	        -12.85409009	        -60.82559117	          4.43422339	          2.36853271	          8.50653358	          1.76915692	          7.90254259	         -9.32950895	          5.76450139	          8.28478820	         -9.69140287	         -5.00541734	          0.17959327	          0.12869087	          0.01000108	          0.02716954	          0.01000009	          0.01000004	          0.01000003	          0.12107236	          0.01000009	          0.12142608	          0.08310402	          0.01000096	          0.01000013	          0.01000008	          0.11480277	          0.01617822	          0.01000072	          0.01000033	          0.08889680	          0.01137231	          0.01830869	          0.01000158	          0.03506194	          0.01000019	          0.01633125	          0.05422474	          0.01000103	          0.12357297	          0.03385251	
          0.84166588	         -6.16021600	         -0.83990248	          1.82123921	          1.03069026	          0.88562579	         -0.00408656	         29.31024897	         -2.27192491	        -13.43070139	        -59.27352945	          5.02303203	          2.04697750	          7.12975544	          1.67349343	          8.06510872	         -8.30238433	          5.79222621	          8.69009074	         -9.77027157	         -5.02728326	          0.09822963	          0.12521768	          0.01000105	          0.03049189	          0.01000008	          0.01000004	          0.01000003	          0.10281574	          0.01000011	          0.11768078	          0.08431446	          0.01426456	          0.01000012	          0.01000009	          0.11826709	          0.01547286	          0.01000076	          0.01000033	          0.08005439	          0.01000017	          0.01557015	          0.01000177	          0.03033967	          0.01000024	          0.01386932	          0.04604824	          0.01000177	          0.12964407	          0.05232130	
          0.85231988	         -6.12550272	         -0.84016119	          2.09075348	          1.04257807	          0.88571423	         -0.00438368	         30.44680999	         -2.53084820	        -13.91478684	        -57.44354271	          5.52623837	          1.76338498	          5.72439507	          1.58591836	          8.21999093	         -7.23150934	          5.86273613	          9.03205946	         -9.83632540	         -5.05263795	          0.01873564	          0.12323707	          0.01000124	          0.03193079	          0.01000008	          0.01000005	          0.01000003	          0.08731205	          0.01000014	          0.11272748	          0.08519549	          0.01746718	          0.01000011	          0.01000011	          0.12075494	          0.01476050	          0.01000065	          0.01000034	          0.07395930	          0.01000023	          0.01371475	          0.03184581	          0.02604271	          0.01000034	          0.01177881	          0.03910468	          0.01000185	          0.13655613	          0.07036399	
          0.86297388	         -6.09592727	         -0.81577552	          2.35407972	          1.05454142	          0.88548098	         -0.00468092	         31.46392106	         -2.76959767	        -14.29728477	        -55.33963441	          5.93010404	          1.51493373	          4.29386831	          1.51147881	          8.36573313	         -6.12517392	          5.96603019	          9.32455983	         -9.88733828	         -5.08559841	         -0.05921429	          0.12139346	          0.01000095	          0.03221892	          0.01000008	          0.01000006	          0.01000003	          0.07414618	          0.01000018	          0.10848353	          0.08751035	          0.01865738	          0.01000010	          0.01000013	          0.12233277	          0.01623380	          0.01000084	          0.01000033	          0.07214971	          0.01000024	          0.01270617	          0.16109216	          0.02647491	          0.01000037	          0.01000550	          0.03320815	          0.01001715	          0.14407125	          0.08514438	
          0.87362787	         -6.07198268	         -0.76607659	          2.61184939	          1.06658454	          0.88490622	         -0.00498080	         32.36118813	         -2.98648083	        -14.56910683	        -52.98070040	          6.22368809	          1.30009566	          2.85903434	          1.45466473	          8.49887730	         -5.02350289	          6.09309421	          9.59752602	         -9.92230351	         -5.12710591	         -0.13632408	          0.12162910	          0.01000091	          0.03204113	          0.01000007	          0.01000007	          0.01000003	          0.06296561	          0.01000025	          0.10444266	          0.09033462	          0.01890878	          0.01000010	          0.01000018	          0.12333920	          0.01714468	          0.01000084	          0.01000032	          0.07314106	          0.01000024	          0.01231332	          0.27661662	          0.02562257	          0.01000046	          0.01000293	          0.02820077	          0.03708415	          0.15185034	          0.10100562	
          0.88428187	         -6.05410279	         -0.69257145	          2.86472560	          1.07870939	          0.88398303	         -0.00528490	         33.14113570	         -3.17914345	        -14.72052656	        -50.39170160	          6.40637081	          1.11751369	          1.44284864	          1.41802659	          8.62025316	         -3.96931451	          6.24185566	          9.87831096	         -9.94036238	         -5.17561122	         -0.21291400	          0.12235204	          0.01000084	          0.03165521	          0.01000007	          0.01000008	          0.01000003	          0.05347097	          0.01000033	          0.10004197	          0.09509797	          0.01853589	          0.01000011	          0.01000027	          0.12435232	          0.01726008	          0.01000084	          0.01000031	          0.07524234	          0.01000026	          0.01047501	          0.38560919	          0.02323531	          0.01000051	          0.01000250	          0.02394846	          0.06464898	          0.16021320	          0.11495380	
          0.89493587	         -6.04266593	         -0.59868068	          3.11364751	          1.09092226	          0.88271363	         -0.00559485	         33.80710641	         -3.34518005	        -14.74174259	        -47.60040021	          6.49117849	          0.96436142	          0.06240426	          1.40113140	          8.73285346	         -2.99797456	          6.42975747	         10.17927700	         -9.94004283	         -5.22724394	         -0.28908004	          0.12538327	          0.01000110	          0.02774893	          0.01000006	          0.01000010	          0.01000003	          0.04540804	          0.01000039	          0.09410332	          0.10059474	          0.01797038	          0.01000012	          0.01000043	          0.12603746	          0.01605427	          0.01000054	          0.01000030	          0.07887266	          0.01000026	          0.01000161	          0.48207878	          0.01973257	          0.01116868	          0.01000169	          0.02033736	          0.08784015	          0.16951905	          0.12651155	
          0.90558987	         -6.03806057	         -0.48996575	          3.35974888	          1.10323236	          0.88110875	         -0.00591230	         34.36258616	         -3.48227852	        -14.62397837	        -44.63728432	          6.50270457	          0.83565019	         -1.27060220	          1.40039798	          8.83599200	         -2.13311364	          6.66702458	         10.51320947	         -9.91966103	         -5.27563270	         -0.36452049	          0.11789873	          0.01000106	          0.04051828	          0.01000006	          0.01000017	          0.01000003	          0.03856092	          0.01000072	          0.08914514	          0.10964305	          0.01785586	          0.01000013	          0.01000066	          0.12896459	          0.01363490	          0.01000070	          0.01000030	          0.08902268	          0.01000025	          0.01051778	          0.55608007	          0.02489955	          0.05024097	          0.01000114	          0.01727081	          0.10732662	          0.18020425	          0.13360462	
          0.91624387	         -6.04136597	         -0.37578498	          3.60626193	          1.11562105	          0.87919208	         -0.00623948	         34.81542640	         -3.58773451	        -14.36104497	        -41.53845163	          6.46883880	          0.72583685	         -2.52922534	          1.41048470	          8.92359606	         -1.42035161	          6.96448448	         10.89943753	         -9.88358045	         -5.31035128	         -0.43831586	          0.11007577	          0.01000089	          0.05683754	          0.01000006	          0.01000020	          0.01000003	          0.03274630	          0.01000079	          0.08009833	          0.11893343	          0.01752864	          0.01000013	          0.01000088	          0.13277605	          0.01177699	          0.01000075	          0.01000032	          0.10361116	          0.01000029	          0.01709967	          0.60547219	          0.02950044	          0.11049761	          0.01000087	          0.01466669	          0.12349178	          0.19247690	          0.13557309	
          0.92689787	         -6.05368922	         -0.26782491	          3.85687481	          1.12806476	          0.87700393	         -0.00657721	         35.17273117	         -3.65967539	        -13.95255963	        -38.34274428	          6.41198864	          0.63143898	         -3.68558709	          1.42367799	          8.99152674	         -0.90499253	          7.33010228	         11.35886127	         -9.83795652	         -5.31869798	         -0.50828082	          0.10256489	          0.01000211	          0.07279047	          0.01000006	          0.01071499	          0.01000004	          0.02780846	          0.01277697	          0.07140467	          0.13011472	          0.01785301	          0.01000014	          0.01000109	          0.13723267	          0.01000208	          0.01000051	          0.01000033	          0.11839653	          0.01000021	          0.02227950	          0.63289939	          0.03577066	          0.17809338	          0.01000065	          0.01245531	          0.13750182	          0.20636297	          0.13282388	
          0.93755187	         -6.07587567	         -0.17694980	          4.11459479	          1.14055040	          0.87460200	         -0.00692229	         35.43602527	         -3.69750434	        -13.40716423	        -35.08320607	          6.34443721	          0.55055433	         -4.72035400	          1.43163070	          9.03766684	         -0.61609420	          7.75966940	         11.91232337	         -9.78792877	         -5.28957548	         -0.57202496	          0.09598857	          0.01689217	          0.08482747	          0.01000007	          0.01814923	          0.01000004	          0.02361522	          0.01633882	          0.06458789	          0.14266040	          0.01704468	          0.01000016	          0.01000126	          0.14219132	          0.01000122	          0.01000038	          0.01000036	          0.12516404	          0.01000026	          0.02892809	          0.63834772	          0.04092139	          0.24314270	          0.01000052	          0.01057753	          0.14977806	          0.22225448	          0.12313566	
          0.94820586	         -6.10844804	         -0.11299059	          4.38036964	          1.15307698	          0.87205922	         -0.00726405	         35.60275579	         -3.69685259	        -12.74235597	        -31.78834836	          6.27215662	          0.48180959	         -5.62393677	          1.42476300	          9.06435593	         -0.56387131	          8.22912180	         12.58527194	         -9.73712322	         -5.21342715	         -0.62838413	          0.09184039	          0.04375917	          0.09367449	          0.01000008	          0.02706155	          0.01000005	          0.02005428	          0.01387732	          0.05891045	          0.15283052	          0.01666737	          0.01000017	          0.01000122	          0.14764363	          0.01000125	          0.01000038	          0.01000035	          0.12759445	          0.01000033	          0.03562977	          0.62209569	          0.04854920	          0.30377434	          0.01000042	          0.01000092	          0.16041377	          0.23966289	          0.10456812	
          0.95885986	         -6.15166282	         -0.08219295	          4.65223092	          1.16565080	          0.86945639	         -0.00759263	         35.67558040	         -3.65444347	        -11.97575907	        -28.49872978	          6.19739506	          0.42391944	         -6.40045128	          1.39608488	          9.06577418	         -0.73323285	          8.70483647	         13.39429803	         -9.68858634	         -5.08273193	         -0.67837797	          0.08904517	          0.07113409	          0.09837363	          0.01000010	          0.03552524	          0.01000005	          0.01703031	          0.01178658	          0.05154153	          0.15546731	          0.01701791	          0.01000019	          0.01000120	          0.15337646	          0.01000094	          0.01000033	          0.01000034	          0.12896231	          0.01000037	          0.04258915	          0.58542833	          0.05532224	          0.35663154	          0.01000038	          0.01000104	          0.17070584	          0.25814547	          0.08880021	
          0.96951386	         -6.20523286	         -0.08603195	          4.92600853	          1.17828640	          0.86686867	         -0.00789810	         35.66083023	         -3.57126393	        -11.13089670	        -25.26515700	          6.12222611	          0.37610107	         -7.06145080	          1.34309230	          9.03233502	         -1.10160902	          9.16945363	         14.32807163	         -9.64418422	         -4.89486011	         -0.72369851	          0.08711757	          0.09936779	          0.08354399	          0.01000017	          0.04390724	          0.01000007	          0.01446234	          0.01001160	          0.04377039	          0.13206495	          0.01777457	          0.01000022	          0.01000126	          0.15936027	          0.01000046	          0.01000034	          0.01000030	          0.13037787	          0.01000037	          0.04958572	          0.53224248	          0.06248598	          0.38774664	          0.01000033	          0.01000091	          0.17942876	          0.27667309	          0.07540994	
          0.98016786	         -6.26804740	         -0.12212547	          5.19562133	          1.19101397	          0.86435606	         -0.00816586	         35.56698873	         -3.44997393	        -10.23883844	        -22.14750499	          6.04842758	          0.33769975	         -7.62902963	          1.26620151	          8.95099993	         -1.62801608	          9.58728557	         15.37627819	         -9.60280981	         -4.65260823	         -0.76820214	          0.08687367	          0.12441247	          0.07094650	          0.01000062	          0.05046663	          0.01000009	          0.01228162	          0.01000428	          0.03717057	          0.11215658	          0.01975515	          0.01000024	          0.01000108	          0.16561902	          0.01000028	          0.01000031	          0.01000027	          0.12967105	          0.01000031	          0.05245146	          0.46170662	          0.06688367	          0.40755568	          0.01000030	          0.01000086	          0.18582699	          0.29439100	          0.06403880	
          0.99082186	         -6.33840534	         -0.18446801	          5.45422148	          1.20386939	          0.86196315	         -0.00838212	         35.40461510	         -3.29446296	         -9.32975191	        -19.21033994	          5.97897651	          0.30783135	         -8.12980845	          1.16827011	          8.81703276	         -2.26471059	          9.91595479	         16.53092671	         -9.56238732	         -4.36286917	         -0.81527903	          0.09098694	          0.14152744	          0.06024848	          0.01591642	          0.05914244	          0.01000012	          0.01042980	          0.01010426	          0.03156581	          0.09524720	          0.02183431	          0.01000029	          0.01000096	          0.17174513	          0.01000027	          0.01000024	          0.01000025	          0.12544263	          0.01000029	          0.04624718	          0.39208624	          0.06768378	          0.41202379	          0.01000032	          0.01000084	          0.18921512	          0.30997625	          0.05438232	
          1.00147586	         -6.41418628	         -0.26500975	          5.69620976	          1.21688947	          0.85972127	         -0.00853973	         35.18023300	         -3.10771664	         -8.41491504	        -16.50732073	          5.91719813	          0.28555120	         -8.58633179	          1.05411174	          8.63608086	         -2.97459020	         10.12151415	         17.78369114	         -9.52055822	         -4.03398450	         -0.86658330	          0.09715449	          0.15417970	          0.05116358	          0.02268169	          0.06881388	          0.01000016	          0.01000053	          0.01087177	          0.02680618	          0.08088657	          0.02403098	          0.01000037	          0.01000106	          0.17754258	          0.01000034	          0.01000018	          0.01000023	          0.11608564	          0.01000028	          0.03927395	          0.33296344	          0.06631933	          0.40671161	          0.01000037	          0.01000088	          0.18902460	          0.32229964	          0.04618195	
          1.01212985	         -6.49305806	         -0.35353517	          5.91655464	          1.23010617	          0.85764627	         -0.00863797	         34.89868460	         -2.89282033	         -7.49875782	        -14.08321833	          5.86470161	          0.26982923	         -9.01310370	          0.93250630	          8.41643523	         -3.73859068	         10.18482529	         19.12409832	         -9.47551131	         -3.67569211	         -0.92224224	          0.10512776	          0.16687815	          0.04344860	          0.02844331	          0.08030817	          0.01000024	          0.01000095	          0.01115870	          0.02276427	          0.06869088	          0.02637650	          0.01000041	          0.01000066	          0.18295680	          0.01000047	          0.01000014	          0.01000022	          0.09858160	          0.01000022	          0.03335199	          0.28275569	          0.06584667	          0.39201455	          0.01000048	          0.01000098	          0.18485990	          0.33062088	          0.03921813	
          1.02278385	         -6.57269983	         -0.43752544	          6.10975209	          1.24354209	          0.85573796	         -0.00868059	         34.56662701	         -2.65311866	         -6.58907601	        -11.98004303	          5.82058798	          0.25964008	         -9.41592850	          0.81647632	          8.16656604	         -4.55560341	         10.09986255	         20.53980146	         -9.42672976	         -3.29913782	         -0.98118749	          0.11099682	          0.17519828	          0.03689696	          0.03175381	          0.08719172	          0.01000030	          0.01000117	          0.01037164	          0.01933185	          0.05833390	          0.02959234	          0.01000069	          0.01000119	          0.18791049	          0.01000075	          0.01000012	          0.01000021	          0.08371645	          0.01000020	          0.02832297	          0.24011877	          0.06037022	          0.36919504	          0.01000068	          0.01000119	          0.17645893	          0.33456196	          0.03330438	
          1.03343785	         -6.65081710	         -0.50565783	          6.27108414	          1.25721283	          0.85398076	         -0.00867360	         34.19681745	         -2.39182973	         -5.69270219	        -10.25105412	          5.78199610	          0.25426786	         -9.79772506	          0.71818406	          7.89303638	         -5.43005396	          9.86943850	         22.01486674	         -9.37438120	         -2.91394444	         -1.04192170	          0.12039904	          0.17611319	          0.03133325	          0.03298001	          0.08819834	          0.01706004	          0.01000163	          0.01000437	          0.01641707	          0.04953848	          0.03031143	          0.01000027	          0.01000018	          0.19167589	          0.01358417	          0.01000010	          0.01000020	          0.07109279	          0.01000018	          0.02405226	          0.20391110	          0.05126843	          0.34198108	          0.01000127	          0.01000117	          0.16388934	          0.33406999	          0.02828238	
          1.04409185	         -6.72490321	         -0.54776906	          6.39699615	          1.27113744	          0.85234788	         -0.00862320	         33.80637272	         -2.11308044	         -4.81771573	         -8.97247752	          5.73480827	          0.25327795	        -10.16116609	          0.64861245	          7.60180894	         -6.36840350	          9.50223984	         23.52878072	         -9.31692607	         -2.52940297	         -1.10254611	          0.12535024	          0.17338792	          0.02660850	          0.03079595	          0.08765091	          0.03370637	          0.01000227	          0.01000037	          0.01394182	          0.04206921	          0.02574712	          0.01177516	          0.01101996	          0.19734339	          0.02469981	          0.01000012	          0.01000017	          0.06037265	          0.01000031	          0.02042559	          0.17316320	          0.04353812	          0.32670137	          0.01000491	          0.01000701	          0.14375685	          0.32912294	          0.02401765	
          1.05474585	         -6.79269341	         -0.55670887	          6.48579579	          1.28532733	          0.85080434	         -0.00853139	         33.41824443	         -1.81937030	         -3.98311057	         -8.25051033	          5.65306052	          0.25744553	        -10.50186566	          0.61615379	          7.29655672	         -7.38855416	          9.01342201	         25.05947574	         -9.25291202	         -2.15333305	         -1.16259775	          0.12632430	          0.16974699	          0.02259620	          0.02615232	          0.07721958	          0.03872821	          0.01000214	          0.01011898	          0.01183972	          0.03572616	          0.02186560	          0.01000016	          0.01000009	          0.19333434	          0.02240122	          0.01000007	          0.01000022	          0.05126900	          0.01000010	          0.01734579	          0.14705181	          0.03697303	          0.28667570	          0.02383339	          0.01000196	          0.12207977	          0.32051504	          0.02039601	
          1.06539985	         -6.85223198	         -0.52582569	          6.53332976	          1.29978781	          0.84931037	         -0.00839839	         33.05442924	         -1.51737123	         -3.20185848	         -8.19527304	          5.45700932	          0.26130691	        -10.82322786	          0.62936712	          6.96915760	         -8.49049242	          8.40875397	         26.58789913	         -9.18173241	         -1.79375084	         -1.21929260	          0.12377634	          0.16165446	          0.01918892	          0.02220881	          0.10036296	          0.04001064	          0.01168291	          0.05499028	          0.01005652	          0.03033958	          0.01856889	          0.01922612	          0.01095203	          0.21851832	          0.07387388	          0.01000012	          0.01000018	          0.04353809	          0.01295728	          0.01473054	          0.12487778	          0.03139788	          0.26263789	          0.02024278	          0.01000276	          0.10367128	          0.30704168	          0.01732047	
          1.07605385	         -6.90087068	         -0.46411820	          6.53817580	          1.31455947	          0.84786049	         -0.00821723	         32.69475830	         -1.23371510	         -2.47300820	         -8.89485407	          5.07753323	          0.26795710	        -11.12384877	          0.67953638	          6.61493735	         -9.68355477	          7.68802338	         28.09566275	         -9.09125173	         -1.44974248	         -1.27581031	          0.10517040	          0.13727849	          0.01629542	          0.01885994	          0.13867632	          0.03397744	          0.01000179	          0.12590507	          0.01000145	          0.02576524	          0.01576919	          0.01632712	          0.01387311	          0.21091759	          0.12029669	          0.01000016	          0.01000030	          0.03697294	          0.02721282	          0.01250986	          0.10604739	          0.02666339	          0.30029220	          0.02666538	          0.03139348	          0.08803860	          0.29163349	          0.01470870	
          1.08670784	         -6.93661313	         -0.40243040	          6.50032166	          1.32960783	          0.84652679	         -0.00800703	         32.26830244	         -1.01803475	         -1.66389345	         -9.90209592	          4.82062682	          0.24871838	        -11.35505088	          0.74052628	          6.23012032	        -11.04836628	          6.85708157	         29.56284947	         -8.97842028	         -1.09366533	         -1.33060603	          0.10680432	          0.13449938	          0.01383825	          0.06093077	          0.11944471	          0.03560027	          0.02264083	          0.14341297	          0.01000242	          0.02188052	          0.01339148	          0.01386586	          0.01178125	          0.24082213	          0.12147148	          0.01000010	          0.01000025	          0.03139775	          0.03355383	          0.01064592	          0.09005645	          0.02264281	          0.26857551	          0.02264471	          0.02666266	          0.07476318	          0.27059407	          0.01249077	
          1.09736184	         -6.96281778	         -0.33199231	          6.41578662	          1.34473345	          0.84544498	         -0.00772230	         31.82327830	         -0.82239135	         -0.92730273	        -10.88675133	          4.50106761	          0.24062880	        -11.42500944	          0.82742650	          5.81267048	        -12.71900284	          5.90907832	         30.95081839	         -8.86797482	         -0.74201787	         -1.38091207	          0.11998014	          0.11421815	          0.01175162	          0.11088060	          0.13457157	          0.03730627	          0.01922720	          0.17096981	          0.01000025	          0.01858164	          0.01137322	          0.01177515	          0.01000480	          0.26258828	          0.14663618	          0.01000007	          0.01000025	          0.02666325	          0.02849487	          0.01000390	          0.07647681	          0.01922849	          0.27914946	          0.01923025	          0.02264239	          0.06348957	          0.24834078	          0.01060728	
          1.10801584	         -6.97968882	         -0.25589746	          6.28754296	          1.35977732	          0.84473524	         -0.00735818	         31.43975985	         -0.62436453	         -0.27113883	        -11.97787610	          4.18180633	          0.22724118	        -11.26000370	          0.93970161	          5.36534636	        -14.80114756	          4.84506085	         32.16821465	         -8.77566358	         -0.39340321	         -1.42494696	          0.12816161	          0.09699512	          0.01000016	          0.14394102	          0.15545395	          0.03854861	          0.01632825	          0.18949220	          0.01000032	          0.01578030	          0.08889387	          0.01000050	          0.01000018	          0.27836873	          0.17194954	          0.01000010	          0.01000020	          0.02264267	          0.04515545	          0.01387042	          0.06494487	          0.01632902	          0.27710696	          0.01633061	          0.01922818	          0.05391592	          0.22070566	          0.01000003	
          1.11866984	         -6.98694187	         -0.17874111	          6.11994242	          1.37466478	          0.84448589	         -0.00692635	         31.10241627	         -0.42013502	          0.31083758	        -13.15958731	          3.96077660	          0.21137673	        -10.79980877	          1.07347358	          4.88604202	        -17.38776068	          3.69325175	         33.03019084	         -8.70418390	         -0.04561086	         -1.46159509	          0.12917211	          0.08236915	          0.01000018	          0.17312029	          0.17006095	          0.03805968	          0.01386642	          0.19942454	          0.01000027	          0.01340161	          0.18672395	          0.01000065	          0.01000048	          0.28001079	          0.20028495	          0.01000009	          0.01000021	          0.01922836	          0.05910508	          0.01178161	          0.05515188	          0.01386676	          0.26217516	          0.01386818	          0.01632878	          0.04578589	          0.18742527	          0.01000006	
          1.12932384	         -6.98503376	         -0.10396389	          5.91415288	          1.38934812	          0.84477237	         -0.00643773	         30.75993377	         -0.21041754	          0.81951925	        -14.34151395	          3.88488126	          0.19655130	        -10.00248506	          1.22161786	          4.37023342	        -20.53467397	          2.46903952	         33.30999983	         -8.65291841	          0.30143731	         -1.48820760	          0.13136242	          0.06994864	          0.01000017	          0.18960000	          0.17540665	          0.03527519	          0.01177596	          0.19994128	          0.01000028	          0.01138232	          0.24798918	          0.01000079	          0.01000174	          0.27017831	          0.21797734	          0.01000010	          0.01000022	          0.01632890	          0.06918731	          0.01000808	          0.04683568	          0.01177580	          0.22967352	          0.01177708	          0.01386656	          0.03888180	          0.15916321	          0.01000005	
          1.13997784	         -6.97450396	         -0.03354538	          5.67193741	          1.40381788	          0.84560147	         -0.00591010	         30.36213719	          0.00419170	          1.26835185	        -15.42866521	          3.94289760	          0.18492792	         -8.86213522	          1.37474463	          3.82136471	        -24.21165255	          1.07679251	         32.94304612	         -8.61680994	          0.64807874	         -1.50210075	          0.13409185	          0.05940103	          0.01000015	          0.19684322	          0.17145187	          0.03274858	          0.01000186	          0.19264610	          0.01000022	          0.01000479	          0.28966792	          0.01000058	          0.01000041	          0.25589983	          0.22323506	          0.01000008	          0.01000025	          0.01386665	          0.07996347	          0.01000145	          0.03977409	          0.01000014	          0.19504088	          0.01000135	          0.01177563	          0.03301878	          0.13516281	          0.01000005	
          1.15063183	         -6.95610150	          0.03204837	          5.39515703	          1.41808775	          0.84690656	         -0.00536396	         29.87311965	          0.22173627	          1.67960963	        -16.35399786	          4.12018557	          0.17975142	         -7.40827439	          1.52258391	          3.24400270	        -28.30692802	         -0.60981024	         31.93363293	         -8.58890404	          0.99458244	         -1.50012919	          0.12245771	          0.05044390	          0.01000018	          0.20256334	          0.16154611	          0.03326141	          0.01000226	          0.17142448	          0.01000025	          0.01000469	          0.30981130	          0.01000047	          0.01000027	          0.23297012	          0.22908890	          0.01000015	          0.01000022	          0.01177568	          0.07109277	          0.01000173	          0.03491541	          0.01000004	          0.16563049	          0.01000027	          0.01000005	          0.02803986	          0.11478146	          0.01000002	
          1.16128583	         -6.93125855	          0.08728801	          5.09028591	          1.43216233	          0.84858853	         -0.00480579	         29.28497485	          0.44619563	          2.08123199	        -17.10146576	          4.41420154	          0.19247911	         -5.69159471	          1.64556878	          2.63945637	        -32.66346324	         -2.67096964	         30.27959412	         -8.56448570	          1.34339674	         -1.48572537	          0.10399326	          0.04283742	          0.01000018	          0.20955943	          0.14658453	          0.03549320	          0.01000154	          0.14725482	          0.01000026	          0.01000707	          0.32263183	          0.01000029	          0.01000013	          0.19814668	          0.23457271	          0.01000008	          0.01000014	          0.01000002	          0.06037264	          0.01000075	          0.03356852	          0.01000003	          0.14065491	          0.01000029	          0.01000002	          0.02381171	          0.09747343	          0.01172149	
          1.17193983	         -6.90151625	          0.13316551	          4.76129459	          1.44602848	          0.85053515	         -0.00423421	         28.60719340	          0.67581864	          2.49379698	        -17.67804218	          4.78706988	          0.24463379	         -3.78565420	          1.73653629	          2.01203879	        -37.13672945	         -4.79355011	         27.63951942	         -8.54362012	          1.68797185	         -1.46242303	          0.08831206	          0.03637794	          0.01000032	          0.22378252	          0.12448307	          0.03589978	          0.01000161	          0.12505113	          0.01000016	          0.01000213	          0.32281736	          0.01000049	          0.01000034	          0.16826798	          0.23039798	          0.01334883	          0.01000051	          0.01000002	          0.05126900	          0.01000116	          0.02850716	          0.01000006	          0.11944546	          0.01550472	          0.01000009	          0.02022115	          0.08277530	          0.11193984	
          1.18259383	         -6.86842967	          0.16239800	          4.41345630	          1.45966876	          0.85260298	         -0.00366672	         27.85998515	          0.91284695	          2.91141732	        -18.11433717	          5.23245513	          0.34587856	         -1.79923350	          1.79544007	          1.37927968	        -41.59913861	         -6.14421783	         24.21400353	         -8.52676448	          2.03451233	         -1.43168159	          0.07499780	          0.03089249	          0.01000021	          0.22208288	          0.11214313	          0.03645973	          0.01000111	          0.12363825	          0.01000016	          0.01000346	          0.32401323	          0.01000059	          0.01000216	          0.14289471	          0.22451274	          0.01133603	          0.01000035	          0.01000002	          0.04353810	          0.01000051	          0.06564828	          0.01000003	          0.10152995	          0.07755469	          0.01000001	          0.01717325	          0.07029352	          0.12083381	
          1.19324783	         -6.83355402	          0.18675601	          4.04558944	          1.47311344	          0.85476567	         -0.00310533	         27.04246205	          1.14135557	          3.31614469	        -18.39888264	          5.68064722	          0.49619138	          0.17371190	          1.83416632	          0.72379584	        -45.77607252	         -6.56411486	         21.14864873	         -8.51266835	          2.36796980	         -1.39200996	          0.06955639	          0.02623421	          0.01000022	          0.22096023	          0.10298787	          0.04018012	          0.01000117	          0.11908826	          0.01000014	          0.01000243	          0.30482613	          0.01000053	          0.01598905	          0.12134752	          0.20603844	          0.01000020	          0.01000052	          0.01000002	          0.03697295	          0.01000051	          0.08457053	          0.01000002	          0.09890627	          0.13300295	          0.01000001	          0.03068861	          0.05969389	          0.14033224	
          1.20390183	         -6.79827796	          0.20892323	          3.66213883	          1.48638133	          0.85704175	         -0.00255343	         26.15653195	          1.35521542	          3.70755949	        -18.52592489	          6.06911842	          0.70514268	          2.11060501	          1.84184589	          0.02568754	        -49.53148017	         -6.52783689	         18.48172447	         -8.50256548	          2.68628734	         -1.34378398	          0.06148973	          0.02227836	          0.01000026	          0.21908846	          0.09695451	          0.04404699	          0.01000124	          0.11155132	          0.01000013	          0.01000186	          0.28035571	          0.01000049	          0.02716966	          0.10304951	          0.18735720	          0.01000035	          0.01000060	          0.01000002	          0.03139776	          0.01000054	          0.11143608	          0.01000002	          0.09837967	          0.18485528	          0.01000001	          0.03450480	          0.05069258	          0.14989345	
          1.21455583	         -6.76340413	          0.22893861	          3.26917239	          1.49947401	          0.85942190	         -0.00201407	         25.21057907	          1.55251404	          4.09093703	        -18.50492740	          6.36621281	          0.98312276	          4.01004931	          1.80768469	         -0.72333496	        -52.80838070	         -6.24016078	         16.15153205	         -8.50042123	          2.99040355	         -1.28819303	          0.05347225	          0.01891901	          0.01000030	          0.21604650	          0.09326934	          0.04694882	          0.01000112	          0.10338986	          0.01000011	          0.01000157	          0.25605355	          0.01000045	          0.03976743	          0.08751075	          0.17165301	          0.01000048	          0.01000066	          0.01000002	          0.02666327	          0.01000050	          0.14131868	          0.01000002	          0.09752339	          0.22357407	          0.01000001	          0.03569505	          0.04304859	          0.14513799	
          1.22520982	         -6.72916796	          0.24799403	          2.87213252	          1.51239030	          0.86187999	         -0.00148714	         24.21156189	          1.73046948	          4.46794541	        -18.34723564	          6.56574292	          1.33196637	          5.87785556	          1.72541532	         -1.52503249	        -55.58944317	         -5.80723879	         14.11630175	         -8.51042604	          3.27894702	         -1.22682335	          0.04655005	          0.01606623	          0.01000037	          0.21151067	          0.08931181	          0.04889000	          0.01000098	          0.09464775	          0.01000010	          0.01000141	          0.23375615	          0.01000042	          0.05154286	          0.07431507	          0.15937168	          0.01000083	          0.01000066	          0.01000003	          0.02264269	          0.01000045	          0.17872283	          0.01000003	          0.09579169	          0.24563905	          0.01000001	          0.03597068	          0.03655725	          0.13639903	
          1.23586382	         -6.69536833	          0.26743247	          2.47579857	          1.52512840	          0.86437910	         -0.00097196	         23.16626500	          1.88631391	          4.83721370	        -18.06645129	          6.67432627	          1.74592605	          7.72321149	          1.59248995	         -2.37606787	        -57.89049249	         -5.27373520	         12.33592517	         -8.53613544	          3.54990350	         -1.16129391	          0.04188978	          0.01364364	          0.01000047	          0.20371190	          0.08084739	          0.05033814	          0.01000085	          0.08602926	          0.01000010	          0.01000133	          0.21471031	          0.01000041	          0.06195747	          0.06310912	          0.14856830	          0.01000769	          0.01000060	          0.01000003	          0.01922838	          0.01000037	          0.22298466	          0.01000003	          0.09362215	          0.25015902	          0.01000002	          0.03405249	          0.03104475	          0.12678211	
          1.24651782	         -6.66157054	          0.28962075	          2.08412008	          1.53768652	          0.86687635	         -0.00047057	         22.08289803	          2.01638044	          5.19442948	        -17.67984432	          6.70435108	          2.21519619	          9.55562682	          1.41130202	         -3.26916825	        -59.75075255	         -4.65196697	         10.77778792	         -8.58030360	          3.80044932	         -1.09246171	          0.04220390	          0.01158639	          0.01000052	          0.19373566	          0.06865660	          0.05077992	          0.01000073	          0.08098202	          0.01000009	          0.01000135	          0.19937463	          0.01000039	          0.07081173	          0.05359289	          0.14000977	          0.01406748	          0.01000064	          0.01000004	          0.01632892	          0.01000028	          0.27452533	          0.01000004	          0.09311917	          0.23952392	          0.01000002	          0.02891859	          0.02636348	          0.11557608	
          1.25717182	         -6.62718095	          0.31732811	          1.70018790	          1.55006879	          0.86932833	          0.00001243	         20.96776015	          2.11693452	          5.53396965	        -17.20263606	          6.67216999	          2.72868573	         11.38203889	          1.18779428	         -4.19451294	        -61.22142413	         -3.94162450	          9.41348642	         -8.64384844	          4.02756725	         -1.01961536	          0.04244657	          0.01000029	          0.01000053	          0.18373250	          0.05830387	          0.04975378	          0.01000066	          0.07661686	          0.01000009	          0.01000149	          0.18622854	          0.01000039	          0.07821023	          0.04551162	          0.13635736	          0.01712949	          0.01000069	          0.01000006	          0.01386667	          0.01000021	          0.32632461	          0.01000004	          0.09383133	          0.21794634	          0.01000002	          0.02455803	          0.02238810	          0.10579193	
          1.26782582	         -6.59151772	          0.35169445	          1.32661859	          1.56228688	          0.87169455	          0.00047470	         19.82485690	          2.18702875	          5.85406475	        -16.64756779	          6.59619189	          3.27475164	         13.20644453	          0.92742490	         -5.14116677	        -62.35837397	         -3.15084653	          8.21923892	         -8.72563051	          4.22945829	         -0.94254776	          0.04215920	          0.01000038	          0.01000053	          0.17417580	          0.04951221	          0.04689822	          0.01000061	          0.07195249	          0.01000009	          0.01000184	          0.17426546	          0.01000039	          0.08447735	          0.03864892	          0.13621441	          0.01922402	          0.01000073	          0.01000007	          0.01177572	          0.01000015	          0.37032619	          0.01000004	          0.09569913	          0.18858136	          0.01000003	          0.02085495	          0.01901218	          0.09841764	
          1.27847982	         -6.55396653	          0.39270857	          0.96514771	          1.57435780	          0.87393874	          0.00091663	         18.65763207	          2.22767361	          6.15540704	        -16.02693913	          6.49400993	          3.84237706	         15.02948213	          0.63499730	         -6.09825646	        -63.21570268	         -2.29206986	          7.17383497	         -8.82314814	          4.40521753	         -0.86203866	          0.03935468	          0.01000031	          0.01000055	          0.16478094	          0.04204623	          0.04341837	          0.01000059	          0.06611113	          0.01000009	          0.01000250	          0.16266876	          0.01000040	          0.08990607	          0.03282105	          0.13742929	          0.01632877	          0.01000072	          0.01000008	          0.01000008	          0.01000011	          0.39590006	          0.01000004	          0.09801390	          0.16014544	          0.01000003	          0.01771025	          0.01614532	          0.09341435	
          1.28913381	         -6.51413008	          0.43985220	          0.61639620	          1.58630352	          0.87603068	          0.00133979	         17.46922889	          2.24077434	          6.43868747	        -15.35235429	          6.38077035	          4.42206098	         16.84638342	          0.31570375	         -7.05533253	        -63.83309660	         -1.38148655	          6.25914905	         -8.93290170	          4.55466039	         -0.77967533	          0.03839183	          0.01000034	          0.01000048	          0.15464258	          0.03570606	          0.03994209	          0.01000059	          0.06329669	          0.01000009	          0.01000412	          0.15163531	          0.01000042	          0.09470695	          0.02787197	          0.13885776	          0.01386705	          0.01000088	          0.01000009	          0.01000004	          0.01000008	          0.38013879	          0.01000005	          0.10237636	          0.13599720	          0.01000003	          0.01503975	          0.01371076	          0.09072037	
          1.29978781	         -6.47185884	          0.49294080	          0.27945540	          1.59815566	          0.87794954	          0.00174358	         16.25924337	          2.22748184	          6.70173360	        -14.62853229	          6.26695220	          5.00627894	         18.64297838	         -0.02163366	         -8.00120756	        -64.21892515	         -0.44135917	          5.45938428	         -9.04986612	          4.67803073	         -0.69583963	          0.03697051	          0.01000046	          0.01000041	          0.14410777	          0.03032192	          0.03641793	          0.01000060	          0.06262972	          0.01000009	          0.01000846	          0.14012115	          0.01000045	          0.09904180	          0.02366918	          0.14060190	          0.01177638	          0.01000136	          0.01000009	          0.01000004	          0.01000006	          0.32281767	          0.01000004	          0.10846179	          0.11549040	          0.01000004	          0.01277194	          0.01164331	          0.08973709	
          1.31044181	         -6.42733675	          0.55093671	         -0.04699378	          1.60994942	          0.87968325	          0.00212727	         15.02513204	          2.18964338	          6.94308483	        -13.85504748	          6.15702557	          5.58901502	         20.39844767	         -0.36768805	         -8.92517441	        -64.35393203	          0.49868101	          4.76035234	         -9.16860857	          4.77676098	         -0.61047673	          0.03256211	          0.01000065	          0.01000036	          0.13405193	          0.02574966	          0.03368360	          0.01000063	          0.06154782	          0.01000010	          0.03070784	          0.12277690	          0.01000047	          0.10303642	          0.02010014	          0.13944938	          0.01000148	          0.01000255	          0.01000010	          0.01000003	          0.01000005	          0.27413975	          0.01000005	          0.11425886	          0.09807665	          0.01000004	          0.01084614	          0.01000005	          0.09017502	
          1.32109581	         -6.38118150	          0.61193528	         -0.36388947	          1.62171021	          0.88122278	          0.00249078	         13.76681269	          2.13021206	          7.16294805	        -13.03401911	          6.05319474	          6.16532482	         22.09496116	         -0.71407734	         -9.81678953	        -64.21880481	          1.40626422	          4.14942532	         -9.28554039	          4.85316463	         -0.52375694	          0.02890683	          0.01000106	          0.01000033	          0.12456916	          0.02186686	          0.03066316	          0.01000066	          0.06013036	          0.01000010	          0.03139386	          0.10426417	          0.01000052	          0.10683500	          0.01706930	          0.13914521	          0.01000075	          0.01001655	          0.01000009	          0.01000003	          0.01000004	          0.23280197	          0.01000005	          0.11966162	          0.08704272	          0.01000006	          0.01000019	          0.01000006	          0.09539021	
          1.33174981	         -6.33419430	          0.67314756	         -0.67171712	          1.63345766	          0.88255882	          0.00283532	         12.48593426	          2.05340031	          7.36446830	        -12.17031961	          5.95725988	          6.73128687	         23.71892123	         -1.05403499	        -10.66563267	        -63.80193946	          2.25662375	          3.61449176	         -9.39788413	          4.91022619	         -0.43610717	          0.02602729	          0.01000098	          0.01000032	          0.11546423	          0.01856955	          0.02753215	          0.01000075	          0.05486241	          0.01000011	          0.02666328	          0.08854236	          0.01000062	          0.11034301	          0.01449554	          0.13804248	          0.01000081	          0.01548132	          0.01000009	          0.01000003	          0.01000004	          0.19769753	          0.01000005	          0.12298414	          0.08282408	          0.01000008	          0.01000021	          0.01000006	          0.10084902	
          1.34240381	         -6.28743087	          0.73086914	         -0.97083123	          1.64520616	          0.88368219	          0.00316367	         11.18329966	          1.96422389	          7.55317988	        -11.26518175	          5.86596444	          7.28489072	         25.25982779	         -1.38264714	        -11.46145854	        -63.09727037	          3.04532769	          3.14523348	         -9.50382547	          4.95169984	         -0.34882621	          0.02223041	          0.01000081	          0.01000032	          0.10672734	          0.01576945	          0.02448075	          0.01000093	          0.04796291	          0.01000013	          0.02264398	          0.07519114	          0.01000061	          0.11391841	          0.01231040	          0.13657400	          0.01000090	          0.02101216	          0.01000009	          0.01000003	          0.01000003	          0.16788652	          0.01000006	          0.12445750	          0.08172008	          0.01000012	          0.01000017	          0.01000007	          0.10597199	
          1.35305781	         -6.24211119	          0.78083481	         -1.26180115	          1.65696801	          0.88458257	          0.00347958	          9.85731156	          1.86777599	          7.73214807	        -10.31729263	          5.79184103	          7.81190238	         26.70928473	         -1.69654904	        -12.19431941	        -62.10322148	          3.77228294	          2.73254317	         -9.60208208	          4.98185259	         -0.26313982	          0.01889630	          0.01000074	          0.01000032	          0.09787339	          0.01339159	          0.02133193	          0.01000115	          0.04119951	          0.01000015	          0.01923031	          0.06385311	          0.01000073	          0.11830944	          0.01882827	          0.13305667	          0.01000101	          0.02457248	          0.01000009	          0.01000003	          0.01000003	          0.14257075	          0.01000007	          0.12380365	          0.08214988	          0.01000023	          0.01000015	          0.01000007	          0.11066634	
          1.36371180	         -6.19937598	          0.81863586	         -1.54512481	          1.66875591	          0.88523981	          0.00378620	          8.50653358	          1.76915692	          7.90254259	         -9.32950895	          5.76450139	          8.28478820	         28.06118578	         -1.99343596	        -12.85409009	        -60.82559117	          4.43422339	          2.36853271	         -9.69140287	          5.00541734	         -0.17959327	          0.01617822	          0.01000072	          0.01000033	          0.08889680	          0.01137231	          0.01830869	          0.01000158	          0.03506194	          0.01000019	          0.01633125	          0.05422474	          0.01000103	          0.12357297	          0.03385251	          0.12869087	          0.01000108	          0.02716954	          0.01000009	          0.01000004	          0.01000003	          0.12107236	          0.01000009	          0.12142608	          0.08310402	          0.01000096	          0.01000013	          0.01000008	          0.11480277	
          1.37436580	         -6.16021600	          0.83990248	         -1.82123921	          1.68058417	          0.88562579	          0.00408656	          7.12975544	          1.67349343	          8.06510872	         -8.30238433	          5.79222621	          8.69009074	         29.31024897	         -2.27192491	        -13.43070139	        -59.27352945	          5.02303203	          2.04697750	         -9.77027157	          5.02728326	         -0.09822963	          0.01547286	          0.01000076	          0.01000033	          0.08005439	          0.01000017	          0.01557015	          0.01000177	          0.03033967	          0.01000024	          0.01386932	          0.04604824	          0.01000177	          0.12964407	          0.05232130	          0.12521768	          0.01000105	          0.03049189	          0.01000008	          0.01000004	          0.01000003	          0.10281574	          0.01000011	          0.11768078	          0.08431446	          0.01426456	          0.01000012	          0.01000009	          0.11826709	
          1.38501980	         -6.12550272	          0.84016119	         -2.09075348	          1.69247197	          0.88571423	          0.00438368	          5.72439507	          1.58591836	          8.21999093	         -7.23150934	          5.86273613	          9.03205946	         30.44680999	         -2.53084820	        -13.91478684	        -57.44354271	          5.52623837	          1.76338498	         -9.83632540	          5.05263795	         -0.01873564	          0.01476050	          0.01000065	          0.01000034	          0.07395930	          0.01000023	          0.01371475	          0.03184581	          0.02604271	          0.01000034	          0.01177881	          0.03910468	          0.01000185	          0.13655613	          0.07036399	          0.12323707	          0.01000124	          0.03193079	          0.01000008	          0.01000005	          0.01000003	          0.08731205	          0.01000014	          0.11272748	          0.08519549	          0.01746718	          0.01000011	          0.01000011	          0.12075494	
          1.39567380	         -6.09592727	          0.81577552	         -2.35407972	          1.70443533	          0.88548098	          0.00468092	          4.29386831	          1.51147881	          8.36573313	         -6.12517392	          5.96603019	          9.32455983	         31.46392106	         -2.76959767	        -14.29728477	        -55.33963441	          5.93010404	          1.51493373	         -9.88733828	          5.08559841	          0.05921429	          0.01623380	          0.01000084	          0.01000033	          0.07214971	          0.01000024	          0.01270617	          0.16109216	          0.02647491	          0.01000037	          0.01000550	          0.03320815	          0.01001715	          0.14407125	          0.08514438	          0.12139346	          0.01000095	          0.03221892	          0.01000008	          0.01000006	          0.01000003	          0.07414618	          0.01000018	          0.10848353	          0.08751035	          0.01865738	          0.01000010	          0.01000013	          0.12233277	
          1.40632780	         -6.07198268	          0.76607659	         -2.61184939	          1.71647844	          0.88490622	          0.00498080	          2.85903434	          1.45466473	          8.49887730	         -5.02350289	          6.09309421	          9.59752602	         32.36118813	         -2.98648083	        -14.56910683	        -52.98070040	          6.22368809	          1.30009566	         -9.92230351	          5.12710591	          0.13632408	          0.01714468	          0.01000084	          0.01000032	          0.07314106	          0.01000024	          0.01231332	          0.27661662	          0.02562257	          0.01000046	          0.01000293	          0.02820077	          0.03708415	          0.15185034	          0.10100562	          0.12162910	          0.01000091	          0.03204113	          0.01000007	          0.01000007	          0.01000003	          0.06296561	          0.01000025	          0.10444266	          0.09033462	          0.01890878	          0.01000010	          0.01000018	          0.12333920	
          1.41698180	         -6.05410279	          0.69257145	         -2.86472560	          1.72860330	          0.88398303	          0.00528490	          1.44284864	          1.41802659	          8.62025316	         -3.96931451	          6.24185566	          9.87831096	         33.14113570	         -3.17914345	        -14.72052656	        -50.39170160	          6.40637081	          1.11751369	         -9.94036238	          5.17561122	          0.21291400	          0.01726008	          0.01000084	          0.01000031	          0.07524234	          0.01000026	          0.01047501	          0.38560919	          0.02323531	          0.01000051	          0.01000250	          0.02394846	          0.06464898	          0.16021320	          0.11495380	          0.12235204	          0.01000084	          0.03165521	          0.01000007	          0.01000008	          0.01000003	          0.05347097	          0.01000033	          0.10004197	          0.09509797	          0.01853589	          0.01000011	          0.01000027	          0.12435232	
          1.42763579	         -6.04266593	          0.59868068	         -3.11364751	          1.74081617	          0.88271363	          0.00559485	          0.06240426	          1.40113140	          8.73285346	         -2.99797456	          6.42975747	         10.17927700	         33.80710641	         -3.34518005	        -14.74174259	        -47.60040021	          6.49117849	          0.96436142	         -9.94004283	          5.22724394	          0.28908004	          0.01605427	          0.01000054	          0.01000030	          0.07887266	          0.01000026	          0.01000161	          0.48207878	          0.01973257	          0.01116868	          0.01000169	          0.02033736	          0.08784015	          0.16951905	          0.12651155	          0.12538327	          0.01000110	          0.02774893	          0.01000006	          0.01000010	          0.01000003	          0.04540804	          0.01000039	          0.09410332	          0.10059474	          0.01797038	          0.01000012	          0.01000043	          0.12603746	
          1.43828979	         -6.03806057	          0.48996575	         -3.35974888	          1.75312627	          0.88110875	          0.00591230	         -1.27060220	          1.40039798	          8.83599200	         -2.13311364	          6.66702458	         10.51320947	         34.36258616	         -3.48227852	        -14.62397837	        -44.63728432	          6.50270457	          0.83565019	         -9.91966103	          5.27563270	          0.36452049	          0.01363490	          0.01000070	          0.01000030	          0.08902268	          0.01000025	          0.01051778	          0.55608007	          0.02489955	          0.05024097	          0.01000114	          0.01727081	          0.10732662	          0.18020425	          0.13360462	          0.11789873	          0.01000106	          0.04051828	          0.01000006	          0.01000017	          0.01000003	          0.03856092	          0.01000072	          0.08914514	          0.10964305	          0.01785586	          0.01000013	          0.01000066	          0.12896459	
          1.44894379	         -6.04136597	          0.37578498	         -3.60626193	          1.76551495	          0.87919208	          0.00623948	         -2.52922534	          1.41048470	          8.92359606	         -1.42035161	          6.96448448	         10.89943753	         34.81542640	         -3.58773451	        -14.36104497	        -41.53845163	          6.46883880	          0.72583685	         -9.88358045	          5.31035128	          0.43831586	          0.01177699	          0.01000075	          0.01000032	          0.10361116	          0.01000029	          0.01709967	          0.60547219	          0.02950044	          0.11049761	          0.01000087	          0.01466669	          0.12349178	          0.19247690	          0.13557309	          0.11007577	          0.01000089	          0.05683754	          0.01000006	          0.01000020	          0.01000003	          0.03274630	          0.01000079	          0.08009833	          0.11893343	          0.01752864	          0.01000013	          0.01000088	          0.13277605	
          1.45959779	         -6.05368922	          0.26782491	         -3.85687481	          1.77795867	          0.87700393	          0.00657721	         -3.68558709	          1.42367799	          8.99152674	         -0.90499253	          7.33010228	         11.35886127	         35.17273117	         -3.65967539	        -13.95255963	        -38.34274428	          6.41198864	          0.63143898	         -9.83795652	          5.31869798	          0.50828082	          0.01000208	          0.01000051	          0.01000033	          0.11839653	          0.01000021	          0.02227950	          0.63289939	          0.03577066	          0.17809338	          0.01000065	          0.01245531	          0.13750182	          0.20636297	          0.13282388	          0.10256489	          0.01000211	          0.07279047	          0.01000006	          0.01071499	          0.01000004	          0.02780846	          0.01277697	          0.07140467	          0.13011472	          0.01785301	          0.01000014	          0.01000109	          0.13723267	
          1.47025179	         -6.07587567	          0.17694980	         -4.11459479	          1.79044431	          0.87460200	          0.00692229	         -4.72035400	          1.43163070	          9.03766684	         -0.61609420	          7.75966940	         11.91232337	         35.43602527	         -3.69750434	        -13.40716423	        -35.08320607	          6.34443721	          0.55055433	         -9.78792877	          5.28957548	          0.57202496	          0.01000122	          0.01000038	          0.01000036	          0.12516404	          0.01000026	          0.02892809	          0.63834772	          0.04092139	          0.24314270	          0.01000052	          0.01057753	          0.14977806	          0.22225448	          0.12313566	          0.09598857	          0.01689217	          0.08482747	          0.01000007	          0.01814923	          0.01000004	          0.02361522	          0.01633882	          0.06458789	          0.14266040	          0.01704468	          0.01000016	          0.01000126	          0.14219132	
          1.48090579	         -6.10844804	          0.11299059	         -4.38036964	          1.80297088	          0.87205922	          0.00726405	         -5.62393677	          1.42476300	          9.06435593	         -0.56387131	          8.22912180	         12.58527194	         35.60275579	         -3.69685259	        -12.74235597	        -31.78834836	          6.27215662	          0.48180959	         -9.73712322	          5.21342715	          0.62838413	          0.01000125	          0.01000038	          0.01000035	          0.12759445	          0.01000033	          0.03562977	          0.62209569	          0.04854920	          0.30377434	          0.01000042	          0.01000092	          0.16041377	          0.23966289	          0.10456812	          0.09184039	          0.04375917	          0.09367449	          0.01000008	          0.02706155	          0.01000005	          0.02005428	          0.01387732	          0.05891045	          0.15283052	          0.01666737	          0.01000017	          0.01000122	          0.14764363	
          1.49155979	         -6.15166282	          0.08219295	         -4.65223092	          1.81554471	          0.86945639	          0.00759263	         -6.40045128	          1.39608488	          9.06577418	         -0.73323285	          8.70483647	         13.39429803	         35.67558040	         -3.65444347	        -11.97575907	        -28.49872978	          6.19739506	          0.42391944	         -9.68858634	          5.08273193	          0.67837797	          0.01000094	          0.01000033	          0.01000034	          0.12896231	          0.01000037	          0.04258915	          0.58542833	          0.05532224	          0.35663154	          0.01000038	          0.01000104	          0.17070584	          0.25814547	          0.08880021	          0.08904517	          0.07113409	          0.09837363	          0.01000010	          0.03552524	          0.01000005	          0.01703031	          0.01178658	          0.05154153	          0.15546731	          0.01701791	          0.01000019	          0.01000120	          0.15337646	
          1.50221378	         -6.20523286	          0.08603195	         -4.92600853	          1.82818031	          0.86686867	          0.00789810	         -7.06145080	          1.34309230	          9.03233502	         -1.10160902	          9.16945363	         14.32807163	         35.66083023	         -3.57126393	        -11.13089670	        -25.26515700	          6.12222611	          0.37610107	         -9.64418422	          4.89486011	          0.72369851	          0.01000046	          0.01000034	          0.01000030	          0.13037787	          0.01000037	          0.04958572	          0.53224248	          0.06248598	          0.38774664	          0.01000033	          0.01000091	          0.17942876	          0.27667309	          0.07540994	          0.08711757	          0.09936779	          0.08354399	          0.01000017	          0.04390724	          0.01000007	          0.01446234	          0.01001160	          0.04377039	          0.13206495	          0.01777457	          0.01000022	          0.01000126	          0.15936027	
          1.51286778	         -6.26804740	          0.12212547	         -5.19562133	          1.84090788	          0.86435606	          0.00816586	         -7.62902963	          1.26620151	          8.95099993	         -1.62801608	          9.58728557	         15.37627819	         35.56698873	         -3.44997393	        -10.23883844	        -22.14750499	          6.04842758	          0.33769975	         -9.60280981	          4.65260823	          0.76820214	          0.01000028	          0.01000031	          0.01000027	          0.12967105	          0.01000031	          0.05245146	          0.46170662	          0.06688367	          0.40755568	          0.01000030	          0.01000086	          0.18582699	          0.29439100	          0.06403880	          0.08687367	          0.12441247	          0.07094650	          0.01000062	          0.05046663	          0.01000009	          0.01228162	          0.01000428	          0.03717057	          0.11215658	          0.01975515	          0.01000024	          0.01000108	          0.16561902	
          1.52352178	         -6.33840534	          0.18446801	         -5.45422148	          1.85376329	          0.86196315	          0.00838212	         -8.12980845	          1.16827011	          8.81703276	         -2.26471059	          9.91595479	         16.53092671	         35.40461510	         -3.29446296	         -9.32975191	        -19.21033994	          5.97897651	          0.30783135	         -9.56238732	          4.36286917	          0.81527903	          0.01000027	          0.01000024	          0.01000025	          0.12544263	          0.01000029	          0.04624718	          0.39208624	          0.06768378	          0.41202379	          0.01000032	          0.01000084	          0.18921512	          0.30997625	          0.05438232	          0.09098694	          0.14152744	          0.06024848	          0.01591642	          0.05914244	          0.01000012	          0.01042980	          0.01010426	          0.03156581	          0.09524720	          0.02183431	          0.01000029	          0.01000096	          0.17174513	
          1.53417578	         -6.41418628	          0.26500975	         -5.69620976	          1.86678338	          0.85972127	          0.00853973	         -8.58633179	          1.05411174	          8.63608086	         -2.97459020	         10.12151415	         17.78369114	         35.18023300	         -3.10771664	         -8.41491504	        -16.50732073	          5.91719813	          0.28555120	         -9.52055822	          4.03398450	          0.86658330	          0.01000034	          0.01000018	          0.01000023	          0.11608564	          0.01000028	          0.03927395	          0.33296344	          0.06631933	          0.40671161	          0.01000037	          0.01000088	          0.18902460	          0.32229964	          0.04618195	          0.09715449	          0.15417970	          0.05116358	          0.02268169	          0.06881388	          0.01000016	          0.01000053	          0.01087177	          0.02680618	          0.08088657	          0.02403098	          0.01000037	          0.01000106	          0.17754258	
          1.54482978	         -6.49305806	          0.35353517	         -5.91655464	          1.88000008	          0.85764627	          0.00863797	         -9.01310370	          0.93250630	          8.41643523	         -3.73859068	         10.18482529	         19.12409832	         34.89868460	         -2.89282033	         -7.49875782	        -14.08321833	          5.86470161	          0.26982923	         -9.47551131	          3.67569211	          0.92224224	          0.01000047	          0.01000014	          0.01000022	          0.09858160	          0.01000022	          0.03335199	          0.28275569	          0.06584667	          0.39201455	          0.01000048	          0.01000098	          0.18485990	          0.33062088	          0.03921813	          0.10512776	          0.16687815	          0.04344860	          0.02844331	          0.08030817	          0.01000024	          0.01000095	          0.01115870	          0.02276427	          0.06869088	          0.02637650	          0.01000041	          0.01000066	          0.18295680	
          1.55548378	         -6.57269983	          0.43752544	         -6.10975209	          1.89343600	          0.85573796	          0.00868059	         -9.41592850	          0.81647632	          8.16656604	         -4.55560341	         10.09986255	         20.53980146	         34.56662701	         -2.65311866	         -6.58907601	        -11.98004303	          5.82058798	          0.25964008	         -9.42672976	          3.29913782	          0.98118749	          0.01000075	          0.01000012	          0.01000021	          0.08371645	          0.01000020	          0.02832297	          0.24011877	          0.06037022	          0.36919504	          0.01000068	          0.01000119	          0.17645893	          0.33456196	          0.03330438	          0.11099682	          0.17519828	          0.03689696	          0.03175381	          0.08719172	          0.01000030	          0.01000117	          0.01037164	          0.01933185	          0.05833390	          0.02959234	          0.01000069	          0.01000119	          0.18791049	
          1.56613778	         -6.65081710	          0.50565783	         -6.27108414	          1.90710674	          0.85398076	          0.00867360	         -9.79772506	          0.71818406	          7.89303638	         -5.43005396	          9.86943850	         22.01486674	         34.19681745	         -2.39182973	         -5.69270219	        -10.25105412	          5.78199610	          0.25426786	         -9.37438120	          2.91394444	          1.04192170	          0.01358417	          0.01000010	          0.01000020	          0.07109279	          0.01000018	          0.02405226	          0.20391110	          0.05126843	          0.34198108	          0.01000127	          0.01000117	          0.16388934	          0.33406999	          0.02828238	          0.12039904	          0.17611319	          0.03133325	          0.03298001	          0.08819834	          0.01706004	          0.01000163	          0.01000437	          0.01641707	          0.04953848	          0.03031143	          0.01000027	          0.01000018	          0.19167589	
          1.57679177	         -6.72490321	          0.54776906	         -6.39699615	          1.92103135	          0.85234788	          0.00862320	        -10.16116609	          0.64861245	          7.60180894	         -6.36840350	          9.50223984	         23.52878072	         33.80637272	         -2.11308044	         -4.81771573	         -8.97247752	          5.73480827	          0.25327795	         -9.31692607	          2.52940297	          1.10254611	          0.02469981	          0.01000012	          0.01000017	          0.06037265	          0.01000031	          0.02042559	          0.17316320	          0.04353812	          0.32670137	          0.01000491	          0.01000701	          0.14375685	          0.32912294	          0.02401765	          0.12535024	          0.17338792	          0.02660850	          0.03079595	          0.08765091	          0.03370637	          0.01000227	          0.01000037	          0.01394182	          0.04206921	          0.02574712	          0.01177516	          0.01101996	          0.19734339	
          1.58744577	         -6.79269341	          0.55670887	         -6.48579579	          1.93522123	          0.85080434	          0.00853139	        -10.50186566	          0.61615379	          7.29655672	         -7.38855416	          9.01342201	         25.05947574	         33.41824443	         -1.81937030	         -3.98311057	         -8.25051033	          5.65306052	          0.25744553	         -9.25291202	          2.15333305	          1.16259775	          0.02240122	          0.01000007	          0.01000022	          0.05126900	          0.01000010	          0.01734579	          0.14705181	          0.03697303	          0.28667570	          0.02383339	          0.01000196	          0.12207977	          0.32051504	          0.02039601	          0.12632430	          0.16974699	          0.02259620	          0.02615232	          0.07721958	          0.03872821	          0.01000214	          0.01011898	          0.01183972	          0.03572616	          0.02186560	          0.01000016	          0.01000009	          0.19333434	
          1.59809977	         -6.85223198	          0.52582569	         -6.53332976	          1.94968172	          0.84931037	          0.00839839	        -10.82322786	          0.62936712	          6.96915760	         -8.49049242	          8.40875397	         26.58789913	         33.05442924	         -1.51737123	         -3.20185848	         -8.19527304	          5.45700932	          0.26130691	         -9.18173241	          1.79375084	          1.21929260	          0.07387388	          0.01000012	          0.01000018	          0.04353809	          0.01295728	          0.01473054	          0.12487778	          0.03139788	          0.26263789	          0.02024278	          0.01000276	          0.10367128	          0.30704168	          0.01732047	          0.12377634	          0.16165446	          0.01918892	          0.02220881	          0.10036296	          0.04001064	          0.01168291	          0.05499028	          0.01005652	          0.03033958	          0.01856889	          0.01922612	          0.01095203	          0.21851832	
          1.60875377	         -6.90087068	          0.46411820	         -6.53817580	          1.96445338	          0.84786049	          0.00821723	        -11.12384877	          0.67953638	          6.61493735	         -9.68355477	          7.68802338	         28.09566275	         32.69475830	         -1.23371510	         -2.47300820	         -8.89485407	          5.07753323	          0.26795710	         -9.09125173	          1.44974248	          1.27581031	          0.12029669	          0.01000016	          0.01000030	          0.03697294	          0.02721282	          0.01250986	          0.10604739	          0.02666339	          0.30029220	          0.02666538	          0.03139348	          0.08803860	          0.29163349	          0.01470870	          0.10517040	          0.13727849	          0.01629542	          0.01885994	          0.13867632	          0.03397744	          0.01000179	          0.12590507	          0.01000145	          0.02576524	          0.01576919	          0.01632712	          0.01387311	          0.21091759	
          1.61940777	         -6.93661313	          0.40243040	         -6.50032166	          1.97950174	          0.84652679	          0.00800703	        -11.35505088	          0.74052628	          6.23012032	        -11.04836628	          6.85708157	         29.56284947	         32.26830244	         -1.01803475	         -1.66389345	         -9.90209592	          4.82062682	          0.24871838	         -8.97842028	          1.09366533	          1.33060603	          0.12147148	          0.01000010	          0.01000025	          0.03139775	          0.03355383	          0.01064592	          0.09005645	          0.02264281	          0.26857551	          0.02264471	          0.02666266	          0.07476318	          0.27059407	          0.01249077	          0.10680432	          0.13449938	          0.01383825	          0.06093077	          0.11944471	          0.03560027	          0.02264083	          0.14341297	          0.01000242	          0.02188052	          0.01339148	          0.01386586	          0.01178125	          0.24082213	
          1.63006177	         -6.96281778	          0.33199231	         -6.41578662	          1.99462735	          0.84544498	          0.00772230	        -11.42500944	          0.82742650	          5.81267048	        -12.71900284	          5.90907832	         30.95081839	         31.82327830	         -0.82239135	         -0.92730273	        -10.88675133	          4.50106761	          0.24062880	         -8.86797482	          0.74201787	          1.38091207	          0.14663618	          0.01000007	          0.01000025	          0.02666325	          0.02849487	          0.01000390	          0.07647681	          0.01922849	          0.27914946	          0.01923025	          0.02264239	          0.06348957	          0.24834078	          0.01060728	          0.11998014	          0.11421815	          0.01175162	          0.11088060	          0.13457157	          0.03730627	          0.01922720	          0.17096981	          0.01000025	          0.01858164	          0.01137322	          0.01177515	          0.01000480	          0.26258828	
          1.64071576	         -6.97968882	          0.25589746	         -6.28754296	          2.00967123	          0.84473524	          0.00735818	        -11.26000370	          0.93970161	          5.36534636	        -14.80114756	          4.84506085	         32.16821465	         31.43975985	         -0.62436453	         -0.27113883	        -11.97787610	          4.18180633	          0.22724118	         -8.77566358	          0.39340321	          1.42494696	          0.17194954	          0.01000010	          0.01000020	          0.02264267	          0.04515545	          0.01387042	          0.06494487	          0.01632902	          0.27710696	          0.01633061	          0.01922818	          0.05391592	          0.22070566	          0.01000003	          0.12816161	          0.09699512	          0.01000016	          0.14394102	          0.15545395	          0.03854861	          0.01632825	          0.18949220	          0.01000032	          0.01578030	          0.08889387	          0.01000050	          0.01000018	          0.27836873	
          1.65136976	         -6.98694187	          0.17874111	         -6.11994242	          2.02455868	          0.84448589	          0.00692635	        -10.79980877	          1.07347358	          4.88604202	        -17.38776068	          3.69325175	         33.03019084	         31.10241627	         -0.42013502	          0.31083758	        -13.15958731	          3.96077660	          0.21137673	         -8.70418390	          0.04561086	          1.46159509	          0.20028495	          0.01000009	          0.01000021	          0.01922836	          0.05910508	          0.01178161	          0.05515188	          0.01386676	          0.26217516	          0.01386818	          0.01632878	          0.04578589	          0.18742527	          0.01000006	          0.12917211	          0.08236915	          0.01000018	          0.17312029	          0.17006095	          0.03805968	          0.01386642	          0.19942454	          0.01000027	          0.01340161	          0.18672395	          0.01000065	          0.01000048	          0.28001079	
          1.66202376	         -6.98503376	          0.10396389	         -5.91415288	          2.03924203	          0.84477237	          0.00643773	        -10.00248506	          1.22161786	          4.37023342	        -20.53467397	          2.46903952	         33.30999983	         30.75993377	         -0.21041754	          0.81951925	        -14.34151395	          3.88488126	          0.19655130	         -8.65291841	         -0.30143731	          1.48820760	          0.21797734	          0.01000010	          0.01000022	          0.01632890	          0.06918731	          0.01000808	          0.04683568	          0.01177580	          0.22967352	          0.01177708	          0.01386656	          0.03888180	          0.15916321	          0.01000005	          0.13136242	          0.06994864	          0.01000017	          0.18960000	          0.17540665	          0.03527519	          0.01177596	          0.19994128	          0.01000028	          0.01138232	          0.24798918	          0.01000079	          0.01000174	          0.27017831	
          1.67267776	         -6.97450396	          0.03354538	         -5.67193741	          2.05371178	          0.84560147	          0.00591010	         -8.86213522	          1.37474463	          3.82136471	        -24.21165255	          1.07679251	         32.94304612	         30.36213719	          0.00419170	          1.26835185	        -15.42866521	          3.94289760	          0.18492792	         -8.61680994	         -0.64807874	          1.50210075	          0.22323506	          0.01000008	          0.01000025	          0.01386665	          0.07996347	          0.01000145	          0.03977409	          0.01000014	          0.19504088	          0.01000135	          0.01177563	          0.03301878	          0.13516281	          0.01000005	          0.13409185	          0.05940103	          0.01000015	          0.19684322	          0.17145187	          0.03274858	          0.01000186	          0.19264610	          0.01000022	          0.01000479	          0.28966792	          0.01000058	          0.01000041	          0.25589983	
          1.68333176	         -6.95610150	         -0.03204837	         -5.39515703	          2.06798165	          0.84690656	          0.00536396	         -7.40827439	          1.52258391	          3.24400270	        -28.30692802	         -0.60981024	         31.93363293	         29.87311965	          0.22173627	          1.67960963	        -16.35399786	          4.12018557	          0.17975142	         -8.58890404	         -0.99458244	          1.50012919	          0.22908890	          0.01000015	          0.01000022	          0.01177568	          0.07109277	          0.01000173	          0.03491541	          0.01000004	          0.16563049	          0.01000027	          0.01000005	          0.02803986	          0.11478146	          0.01000002	          0.12245771	          0.05044390	          0.01000018	          0.20256334	          0.16154611	          0.03326141	          0.01000226	          0.17142448	          0.01000025	          0.01000469	          0.30981130	          0.01000047	          0.01000027	          0.23297012	
          1.69398576	         -6.93125855	         -0.08728801	         -5.09028591	          2.08205624	          0.84858853	          0.00480579	         -5.69159471	          1.64556878	          2.63945637	        -32.66346324	         -2.67096964	         30.27959412	         29.28497485	          0.44619563	          2.08123199	        -17.10146576	          4.41420154	          0.19247911	         -8.56448570	         -1.34339674	          1.48572537	          0.23457271	          0.01000008	          0.01000014	          0.01000002	          0.06037264	          0.01000075	          0.03356852	          0.01000003	          0.14065491	          0.01000029	          0.01000002	          0.02381171	          0.09747343	          0.01172149	          0.10399326	          0.04283742	          0.01000018	          0.20955943	          0.14658453	          0.03549320	          0.01000154	          0.14725482	          0.01000026	          0.01000707	          0.32263183	          0.01000029	          0.01000013	          0.19814668	
          1.70463976	         -6.90151625	         -0.13316551	         -4.76129459	          2.09592238	          0.85053515	          0.00423421	         -3.78565420	          1.73653629	          2.01203879	        -37.13672945	         -4.79355011	         27.63951942	         28.60719340	          0.67581864	          2.49379698	        -17.67804218	          4.78706988	          0.24463379	         -8.54362012	         -1.68797185	          1.46242303	          0.23039798	          0.01334883	          0.01000051	          0.01000002	          0.05126900	          0.01000116	          0.02850716	          0.01000006	          0.11944546	          0.01550472	          0.01000009	          0.02022115	          0.08277530	          0.11193984	          0.08831206	          0.03637794	          0.01000032	          0.22378252	          0.12448307	          0.03589978	          0.01000161	          0.12505113	          0.01000016	          0.01000213	          0.32281736	          0.01000049	          0.01000034	          0.16826798	
          1.71529375	         -6.86842967	         -0.16239800	         -4.41345630	          2.10956267	          0.85260298	          0.00366672	         -1.79923350	          1.79544007	          1.37927968	        -41.59913861	         -6.14421783	         24.21400353	         27.85998515	          0.91284695	          2.91141732	        -18.11433717	          5.23245513	          0.34587856	         -8.52676448	         -2.03451233	          1.43168159	          0.22451274	          0.01133603	          0.01000035	          0.01000002	          0.04353810	          0.01000051	          0.06564828	          0.01000003	          0.10152995	          0.07755469	          0.01000001	          0.01717325	          0.07029352	          0.12083381	          0.07499780	          0.03089249	          0.01000021	          0.22208288	          0.11214313	          0.03645973	          0.01000111	          0.12363825	          0.01000016	          0.01000346	          0.32401323	          0.01000059	          0.01000216	          0.14289471	
          1.72594775	         -6.83355402	         -0.18675601	         -4.04558944	          2.12300735	          0.85476567	          0.00310533	          0.17371190	          1.83416632	          0.72379584	        -45.77607252	         -6.56411486	         21.14864873	         27.04246205	          1.14135557	          3.31614469	        -18.39888264	          5.68064722	          0.49619138	         -8.51266835	         -2.36796980	          1.39200996	          0.20603844	          0.01000020	          0.01000052	          0.01000002	          0.03697295	          0.01000051	          0.08457053	          0.01000002	          0.09890627	          0.13300295	          0.01000001	          0.03068861	          0.05969389	          0.14033224	          0.06955639	          0.02623421	          0.01000022	          0.22096023	          0.10298787	          0.04018012	          0.01000117	          0.11908826	          0.01000014	          0.01000243	          0.30482613	          0.01000053	          0.01598905	          0.12134752	
          1.73660175	         -6.79827796	         -0.20892323	         -3.66213883	          2.13627524	          0.85704175	          0.00255343	          2.11060501	          1.84184589	          0.02568754	        -49.53148017	         -6.52783689	         18.48172447	         26.15653195	          1.35521542	          3.70755949	        -18.52592489	          6.06911842	          0.70514268	         -8.50256548	         -2.68628734	          1.34378398	          0.18735720	          0.01000035	          0.01000060	          0.01000002	          0.03139776	          0.01000054	          0.11143608	          0.01000002	          0.09837967	          0.18485528	          0.01000001	          0.03450480	          0.05069258	          0.14989345	          0.06148973	          0.02227836	          0.01000026	          0.21908846	          0.09695451	          0.04404699	          0.01000124	          0.11155132	          0.01000013	          0.01000186	          0.28035571	          0.01000049	          0.02716966	          0.10304951	
          1.74725575	         -6.76340413	         -0.22893861	         -3.26917239	          2.14936792	          0.85942190	          0.00201407	          4.01004931	          1.80768469	         -0.72333496	        -52.80838070	         -6.24016078	         16.15153205	         25.21057907	          1.55251404	          4.09093703	        -18.50492740	          6.36621281	          0.98312276	         -8.50042123	         -2.99040355	          1.28819303	          0.17165301	          0.01000048	          0.01000066	          0.01000002	          0.02666327	          0.01000050	          0.14131868	          0.01000002	          0.09752339	          0.22357407	          0.01000001	          0.03569505	          0.04304859	          0.14513799	          0.05347225	          0.01891901	          0.01000030	          0.21604650	          0.09326934	          0.04694882	          0.01000112	          0.10338986	          0.01000011	          0.01000157	          0.25605355	          0.01000045	          0.03976743	          0.08751075	
          1.75790975	         -6.72916796	         -0.24799403	         -2.87213252	          2.16228421	          0.86187999	          0.00148714	          5.87785556	          1.72541532	         -1.52503249	        -55.58944317	         -5.80723879	         14.11630175	         24.21156189	          1.73046948	          4.46794541	        -18.34723564	          6.56574292	          1.33196637	         -8.51042604	         -3.27894702	          1.22682335	          0.15937168	          0.01000083	          0.01000066	          0.01000003	          0.02264269	          0.01000045	          0.17872283	          0.01000003	          0.09579169	          0.24563905	          0.01000001	          0.03597068	          0.03655725	          0.13639903	          0.04655005	          0.01606623	          0.01000037	          0.21151067	          0.08931181	          0.04889000	          0.01000098	          0.09464775	          0.01000010	          0.01000141	          0.23375615	          0.01000042	          0.05154286	          0.07431507	
          1.76856375	         -6.69536833	         -0.26743247	         -2.47579857	          2.17502231	          0.86437910	          0.00097196	          7.72321149	          1.59248995	         -2.37606787	        -57.89049249	         -5.27373520	         12.33592517	         23.16626500	          1.88631391	          4.83721370	        -18.06645129	          6.67432627	          1.74592605	         -8.53613544	         -3.54990350	          1.16129391	          0.14856830	          0.01000769	          0.01000060	          0.01000003	          0.01922838	          0.01000037	          0.22298466	          0.01000003	          0.09362215	          0.25015902	          0.01000002	          0.03405249	          0.03104475	          0.12678211	          0.04188978	          0.01364364	          0.01000047	          0.20371190	          0.08084739	          0.05033814	          0.01000085	          0.08602926	          0.01000010	          0.01000133	          0.21471031	          0.01000041	          0.06195747	          0.06310912	
          1.77921774	         -6.66157054	         -0.28962075	         -2.08412008	          2.18758043	          0.86687635	          0.00047057	          9.55562682	          1.41130202	         -3.26916825	        -59.75075255	         -4.65196697	         10.77778792	         22.08289803	          2.01638044	          5.19442948	        -17.67984432	          6.70435108	          2.21519619	         -8.58030360	         -3.80044932	          1.09246171	          0.14000977	          0.01406748	          0.01000064	          0.01000004	          0.01632892	          0.01000028	          0.27452533	          0.01000004	          0.09311917	          0.23952392	          0.01000002	          0.02891859	          0.02636348	          0.11557608	          0.04220390	          0.01158639	          0.01000052	          0.19373566	          0.06865660	          0.05077992	          0.01000073	          0.08098202	          0.01000009	          0.01000135	          0.19937463	          0.01000039	          0.07081173	          0.05359289	
          1.78987174	         -6.62718095	         -0.31732811	         -1.70018790	          2.19996269	          0.86932833	         -0.00001243	         11.38203889	          1.18779428	         -4.19451294	        -61.22142413	         -3.94162450	          9.41348642	         20.96776015	          2.11693452	          5.53396965	        -17.20263606	          6.67216999	          2.72868573	         -8.64384844	         -4.02756725	          1.01961536	          0.13635736	          0.01712949	          0.01000069	          0.01000006	          0.01386667	          0.01000021	          0.32632461	          0.01000004	          0.09383133	          0.21794634	          0.01000002	          0.02455803	          0.02238810	          0.10579193	          0.04244657	          0.01000029	          0.01000053	          0.18373250	          0.05830387	          0.04975378	          0.01000066	          0.07661686	          0.01000009	          0.01000149	          0.18622854	          0.01000039	          0.07821023	          0.04551162	
          1.80052574	         -6.59151772	         -0.35169445	         -1.32661859	          2.21218079	          0.87169455	         -0.00047470	         13.20644453	          0.92742490	         -5.14116677	        -62.35837397	         -3.15084653	          8.21923892	         19.82485690	          2.18702875	          5.85406475	        -16.64756779	          6.59619189	          3.27475164	         -8.72563051	         -4.22945829	          0.94254776	          0.13621441	          0.01922402	          0.01000073	          0.01000007	          0.01177572	          0.01000015	          0.37032619	          0.01000004	          0.09569913	          0.18858136	          0.01000003	          0.02085495	          0.01901218	          0.09841764	          0.04215920	          0.01000038	          0.01000053	          0.17417580	          0.04951221	          0.04689822	          0.01000061	          0.07195249	          0.01000009	          0.01000184	          0.17426546	          0.01000039	          0.08447735	          0.03864892	
          1.81117974	         -6.55396653	         -0.39270857	         -0.96514771	          2.22425170	          0.87393874	         -0.00091663	         15.02948213	          0.63499730	         -6.09825646	        -63.21570268	         -2.29206986	          7.17383497	         18.65763207	          2.22767361	          6.15540704	        -16.02693913	          6.49400993	          3.84237706	         -8.82314814	         -4.40521753	          0.86203866	          0.13742929	          0.01632877	          0.01000072	          0.01000008	          0.01000008	          0.01000011	          0.39590006	          0.01000004	          0.09801390	          0.16014544	          0.01000003	          0.01771025	          0.01614532	          0.09341435	          0.03935468	          0.01000031	          0.01000055	          0.16478094	          0.04204623	          0.04341837	          0.01000059	          0.06611113	          0.01000009	          0.01000250	          0.16266876	          0.01000040	          0.08990607	          0.03282105	
          1.82183374	         -6.51413008	         -0.43985220	         -0.61639620	          2.23619743	          0.87603068	         -0.00133979	         16.84638342	          0.31570375	         -7.05533253	        -63.83309660	         -1.38148655	          6.25914905	         17.46922889	          2.24077434	          6.43868747	        -15.35235429	          6.38077035	          4.42206098	         -8.93290170	         -4.55466039	          0.77967533	          0.13885776	          0.01386705	          0.01000088	          0.01000009	          0.01000004	          0.01000008	          0.38013879	          0.01000005	          0.10237636	          0.13599720	          0.01000003	          0.01503975	          0.01371076	          0.09072037	          0.03839183	          0.01000034	          0.01000048	          0.15464258	          0.03570606	          0.03994209	          0.01000059	          0.06329669	          0.01000009	          0.01000412	          0.15163531	          0.01000042	          0.09470695	          0.02787197	
          1.83248774	         -6.47185884	         -0.49294080	         -0.27945540	          2.24804956	          0.87794954	         -0.00174358	         18.64297838	         -0.02163366	         -8.00120756	        -64.21892515	         -0.44135917	          5.45938428	         16.25924337	          2.22748184	          6.70173360	        -14.62853229	          6.26695220	          5.00627894	         -9.04986612	         -4.67803073	          0.69583963	          0.14060190	          0.01177638	          0.01000136	          0.01000009	          0.01000004	          0.01000006	          0.32281767	          0.01000004	          0.10846179	          0.11549040	          0.01000004	          0.01277194	          0.01164331	          0.08973709	          0.03697051	          0.01000046	          0.01000041	          0.14410777	          0.03032192	          0.03641793	          0.01000060	          0.06262972	          0.01000009	          0.01000846	          0.14012115	          0.01000045	          0.09904180	          0.02366918	
          1.84314174	         -6.42733675	         -0.55093671	          0.04699378	          2.25984333	          0.87968325	         -0.00212727	         20.39844767	         -0.36768805	         -8.92517441	        -64.35393203	          0.49868101	          4.76035234	         15.02513204	          2.18964338	          6.94308483	        -13.85504748	          6.15702557	          5.58901502	         -9.16860857	         -4.77676098	          0.61047673	          0.13944938	          0.01000148	          0.01000255	          0.01000010	          0.01000003	          0.01000005	          0.27413975	          0.01000005	          0.11425886	          0.09807665	          0.01000004	          0.01084614	          0.01000005	          0.09017502	          0.03256211	          0.01000065	          0.01000036	          0.13405193	          0.02574966	          0.03368360	          0.01000063	          0.06154782	          0.01000010	          0.03070784	          0.12277690	          0.01000047	          0.10303642	          0.02010014	
          1.85379573	         -6.38118150	         -0.61193528	          0.36388947	          2.27160412	          0.88122278	         -0.00249078	         22.09496116	         -0.71407734	         -9.81678953	        -64.21880481	          1.40626422	          4.14942532	         13.76681269	          2.13021206	          7.16294805	        -13.03401911	          6.05319474	          6.16532482	         -9.28554039	         -4.85316463	          0.52375694	          0.13914521	          0.01000075	          0.01001655	          0.01000009	          0.01000003	          0.01000004	          0.23280197	          0.01000005	          0.11966162	          0.08704272	          0.01000006	          0.01000019	          0.01000006	          0.09539021	          0.02890683	          0.01000106	          0.01000033	          0.12456916	          0.02186686	          0.03066316	          0.01000066	          0.06013036	          0.01000010	          0.03139386	          0.10426417	          0.01000052	          0.10683500	          0.01706930	
          1.86444973	         -6.33419430	         -0.67314756	          0.67171712	          2.28335156	          0.88255882	         -0.00283532	         23.71892123	         -1.05403499	        -10.66563267	        -63.80193946	          2.25662375	          3.61449176	         12.48593426	          2.05340031	          7.36446830	        -12.17031961	          5.95725988	          6.73128687	         -9.39788413	         -4.91022619	          0.43610717	          0.13804248	          0.01000081	          0.01548132	          0.01000009	          0.01000003	          0.01000004	          0.19769753	          0.01000005	          0.12298414	          0.08282408	          0.01000008	          0.01000021	          0.01000006	          0.10084902	          0.02602729	          0.01000098	          0.01000032	          0.11546423	          0.01856955	          0.02753215	          0.01000075	          0.05486241	          0.01000011	          0.02666328	          0.08854236	          0.01000062	          0.11034301	          0.01449554	
          1.87510373	         -6.28743087	         -0.73086914	          0.97083123	          2.29510006	          0.88368219	         -0.00316367	         25.25982779	         -1.38264714	        -11.46145854	        -63.09727037	          3.04532769	          3.14523348	         11.18329966	          1.96422389	          7.55317988	        -11.26518175	          5.86596444	          7.28489072	         -9.50382547	         -4.95169984	          0.34882621	          0.13657400	          0.01000090	          0.02101216	          0.01000009	          0.01000003	          0.01000003	          0.16788652	          0.01000006	          0.12445750	          0.08172008	          0.01000012	          0.01000017	          0.01000007	          0.10597199	          0.02223041	          0.01000081	          0.01000032	          0.10672734	          0.01576945	          0.02448075	          0.01000093	          0.04796291	          0.01000013	          0.02264398	          0.07519114	          0.01000061	          0.11391841	          0.01231040	
          1.88575773	         -6.24211119	         -0.78083481	          1.26180115	          2.30686192	          0.88458257	         -0.00347958	         26.70928473	         -1.69654904	        -12.19431941	        -62.10322148	          3.77228294	          2.73254317	          9.85731156	          1.86777599	          7.73214807	        -10.31729263	          5.79184103	          7.81190238	         -9.60208208	         -4.98185259	          0.26313982	          0.13305667	          0.01000101	          0.02457248	          0.01000009	          0.01000003	          0.01000003	          0.14257075	          0.01000007	          0.12380365	          0.08214988	          0.01000023	          0.01000015	          0.01000007	          0.11066634	          0.01889630	          0.01000074	          0.01000032	          0.09787339	          0.01339159	          0.02133193	          0.01000115	          0.04119951	          0.01000015	          0.01923031	          0.06385311	          0.01000073	          0.11830944	          0.01882827	
          1.89641173	         -6.19937598	         -0.81863586	          1.54512481	          2.31864981	          0.88523981	         -0.00378620	         28.06118578	         -1.99343596	        -12.85409009	        -60.82559117	          4.43422339	          2.36853271	          8.50653358	          1.76915692	          7.90254259	         -9.32950895	          5.76450139	          8.28478820	         -9.69140287	         -5.00541734	          0.17959327	          0.12869087	          0.01000108	          0.02716954	          0.01000009	          0.01000004	          0.01000003	          0.12107236	          0.01000009	          0.12142608	          0.08310402	          0.01000096	          0.01000013	          0.01000008	          0.11480277	          0.01617822	          0.01000072	          0.01000033	          0.08889680	          0.01137231	          0.01830869	          0.01000158	          0.03506194	          0.01000019	          0.01633125	          0.05422474	          0.01000103	          0.12357297	          0.03385251	
          1.90706573	         -6.16021600	         -0.83990248	          1.82123921	          2.33047807	          0.88562579	         -0.00408656	         29.31024897	         -2.27192491	        -13.43070139	        -59.27352945	          5.02303203	          2.04697750	          7.12975544	          1.67349343	          8.06510872	         -8.30238433	          5.79222621	          8.69009074	         -9.77027157	         -5.02728326	          0.09822963	          0.12521768	          0.01000105	          0.03049189	          0.01000008	          0.01000004	          0.01000003	          0.10281574	          0.01000011	          0.11768078	          0.08431446	          0.01426456	          0.01000012	          0.01000009	          0.11826709	          0.01547286	          0.01000076	          0.01000033	          0.08005439	          0.01000017	          0.01557015	          0.01000177	          0.03033967	          0.01000024	          0.01386932	          0.04604824	          0.01000177	          0.12964407	          0.05232130	
          1.91771972	         -6.12550272	         -0.84016119	          2.09075348	          2.34236588	          0.88571423	         -0.00438368	         30.44680999	         -2.53084820	        -13.91478684	        -57.44354271	          5.52623837	          1.76338498	          5.72439507	          1.58591836	          8.21999093	         -7.23150934	          5.86273613	          9.03205946	         -9.83632540	         -5.05263795	          0.01873564	          0.12323707	          0.01000124	          0.03193079	          0.01000008	          0.01000005	          0.01000003	          0.08731205	          0.01000014	          0.11272748	          0.08519549	          0.01746718	          0.01000011	          0.01000011	          0.12075494	          0.01476050	          0.01000065	          0.01000034	          0.07395930	          0.01000023	          0.01371475	          0.03184581	          0.02604271	          0.01000034	          0.01177881	          0.03910468	          0.01000185	          0.13655613	          0.07036399	
          1.92837372	         -6.09592727	         -0.81577552	          2.35407972	          2.35432924	          0.88548098	         -0.00468092	         31.46392106	         -2.76959767	        -14.29728477	        -55.33963441	          5.93010404	          1.51493373	          4.29386831	          1.51147881	          8.36573313	         -6.12517392	          5.96603019	          9.32455983	         -9.88733828	         -5.08559841	         -0.05921429	          0.12139346	          0.01000095	          0.03221892	          0.01000008	          0.01000006	          0.01000003	          0.07414618	          0.01000018	          0.10848353	          0.08751035	          0.01865738	          0.01000010	          0.01000013	          0.12233277	          0.01623380	          0.01000084	          0.01000033	          0.07214971	          0.01000024	          0.01270617	          0.16109216	          0.02647491	          0.01000037	          0.01000550	          0.03320815	          0.01001715	          0.14407125	          0.08514438	
          1.93902772	         -6.07198268	         -0.76607659	          2.61184939	          2.36637235	          0.88490622	         -0.00498080	         32.36118813	         -2.98648083	        -14.56910683	        -52.98070040	          6.22368809	          1.30009566	          2.85903434	          1.45466473	          8.49887730	         -5.02350289	          6.09309421	          9.59752602	         -9.92230351	         -5.12710591	         -0.13632408	          0.12162910	          0.01000091	          0.03204113	          0.01000007	          0.01000007	          0.01000003	          0.06296561	          0.01000025	          0.10444266	          0.09033462	          0.01890878	          0.01000010	          0.01000018	          0.12333920	          0.01714468	          0.01000084	          0.01000032	          0.07314106	          0.01000024	          0.01231332	          0.27661662	          0.02562257	          0.01000046	          0.01000293	          0.02820077	          0.03708415	          0.15185034	          0.10100562	
          1.94968172	         -6.05410279	         -0.69257145	          2.86472560	          2.37849720	          0.88398303	         -0.00528490	         33.14113570	         -3.17914345	        -14.72052656	        -50.39170160	          6.40637081	          1.11751369	          1.44284864	          1.41802659	          8.62025316	         -3.96931451	          6.24185566	          9.87831096	         -9.94036238	         -5.17561122	         -0.21291400	          0.12235204	          0.01000084	          0.03165521	          0.01000007	          0.01000008	          0.01000003	          0.05347097	          0.01000033	          0.10004197	          0.09509797	          0.01853589	          0.01000011	          0.01000027	          0.12435232	          0.01726008	          0.01000084	          0.01000031	          0.07524234	          0.01000026	          0.01047501	          0.38560919	          0.02323531	          0.01000051	          0.01000250	          0.02394846	          0.06464898	          0.16021320	          0.11495380	
          1.96033572	         -6.04266593	         -0.59868068	          3.11364751	          2.39071007	          0.88271363	         -0.00559485	         33.80710641	         -3.34518005	        -14.74174259	        -47.60040021	          6.49117849	          0.96436142	          0.06240426	          1.40113140	          8.73285346	         -2.99797456	          6.42975747	         10.17927700	         -9.94004283	         -5.22724394	         -0.28908004	          0.12538327	          0.01000110	          0.02774893	          0.01000006	          0.01000010	          0.01000003	          0.04540804	          0.01000039	          0.09410332	          0.10059474	          0.01797038	          0.01000012	          0.01000043	          0.12603746	          0.01605427	          0.01000054	          0.01000030	          0.07887266	          0.01000026	          0.01000161	          0.48207878	          0.01973257	          0.01116868	          0.01000169	          0.02033736	          0.08784015	          0.16951905	          0.12651155	
          1.97098972	         -6.03806057	         -0.48996575	          3.35974888	          2.40302017	          0.88110875	         -0.00591230	         34.36258616	         -3.48227852	        -14.62397837	        -44.63728432	          6.50270457	          0.83565019	         -1.27060220	          1.40039798	          8.83599200	         -2.13311364	          6.66702458	         10.51320947	         -9.91966103	         -5.27563270	         -0.36452049	          0.11789873	          0.01000106	          0.04051828	          0.01000006	          0.01000017	          0.01000003	          0.03856092	          0.01000072	          0.08914514	          0.10964305	          0.01785586	          0.01000013	          0.01000066	          0.12896459	          0.01363490	          0.01000070	          0.01000030	          0.08902268	          0.01000025	          0.01051778	          0.55608007	          0.02489955	          0.05024097	          0.01000114	          0.01727081	          0.10732662	          0.18020425	          0.13360462	
          1.98164372	         -6.04136597	         -0.37578498	          3.60626193	          2.41540886	          0.87919208	         -0.00623948	         34.81542640	         -3.58773451	        -14.36104497	        -41.53845163	          6.46883880	          0.72583685	         -2.52922534	          1.41048470	          8.92359606	         -1.42035161	          6.96448448	         10.89943753	         -9.88358045	         -5.31035128	         -0.43831586	          0.11007577	          0.01000089	          0.05683754	          0.01000006	          0.01000020	          0.01000003	          0.03274630	          0.01000079	          0.08009833	          0.11893343	          0.01752864	          0.01000013	          0.01000088	          0.13277605	          0.01177699	          0.01000075	          0.01000032	          0.10361116	          0.01000029	          0.01709967	          0.60547219	          0.02950044	          0.11049761	          0.01000087	          0.01466669	          0.12349178	          0.19247690	          0.13557309	
          1.99229771	         -6.05368922	         -0.26782491	          3.85687481	          2.42785258	          0.87700393	         -0.00657721	         35.17273117	         -3.65967539	        -13.95255963	        -38.34274428	          6.41198864	          0.63143898	         -3.68558709	          1.42367799	          8.99152674	         -0.90499253	          7.33010228	         11.35886127	         -9.83795652	         -5.31869798	         -0.50828082	          0.10256489	          0.01000211	          0.07279047	          0.01000006	          0.01071499	          0.01000004	          0.02780846	          0.01277697	          0.07140467	          0.13011472	          0.01785301	          0.01000014	          0.01000109	          0.13723267	          0.01000208	          0.01000051	          0.01000033	          0.11839653	          0.01000021	          0.02227950	          0.63289939	          0.03577066	          0.17809338	          0.01000065	          0.01245531	          0.13750182	          0.20636297	          0.13282388	
          2.00295171	         -6.07587567	         -0.17694980	          4.11459479	          2.44033822	          0.87460200	         -0.00692229	         35.43602527	         -3.69750434	        -13.40716423	        -35.08320607	          6.34443721	          0.55055433	         -4.72035400	          1.43163070	          9.03766684	         -0.61609420	          7.75966940	         11.91232337	         -9.78792877	         -5.28957548	         -0.57202496	          0.09598857	          0.01689217	          0.08482747	          0.01000007	          0.01814923	          0.01000004	          0.02361522	          0.01633882	          0.06458789	          0.14266040	          0.01704468	          0.01000016	          0.01000126	          0.14219132	          0.01000122	          0.01000038	          0.01000036	          0.12516404	          0.01000026	          0.02892809	          0.63834772	          0.04092139	          0.24314270	          0.01000052	          0.01057753	          0.14977806	          0.22225448	          0.12313566	
          2.01360571	         -6.10844804	         -0.11299059	          4.38036964	          2.45286479	          0.87205922	         -0.00726405	         35.60275579	         -3.69685259	        -12.74235597	        -31.78834836	          6.27215662	          0.48180959	         -5.62393677	          1.42476300	          9.06435593	         -0.56387131	          8.22912180	         12.58527194	         -9.73712322	         -5.21342715	         -0.62838413	          0.09184039	          0.04375917	          0.09367449	          0.01000008	          0.02706155	          0.01000005	          0.02005428	          0.01387732	          0.05891045	          0.15283052	          0.01666737	          0.01000017	          0.01000122	          0.14764363	          0.01000125	          0.01000038	          0.01000035	          0.12759445	          0.01000033	          0.03562977	          0.62209569	          0.04854920	          0.30377434	          0.01000042	          0.01000092	          0.16041377	          0.23966289	          0.10456812	
          2.02425971	         -6.15166282	         -0.08219295	          4.65223092	          2.46543861	          0.86945639	         -0.00759263	         35.67558040	         -3.65444347	        -11.97575907	        -28.49872978	          6.19739506	          0.42391944	         -6.40045128	          1.39608488	          9.06577418	         -0.73323285	          8.70483647	         13.39429803	         -9.68858634	         -5.08273193	         -0.67837797	          0.08904517	          0.07113409	          0.09837363	          0.01000010	          0.03552524	          0.01000005	          0.01703031	          0.01178658	          0.05154153	          0.15546731	          0.01701791	          0.01000019	          0.01000120	          0.15337646	          0.01000094	          0.01000033	          0.01000034	          0.12896231	          0.01000037	          0.04258915	          0.58542833	          0.05532224	          0.35663154	          0.01000038	          0.01000104	          0.17070584	          0.25814547	          0.08880021	
          2.03491371	         -6.20523286	         -0.08603195	          4.92600853	          2.47807422	          0.86686867	         -0.00789810	         35.66083023	         -3.57126393	        -11.13089670	        -25.26515700	          6.12222611	          0.37610107	         -7.06145080	          1.34309230	          9.03233502	         -1.10160902	          9.16945363	         14.32807163	         -9.64418422	         -4.89486011	         -0.72369851	          0.08711757	          0.09936779	          0.08354399	          0.01000017	          0.04390724	          0.01000007	          0.01446234	          0.01001160	          0.04377039	          0.13206495	          0.01777457	          0.01000022	          0.01000126	          0.15936027	          0.01000046	          0.01000034	          0.01000030	          0.13037787	          0.01000037	          0.04958572	          0.53224248	          0.06248598	          0.38774664	          0.01000033	          0.01000091	          0.17942876	          0.27667309	          0.07540994	
          2.04556771	         -6.26804740	         -0.12212547	          5.19562133	          2.49080179	          0.86435606	         -0.00816586	         35.56698873	         -3.44997393	        -10.23883844	        -22.14750499	          6.04842758	          0.33769975	         -7.62902963	          1.26620151	          8.95099993	         -1.62801608	          9.58728557	         15.37627819	         -9.60280981	         -4.65260823	         -0.76820214	          0.08687367	          0.12441247	          0.07094650	          0.01000062	          0.05046663	          0.01000009	          0.01228162	          0.01000428	          0.03717057	          0.11215658	          0.01975515	          0.01000024	          0.01000108	          0.16561902	          0.01000028	          0.01000031	          0.01000027	          0.12967105	          0.01000031	          0.05245146	          0.46170662	          0.06688367	          0.40755568	          0.01000030	          0.01000086	          0.18582699	          0.29439100	          0.06403880	
          2.05622170	         -6.33840534	         -0.18446801	          5.45422148	          2.50365720	          0.86196315	         -0.00838212	         35.40461510	         -3.29446296	         -9.32975191	        -19.21033994	          5.97897651	          0.30783135	         -8.12980845	          1.16827011	          8.81703276	         -2.26471059	          9.91595479	         16.53092671	         -9.56238732	         -4.36286917	         -0.81527903	          0.09098694	          0.14152744	          0.06024848	          0.01591642	          0.05914244	          0.01000012	          0.01042980	          0.01010426	          0.03156581	          0.09524720	          0.02183431	          0.01000029	          0.01000096	          0.17174513	          0.01000027	          0.01000024	          0.01000025	          0.12544263	          0.01000029	          0.04624718	          0.39208624	          0.06768378	          0.41202379	          0.01000032	          0.01000084	          0.18921512	          0.30997625	          0.05438232	
          2.06687570	         -6.41418628	         -0.26500975	          5.69620976	          2.51667729	          0.85972127	         -0.00853973	         35.18023300	         -3.10771664	         -8.41491504	        -16.50732073	          5.91719813	          0.28555120	         -8.58633179	          1.05411174	          8.63608086	         -2.97459020	         10.12151415	         17.78369114	         -9.52055822	         -4.03398450	         -0.86658330	          0.09715449	          0.15417970	          0.05116358	          0.02268169	          0.06881388	          0.01000016	          0.01000053	          0.01087177	          0.02680618	          0.08088657	          0.02403098	          0.01000037	          0.01000106	          0.17754258	          0.01000034	          0.01000018	          0.01000023	          0.11608564	          0.01000028	          0.03927395	          0.33296344	          0.06631933	          0.40671161	          0.01000037	          0.01000088	          0.18902460	          0.32229964	          0.04618195	
          2.07752970	         -6.49305806	         -0.35353517	          5.91655464	          2.52989398	          0.85764627	         -0.00863797	         34.89868460	         -2.89282033	         -7.49875782	        -14.08321833	          5.86470161	          0.26982923	         -9.01310370	          0.93250630	          8.41643523	         -3.73859068	         10.18482529	         19.12409832	         -9.47551131	         -3.67569211	         -0.92224224	          0.10512776	          0.16687815	          0.04344860	          0.02844331	          0.08030817	          0.01000024	          0.01000095	          0.01115870	          0.02276427	          0.06869088	          0.02637650	          0.01000041	          0.01000066	          0.18295680	          0.01000047	          0.01000014	          0.01000022	          0.09858160	          0.01000022	          0.03335199	          0.28275569	          0.06584667	          0.39201455	          0.01000048	          0.01000098	          0.18485990	          0.33062088	          0.03921813	
          2.08818370	         -6.57269983	         -0.43752544	          6.10975209	          2.54332990	          0.85573796	         -0.00868059	         34.56662701	         -2.65311866	         -6.58907601	        -11.98004303	          5.82058798	          0.25964008	         -9.41592850	          0.81647632	          8.16656604	         -4.55560341	         10.09986255	         20.53980146	         -9.42672976	         -3.29913782	         -0.98118749	          0.11099682	          0.17519828	          0.03689696	          0.03175381	          0.08719172	          0.01000030	          0.01000117	          0.01037164	          0.01933185	          0.05833390	          0.02959234	          0.01000069	          0.01000119	          0.18791049	          0.01000075	          0.01000012	          0.01000021	          0.08371645	          0.01000020	          0.02832297	          0.24011877	          0.06037022	          0.36919504	          0.01000068	          0.01000119	          0.17645893	          0.33456196	          0.03330438	
          2.09883770	         -6.65081710	         -0.50565783	          6.27108414	          2.55700065	          0.85398076	         -0.00867360	         34.19681745	         -2.39182973	         -5.69270219	        -10.25105412	          5.78199610	          0.25426786	         -9.79772506	          0.71818406	          7.89303638	         -5.43005396	          9.86943850	         22.01486674	         -9.37438120	         -2.91394444	         -1.04192170	          0.12039904	          0.17611319	          0.03133325	          0.03298001	          0.08819834	          0.01706004	          0.01000163	          0.01000437	          0.01641707	          0.04953848	          0.03031143	          0.01000027	          0.01000018	          0.19167589	          0.01358417	          0.01000010	          0.01000020	          0.07109279	          0.01000018	          0.02405226	          0.20391110	          0.05126843	          0.34198108	          0.01000127	          0.01000117	          0.16388934	          0.33406999	          0.02828238	
          2.10949170	         -6.72490321	         -0.54776906	          6.39699615	          2.57092525	          0.85234788	         -0.00862320	         33.80637272	         -2.11308044	         -4.81771573	         -8.97247752	          5.73480827	          0.25327795	        -10.16116609	          0.64861245	          7.60180894	         -6.36840350	          9.50223984	         23.52878072	         -9.31692607	         -2.52940297	         -1.10254611	          0.12535024	          0.17338792	          0.02660850	          0.03079595	          0.08765091	          0.03370637	          0.01000227	          0.01000037	          0.01394182	          0.04206921	          0.02574712	          0.01177516	          0.01101996	          0.19734339	          0.02469981	          0.01000012	          0.01000017	          0.06037265	          0.01000031	          0.02042559	          0.17316320	          0.04353812	          0.32670137	          0.01000491	          0.01000701	          0.14375685	          0.32912294	          0.02401765	
          2.12014570	         -6.79269341	         -0.55670887	          6.48579579	          2.58511514	          0.85080434	         -0.00853139	         33.41824443	         -1.81937030	         -3.98311057	         -8.25051033	          5.65306052	          0.25744553	        -10.50186566	          0.61615379	          7.29655672	         -7.38855416	          9.01342201	         25.05947574	         -9.25291202	         -2.15333305	         -1.16259775	          0.12632430	          0.16974699	          0.02259620	          0.02615232	          0.07721958	          0.03872821	          0.01000214	          0.01011898	          0.01183972	          0.03572616	          0.02186560	          0.01000016	          0.01000009	          0.19333434	          0.02240122	          0.01000007	          0.01000022	          0.05126900	          0.01000010	          0.01734579	          0.14705181	          0.03697303	          0.28667570	          0.02383339	          0.01000196	          0.12207977	          0.32051504	          0.02039601	
