/vscmnt/brussel_pixiu_data/_data_brussel/112/vsc11236/PredSimResults/SUBJ09mtu3D/worker1.mot
version=1
nRows=200
nColumns=50
inDegrees=yes
endheader
                time	         pelvis_tilt	         pelvis_list	     pelvis_rotation	           pelvis_tx	           pelvis_ty	           pelvis_tz	       hip_flexion_r	     hip_adduction_r	      hip_rotation_r	        knee_angle_r	       ankle_angle_r	         mtp_angle_r	       hip_flexion_l	     hip_adduction_l	      hip_rotation_l	        knee_angle_l	       ankle_angle_l	         mtp_angle_l	    lumbar_extension	      lumbar_bending	     lumbar_rotation	 ercspn_r/activation	 intobl_r/activation	 extobl_r/activation	    abd_r/activation	    add_r/activation	hamstrings_r/activation	bifemsh_r/activation	glut_max_r/activation	iliopsoas_r/activation	rect_fem_r/activation	  vasti_r/activation	gastroc_r/activation	 soleus_r/activation	tib_ant_r/activation	 ercspn_l/activation	 intobl_l/activation	 extobl_l/activation	    abd_l/activation	    add_l/activation	hamstrings_l/activation	bifemsh_l/activation	glut_max_l/activation	iliopsoas_l/activation	rect_fem_l/activation	  vasti_l/activation	gastroc_l/activation	 soleus_l/activation	tib_ant_l/activation	
          0.00000000	         -3.21086885	         -1.34713572	          4.99706008	          0.00000000	          0.99011912	          0.00108636	         28.03532920	          0.24024200	         -0.87173240	         -6.36558233	          7.58182725	          0.23884268	        -14.28950796	         -2.19972508	          2.69657079	        -10.38224286	          8.30806735	         31.32434101	        -13.67497116	         -1.37219895	          1.26055673	          0.01190554	          0.26577625	          0.08236972	          0.00999999	          0.08308675	          0.01000001	          0.16914444	          0.08905112	          0.09461002	          0.03471937	          0.01000000	          0.02452679	          0.01123830	          0.23155752	          0.01000001	          0.01000001	          0.01000001	          0.02504380	          0.02973656	          0.01156608	          0.17298228	          0.01734682	          0.32031943	          0.01000002	          0.01000000	          0.31498969	          0.24627847	          0.00999999	
          0.01209272	         -3.19961627	         -1.42337740	          5.03252344	          0.01899702	          0.98800901	          0.00118677	         27.68729716	          0.44324170	         -0.76635176	         -7.69312727	          7.15937062	          0.20183029	        -14.70916827	         -2.33577797	          2.39828711	        -11.63778298	          7.47742818	         33.10753106	        -13.26689692	         -0.88045772	          1.22733209	          0.01000000	          0.24540986	          0.06855315	          0.06050410	          0.06914992	          0.01000007	          0.14077243	          0.12630217	          0.07874029	          0.02889560	          0.00999999	          0.02041270	          0.01201546	          0.27047219	          0.01000001	          0.01000000	          0.01446376	          0.02084300	          0.03120844	          0.01471732	          0.14396652	          0.01443709	          0.29357782	          0.01000000	          0.01000000	          0.29016741	          0.22510345	          0.00999999	
          0.02418543	         -3.17275374	         -1.50674896	          5.03905247	          0.03805467	          0.98629496	          0.00129734	         27.26939483	          0.64941642	         -0.65700075	         -8.91152712	          6.58908848	          0.20104241	        -14.87117636	         -2.46570486	          2.07750231	        -13.36823178	          6.49043312	         34.90860811	        -12.86638098	         -0.36633894	          1.19090905	          0.01000002	          0.20424520	          0.05705416	          0.12436266	          0.07244016	          0.02684467	          0.11715950	          0.14985877	          0.06553252	          0.02404870	          0.00999999	          0.01698871	          0.01000001	          0.30894751	          0.02251290	          0.01000000	          0.01203764	          0.01734683	          0.02907528	          0.01224867	          0.11981781	          0.01201544	          0.29843446	          0.01000000	          0.01000000	          0.25312304	          0.18873104	          0.00999999	
          0.03627815	         -3.13293946	         -1.59077912	          5.01549031	          0.05684571	          0.98520043	          0.00141579	         26.91580100	          0.86476159	         -0.54595571	        -10.20882699	          5.91440137	          0.17262942	        -14.67922779	         -2.58103651	          1.74954876	        -15.69547192	          5.33162717	         36.59061695	        -12.50961395	          0.16265862	          1.15437870	          0.01000021	          0.16998544	          0.04748398	          0.15558781	          0.09557325	          0.02234182	          0.09750735	          0.16237483	          0.05454020	          0.02001481	          0.06198141	          0.01413905	          0.01000000	          0.34070189	          0.04723318	          0.01000000	          0.01001847	          0.01443710	          0.05465863	          0.01019411	          0.09971978	          0.01000000	          0.27908249	          0.01000000	          0.00999999	          0.21066459	          0.15707360	          0.00999999	
          0.04837087	         -3.08103369	         -1.66688182	          4.96022501	          0.07525131	          0.98480661	          0.00151961	         26.59569616	          1.08002684	         -0.43743561	        -11.58407879	          5.45845557	          0.13984487	        -14.08420841	         -2.67237279	          1.42263600	        -18.68621895	          4.03872816	         37.85933269	        -12.20686396	          0.69705929	          1.12217918	          0.01000003	          0.14147236	          0.03951910	          0.17674679	          0.10336746	          0.01999803	          0.08115163	          0.16080290	          0.04539171	          0.01665756	          0.13504861	          0.01176740	          0.01000002	          0.35422880	          0.06683087	          0.01000000	          0.01000002	          0.01201544	          0.08089629	          0.01000003	          0.08299308	          0.00999999	          0.23226965	          0.00999999	          0.00999999	          0.17532805	          0.13072633	          0.00999999	
          0.06046359	         -3.01988331	         -1.72556538	          4.86819655	          0.09322134	          0.98516758	          0.00157665	         26.19146416	          1.28168464	         -0.33165946	        -12.82333386	          5.23389598	          0.10937876	        -13.07040412	         -2.73139435	          1.09922833	        -22.35397943	          2.70883481	         38.23142614	        -11.95932178	          1.22714026	          1.09995585	          0.01201531	          0.11774201	          0.03289023	          0.17596583	          0.10071803	          0.01870648	          0.06753939	          0.13766374	          0.03777778	          0.01386345	          0.20531403	          0.01000004	          0.01000011	          0.35585363	          0.06003945	          0.00999999	          0.04790282	          0.00999999	          0.10405954	          0.01000000	          0.07863938	          0.00999999	          0.19330911	          0.00999999	          0.00999999	          0.14591880	          0.10879850	          0.00999999	
          0.07255630	         -2.95350468	         -1.76028112	          4.73012461	          0.11067224	          0.98632416	          0.00157267	         25.63078526	          1.46371587	         -0.20948631	        -13.77871491	          5.21725696	          0.08722909	        -11.63956382	         -2.75067214	          0.81021001	        -26.63560042	          1.23938240	         37.57995686	        -11.77545981	          1.74484035	          1.09148443	          0.01000000	          0.09799216	          0.02737327	          0.16188921	          0.09221377	          0.02772745	          0.05621044	          0.11457224	          0.03144100	          0.01153802	          0.23589121	          0.01000055	          0.01000039	          0.34203707	          0.04996853	          0.01000015	          0.08608441	          0.00999999	          0.12072902	          0.01443712	          0.06544858	          0.00999999	          0.16088375	          0.00999999	          0.00999999	          0.12144262	          0.09054882	          0.02271980	
          0.08464902	         -2.88571857	         -1.76811370	          4.54765325	          0.12754935	          0.98818478	          0.00149694	         24.91040891	          1.62026223	         -0.05622588	        -14.42198781	          5.34792433	          0.07650071	         -9.83762284	         -2.72374591	          0.59628060	        -31.38425702	         -0.37302347	         35.72139155	        -11.65958018	          2.24442841	          1.09056637	          0.01000002	          0.08155511	          0.02278172	          0.16001795	          0.07674598	          0.02307650	          0.04678180	          0.09535408	          0.02616713	          0.01000000	          0.24319243	          0.01000002	          0.01000004	          0.32360365	          0.06882339	          0.07853303	          0.10989358	          0.00999999	          0.10047813	          0.01201546	          0.05447055	          0.00999999	          0.13389737	          0.00999999	          0.00999999	          0.10107203	          0.07536030	          0.07140064	
          0.09674174	         -2.81718964	         -1.74917998	          4.32711154	          0.14384546	          0.99054769	          0.00136761	         24.06391260	          1.74977773	          0.14127285	        -14.79844919	          5.55900857	          0.07620123	         -7.76933739	         -2.64148167	          0.48118198	        -36.39447999	         -1.85975026	         32.36550743	        -11.61210074	          2.71523794	          1.09657902	          0.01000000	          0.06787519	          0.01896035	          0.15202882	          0.06387273	          0.01920569	          0.03893470	          0.07935954	          0.02177790	          0.01000001	          0.23551510	          0.01000000	          0.01000000	          0.30180501	          0.08964398	          0.13031108	          0.14259124	          0.00999999	          0.08362409	          0.01000001	          0.04533378	          0.00999999	          0.11143764	          0.01000001	          0.00999999	          0.08411837	          0.06271949	          0.17489879	
          0.10883445	         -2.74837490	         -1.71323845	          4.07296568	          0.15958695	          0.99317806	          0.00119289	         23.14476019	          1.85894853	          0.37721713	        -14.99567725	          5.80978323	          0.08293348	         -5.57718493	         -2.47187168	          0.51058572	        -41.41867963	         -2.63821572	         27.90871559	        -11.62802108	          3.15881841	          1.11153290	          0.01000001	          0.05648991	          0.01577998	          0.14530944	          0.05315882	          0.01598416	          0.03240386	          0.06604790	          0.01812491	          0.01000003	          0.21731785	          0.01000000	          0.01000000	          0.27680789	          0.08956673	          0.13192616	          0.15128507	          0.00999999	          0.06959712	          0.00999999	          0.06225637	          0.00999999	          0.09389456	          0.01000007	          0.00999999	          0.07000849	          0.05219902	          0.18608325	
          0.12092717	         -2.67934489	         -1.66848384	          3.78873958	          0.17485117	          0.99594588	          0.00096428	         22.19543447	          1.95255843	          0.64378806	        -15.09365641	          6.09048195	          0.09548099	         -3.37509260	         -2.19579344	          0.64928740	        -46.19226653	         -2.40484910	         23.91429428	        -11.69666133	          3.58175545	          1.13457918	          0.01000001	          0.04701439	          0.01313307	          0.13753607	          0.04424205	          0.01330301	          0.02696849	          0.05496916	          0.01508467	          0.01000002	          0.20115449	          0.01000000	          0.01000000	          0.25257998	          0.07454296	          0.13767091	          0.15256362	          0.00999999	          0.05792301	          0.00999999	          0.07574416	          0.00999999	          0.09753771	          0.01000001	          0.00999999	          0.05826540	          0.04344324	          0.19834203	
          0.13301989	         -2.61089963	         -1.60339329	          3.48092374	          0.18972801	          0.99880763	          0.00069429	         21.22897455	          2.01602883	          0.93373774	        -15.11939327	          6.37262940	          0.11773465	         -1.19230926	         -1.82819497	          0.81398034	        -50.60522470	         -1.90835817	         20.51414538	        -11.80698950	          3.96773859	          1.15815423	          0.01000001	          0.03912828	          0.01093015	          0.12614124	          0.03682096	          0.01488333	          0.02244484	          0.05361002	          0.01255439	          0.01000001	          0.18481392	          0.01000000	          0.01000000	          0.22877883	          0.06203924	          0.14608879	          0.15063485	          0.00999999	          0.05312076	          0.00999999	          0.09352474	          0.00999999	          0.09923087	          0.01000005	          0.00999999	          0.05753377	          0.03615614	          0.19046502	
          0.14511260	         -2.54362663	         -1.51093729	          3.15458232	          0.20430274	          1.00171094	          0.00039188	         20.24508026	          2.03833387	          1.22947923	        -15.07601693	          6.63247527	          0.15372195	          0.94973493	         -1.38376580	          0.96035191	        -54.59720242	         -1.36822844	         17.59750841	        -11.94781171	          4.30639716	          1.17838489	          0.01000001	          0.03256498	          0.01000000	          0.11254812	          0.03191632	          0.02954579	          0.01867998	          0.06174655	          0.01044854	          0.01000001	          0.17081328	          0.01000002	          0.01000002	          0.20699725	          0.05163288	          0.16092492	          0.15605765	          0.00999999	          0.05494619	          0.00999999	          0.11727016	          0.00999999	          0.09694314	          0.08221711	          0.00999999	          0.05859948	          0.03009137	          0.18398922	
          0.15720532	         -2.47818294	         -1.38619288	          2.81397704	          0.21865119	          1.00461958	          0.00007002	         19.23746980	          2.01170262	          1.51717247	        -14.95484512	          6.84796077	          0.21114539	          3.02593632	         -0.87554654	          1.06373418	        -58.08567591	         -0.81548535	         15.09914725	        -12.10948384	          4.58917241	          1.19218813	          0.01000001	          0.02710358	          0.01295263	          0.10193490	          0.03009139	          0.03967429	          0.01554664	          0.07234301	          0.00999999	          0.01000000	          0.15551666	          0.02326420	          0.01000000	          0.19121080	          0.04297207	          0.17409783	          0.16095492	          0.00999999	          0.05794625	          0.00999999	          0.15112369	          0.00999999	          0.09730224	          0.13614226	          0.00999999	          0.05851059	          0.02504389	          0.17931137	
          0.16929804	         -2.41503221	         -1.23043948	          2.46386571	          0.23281761	          1.00750251	         -0.00026063	         18.20972495	          1.93713742	          1.79755931	        -14.76081375	          6.99649132	          0.29596768	          5.02747467	         -0.31933397	          1.11512342	        -61.02184336	         -0.27782861	         12.95558154	        -12.28643400	          4.81561220	          1.19765532	          0.01000001	          0.04176616	          0.02780087	          0.09395324	          0.02504391	          0.04420040	          0.01293888	          0.07574527	          0.00999999	          0.01000000	          0.14315883	          0.03801153	          0.01000001	          0.17727507	          0.03576400	          0.18729932	          0.16459610	          0.00999999	          0.05977653	          0.00999999	          0.19950997	          0.00999999	          0.09987534	          0.17361998	          0.00999999	          0.05843690	          0.02084307	          0.17639053	
          0.18139076	         -2.35430376	         -1.04792476	          2.10856272	          0.24681580	          1.01032218	         -0.00059935	         17.17365804	          1.81945925	          2.07654117	        -14.51856477	          7.10060179	          0.41408526	          6.96041021	          0.26970388	          1.11451124	        -63.40576754	          0.24878472	         11.11451211	        -12.47759022	          4.99100359	          1.19539063	          0.01000001	          0.04039093	          0.03949454	          0.08885355	          0.02084309	          0.04649152	          0.01076854	          0.07846791	          0.00999999	          0.01000000	          0.13329939	          0.05188279	          0.01000001	          0.16503217	          0.02976501	          0.19937717	          0.16622448	          0.00999999	          0.05925516	          0.00999999	          0.26119950	          0.00999999	          0.10293291	          0.19352986	          0.00999999	          0.05701199	          0.01734689	          0.17530408	
          0.19348347	         -2.29601346	         -0.84373681	          1.75252772	          0.26065558	          1.01303934	         -0.00094663	         16.13415082	          1.66367783	          2.35338186	        -14.23897173	          7.17456349	          0.57131185	          8.83596956	          0.87555192	          1.06357550	        -65.26747036	          0.78109443	          9.53088684	        -12.68195676	          5.12156661	          1.18681437	          0.01000001	          0.03361615	          0.04596585	          0.08595541	          0.01734690	          0.04713245	          0.01000002	          0.07937025	          0.00999999	          0.01000000	          0.12479395	          0.06527645	          0.01000001	          0.15272825	          0.02477227	          0.21005836	          0.16642859	          0.00999999	          0.05725319	          0.00999999	          0.33017266	          0.00999999	          0.10655575	          0.19705859	          0.00999999	          0.05219894	          0.01443715	          0.17464562	
          0.20557619	         -2.24004819	         -0.62438669	          1.40017248	          0.27434813	          1.01561839	         -0.00130105	         15.09292206	          1.47651497	          2.62628801	        -13.92750816	          7.22919480	          0.77887486	         10.66514480	          1.48054467	          0.96493944	        -66.65355787	          1.34227512	          8.16807536	        -12.89780746	          5.21464401	          1.17316071	          0.01000000	          0.02797752	          0.04723875	          0.08597212	          0.01443716	          0.04589029	          0.01000003	          0.07829145	          0.00999999	          0.01000000	          0.11620348	          0.07830650	          0.01000003	          0.13934214	          0.02061702	          0.22059177	          0.16574632	          0.00999999	          0.05277569	          0.00999999	          0.39807975	          0.00999999	          0.11128164	          0.18758788	          0.00999999	          0.04344319	          0.01201548	          0.17165465	
          0.21766891	         -2.18629890	         -0.39742765	          1.05585992	          0.28790558	          1.01803096	         -0.00165763	         14.05137246	          1.26622132	          2.89277639	        -13.58893893	          7.27032771	          1.05551627	         12.45689126	          2.06363211	          0.81856961	        -67.61581364	          1.92855867	          6.99582544	        -13.12289006	          5.27818506	          1.15474610	          0.01000000	          0.02328467	          0.04221249	          0.09058598	          0.01201550	          0.04334780	          0.01000003	          0.07612563	          0.00999999	          0.01000001	          0.10579825	          0.09101503	          0.01439337	          0.12617190	          0.01715876	          0.23162622	          0.16481234	          0.00999999	          0.04392319	          0.00999999	          0.45475969	          0.00999999	          0.11604092	          0.16901128	          0.00999999	          0.03615610	          0.01000003	          0.16963286	
          0.22976162	         -2.13470442	         -0.17010669	          0.72388288	          0.30134145	          1.02025806	         -0.00200579	         13.01159586	          1.04121087	          3.14780096	        -13.22879255	          7.29661877	          1.42230680	         14.21646477	          2.59958989	          0.61820533	        -68.20346251	          2.51397001	          5.98828455	        -13.35445832	          5.31894204	          1.13036504	          0.01000000	          0.01937899	          0.03513209	          0.09469160	          0.01000004	          0.04031890	          0.01000003	          0.07518114	          0.00999999	          0.01000001	          0.09030166	          0.10334848	          0.02532280	          0.11267360	          0.01428058	          0.23638315	          0.16419071	          0.00999999	          0.03655559	          0.00999999	          0.48683282	          0.00999999	          0.12018491	          0.14626239	          0.00999999	          0.03009133	          0.00999999	          0.17087560	
          0.24185434	         -2.08530941	          0.05249612	          0.40675331	          0.31467094	          1.02228962	         -0.00233590	         11.98195207	          0.80852158	          3.38683409	        -12.86533243	          7.31231259	          1.89439927	         15.94057129	          3.06925303	          0.36077987	        -68.45037771	          3.07921935	          5.12082138	        -13.58945500	          5.34160234	          1.09839501	          0.01000000	          0.01612844	          0.02923911	          0.09943376	          0.00999999	          0.03513393	          0.01000003	          0.07181093	          0.00999999	          0.01000001	          0.07515461	          0.11545798	          0.03724545	          0.09864325	          0.01188521	          0.23296706	          0.16508160	          0.00999999	          0.03042381	          0.00999999	          0.43432491	          0.00999999	          0.12650671	          0.12209945	          0.00999999	          0.02504386	          0.00999999	          0.17213560	
          0.25394706	         -2.03825135	          0.26563051	          0.10440199	          0.32792145	          1.02412705	         -0.00264167	         10.96663062	          0.57507967	          3.60867673	        -12.50971213	          7.31951789	          2.47355560	         17.60866508	          3.45922529	          0.04860595	        -68.35098709	          3.63521451	          4.37478780	        -13.82372275	          5.35155851	          1.05808593	          0.01000000	          0.01342318	          0.02433460	          0.10217401	          0.00999999	          0.03069866	          0.01000004	          0.06746640	          0.01000000	          0.01000002	          0.06254830	          0.12718463	          0.04864370	          0.08319004	          0.01000022	          0.23054573	          0.16817117	          0.00999999	          0.02532057	          0.00999999	          0.36147195	          0.00999999	          0.13349435	          0.10161873	          0.00999999	          0.02084305	          0.00999999	          0.17452024	
          0.26603977	         -1.99409598	          0.46611112	         -0.18431043	          0.34112499	          1.02577969	         -0.00291838	          9.96178629	          0.34560449	          3.81205912	        -12.15677267	          7.31291716	          3.15174865	         19.19266549	          3.76223643	         -0.31201268	        -67.87770326	          4.18082667	          3.73307575	        -14.05268872	          5.35272953	          1.00876924	          0.01000000	          0.01117217	          0.02025293	          0.10288386	          0.00999999	          0.02823391	          0.01000006	          0.06350658	          0.01000000	          0.01000001	          0.05205655	          0.13846592	          0.05979542	          0.06923589	          0.01000008	          0.23243222	          0.17324684	          0.00999999	          0.02107334	          0.00999999	          0.30083922	          0.00999999	          0.14169823	          0.08457347	          0.00999999	          0.01734687	          0.00999999	          0.17748104	
          0.27813249	         -1.95378415	          0.65128198	         -0.46029014	          0.35430845	          1.02725616	         -0.00316050	          8.95956311	          0.12381313	          3.99544495	        -11.79460982	          7.29605383	          3.90938822	         20.66757084	          3.97522829	         -0.71192156	        -67.00816580	          4.71497327	          3.18049939	        -14.27250067	          5.34799042	          0.94972796	          0.01000000	          0.01303815	          0.02021341	          0.10301333	          0.00999999	          0.02663796	          0.01000009	          0.05795248	          0.01000000	          0.01000001	          0.04332467	          0.14945692	          0.07019389	          0.05762238	          0.01000008	          0.23489083	          0.18100008	          0.00999999	          0.01753853	          0.00999999	          0.25037694	          0.00999999	          0.15077316	          0.07313578	          0.00999999	          0.01443713	          0.00999999	          0.18118630	
          0.29022521	         -1.91846266	          0.81773232	         -0.72433054	          0.36748878	          1.02855983	         -0.00336357	          7.95269535	         -0.08597468	          4.15806411	        -11.41114505	          7.27204606	          4.72252374	         22.01444302	          4.09787158	         -1.13980484	        -65.73082616	          5.23677891	          2.70426044	        -14.48100722	          5.34107933	          0.88092863	          0.01000000	          0.01616243	          0.02375127	          0.10273020	          0.00999999	          0.02600668	          0.03122321	          0.05365492	          0.01000000	          0.01000001	          0.03605746	          0.16032798	          0.07988126	          0.04795690	          0.01000007	          0.23799946	          0.18959441	          0.00999999	          0.01459665	          0.00999999	          0.20837911	          0.00999999	          0.15981846	          0.06783277	          0.00999999	          0.01201547	          0.00999999	          0.18497550	
          0.30231793	         -1.88937752	          0.96223946	         -0.97713981	          0.38067194	          1.02968651	         -0.00352504	          6.94077042	         -0.27938990	          4.29793804	        -11.00573992	          7.24441937	          5.57035902	         23.22045823	          4.13338457	         -1.58269024	        -64.04301582	          5.73962408	          2.29347732	        -14.67777016	          5.33567050	          0.80294439	          0.01000000	          0.02647190	          0.02894750	          0.10207989	          0.00999999	          0.02612662	          0.08883885	          0.05127782	          0.01000000	          0.01000001	          0.03000924	          0.17096232	          0.08889405	          0.03991270	          0.01000006	          0.24164877	          0.19776811	          0.00999999	          0.01214823	          0.00999999	          0.17342593	          0.00999999	          0.16794396	          0.06585307	          0.00999999	          0.01000002	          0.00999999	          0.18923550	
          0.31441064	         -1.86766084	          1.08222210	         -1.21931244	          0.39385602	          1.03062379	         -0.00364409	          5.93155895	         -0.45214516	          4.41360326	        -10.59209641	          7.21815291	          6.43823475	         24.27788497	          4.08863954	         -2.02573881	        -61.95054194	          6.21844879	          1.93860093	        -14.86356982	          5.33478750	          0.71670089	          0.01000000	          0.02828202	          0.03478667	          0.10075234	          0.00999999	          0.02691326	          0.13566638	          0.04892675	          0.01000000	          0.01000001	          0.02497554	          0.18123132	          0.09704832	          0.03321781	          0.01000005	          0.24589937	          0.20483591	          0.00999999	          0.01011050	          0.00999999	          0.14433574	          0.00999999	          0.17491003	          0.06552679	          0.00999999	          0.00999999	          0.00999999	          0.19519147	
          0.32650336	         -1.85420557	          1.17551225	         -1.45142230	          0.40704133	          1.03135501	         -0.00372149	          4.92964205	         -0.60053328	          4.50547405	        -10.17805247	          7.19620363	          7.31677689	         25.18279560	          3.97393168	         -2.45066160	        -59.46819491	          6.66436161	          1.62819672	        -15.03912503	          5.34092122	          0.62380542	          0.01000000	          0.03524027	          0.03923225	          0.09695425	          0.00999999	          0.02836813	          0.17427710	          0.04520995	          0.01000000	          0.01000001	          0.02078618	          0.19111995	          0.10484743	          0.02764597	          0.01000006	          0.25169755	          0.21096044	          0.00999999	          0.00999999	          0.00999999	          0.12012510	          0.00999999	          0.18077988	          0.06578414	          0.01000000	          0.00999999	          0.00999999	          0.20077225	
          0.33859608	         -1.84953625	          1.24067067	         -1.67469225	          0.42023204	          1.03186036	         -0.00375981	          3.93783724	         -0.72190086	          4.57522945	         -9.77200169	          7.19673637	          8.18811653	         25.93390257	          3.80405849	         -2.83276668	        -56.62114312	          7.07942309	          1.34773516	        -15.20504377	          5.35571273	          0.52683200	          0.01000000	          0.03227849	          0.04787664	          0.09336833	          0.00999999	          0.02919716	          0.20426160	          0.04381267	          0.01000000	          0.01000001	          0.01729954	          0.20116252	          0.11291020	          0.03056774	          0.01000004	          0.25620790	          0.21461865	          0.00999999	          0.00999999	          0.00999999	          0.09997551	          0.01000000	          0.18875446	          0.06721989	          0.01000001	          0.00999999	          0.00999999	          0.20604613	
          0.35068879	         -1.85381386	          1.27679360	         -1.89014586	          0.43343662	          1.03211058	         -0.00376340	          2.95848078	         -0.81454279	          4.62231299	         -9.38550241	          7.25229557	          9.02243868	         26.53558593	          3.59400614	         -3.14530398	        -53.45093394	          7.44340964	          1.08769004	        -15.36155103	          5.38038177	          0.42918032	          0.01000000	          0.02805045	          0.05478168	          0.09042659	          0.00999999	          0.02919800	          0.22791890	          0.04297075	          0.01000000	          0.01000001	          0.01439775	          0.21162295	          0.12146521	          0.03979579	          0.01000003	          0.25229877	          0.21588232	          0.00999999	          0.00999999	          0.00999999	          0.08320577	          0.01919716	          0.20192644	          0.06921909	          0.01169049	          0.00999999	          0.00999999	          0.20692875	
          0.36278151	         -1.86699548	          1.28336642	         -2.09857533	          0.44667374	          1.03207346	         -0.00373587	          1.99284534	         -0.87721585	          4.64879619	         -9.02613191	          7.37383898	          9.80793158	         26.99219686	          3.35214874	         -3.37561664	        -49.99938478	          7.71159741	          0.86066204	        -15.50712548	          5.41610874	          0.33278746	          0.01000000	          0.04018681	          0.05282609	          0.08695930	          0.01000000	          0.02831860	          0.24811076	          0.04041022	          0.01000001	          0.01000001	          0.01198270	          0.22280702	          0.13103833	          0.05077724	          0.01000006	          0.24180126	          0.21726014	          0.00999999	          0.00999999	          0.00999999	          0.06924897	          0.04509279	          0.22005190	          0.06995014	          0.01210477	          0.00999999	          0.00999999	          0.20279734	
          0.37487423	         -1.88901082	          1.25992496	         -2.30096666	          0.45997046	          1.03172199	         -0.00367645	          1.04226904	         -0.90859893	          4.65811113	         -8.70000747	          7.55842489	         10.55062127	         27.30626721	          3.07783584	         -3.53420220	        -46.29773466	          7.84895714	          0.68574165	        -15.63851376	          5.46393863	          0.23668932	          0.01000000	          0.04075117	          0.05487272	          0.08498539	          0.01000000	          0.02662635	          0.26817579	          0.03944506	          0.01000001	          0.01000001	          0.01000000	          0.23457828	          0.14135921	          0.06168338	          0.01000004	          0.23602240	          0.21927190	          0.00999999	          0.00999999	          0.00999999	          0.05763326	          0.07188886	          0.24345451	          0.07072219	          0.01195332	          0.00999999	          0.01000000	          0.19846862	
          0.38696694	         -1.92018489	          1.20845957	         -2.49797276	          0.47334932	          1.03103431	         -0.00358658	          0.10709725	         -0.91038931	          4.65051246	         -8.40957588	          7.80211883	         11.26243354	         27.48838075	          2.77313551	         -3.63071353	        -42.38364981	          7.86758589	          0.55708737	        -15.75268117	          5.52215298	          0.13963576	          0.01000000	          0.03616543	          0.05812198	          0.08375364	          0.01000000	          0.02555886	          0.28810041	          0.03855855	          0.01000001	          0.01000001	          0.01000001	          0.24671794	          0.15271486	          0.07161596	          0.01000004	          0.23921512	          0.22250926	          0.00999999	          0.00999999	          0.00999999	          0.04796595	          0.09467747	          0.26946189	          0.07115679	          0.01169861	          0.00999999	          0.01000000	          0.19659143	
          0.39905966	         -1.96095766	          1.13401067	         -2.68999262	          0.48682484	          1.02999505	         -0.00346921	         -0.81508652	         -0.88797694	          4.62688853	         -8.15102189	          8.10112050	         11.95583626	         27.56285763	          2.44514930	         -3.66462529	        -38.32489328	          7.82059648	          0.45419941	        -15.84787088	          5.58503652	          0.04121925	          0.01000000	          0.03009951	          0.05973401	          0.08277525	          0.01000000	          0.02539566	          0.30728397	          0.03776118	          0.01000001	          0.01000001	          0.01000000	          0.25943466	          0.16505042	          0.07995480	          0.01000004	          0.24884910	          0.22507491	          0.00999999	          0.00999999	          0.00999999	          0.03992022	          0.11432578	          0.29556930	          0.07251824	          0.01190818	          0.00999999	          0.01000001	          0.19625672	
          0.41115238	         -2.01147494	          1.04356199	         -2.87703121	          0.50040652	          1.02860051	         -0.00332566	         -1.72714664	         -0.84880794	          4.58846781	         -7.91965334	          8.45081791	         12.64262659	         27.56511028	          2.10149597	         -3.63307469	        -34.21863593	          7.75639858	          0.36752281	        -15.92334255	          5.64381538	         -0.05887156	          0.01000000	          0.02505080	          0.05219891	          0.07991060	          0.01000000	          0.02704864	          0.32596483	          0.03771014	          0.01000001	          0.01000001	          0.01000000	          0.27272301	          0.17828538	          0.08621327	          0.01000003	          0.26362756	          0.22566748	          0.00999999	          0.00999999	          0.00999999	          0.03322406	          0.13411761	          0.31905602	          0.07448503	          0.01273313	          0.00999999	          0.01000002	          0.19620726	
          0.42324510	         -2.07134054	          0.94529797	         -3.05846804	          0.51410707	          1.02686318	         -0.00315247	         -2.63241560	         -0.80137580	          4.53683911	         -7.71054635	          8.84310761	         13.33338574	         27.53261243	          1.74749985	         -3.54186217	        -30.16968514	          7.69738234	          0.29714535	        -15.97801025	          5.68728676	         -0.16234845	          0.01000000	          0.02084888	          0.04344316	          0.07742304	          0.01000000	          0.02818187	          0.34505508	          0.03615332	          0.01000002	          0.01000001	          0.01000000	          0.28648559	          0.19264894	          0.09112527	          0.01000001	          0.27862372	          0.22471124	          0.00999999	          0.01000000	          0.00999999	          0.02765111	          0.14967705	          0.33830345	          0.07928526	          0.01408307	          0.00999999	          0.01000003	          0.19588998	
          0.43533781	         -2.13956255	          0.84724428	         -3.23371555	          0.52794189	          1.02481227	         -0.00294691	         -3.53448090	         -0.75434661	          4.47512864	         -7.51871799	          9.26576568	         14.03650861	         27.50048589	          1.38737299	         -3.40275886	        -26.27927226	          7.64559281	          0.24277398	        -16.01098872	          5.70454946	         -0.27075465	          0.01000000	          0.01735175	          0.03615607	          0.07620581	          0.01000000	          0.02780247	          0.36515251	          0.03192065	          0.01000002	          0.01000000	          0.01000000	          0.30073104	          0.20761581	          0.09436400	          0.01000001	          0.29109267	          0.22145654	          0.00999999	          0.01000000	          0.00999999	          0.02301296	          0.15947962	          0.35216655	          0.08876026	          0.01607287	          0.00999999	          0.01000005	          0.19529675	
          0.44743053	         -2.21473324	          0.75686705	         -3.40271529	          0.54192942	          1.02249154	         -0.00271178	         -4.43676527	         -0.71625430	          4.40824288	         -7.33930861	          9.70088233	         14.76078306	         27.49720032	          1.02652455	         -3.23014078	        -22.63700532	          7.59903599	          0.20292018	        -16.02165492	          5.68644008	         -0.38421086	          0.01000000	          0.01444122	          0.03009131	          0.07133368	          0.01000000	          0.02623565	          0.38609995	          0.02656637	          0.01000001	          0.01000000	          0.01000000	          0.31540950	          0.22301722	          0.09514708	          0.01000002	          0.30454085	          0.21511769	          0.00999999	          0.01311421	          0.00999999	          0.01915280	          0.16131645	          0.35918414	          0.10505353	          0.01858429	          0.00999999	          0.01000013	          0.19584454	
          0.45952325	         -2.29550076	          0.68102639	         -3.56557972	          0.55609140	          1.01995636	         -0.00245692	         -5.33934761	         -0.69517379	          4.34363379	         -7.17261672	         10.12464716	         15.51994056	         27.54033503	          0.67474627	         -3.03974423	        -19.31475016	          7.56542451	          0.17530962	        -16.00911660	          5.62568225	         -0.50117883	          0.01000000	          0.01201890	          0.02504385	          0.06015882	          0.01000000	          0.02282442	          0.40661645	          0.02211018	          0.01000011	          0.01000001	          0.01000000	          0.32995564	          0.23899122	          0.09054853	          0.01000006	          0.32244631	          0.20881715	          0.00999999	          0.02005105	          0.00999999	          0.01594014	          0.15176792	          0.35768092	          0.12915838	          0.02178227	          0.00999999	          0.01000005	          0.19705028	
          0.47161596	         -2.38139031	          0.62428887	         -3.72176985	          0.57045012	          1.01727165	         -0.00219745	         -6.23802656	         -0.69668627	          4.28678633	         -7.02286557	         10.50126179	         16.34209795	         27.63534187	          0.34551543	         -2.84304825	        -16.35771721	          7.55985145	          0.15735856	        -15.97198121	          5.51831112	         -0.61875596	          0.01000000	          0.01000289	          0.02084303	          0.05006798	          0.01000000	          0.02014281	          0.42397802	          0.01840146	          0.02506495	          0.01000000	          0.01000000	          0.34380799	          0.25444009	          0.07536007	          0.01000025	          0.34379334	          0.20284207	          0.00999999	          0.02777623	          0.00999999	          0.01326637	          0.13314498	          0.34930758	          0.15869839	          0.02530286	          0.00999999	          0.01000013	          0.19778513	
          0.48370868	         -2.47223670	          0.59115799	         -3.87138042	          0.58503028	          1.01451151	         -0.00194889	         -7.12763468	         -0.72611825	          4.23553100	         -6.89481333	         10.79486479	         17.25793548	         27.77354277	          0.05484206	         -2.64319980	        -13.77050442	          7.59194223	          0.14725365	        -15.90882009	          5.36039332	         -0.73281545	          0.01000000	          0.01000005	          0.01734686	          0.04281728	          0.01000000	          0.02057482	          0.43398901	          0.01531484	          0.05907112	          0.01000000	          0.01000000	          0.35620476	          0.26848321	          0.06271930	          0.01000014	          0.36189249	          0.20028149	          0.00999999	          0.03382732	          0.00999999	          0.01104109	          0.11081147	          0.33550245	          0.18910416	          0.02925695	          0.00999999	          0.01000007	          0.19830888	
          0.49580140	         -2.56754482	          0.58543845	         -4.01476055	          0.59985695	          1.01174391	         -0.00172239	         -7.99893172	         -0.78717270	          4.18281269	         -6.80698244	         11.00060266	         18.26790162	         27.93699908	         -0.18340116	         -2.43680752	        -11.52932603	          7.65524031	          0.14347593	        -15.81869194	          5.14829423	         -0.84004530	          0.01000000	          0.01000005	          0.01443712	          0.04032607	          0.01000000	          0.02102722	          0.43456657	          0.01274597	          0.10756233	          0.01000000	          0.01000000	          0.36662599	          0.28048223	          0.05219886	          0.01000010	          0.37008628	          0.19972542	          0.00999999	          0.03649336	          0.00999999	          0.01000000	          0.09222413	          0.31872337	          0.18123116	          0.03231367	          0.00999999	          0.01000004	          0.19871685	
          0.50789412	         -2.66607501	          0.60870632	         -4.15279098	          0.61495624	          1.00902068	         -0.00152284	         -8.84110419	         -0.88056776	          4.12061719	         -6.78250378	         11.11472441	         19.37158969	         28.10630098	         -0.36154710	         -2.22193477	         -9.61126204	          7.73773667	          0.14455898	        -15.70114302	          4.88051414	         -0.93838255	          0.01000000	          0.01000004	          0.01201547	          0.03994681	          0.01000000	          0.02016819	          0.42603074	          0.01060803	          0.15574905	          0.01000000	          0.01000000	          0.37474432	          0.29012919	          0.04344311	          0.01000018	          0.37271397	          0.19900144	          0.00999999	          0.03714712	          0.00999999	          0.01000000	          0.07675461	          0.29915047	          0.15083176	          0.03534506	          0.00999999	          0.01000002	          0.19919722	
          0.51998683	         -2.76572403	          0.65970911	         -4.28628602	          0.63035846	          1.00637744	         -0.00135117	         -9.64709638	         -1.00395995	          4.04223068	         -6.83973111	         11.13151108	         20.57009667	         28.26190164	         -0.47736680	         -1.99878552	         -8.00002417	          7.82975472	          0.14897379	        -15.55582717	          4.55866450	         -1.02657738	          0.01000000	          0.01000003	          0.01000002	          0.03968421	          0.01000000	          0.01911034	          0.41009249	          0.01000016	          0.19710354	          0.01000000	          0.01000000	          0.37974164	          0.29679241	          0.03615603	          0.01000005	          0.37642787	          0.19579960	          0.00999999	          0.03764800	          0.01000000	          0.01000001	          0.06387991	          0.27818616	          0.12553149	          0.03219093	          0.00999999	          0.01000002	          0.19939131	
          0.53207955	         -2.86370007	          0.73632387	         -4.41493575	          0.64609503	          1.00383282	         -0.00120725	        -10.41402940	         -1.15415857	          3.94133162	         -6.99159025	         11.04702826	         21.86321695	         28.39077352	         -0.53023824	         -1.77158544	         -6.69929883	          7.92858220	          0.15577668	        -15.38244519	          4.18528354	         -1.10416792	          0.01000000	          0.01000002	          0.01000001	          0.03969832	          0.01000000	          0.01646891	          0.38723866	          0.01000005	          0.23035483	          0.01000000	          0.01000000	          0.38156693	          0.30004237	          0.03009128	          0.01000003	          0.37539063	          0.19281812	          0.01000000	          0.03801389	          0.01000000	          0.01000001	          0.05316480	          0.25721366	          0.10447505	          0.02679128	          0.01000000	          0.01000001	          0.20012420	
          0.54417227	         -2.95668199	          0.83439611	         -4.53781761	          0.66219885	          1.00139153	         -0.00109095	        -11.14211185	         -1.32619091	          3.81363836	         -7.24732501	         10.85869113	         23.24839648	         28.48113901	         -0.52169848	         -1.54471683	         -5.71583156	          8.03364039	          0.16427760	        -15.18092056	          3.76541619	         -1.17068557	          0.01000000	          0.01000001	          0.01000000	          0.04000838	          0.01000000	          0.01370647	          0.35839921	          0.01000004	          0.25431490	          0.01000001	          0.01000000	          0.38001725	          0.30009287	          0.02504381	          0.01000010	          0.37125173	          0.18767991	          0.00999999	          0.03758394	          0.01000000	          0.01000003	          0.04424702	          0.23384140	          0.08695057	          0.02229735	          0.01000000	          0.01000000	          0.20030022	
          0.55626498	         -3.04078876	          0.94727082	         -4.65448079	          0.67870786	          0.99904679	         -0.00100096	        -11.83386998	         -1.51290967	          3.65478484	         -7.61422451	         10.56514290	         24.72026489	         28.51951276	         -0.45665726	         -1.32059469	         -5.05277016	          8.13080696	          0.17461662	        -14.95086900	          3.30711811	         -1.22457161	          0.01000000	          0.01000001	          0.01000001	          0.04613341	          0.01000000	          0.01216664	          0.32462380	          0.01000050	          0.28624973	          0.01000000	          0.01000000	          0.37450823	          0.29658723	          0.02084300	          0.01000001	          0.35676499	          0.17168332	          0.01000000	          0.03749517	          0.01000002	          0.09587370	          0.03682510	          0.19719582	          0.07236563	          0.01855723	          0.01000005	          0.01000002	          0.19823606	
          0.56835770	         -3.11204929	          1.06901699	         -4.76345522	          0.69566767	          0.99677949	         -0.00094390	        -12.49144152	         -1.70807400	          3.45827734	         -8.10180485	         10.16709958	         26.27190680	         28.50157346	         -0.33841879	         -1.11593192	         -4.74378770	          8.18809777	          0.18696783	        -14.68947070	          2.81936456	         -1.26411558	          0.01000000	          0.01000001	          0.01000000	          0.04344309	          0.00999999	          0.01012585	          0.28848666	          0.01656745	          0.28791830	          0.01000001	          0.01000000	          0.36531436	          0.28930612	          0.01734683	          0.01585132	          0.34596549	          0.14288544	          0.01000087	          0.04299173	          0.01000002	          0.18357879	          0.03064811	          0.16411851	          0.06022713	          0.01544447	          0.01704453	          0.01098054	          0.20644471	
          0.58045042	         -3.16626327	          1.18354949	         -4.86027252	          0.71313811	          0.99455809	         -0.00093412	        -13.12237660	         -1.89532162	          3.22817887	         -8.71271534	          9.65795780	         27.89705325	         28.42045286	         -0.17622020	         -0.96522236	         -4.82623409	          8.18814046	          0.20244756	        -14.39187700	          2.32420841	         -1.28476059	          0.01000000	          0.01000000	          0.00999999	          0.03615601	          0.00999999	          0.01000000	          0.24973632	          0.01924688	          0.27472156	          0.01000002	          0.01000000	          0.35252418	          0.27895580	          0.01443710	          0.01718814	          0.33334488	          0.11891807	          0.01144473	          0.05046326	          0.01000001	          0.23266801	          0.02550725	          0.13658954	          0.05012473	          0.01285384	          0.02898413	          0.00999999	          0.20297116	
          0.59254313	         -3.19989628	          1.27497934	         -4.93928806	          0.73116426	          0.99234435	         -0.00098425	        -13.72924036	         -2.05857917	          2.97336891	         -9.45703945	          9.03492112	         29.58569690	         28.26655081	          0.02010006	         -0.89014961	         -5.33248526	          7.98610355	          0.21509136	        -14.05427645	          1.84309235	         -1.28294182	          0.01000000	          0.01000000	          0.01000000	          0.03009126	          0.00999999	          0.01389710	          0.20784602	          0.02084298	          0.26746853	          0.01000000	          0.01000000	          0.33618371	          0.26473062	          0.01201545	          0.01430503	          0.31934219	          0.09897094	          0.01201544	          0.05811837	          0.01096194	          0.20323469	          0.02122871	          0.11367823	          0.04171689	          0.01069776	          0.02412239	          0.01350333	          0.22641333	
          0.60463585	         -3.21086885	          1.34713572	         -4.99706008	          0.74974846	          0.99011912	         -0.00108636	        -14.28950796	         -2.19972508	          2.69657079	        -10.38224286	          8.30806735	         31.32434101	         28.03532920	          0.24024200	         -0.87173240	         -6.36558233	          7.58182725	          0.23884268	        -13.67497116	          1.37219895	         -1.26055673	          0.01000001	          0.01000001	          0.01000001	          0.02504380	          0.02973656	          0.01156608	          0.17298228	          0.01734682	          0.32031943	          0.01000002	          0.01000000	          0.31498969	          0.24627847	          0.00999999	          0.01190554	          0.26577625	          0.08236972	          0.00999999	          0.08308675	          0.01000001	          0.16914444	          0.08905112	          0.09461002	          0.03471937	          0.01000000	          0.02452679	          0.01123830	          0.23155752	
          0.61672857	         -3.19961627	          1.42337740	         -5.03252344	          0.76874548	          0.98800901	         -0.00118677	        -14.70916827	         -2.33577797	          2.39828711	        -11.63778298	          7.47742818	         33.10753106	         27.68729716	          0.44324170	         -0.76635176	         -7.69312727	          7.15937062	          0.20183029	        -13.26689692	          0.88045772	         -1.22733209	          0.01000001	          0.01000000	          0.01446376	          0.02084300	          0.03120844	          0.01471732	          0.14396652	          0.01443709	          0.29357782	          0.01000000	          0.01000000	          0.29016741	          0.22510345	          0.00999999	          0.01000000	          0.24540986	          0.06855315	          0.06050410	          0.06914992	          0.01000007	          0.14077243	          0.12630217	          0.07874029	          0.02889560	          0.00999999	          0.02041270	          0.01201546	          0.27047219	
          0.62882129	         -3.17275374	          1.50674896	         -5.03905247	          0.78780313	          0.98629496	         -0.00129734	        -14.87117636	         -2.46570486	          2.07750231	        -13.36823178	          6.49043312	         34.90860811	         27.26939483	          0.64941642	         -0.65700075	         -8.91152712	          6.58908848	          0.20104241	        -12.86638098	          0.36633894	         -1.19090905	          0.02251290	          0.01000000	          0.01203764	          0.01734683	          0.02907528	          0.01224867	          0.11981781	          0.01201544	          0.29843446	          0.01000000	          0.01000000	          0.25312304	          0.18873104	          0.00999999	          0.01000002	          0.20424520	          0.05705416	          0.12436266	          0.07244016	          0.02684467	          0.11715950	          0.14985877	          0.06553252	          0.02404870	          0.00999999	          0.01698871	          0.01000001	          0.30894751	
          0.64091400	         -3.13293946	          1.59077912	         -5.01549031	          0.80659417	          0.98520043	         -0.00141579	        -14.67922779	         -2.58103651	          1.74954876	        -15.69547192	          5.33162717	         36.59061695	         26.91580100	          0.86476159	         -0.54595571	        -10.20882699	          5.91440137	          0.17262942	        -12.50961395	         -0.16265862	         -1.15437870	          0.04723318	          0.01000000	          0.01001847	          0.01443710	          0.05465863	          0.01019411	          0.09971978	          0.01000000	          0.27908249	          0.01000000	          0.00999999	          0.21066459	          0.15707360	          0.00999999	          0.01000021	          0.16998544	          0.04748398	          0.15558781	          0.09557325	          0.02234182	          0.09750735	          0.16237483	          0.05454020	          0.02001481	          0.06198141	          0.01413905	          0.01000000	          0.34070189	
          0.65300672	         -3.08103369	          1.66688182	         -4.96022501	          0.82499977	          0.98480661	         -0.00151961	        -14.08420841	         -2.67237279	          1.42263600	        -18.68621895	          4.03872816	         37.85933269	         26.59569616	          1.08002684	         -0.43743561	        -11.58407879	          5.45845557	          0.13984487	        -12.20686396	         -0.69705929	         -1.12217918	          0.06683087	          0.01000000	          0.01000002	          0.01201544	          0.08089629	          0.01000003	          0.08299308	          0.00999999	          0.23226965	          0.00999999	          0.00999999	          0.17532805	          0.13072633	          0.00999999	          0.01000003	          0.14147236	          0.03951910	          0.17674679	          0.10336746	          0.01999803	          0.08115163	          0.16080290	          0.04539171	          0.01665756	          0.13504861	          0.01176740	          0.01000002	          0.35422880	
          0.66509944	         -3.01988331	          1.72556538	         -4.86819655	          0.84296979	          0.98516758	         -0.00157665	        -13.07040412	         -2.73139435	          1.09922833	        -22.35397943	          2.70883481	         38.23142614	         26.19146416	          1.28168464	         -0.33165946	        -12.82333386	          5.23389598	          0.10937876	        -11.95932178	         -1.22714026	         -1.09995585	          0.06003945	          0.00999999	          0.04790282	          0.00999999	          0.10405954	          0.01000000	          0.07863938	          0.00999999	          0.19330911	          0.00999999	          0.00999999	          0.14591880	          0.10879850	          0.00999999	          0.01201531	          0.11774201	          0.03289023	          0.17596583	          0.10071803	          0.01870648	          0.06753939	          0.13766374	          0.03777778	          0.01386345	          0.20531403	          0.01000004	          0.01000011	          0.35585363	
          0.67719215	         -2.95350468	          1.76028112	         -4.73012461	          0.86042069	          0.98632416	         -0.00157267	        -11.63956382	         -2.75067214	          0.81021001	        -26.63560042	          1.23938240	         37.57995686	         25.63078526	          1.46371587	         -0.20948631	        -13.77871491	          5.21725696	          0.08722909	        -11.77545981	         -1.74484035	         -1.09148443	          0.04996853	          0.01000015	          0.08608441	          0.00999999	          0.12072902	          0.01443712	          0.06544858	          0.00999999	          0.16088375	          0.00999999	          0.00999999	          0.12144262	          0.09054882	          0.02271980	          0.01000000	          0.09799216	          0.02737327	          0.16188921	          0.09221377	          0.02772745	          0.05621044	          0.11457224	          0.03144100	          0.01153802	          0.23589121	          0.01000055	          0.01000039	          0.34203707	
          0.68928487	         -2.88571857	          1.76811370	         -4.54765325	          0.87729780	          0.98818478	         -0.00149694	         -9.83762284	         -2.72374591	          0.59628060	        -31.38425702	         -0.37302347	         35.72139155	         24.91040891	          1.62026223	         -0.05622588	        -14.42198781	          5.34792433	          0.07650071	        -11.65958018	         -2.24442841	         -1.09056637	          0.06882339	          0.07853303	          0.10989358	          0.00999999	          0.10047813	          0.01201546	          0.05447055	          0.00999999	          0.13389737	          0.00999999	          0.00999999	          0.10107203	          0.07536030	          0.07140064	          0.01000002	          0.08155511	          0.02278172	          0.16001795	          0.07674598	          0.02307650	          0.04678180	          0.09535408	          0.02616713	          0.01000000	          0.24319243	          0.01000002	          0.01000004	          0.32360365	
          0.70137759	         -2.81718964	          1.74917998	         -4.32711154	          0.89359391	          0.99054769	         -0.00136761	         -7.76933739	         -2.64148167	          0.48118198	        -36.39447999	         -1.85975026	         32.36550743	         24.06391260	          1.74977773	          0.14127285	        -14.79844919	          5.55900857	          0.07620123	        -11.61210074	         -2.71523794	         -1.09657902	          0.08964398	          0.13031108	          0.14259124	          0.00999999	          0.08362409	          0.01000001	          0.04533378	          0.00999999	          0.11143764	          0.01000001	          0.00999999	          0.08411837	          0.06271949	          0.17489879	          0.01000000	          0.06787519	          0.01896035	          0.15202882	          0.06387273	          0.01920569	          0.03893470	          0.07935954	          0.02177790	          0.01000001	          0.23551510	          0.01000000	          0.01000000	          0.30180501	
          0.71347030	         -2.74837490	          1.71323845	         -4.07296568	          0.90933540	          0.99317806	         -0.00119289	         -5.57718493	         -2.47187168	          0.51058572	        -41.41867963	         -2.63821572	         27.90871559	         23.14476019	          1.85894853	          0.37721713	        -14.99567725	          5.80978323	          0.08293348	        -11.62802108	         -3.15881841	         -1.11153290	          0.08956673	          0.13192616	          0.15128507	          0.00999999	          0.06959712	          0.00999999	          0.06225637	          0.00999999	          0.09389456	          0.01000007	          0.00999999	          0.07000849	          0.05219902	          0.18608325	          0.01000001	          0.05648991	          0.01577998	          0.14530944	          0.05315882	          0.01598416	          0.03240386	          0.06604790	          0.01812491	          0.01000003	          0.21731785	          0.01000000	          0.01000000	          0.27680789	
          0.72556302	         -2.67934489	          1.66848384	         -3.78873958	          0.92459962	          0.99594588	         -0.00096428	         -3.37509260	         -2.19579344	          0.64928740	        -46.19226653	         -2.40484910	         23.91429428	         22.19543447	          1.95255843	          0.64378806	        -15.09365641	          6.09048195	          0.09548099	        -11.69666133	         -3.58175545	         -1.13457918	          0.07454296	          0.13767091	          0.15256362	          0.00999999	          0.05792301	          0.00999999	          0.07574416	          0.00999999	          0.09753771	          0.01000001	          0.00999999	          0.05826540	          0.04344324	          0.19834203	          0.01000001	          0.04701439	          0.01313307	          0.13753607	          0.04424205	          0.01330301	          0.02696849	          0.05496916	          0.01508467	          0.01000002	          0.20115449	          0.01000000	          0.01000000	          0.25257998	
          0.73765574	         -2.61089963	          1.60339329	         -3.48092374	          0.93947647	          0.99880763	         -0.00069429	         -1.19230926	         -1.82819497	          0.81398034	        -50.60522470	         -1.90835817	         20.51414538	         21.22897455	          2.01602883	          0.93373774	        -15.11939327	          6.37262940	          0.11773465	        -11.80698950	         -3.96773859	         -1.15815423	          0.06203924	          0.14608879	          0.15063485	          0.00999999	          0.05312076	          0.00999999	          0.09352474	          0.00999999	          0.09923087	          0.01000005	          0.00999999	          0.05753377	          0.03615614	          0.19046502	          0.01000001	          0.03912828	          0.01093015	          0.12614124	          0.03682096	          0.01488333	          0.02244484	          0.05361002	          0.01255439	          0.01000001	          0.18481392	          0.01000000	          0.01000000	          0.22877883	
          0.74974846	         -2.54362663	          1.51093729	         -3.15458232	          0.95405120	          1.00171094	         -0.00039188	          0.94973493	         -1.38376580	          0.96035191	        -54.59720242	         -1.36822844	         17.59750841	         20.24508026	          2.03833387	          1.22947923	        -15.07601693	          6.63247527	          0.15372195	        -11.94781171	         -4.30639716	         -1.17838489	          0.05163288	          0.16092492	          0.15605765	          0.00999999	          0.05494619	          0.00999999	          0.11727016	          0.00999999	          0.09694314	          0.08221711	          0.00999999	          0.05859948	          0.03009137	          0.18398922	          0.01000001	          0.03256498	          0.01000000	          0.11254812	          0.03191632	          0.02954579	          0.01867998	          0.06174655	          0.01044854	          0.01000001	          0.17081328	          0.01000002	          0.01000002	          0.20699725	
          0.76184117	         -2.47818294	          1.38619288	         -2.81397704	          0.96839964	          1.00461958	         -0.00007002	          3.02593632	         -0.87554654	          1.06373418	        -58.08567591	         -0.81548535	         15.09914725	         19.23746980	          2.01170262	          1.51717247	        -14.95484512	          6.84796077	          0.21114539	        -12.10948384	         -4.58917241	         -1.19218813	          0.04297207	          0.17409783	          0.16095492	          0.00999999	          0.05794625	          0.00999999	          0.15112369	          0.00999999	          0.09730224	          0.13614226	          0.00999999	          0.05851059	          0.02504389	          0.17931137	          0.01000001	          0.02710358	          0.01295263	          0.10193490	          0.03009139	          0.03967429	          0.01554664	          0.07234301	          0.00999999	          0.01000000	          0.15551666	          0.02326420	          0.01000000	          0.19121080	
          0.77393389	         -2.41503221	          1.23043948	         -2.46386571	          0.98256606	          1.00750251	          0.00026063	          5.02747467	         -0.31933397	          1.11512342	        -61.02184336	         -0.27782861	         12.95558154	         18.20972495	          1.93713742	          1.79755931	        -14.76081375	          6.99649132	          0.29596768	        -12.28643400	         -4.81561220	         -1.19765532	          0.03576400	          0.18729932	          0.16459610	          0.00999999	          0.05977653	          0.00999999	          0.19950997	          0.00999999	          0.09987534	          0.17361998	          0.00999999	          0.05843690	          0.02084307	          0.17639053	          0.01000001	          0.04176616	          0.02780087	          0.09395324	          0.02504391	          0.04420040	          0.01293888	          0.07574527	          0.00999999	          0.01000000	          0.14315883	          0.03801153	          0.01000001	          0.17727507	
          0.78602661	         -2.35430376	          1.04792476	         -2.10856272	          0.99656426	          1.01032218	          0.00059935	          6.96041021	          0.26970388	          1.11451124	        -63.40576754	          0.24878472	         11.11451211	         17.17365804	          1.81945925	          2.07654117	        -14.51856477	          7.10060179	          0.41408526	        -12.47759022	         -4.99100359	         -1.19539063	          0.02976501	          0.19937717	          0.16622448	          0.00999999	          0.05925516	          0.00999999	          0.26119950	          0.00999999	          0.10293291	          0.19352986	          0.00999999	          0.05701199	          0.01734689	          0.17530408	          0.01000001	          0.04039093	          0.03949454	          0.08885355	          0.02084309	          0.04649152	          0.01076854	          0.07846791	          0.00999999	          0.01000000	          0.13329939	          0.05188279	          0.01000001	          0.16503217	
          0.79811932	         -2.29601346	          0.84373681	         -1.75252772	          1.01040404	          1.01303934	          0.00094663	          8.83596956	          0.87555192	          1.06357550	        -65.26747036	          0.78109443	          9.53088684	         16.13415082	          1.66367783	          2.35338186	        -14.23897173	          7.17456349	          0.57131185	        -12.68195676	         -5.12156661	         -1.18681437	          0.02477227	          0.21005836	          0.16642859	          0.00999999	          0.05725319	          0.00999999	          0.33017266	          0.00999999	          0.10655575	          0.19705859	          0.00999999	          0.05219894	          0.01443715	          0.17464562	          0.01000001	          0.03361615	          0.04596585	          0.08595541	          0.01734690	          0.04713245	          0.01000002	          0.07937025	          0.00999999	          0.01000000	          0.12479395	          0.06527645	          0.01000001	          0.15272825	
          0.81021204	         -2.24004819	          0.62438669	         -1.40017248	          1.02409659	          1.01561839	          0.00130105	         10.66514480	          1.48054467	          0.96493944	        -66.65355787	          1.34227512	          8.16807536	         15.09292206	          1.47651497	          2.62628801	        -13.92750816	          7.22919480	          0.77887486	        -12.89780746	         -5.21464401	         -1.17316071	          0.02061702	          0.22059177	          0.16574632	          0.00999999	          0.05277569	          0.00999999	          0.39807975	          0.00999999	          0.11128164	          0.18758788	          0.00999999	          0.04344319	          0.01201548	          0.17165465	          0.01000000	          0.02797752	          0.04723875	          0.08597212	          0.01443716	          0.04589029	          0.01000003	          0.07829145	          0.00999999	          0.01000000	          0.11620348	          0.07830650	          0.01000003	          0.13934214	
          0.82230476	         -2.18629890	          0.39742765	         -1.05585992	          1.03765403	          1.01803096	          0.00165763	         12.45689126	          2.06363211	          0.81856961	        -67.61581364	          1.92855867	          6.99582544	         14.05137246	          1.26622132	          2.89277639	        -13.58893893	          7.27032771	          1.05551627	        -13.12289006	         -5.27818506	         -1.15474610	          0.01715876	          0.23162622	          0.16481234	          0.00999999	          0.04392319	          0.00999999	          0.45475969	          0.00999999	          0.11604092	          0.16901128	          0.00999999	          0.03615610	          0.01000003	          0.16963286	          0.01000000	          0.02328467	          0.04221249	          0.09058598	          0.01201550	          0.04334780	          0.01000003	          0.07612563	          0.00999999	          0.01000001	          0.10579825	          0.09101503	          0.01439337	          0.12617190	
          0.83439748	         -2.13470442	          0.17010669	         -0.72388288	          1.05108990	          1.02025806	          0.00200579	         14.21646477	          2.59958989	          0.61820533	        -68.20346251	          2.51397001	          5.98828455	         13.01159586	          1.04121087	          3.14780096	        -13.22879255	          7.29661877	          1.42230680	        -13.35445832	         -5.31894204	         -1.13036504	          0.01428058	          0.23638315	          0.16419071	          0.00999999	          0.03655559	          0.00999999	          0.48683282	          0.00999999	          0.12018491	          0.14626239	          0.00999999	          0.03009133	          0.00999999	          0.17087560	          0.01000000	          0.01937899	          0.03513209	          0.09469160	          0.01000004	          0.04031890	          0.01000003	          0.07518114	          0.00999999	          0.01000001	          0.09030166	          0.10334848	          0.02532280	          0.11267360	
          0.84649019	         -2.08530941	         -0.05249612	         -0.40675331	          1.06441939	          1.02228962	          0.00233590	         15.94057129	          3.06925303	          0.36077987	        -68.45037771	          3.07921935	          5.12082138	         11.98195207	          0.80852158	          3.38683409	        -12.86533243	          7.31231259	          1.89439927	        -13.58945500	         -5.34160234	         -1.09839501	          0.01188521	          0.23296706	          0.16508160	          0.00999999	          0.03042381	          0.00999999	          0.43432491	          0.00999999	          0.12650671	          0.12209945	          0.00999999	          0.02504386	          0.00999999	          0.17213560	          0.01000000	          0.01612844	          0.02923911	          0.09943376	          0.00999999	          0.03513393	          0.01000003	          0.07181093	          0.00999999	          0.01000001	          0.07515461	          0.11545798	          0.03724545	          0.09864325	
          0.85858291	         -2.03825135	         -0.26563051	         -0.10440199	          1.07766990	          1.02412705	          0.00264167	         17.60866508	          3.45922529	          0.04860595	        -68.35098709	          3.63521451	          4.37478780	         10.96663062	          0.57507967	          3.60867673	        -12.50971213	          7.31951789	          2.47355560	        -13.82372275	         -5.35155851	         -1.05808593	          0.01000022	          0.23054573	          0.16817117	          0.00999999	          0.02532057	          0.00999999	          0.36147195	          0.00999999	          0.13349435	          0.10161873	          0.00999999	          0.02084305	          0.00999999	          0.17452024	          0.01000000	          0.01342318	          0.02433460	          0.10217401	          0.00999999	          0.03069866	          0.01000004	          0.06746640	          0.01000000	          0.01000002	          0.06254830	          0.12718463	          0.04864370	          0.08319004	
          0.87067563	         -1.99409598	         -0.46611112	          0.18431043	          1.09087345	          1.02577969	          0.00291838	         19.19266549	          3.76223643	         -0.31201268	        -67.87770326	          4.18082667	          3.73307575	          9.96178629	          0.34560449	          3.81205912	        -12.15677267	          7.31291716	          3.15174865	        -14.05268872	         -5.35272953	         -1.00876924	          0.01000008	          0.23243222	          0.17324684	          0.00999999	          0.02107334	          0.00999999	          0.30083922	          0.00999999	          0.14169823	          0.08457347	          0.00999999	          0.01734687	          0.00999999	          0.17748104	          0.01000000	          0.01117217	          0.02025293	          0.10288386	          0.00999999	          0.02823391	          0.01000006	          0.06350658	          0.01000000	          0.01000001	          0.05205655	          0.13846592	          0.05979542	          0.06923589	
          0.88276834	         -1.95378415	         -0.65128198	          0.46029014	          1.10405691	          1.02725616	          0.00316050	         20.66757084	          3.97522829	         -0.71192156	        -67.00816580	          4.71497327	          3.18049939	          8.95956311	          0.12381313	          3.99544495	        -11.79460982	          7.29605383	          3.90938822	        -14.27250067	         -5.34799042	         -0.94972796	          0.01000008	          0.23489083	          0.18100008	          0.00999999	          0.01753853	          0.00999999	          0.25037694	          0.00999999	          0.15077316	          0.07313578	          0.00999999	          0.01443713	          0.00999999	          0.18118630	          0.01000000	          0.01303815	          0.02021341	          0.10301333	          0.00999999	          0.02663796	          0.01000009	          0.05795248	          0.01000000	          0.01000001	          0.04332467	          0.14945692	          0.07019389	          0.05762238	
          0.89486106	         -1.91846266	         -0.81773232	          0.72433054	          1.11723724	          1.02855983	          0.00336357	         22.01444302	          4.09787158	         -1.13980484	        -65.73082616	          5.23677891	          2.70426044	          7.95269535	         -0.08597468	          4.15806411	        -11.41114505	          7.27204606	          4.72252374	        -14.48100722	         -5.34107933	         -0.88092863	          0.01000007	          0.23799946	          0.18959441	          0.00999999	          0.01459665	          0.00999999	          0.20837911	          0.00999999	          0.15981846	          0.06783277	          0.00999999	          0.01201547	          0.00999999	          0.18497550	          0.01000000	          0.01616243	          0.02375127	          0.10273020	          0.00999999	          0.02600668	          0.03122321	          0.05365492	          0.01000000	          0.01000001	          0.03605746	          0.16032798	          0.07988126	          0.04795690	
          0.90695378	         -1.88937752	         -0.96223946	          0.97713981	          1.13042039	          1.02968651	          0.00352504	         23.22045823	          4.13338457	         -1.58269024	        -64.04301582	          5.73962408	          2.29347732	          6.94077042	         -0.27938990	          4.29793804	        -11.00573992	          7.24441937	          5.57035902	        -14.67777016	         -5.33567050	         -0.80294439	          0.01000006	          0.24164877	          0.19776811	          0.00999999	          0.01214823	          0.00999999	          0.17342593	          0.00999999	          0.16794396	          0.06585307	          0.00999999	          0.01000002	          0.00999999	          0.18923550	          0.01000000	          0.02647190	          0.02894750	          0.10207989	          0.00999999	          0.02612662	          0.08883885	          0.05127782	          0.01000000	          0.01000001	          0.03000924	          0.17096232	          0.08889405	          0.03991270	
          0.91904649	         -1.86766084	         -1.08222210	          1.21931244	          1.14360448	          1.03062379	          0.00364409	         24.27788497	          4.08863954	         -2.02573881	        -61.95054194	          6.21844879	          1.93860093	          5.93155895	         -0.45214516	          4.41360326	        -10.59209641	          7.21815291	          6.43823475	        -14.86356982	         -5.33478750	         -0.71670089	          0.01000005	          0.24589937	          0.20483591	          0.00999999	          0.01011050	          0.00999999	          0.14433574	          0.00999999	          0.17491003	          0.06552679	          0.00999999	          0.00999999	          0.00999999	          0.19519147	          0.01000000	          0.02828202	          0.03478667	          0.10075234	          0.00999999	          0.02691326	          0.13566638	          0.04892675	          0.01000000	          0.01000001	          0.02497554	          0.18123132	          0.09704832	          0.03321781	
          0.93113921	         -1.85420557	         -1.17551225	          1.45142230	          1.15678979	          1.03135501	          0.00372149	         25.18279560	          3.97393168	         -2.45066160	        -59.46819491	          6.66436161	          1.62819672	          4.92964205	         -0.60053328	          4.50547405	        -10.17805247	          7.19620363	          7.31677689	        -15.03912503	         -5.34092122	         -0.62380542	          0.01000006	          0.25169755	          0.21096044	          0.00999999	          0.00999999	          0.00999999	          0.12012510	          0.00999999	          0.18077988	          0.06578414	          0.01000000	          0.00999999	          0.00999999	          0.20077225	          0.01000000	          0.03524027	          0.03923225	          0.09695425	          0.00999999	          0.02836813	          0.17427710	          0.04520995	          0.01000000	          0.01000001	          0.02078618	          0.19111995	          0.10484743	          0.02764597	
          0.94323193	         -1.84953625	         -1.24067067	          1.67469225	          1.16998050	          1.03186036	          0.00375981	         25.93390257	          3.80405849	         -2.83276668	        -56.62114312	          7.07942309	          1.34773516	          3.93783724	         -0.72190086	          4.57522945	         -9.77200169	          7.19673637	          8.18811653	        -15.20504377	         -5.35571273	         -0.52683200	          0.01000004	          0.25620790	          0.21461865	          0.00999999	          0.00999999	          0.00999999	          0.09997551	          0.01000000	          0.18875446	          0.06721989	          0.01000001	          0.00999999	          0.00999999	          0.20604613	          0.01000000	          0.03227849	          0.04787664	          0.09336833	          0.00999999	          0.02919716	          0.20426160	          0.04381267	          0.01000000	          0.01000001	          0.01729954	          0.20116252	          0.11291020	          0.03056774	
          0.95532465	         -1.85381386	         -1.27679360	          1.89014586	          1.18318508	          1.03211058	          0.00376340	         26.53558593	          3.59400614	         -3.14530398	        -53.45093394	          7.44340964	          1.08769004	          2.95848078	         -0.81454279	          4.62231299	         -9.38550241	          7.25229557	          9.02243868	        -15.36155103	         -5.38038177	         -0.42918032	          0.01000003	          0.25229877	          0.21588232	          0.00999999	          0.00999999	          0.00999999	          0.08320577	          0.01919716	          0.20192644	          0.06921909	          0.01169049	          0.00999999	          0.00999999	          0.20692875	          0.01000000	          0.02805045	          0.05478168	          0.09042659	          0.00999999	          0.02919800	          0.22791890	          0.04297075	          0.01000000	          0.01000001	          0.01439775	          0.21162295	          0.12146521	          0.03979579	
          0.96741736	         -1.86699548	         -1.28336642	          2.09857533	          1.19642219	          1.03207346	          0.00373587	         26.99219686	          3.35214874	         -3.37561664	        -49.99938478	          7.71159741	          0.86066204	          1.99284534	         -0.87721585	          4.64879619	         -9.02613191	          7.37383898	          9.80793158	        -15.50712548	         -5.41610874	         -0.33278746	          0.01000006	          0.24180126	          0.21726014	          0.00999999	          0.00999999	          0.00999999	          0.06924897	          0.04509279	          0.22005190	          0.06995014	          0.01210477	          0.00999999	          0.00999999	          0.20279734	          0.01000000	          0.04018681	          0.05282609	          0.08695930	          0.01000000	          0.02831860	          0.24811076	          0.04041022	          0.01000001	          0.01000001	          0.01198270	          0.22280702	          0.13103833	          0.05077724	
          0.97951008	         -1.88901082	         -1.25992496	          2.30096666	          1.20971892	          1.03172199	          0.00367645	         27.30626721	          3.07783584	         -3.53420220	        -46.29773466	          7.84895714	          0.68574165	          1.04226904	         -0.90859893	          4.65811113	         -8.70000747	          7.55842489	         10.55062127	        -15.63851376	         -5.46393863	         -0.23668932	          0.01000004	          0.23602240	          0.21927190	          0.00999999	          0.00999999	          0.00999999	          0.05763326	          0.07188886	          0.24345451	          0.07072219	          0.01195332	          0.00999999	          0.01000000	          0.19846862	          0.01000000	          0.04075117	          0.05487272	          0.08498539	          0.01000000	          0.02662635	          0.26817579	          0.03944506	          0.01000001	          0.01000001	          0.01000000	          0.23457828	          0.14135921	          0.06168338	
          0.99160280	         -1.92018489	         -1.20845957	          2.49797276	          1.22309777	          1.03103431	          0.00358658	         27.48838075	          2.77313551	         -3.63071353	        -42.38364981	          7.86758589	          0.55708737	          0.10709725	         -0.91038931	          4.65051246	         -8.40957588	          7.80211883	         11.26243354	        -15.75268117	         -5.52215298	         -0.13963576	          0.01000004	          0.23921512	          0.22250926	          0.00999999	          0.00999999	          0.00999999	          0.04796595	          0.09467747	          0.26946189	          0.07115679	          0.01169861	          0.00999999	          0.01000000	          0.19659143	          0.01000000	          0.03616543	          0.05812198	          0.08375364	          0.01000000	          0.02555886	          0.28810041	          0.03855855	          0.01000001	          0.01000001	          0.01000001	          0.24671794	          0.15271486	          0.07161596	
          1.00369551	         -1.96095766	         -1.13401067	          2.68999262	          1.23657329	          1.02999505	          0.00346921	         27.56285763	          2.44514930	         -3.66462529	        -38.32489328	          7.82059648	          0.45419941	         -0.81508652	         -0.88797694	          4.62688853	         -8.15102189	          8.10112050	         11.95583626	        -15.84787088	         -5.58503652	         -0.04121925	          0.01000004	          0.24884910	          0.22507491	          0.00999999	          0.00999999	          0.00999999	          0.03992022	          0.11432578	          0.29556930	          0.07251824	          0.01190818	          0.00999999	          0.01000001	          0.19625672	          0.01000000	          0.03009951	          0.05973401	          0.08277525	          0.01000000	          0.02539566	          0.30728397	          0.03776118	          0.01000001	          0.01000001	          0.01000000	          0.25943466	          0.16505042	          0.07995480	
          1.01578823	         -2.01147494	         -1.04356199	          2.87703121	          1.25015498	          1.02860051	          0.00332566	         27.56511028	          2.10149597	         -3.63307469	        -34.21863593	          7.75639858	          0.36752281	         -1.72714664	         -0.84880794	          4.58846781	         -7.91965334	          8.45081791	         12.64262659	        -15.92334255	         -5.64381538	          0.05887156	          0.01000003	          0.26362756	          0.22566748	          0.00999999	          0.00999999	          0.00999999	          0.03322406	          0.13411761	          0.31905602	          0.07448503	          0.01273313	          0.00999999	          0.01000002	          0.19620726	          0.01000000	          0.02505080	          0.05219891	          0.07991060	          0.01000000	          0.02704864	          0.32596483	          0.03771014	          0.01000001	          0.01000001	          0.01000000	          0.27272301	          0.17828538	          0.08621327	
          1.02788095	         -2.07134054	         -0.94529797	          3.05846804	          1.26385553	          1.02686318	          0.00315247	         27.53261243	          1.74749985	         -3.54186217	        -30.16968514	          7.69738234	          0.29714535	         -2.63241560	         -0.80137580	          4.53683911	         -7.71054635	          8.84310761	         13.33338574	        -15.97801025	         -5.68728676	          0.16234845	          0.01000001	          0.27862372	          0.22471124	          0.00999999	          0.01000000	          0.00999999	          0.02765111	          0.14967705	          0.33830345	          0.07928526	          0.01408307	          0.00999999	          0.01000003	          0.19588998	          0.01000000	          0.02084888	          0.04344316	          0.07742304	          0.01000000	          0.02818187	          0.34505508	          0.03615332	          0.01000002	          0.01000001	          0.01000000	          0.28648559	          0.19264894	          0.09112527	
          1.03997366	         -2.13956255	         -0.84724428	          3.23371555	          1.27769034	          1.02481227	          0.00294691	         27.50048589	          1.38737299	         -3.40275886	        -26.27927226	          7.64559281	          0.24277398	         -3.53448090	         -0.75434661	          4.47512864	         -7.51871799	          9.26576568	         14.03650861	        -16.01098872	         -5.70454946	          0.27075465	          0.01000001	          0.29109267	          0.22145654	          0.00999999	          0.01000000	          0.00999999	          0.02301296	          0.15947962	          0.35216655	          0.08876026	          0.01607287	          0.00999999	          0.01000005	          0.19529675	          0.01000000	          0.01735175	          0.03615607	          0.07620581	          0.01000000	          0.02780247	          0.36515251	          0.03192065	          0.01000002	          0.01000000	          0.01000000	          0.30073104	          0.20761581	          0.09436400	
          1.05206638	         -2.21473324	         -0.75686705	          3.40271529	          1.29167788	          1.02249154	          0.00271178	         27.49720032	          1.02652455	         -3.23014078	        -22.63700532	          7.59903599	          0.20292018	         -4.43676527	         -0.71625430	          4.40824288	         -7.33930861	          9.70088233	         14.76078306	        -16.02165492	         -5.68644008	          0.38421086	          0.01000002	          0.30454085	          0.21511769	          0.00999999	          0.01311421	          0.00999999	          0.01915280	          0.16131645	          0.35918414	          0.10505353	          0.01858429	          0.00999999	          0.01000013	          0.19584454	          0.01000000	          0.01444122	          0.03009131	          0.07133368	          0.01000000	          0.02623565	          0.38609995	          0.02656637	          0.01000001	          0.01000000	          0.01000000	          0.31540950	          0.22301722	          0.09514708	
          1.06415910	         -2.29550076	         -0.68102639	          3.56557972	          1.30583985	          1.01995636	          0.00245692	         27.54033503	          0.67474627	         -3.03974423	        -19.31475016	          7.56542451	          0.17530962	         -5.33934761	         -0.69517379	          4.34363379	         -7.17261672	         10.12464716	         15.51994056	        -16.00911660	         -5.62568225	          0.50117883	          0.01000006	          0.32244631	          0.20881715	          0.00999999	          0.02005105	          0.00999999	          0.01594014	          0.15176792	          0.35768092	          0.12915838	          0.02178227	          0.00999999	          0.01000005	          0.19705028	          0.01000000	          0.01201890	          0.02504385	          0.06015882	          0.01000000	          0.02282442	          0.40661645	          0.02211018	          0.01000011	          0.01000001	          0.01000000	          0.32995564	          0.23899122	          0.09054853	
          1.07625182	         -2.38139031	         -0.62428887	          3.72176985	          1.32019857	          1.01727165	          0.00219745	         27.63534187	          0.34551543	         -2.84304825	        -16.35771721	          7.55985145	          0.15735856	         -6.23802656	         -0.69668627	          4.28678633	         -7.02286557	         10.50126179	         16.34209795	        -15.97198121	         -5.51831112	          0.61875596	          0.01000025	          0.34379334	          0.20284207	          0.00999999	          0.02777623	          0.00999999	          0.01326637	          0.13314498	          0.34930758	          0.15869839	          0.02530286	          0.00999999	          0.01000013	          0.19778513	          0.01000000	          0.01000289	          0.02084303	          0.05006798	          0.01000000	          0.02014281	          0.42397802	          0.01840146	          0.02506495	          0.01000000	          0.01000000	          0.34380799	          0.25444009	          0.07536007	
          1.08834453	         -2.47223670	         -0.59115799	          3.87138042	          1.33477873	          1.01451151	          0.00194889	         27.77354277	          0.05484206	         -2.64319980	        -13.77050442	          7.59194223	          0.14725365	         -7.12763468	         -0.72611825	          4.23553100	         -6.89481333	         10.79486479	         17.25793548	        -15.90882009	         -5.36039332	          0.73281545	          0.01000014	          0.36189249	          0.20028149	          0.00999999	          0.03382732	          0.00999999	          0.01104109	          0.11081147	          0.33550245	          0.18910416	          0.02925695	          0.00999999	          0.01000007	          0.19830888	          0.01000000	          0.01000005	          0.01734686	          0.04281728	          0.01000000	          0.02057482	          0.43398901	          0.01531484	          0.05907112	          0.01000000	          0.01000000	          0.35620476	          0.26848321	          0.06271930	
          1.10043725	         -2.56754482	         -0.58543845	          4.01476055	          1.34960541	          1.01174391	          0.00172239	         27.93699908	         -0.18340116	         -2.43680752	        -11.52932603	          7.65524031	          0.14347593	         -7.99893172	         -0.78717270	          4.18281269	         -6.80698244	         11.00060266	         18.26790162	        -15.81869194	         -5.14829423	          0.84004530	          0.01000010	          0.37008628	          0.19972542	          0.00999999	          0.03649336	          0.00999999	          0.01000000	          0.09222413	          0.31872337	          0.18123116	          0.03231367	          0.00999999	          0.01000004	          0.19871685	          0.01000000	          0.01000005	          0.01443712	          0.04032607	          0.01000000	          0.02102722	          0.43456657	          0.01274597	          0.10756233	          0.01000000	          0.01000000	          0.36662599	          0.28048223	          0.05219886	
          1.11252997	         -2.66607501	         -0.60870632	          4.15279098	          1.36470470	          1.00902068	          0.00152284	         28.10630098	         -0.36154710	         -2.22193477	         -9.61126204	          7.73773667	          0.14455898	         -8.84110419	         -0.88056776	          4.12061719	         -6.78250378	         11.11472441	         19.37158969	        -15.70114302	         -4.88051414	          0.93838255	          0.01000018	          0.37271397	          0.19900144	          0.00999999	          0.03714712	          0.00999999	          0.01000000	          0.07675461	          0.29915047	          0.15083176	          0.03534506	          0.00999999	          0.01000002	          0.19919722	          0.01000000	          0.01000004	          0.01201547	          0.03994681	          0.01000000	          0.02016819	          0.42603074	          0.01060803	          0.15574905	          0.01000000	          0.01000000	          0.37474432	          0.29012919	          0.04344311	
          1.12462268	         -2.76572403	         -0.65970911	          4.28628602	          1.38010692	          1.00637744	          0.00135117	         28.26190164	         -0.47736680	         -1.99878552	         -8.00002417	          7.82975472	          0.14897379	         -9.64709638	         -1.00395995	          4.04223068	         -6.83973111	         11.13151108	         20.57009667	        -15.55582717	         -4.55866450	          1.02657738	          0.01000005	          0.37642787	          0.19579960	          0.00999999	          0.03764800	          0.01000000	          0.01000001	          0.06387991	          0.27818616	          0.12553149	          0.03219093	          0.00999999	          0.01000002	          0.19939131	          0.01000000	          0.01000003	          0.01000002	          0.03968421	          0.01000000	          0.01911034	          0.41009249	          0.01000016	          0.19710354	          0.01000000	          0.01000000	          0.37974164	          0.29679241	          0.03615603	
          1.13671540	         -2.86370007	         -0.73632387	          4.41493575	          1.39584348	          1.00383282	          0.00120725	         28.39077352	         -0.53023824	         -1.77158544	         -6.69929883	          7.92858220	          0.15577668	        -10.41402940	         -1.15415857	          3.94133162	         -6.99159025	         11.04702826	         21.86321695	        -15.38244519	         -4.18528354	          1.10416792	          0.01000003	          0.37539063	          0.19281812	          0.01000000	          0.03801389	          0.01000000	          0.01000001	          0.05316480	          0.25721366	          0.10447505	          0.02679128	          0.01000000	          0.01000001	          0.20012420	          0.01000000	          0.01000002	          0.01000001	          0.03969832	          0.01000000	          0.01646891	          0.38723866	          0.01000005	          0.23035483	          0.01000000	          0.01000000	          0.38156693	          0.30004237	          0.03009128	
          1.14880812	         -2.95668199	         -0.83439611	          4.53781761	          1.41194730	          1.00139153	          0.00109095	         28.48113901	         -0.52169848	         -1.54471683	         -5.71583156	          8.03364039	          0.16427760	        -11.14211185	         -1.32619091	          3.81363836	         -7.24732501	         10.85869113	         23.24839648	        -15.18092056	         -3.76541619	          1.17068557	          0.01000010	          0.37125173	          0.18767991	          0.00999999	          0.03758394	          0.01000000	          0.01000003	          0.04424702	          0.23384140	          0.08695057	          0.02229735	          0.01000000	          0.01000000	          0.20030022	          0.01000000	          0.01000001	          0.01000000	          0.04000838	          0.01000000	          0.01370647	          0.35839921	          0.01000004	          0.25431490	          0.01000001	          0.01000000	          0.38001725	          0.30009287	          0.02504381	
          1.16090083	         -3.04078876	         -0.94727082	          4.65448079	          1.42845632	          0.99904679	          0.00100096	         28.51951276	         -0.45665726	         -1.32059469	         -5.05277016	          8.13080696	          0.17461662	        -11.83386998	         -1.51290967	          3.65478484	         -7.61422451	         10.56514290	         24.72026489	        -14.95086900	         -3.30711811	          1.22457161	          0.01000001	          0.35676499	          0.17168332	          0.01000000	          0.03749517	          0.01000002	          0.09587370	          0.03682510	          0.19719582	          0.07236563	          0.01855723	          0.01000005	          0.01000002	          0.19823606	          0.01000000	          0.01000001	          0.01000001	          0.04613341	          0.01000000	          0.01216664	          0.32462380	          0.01000050	          0.28624973	          0.01000000	          0.01000000	          0.37450823	          0.29658723	          0.02084300	
          1.17299355	         -3.11204929	         -1.06901699	          4.76345522	          1.44541613	          0.99677949	          0.00094390	         28.50157346	         -0.33841879	         -1.11593192	         -4.74378770	          8.18809777	          0.18696783	        -12.49144152	         -1.70807400	          3.45827734	         -8.10180485	         10.16709958	         26.27190680	        -14.68947070	         -2.81936456	          1.26411558	          0.01585132	          0.34596549	          0.14288544	          0.01000087	          0.04299173	          0.01000002	          0.18357879	          0.03064811	          0.16411851	          0.06022713	          0.01544447	          0.01704453	          0.01098054	          0.20644471	          0.01000000	          0.01000001	          0.01000000	          0.04344309	          0.00999999	          0.01012585	          0.28848666	          0.01656745	          0.28791830	          0.01000001	          0.01000000	          0.36531436	          0.28930612	          0.01734683	
          1.18508627	         -3.16626327	         -1.18354949	          4.86027252	          1.46288657	          0.99455809	          0.00093412	         28.42045286	         -0.17622020	         -0.96522236	         -4.82623409	          8.18814046	          0.20244756	        -13.12237660	         -1.89532162	          3.22817887	         -8.71271534	          9.65795780	         27.89705325	        -14.39187700	         -2.32420841	          1.28476059	          0.01718814	          0.33334488	          0.11891807	          0.01144473	          0.05046326	          0.01000001	          0.23266801	          0.02550725	          0.13658954	          0.05012473	          0.01285384	          0.02898413	          0.00999999	          0.20297116	          0.01000000	          0.01000000	          0.00999999	          0.03615601	          0.00999999	          0.01000000	          0.24973632	          0.01924688	          0.27472156	          0.01000002	          0.01000000	          0.35252418	          0.27895580	          0.01443710	
          1.19717899	         -3.19989628	         -1.27497934	          4.93928806	          1.48091272	          0.99234435	          0.00098425	         28.26655081	          0.02010006	         -0.89014961	         -5.33248526	          7.98610355	          0.21509136	        -13.72924036	         -2.05857917	          2.97336891	         -9.45703945	          9.03492112	         29.58569690	        -14.05427645	         -1.84309235	          1.28294182	          0.01430503	          0.31934219	          0.09897094	          0.01201544	          0.05811837	          0.01096194	          0.20323469	          0.02122871	          0.11367823	          0.04171689	          0.01069776	          0.02412239	          0.01350333	          0.22641333	          0.01000000	          0.01000000	          0.01000000	          0.03009126	          0.00999999	          0.01389710	          0.20784602	          0.02084298	          0.26746853	          0.01000000	          0.01000000	          0.33618371	          0.26473062	          0.01201545	
          1.20927170	         -3.21086885	         -1.34713572	          4.99706008	          1.49949691	          0.99011912	          0.00108636	         28.03532920	          0.24024200	         -0.87173240	         -6.36558233	          7.58182725	          0.23884268	        -14.28950796	         -2.19972508	          2.69657079	        -10.38224286	          8.30806735	         31.32434101	        -13.67497116	         -1.37219895	          1.26055673	          0.01190554	          0.26577625	          0.08236972	          0.00999999	          0.08308675	          0.01000001	          0.16914444	          0.08905112	          0.09461002	          0.03471937	          0.01000000	          0.02452679	          0.01123830	          0.23155752	          0.01000001	          0.01000001	          0.01000001	          0.02504380	          0.02973656	          0.01156608	          0.17298228	          0.01734682	          0.32031943	          0.01000002	          0.01000000	          0.31498969	          0.24627847	          0.00999999	
          1.22136442	         -3.19961627	         -1.42337740	          5.03252344	          1.51849393	          0.98800901	          0.00118677	         27.68729716	          0.44324170	         -0.76635176	         -7.69312727	          7.15937062	          0.20183029	        -14.70916827	         -2.33577797	          2.39828711	        -11.63778298	          7.47742818	         33.10753106	        -13.26689692	         -0.88045772	          1.22733209	          0.01000000	          0.24540986	          0.06855315	          0.06050410	          0.06914992	          0.01000007	          0.14077243	          0.12630217	          0.07874029	          0.02889560	          0.00999999	          0.02041270	          0.01201546	          0.27047219	          0.01000001	          0.01000000	          0.01446376	          0.02084300	          0.03120844	          0.01471732	          0.14396652	          0.01443709	          0.29357782	          0.01000000	          0.01000000	          0.29016741	          0.22510345	          0.00999999	
          1.23345714	         -3.17275374	         -1.50674896	          5.03905247	          1.53755158	          0.98629496	          0.00129734	         27.26939483	          0.64941642	         -0.65700075	         -8.91152712	          6.58908848	          0.20104241	        -14.87117636	         -2.46570486	          2.07750231	        -13.36823178	          6.49043312	         34.90860811	        -12.86638098	         -0.36633894	          1.19090905	          0.01000002	          0.20424520	          0.05705416	          0.12436266	          0.07244016	          0.02684467	          0.11715950	          0.14985877	          0.06553252	          0.02404870	          0.00999999	          0.01698871	          0.01000001	          0.30894751	          0.02251290	          0.01000000	          0.01203764	          0.01734683	          0.02907528	          0.01224867	          0.11981781	          0.01201544	          0.29843446	          0.01000000	          0.01000000	          0.25312304	          0.18873104	          0.00999999	
          1.24554985	         -3.13293946	         -1.59077912	          5.01549031	          1.55634262	          0.98520043	          0.00141579	         26.91580100	          0.86476159	         -0.54595571	        -10.20882699	          5.91440137	          0.17262942	        -14.67922779	         -2.58103651	          1.74954876	        -15.69547192	          5.33162717	         36.59061695	        -12.50961395	          0.16265862	          1.15437870	          0.01000021	          0.16998544	          0.04748398	          0.15558781	          0.09557325	          0.02234182	          0.09750735	          0.16237483	          0.05454020	          0.02001481	          0.06198141	          0.01413905	          0.01000000	          0.34070189	          0.04723318	          0.01000000	          0.01001847	          0.01443710	          0.05465863	          0.01019411	          0.09971978	          0.01000000	          0.27908249	          0.01000000	          0.00999999	          0.21066459	          0.15707360	          0.00999999	
          1.25764257	         -3.08103369	         -1.66688182	          4.96022501	          1.57474823	          0.98480661	          0.00151961	         26.59569616	          1.08002684	         -0.43743561	        -11.58407879	          5.45845557	          0.13984487	        -14.08420841	         -2.67237279	          1.42263600	        -18.68621895	          4.03872816	         37.85933269	        -12.20686396	          0.69705929	          1.12217918	          0.01000003	          0.14147236	          0.03951910	          0.17674679	          0.10336746	          0.01999803	          0.08115163	          0.16080290	          0.04539171	          0.01665756	          0.13504861	          0.01176740	          0.01000002	          0.35422880	          0.06683087	          0.01000000	          0.01000002	          0.01201544	          0.08089629	          0.01000003	          0.08299308	          0.00999999	          0.23226965	          0.00999999	          0.00999999	          0.17532805	          0.13072633	          0.00999999	
          1.26973529	         -3.01988331	         -1.72556538	          4.86819655	          1.59271825	          0.98516758	          0.00157665	         26.19146416	          1.28168464	         -0.33165946	        -12.82333386	          5.23389598	          0.10937876	        -13.07040412	         -2.73139435	          1.09922833	        -22.35397943	          2.70883481	         38.23142614	        -11.95932178	          1.22714026	          1.09995585	          0.01201531	          0.11774201	          0.03289023	          0.17596583	          0.10071803	          0.01870648	          0.06753939	          0.13766374	          0.03777778	          0.01386345	          0.20531403	          0.01000004	          0.01000011	          0.35585363	          0.06003945	          0.00999999	          0.04790282	          0.00999999	          0.10405954	          0.01000000	          0.07863938	          0.00999999	          0.19330911	          0.00999999	          0.00999999	          0.14591880	          0.10879850	          0.00999999	
          1.28182801	         -2.95350468	         -1.76028112	          4.73012461	          1.61016915	          0.98632416	          0.00157267	         25.63078526	          1.46371587	         -0.20948631	        -13.77871491	          5.21725696	          0.08722909	        -11.63956382	         -2.75067214	          0.81021001	        -26.63560042	          1.23938240	         37.57995686	        -11.77545981	          1.74484035	          1.09148443	          0.01000000	          0.09799216	          0.02737327	          0.16188921	          0.09221377	          0.02772745	          0.05621044	          0.11457224	          0.03144100	          0.01153802	          0.23589121	          0.01000055	          0.01000039	          0.34203707	          0.04996853	          0.01000015	          0.08608441	          0.00999999	          0.12072902	          0.01443712	          0.06544858	          0.00999999	          0.16088375	          0.00999999	          0.00999999	          0.12144262	          0.09054882	          0.02271980	
          1.29392072	         -2.88571857	         -1.76811370	          4.54765325	          1.62704626	          0.98818478	          0.00149694	         24.91040891	          1.62026223	         -0.05622588	        -14.42198781	          5.34792433	          0.07650071	         -9.83762284	         -2.72374591	          0.59628060	        -31.38425702	         -0.37302347	         35.72139155	        -11.65958018	          2.24442841	          1.09056637	          0.01000002	          0.08155511	          0.02278172	          0.16001795	          0.07674598	          0.02307650	          0.04678180	          0.09535408	          0.02616713	          0.01000000	          0.24319243	          0.01000002	          0.01000004	          0.32360365	          0.06882339	          0.07853303	          0.10989358	          0.00999999	          0.10047813	          0.01201546	          0.05447055	          0.00999999	          0.13389737	          0.00999999	          0.00999999	          0.10107203	          0.07536030	          0.07140064	
          1.30601344	         -2.81718964	         -1.74917998	          4.32711154	          1.64334237	          0.99054769	          0.00136761	         24.06391260	          1.74977773	          0.14127285	        -14.79844919	          5.55900857	          0.07620123	         -7.76933739	         -2.64148167	          0.48118198	        -36.39447999	         -1.85975026	         32.36550743	        -11.61210074	          2.71523794	          1.09657902	          0.01000000	          0.06787519	          0.01896035	          0.15202882	          0.06387273	          0.01920569	          0.03893470	          0.07935954	          0.02177790	          0.01000001	          0.23551510	          0.01000000	          0.01000000	          0.30180501	          0.08964398	          0.13031108	          0.14259124	          0.00999999	          0.08362409	          0.01000001	          0.04533378	          0.00999999	          0.11143764	          0.01000001	          0.00999999	          0.08411837	          0.06271949	          0.17489879	
          1.31810616	         -2.74837490	         -1.71323845	          4.07296568	          1.65908386	          0.99317806	          0.00119289	         23.14476019	          1.85894853	          0.37721713	        -14.99567725	          5.80978323	          0.08293348	         -5.57718493	         -2.47187168	          0.51058572	        -41.41867963	         -2.63821572	         27.90871559	        -11.62802108	          3.15881841	          1.11153290	          0.01000001	          0.05648991	          0.01577998	          0.14530944	          0.05315882	          0.01598416	          0.03240386	          0.06604790	          0.01812491	          0.01000003	          0.21731785	          0.01000000	          0.01000000	          0.27680789	          0.08956673	          0.13192616	          0.15128507	          0.00999999	          0.06959712	          0.00999999	          0.06225637	          0.00999999	          0.09389456	          0.01000007	          0.00999999	          0.07000849	          0.05219902	          0.18608325	
          1.33019887	         -2.67934489	         -1.66848384	          3.78873958	          1.67434808	          0.99594588	          0.00096428	         22.19543447	          1.95255843	          0.64378806	        -15.09365641	          6.09048195	          0.09548099	         -3.37509260	         -2.19579344	          0.64928740	        -46.19226653	         -2.40484910	         23.91429428	        -11.69666133	          3.58175545	          1.13457918	          0.01000001	          0.04701439	          0.01313307	          0.13753607	          0.04424205	          0.01330301	          0.02696849	          0.05496916	          0.01508467	          0.01000002	          0.20115449	          0.01000000	          0.01000000	          0.25257998	          0.07454296	          0.13767091	          0.15256362	          0.00999999	          0.05792301	          0.00999999	          0.07574416	          0.00999999	          0.09753771	          0.01000001	          0.00999999	          0.05826540	          0.04344324	          0.19834203	
          1.34229159	         -2.61089963	         -1.60339329	          3.48092374	          1.68922493	          0.99880763	          0.00069429	         21.22897455	          2.01602883	          0.93373774	        -15.11939327	          6.37262940	          0.11773465	         -1.19230926	         -1.82819497	          0.81398034	        -50.60522470	         -1.90835817	         20.51414538	        -11.80698950	          3.96773859	          1.15815423	          0.01000001	          0.03912828	          0.01093015	          0.12614124	          0.03682096	          0.01488333	          0.02244484	          0.05361002	          0.01255439	          0.01000001	          0.18481392	          0.01000000	          0.01000000	          0.22877883	          0.06203924	          0.14608879	          0.15063485	          0.00999999	          0.05312076	          0.00999999	          0.09352474	          0.00999999	          0.09923087	          0.01000005	          0.00999999	          0.05753377	          0.03615614	          0.19046502	
          1.35438431	         -2.54362663	         -1.51093729	          3.15458232	          1.70379965	          1.00171094	          0.00039188	         20.24508026	          2.03833387	          1.22947923	        -15.07601693	          6.63247527	          0.15372195	          0.94973493	         -1.38376580	          0.96035191	        -54.59720242	         -1.36822844	         17.59750841	        -11.94781171	          4.30639716	          1.17838489	          0.01000001	          0.03256498	          0.01000000	          0.11254812	          0.03191632	          0.02954579	          0.01867998	          0.06174655	          0.01044854	          0.01000001	          0.17081328	          0.01000002	          0.01000002	          0.20699725	          0.05163288	          0.16092492	          0.15605765	          0.00999999	          0.05494619	          0.00999999	          0.11727016	          0.00999999	          0.09694314	          0.08221711	          0.00999999	          0.05859948	          0.03009137	          0.18398922	
          1.36647702	         -2.47818294	         -1.38619288	          2.81397704	          1.71814810	          1.00461958	          0.00007002	         19.23746980	          2.01170262	          1.51717247	        -14.95484512	          6.84796077	          0.21114539	          3.02593632	         -0.87554654	          1.06373418	        -58.08567591	         -0.81548535	         15.09914725	        -12.10948384	          4.58917241	          1.19218813	          0.01000001	          0.02710358	          0.01295263	          0.10193490	          0.03009139	          0.03967429	          0.01554664	          0.07234301	          0.00999999	          0.01000000	          0.15551666	          0.02326420	          0.01000000	          0.19121080	          0.04297207	          0.17409783	          0.16095492	          0.00999999	          0.05794625	          0.00999999	          0.15112369	          0.00999999	          0.09730224	          0.13614226	          0.00999999	          0.05851059	          0.02504389	          0.17931137	
          1.37856974	         -2.41503221	         -1.23043948	          2.46386571	          1.73231452	          1.00750251	         -0.00026063	         18.20972495	          1.93713742	          1.79755931	        -14.76081375	          6.99649132	          0.29596768	          5.02747467	         -0.31933397	          1.11512342	        -61.02184336	         -0.27782861	         12.95558154	        -12.28643400	          4.81561220	          1.19765532	          0.01000001	          0.04176616	          0.02780087	          0.09395324	          0.02504391	          0.04420040	          0.01293888	          0.07574527	          0.00999999	          0.01000000	          0.14315883	          0.03801153	          0.01000001	          0.17727507	          0.03576400	          0.18729932	          0.16459610	          0.00999999	          0.05977653	          0.00999999	          0.19950997	          0.00999999	          0.09987534	          0.17361998	          0.00999999	          0.05843690	          0.02084307	          0.17639053	
          1.39066246	         -2.35430376	         -1.04792476	          2.10856272	          1.74631271	          1.01032218	         -0.00059935	         17.17365804	          1.81945925	          2.07654117	        -14.51856477	          7.10060179	          0.41408526	          6.96041021	          0.26970388	          1.11451124	        -63.40576754	          0.24878472	         11.11451211	        -12.47759022	          4.99100359	          1.19539063	          0.01000001	          0.04039093	          0.03949454	          0.08885355	          0.02084309	          0.04649152	          0.01076854	          0.07846791	          0.00999999	          0.01000000	          0.13329939	          0.05188279	          0.01000001	          0.16503217	          0.02976501	          0.19937717	          0.16622448	          0.00999999	          0.05925516	          0.00999999	          0.26119950	          0.00999999	          0.10293291	          0.19352986	          0.00999999	          0.05701199	          0.01734689	          0.17530408	
          1.40275518	         -2.29601346	         -0.84373681	          1.75252772	          1.76015249	          1.01303934	         -0.00094663	         16.13415082	          1.66367783	          2.35338186	        -14.23897173	          7.17456349	          0.57131185	          8.83596956	          0.87555192	          1.06357550	        -65.26747036	          0.78109443	          9.53088684	        -12.68195676	          5.12156661	          1.18681437	          0.01000001	          0.03361615	          0.04596585	          0.08595541	          0.01734690	          0.04713245	          0.01000002	          0.07937025	          0.00999999	          0.01000000	          0.12479395	          0.06527645	          0.01000001	          0.15272825	          0.02477227	          0.21005836	          0.16642859	          0.00999999	          0.05725319	          0.00999999	          0.33017266	          0.00999999	          0.10655575	          0.19705859	          0.00999999	          0.05219894	          0.01443715	          0.17464562	
          1.41484789	         -2.24004819	         -0.62438669	          1.40017248	          1.77384505	          1.01561839	         -0.00130105	         15.09292206	          1.47651497	          2.62628801	        -13.92750816	          7.22919480	          0.77887486	         10.66514480	          1.48054467	          0.96493944	        -66.65355787	          1.34227512	          8.16807536	        -12.89780746	          5.21464401	          1.17316071	          0.01000000	          0.02797752	          0.04723875	          0.08597212	          0.01443716	          0.04589029	          0.01000003	          0.07829145	          0.00999999	          0.01000000	          0.11620348	          0.07830650	          0.01000003	          0.13934214	          0.02061702	          0.22059177	          0.16574632	          0.00999999	          0.05277569	          0.00999999	          0.39807975	          0.00999999	          0.11128164	          0.18758788	          0.00999999	          0.04344319	          0.01201548	          0.17165465	
          1.42694061	         -2.18629890	         -0.39742765	          1.05585992	          1.78740249	          1.01803096	         -0.00165763	         14.05137246	          1.26622132	          2.89277639	        -13.58893893	          7.27032771	          1.05551627	         12.45689126	          2.06363211	          0.81856961	        -67.61581364	          1.92855867	          6.99582544	        -13.12289006	          5.27818506	          1.15474610	          0.01000000	          0.02328467	          0.04221249	          0.09058598	          0.01201550	          0.04334780	          0.01000003	          0.07612563	          0.00999999	          0.01000001	          0.10579825	          0.09101503	          0.01439337	          0.12617190	          0.01715876	          0.23162622	          0.16481234	          0.00999999	          0.04392319	          0.00999999	          0.45475969	          0.00999999	          0.11604092	          0.16901128	          0.00999999	          0.03615610	          0.01000003	          0.16963286	
          1.43903333	         -2.13470442	         -0.17010669	          0.72388288	          1.80083836	          1.02025806	         -0.00200579	         13.01159586	          1.04121087	          3.14780096	        -13.22879255	          7.29661877	          1.42230680	         14.21646477	          2.59958989	          0.61820533	        -68.20346251	          2.51397001	          5.98828455	        -13.35445832	          5.31894204	          1.13036504	          0.01000000	          0.01937899	          0.03513209	          0.09469160	          0.01000004	          0.04031890	          0.01000003	          0.07518114	          0.00999999	          0.01000001	          0.09030166	          0.10334848	          0.02532280	          0.11267360	          0.01428058	          0.23638315	          0.16419071	          0.00999999	          0.03655559	          0.00999999	          0.48683282	          0.00999999	          0.12018491	          0.14626239	          0.00999999	          0.03009133	          0.00999999	          0.17087560	
          1.45112604	         -2.08530941	          0.05249612	          0.40675331	          1.81416785	          1.02228962	         -0.00233590	         11.98195207	          0.80852158	          3.38683409	        -12.86533243	          7.31231259	          1.89439927	         15.94057129	          3.06925303	          0.36077987	        -68.45037771	          3.07921935	          5.12082138	        -13.58945500	          5.34160234	          1.09839501	          0.01000000	          0.01612844	          0.02923911	          0.09943376	          0.00999999	          0.03513393	          0.01000003	          0.07181093	          0.00999999	          0.01000001	          0.07515461	          0.11545798	          0.03724545	          0.09864325	          0.01188521	          0.23296706	          0.16508160	          0.00999999	          0.03042381	          0.00999999	          0.43432491	          0.00999999	          0.12650671	          0.12209945	          0.00999999	          0.02504386	          0.00999999	          0.17213560	
          1.46321876	         -2.03825135	          0.26563051	          0.10440199	          1.82741836	          1.02412705	         -0.00264167	         10.96663062	          0.57507967	          3.60867673	        -12.50971213	          7.31951789	          2.47355560	         17.60866508	          3.45922529	          0.04860595	        -68.35098709	          3.63521451	          4.37478780	        -13.82372275	          5.35155851	          1.05808593	          0.01000000	          0.01342318	          0.02433460	          0.10217401	          0.00999999	          0.03069866	          0.01000004	          0.06746640	          0.01000000	          0.01000002	          0.06254830	          0.12718463	          0.04864370	          0.08319004	          0.01000022	          0.23054573	          0.16817117	          0.00999999	          0.02532057	          0.00999999	          0.36147195	          0.00999999	          0.13349435	          0.10161873	          0.00999999	          0.02084305	          0.00999999	          0.17452024	
          1.47531148	         -1.99409598	          0.46611112	         -0.18431043	          1.84062190	          1.02577969	         -0.00291838	          9.96178629	          0.34560449	          3.81205912	        -12.15677267	          7.31291716	          3.15174865	         19.19266549	          3.76223643	         -0.31201268	        -67.87770326	          4.18082667	          3.73307575	        -14.05268872	          5.35272953	          1.00876924	          0.01000000	          0.01117217	          0.02025293	          0.10288386	          0.00999999	          0.02823391	          0.01000006	          0.06350658	          0.01000000	          0.01000001	          0.05205655	          0.13846592	          0.05979542	          0.06923589	          0.01000008	          0.23243222	          0.17324684	          0.00999999	          0.02107334	          0.00999999	          0.30083922	          0.00999999	          0.14169823	          0.08457347	          0.00999999	          0.01734687	          0.00999999	          0.17748104	
          1.48740419	         -1.95378415	          0.65128198	         -0.46029014	          1.85380537	          1.02725616	         -0.00316050	          8.95956311	          0.12381313	          3.99544495	        -11.79460982	          7.29605383	          3.90938822	         20.66757084	          3.97522829	         -0.71192156	        -67.00816580	          4.71497327	          3.18049939	        -14.27250067	          5.34799042	          0.94972796	          0.01000000	          0.01303815	          0.02021341	          0.10301333	          0.00999999	          0.02663796	          0.01000009	          0.05795248	          0.01000000	          0.01000001	          0.04332467	          0.14945692	          0.07019389	          0.05762238	          0.01000008	          0.23489083	          0.18100008	          0.00999999	          0.01753853	          0.00999999	          0.25037694	          0.00999999	          0.15077316	          0.07313578	          0.00999999	          0.01443713	          0.00999999	          0.18118630	
          1.49949691	         -1.91846266	          0.81773232	         -0.72433054	          1.86698569	          1.02855983	         -0.00336357	          7.95269535	         -0.08597468	          4.15806411	        -11.41114505	          7.27204606	          4.72252374	         22.01444302	          4.09787158	         -1.13980484	        -65.73082616	          5.23677891	          2.70426044	        -14.48100722	          5.34107933	          0.88092863	          0.01000000	          0.01616243	          0.02375127	          0.10273020	          0.00999999	          0.02600668	          0.03122321	          0.05365492	          0.01000000	          0.01000001	          0.03605746	          0.16032798	          0.07988126	          0.04795690	          0.01000007	          0.23799946	          0.18959441	          0.00999999	          0.01459665	          0.00999999	          0.20837911	          0.00999999	          0.15981846	          0.06783277	          0.00999999	          0.01201547	          0.00999999	          0.18497550	
          1.51158963	         -1.88937752	          0.96223946	         -0.97713981	          1.88016885	          1.02968651	         -0.00352504	          6.94077042	         -0.27938990	          4.29793804	        -11.00573992	          7.24441937	          5.57035902	         23.22045823	          4.13338457	         -1.58269024	        -64.04301582	          5.73962408	          2.29347732	        -14.67777016	          5.33567050	          0.80294439	          0.01000000	          0.02647190	          0.02894750	          0.10207989	          0.00999999	          0.02612662	          0.08883885	          0.05127782	          0.01000000	          0.01000001	          0.03000924	          0.17096232	          0.08889405	          0.03991270	          0.01000006	          0.24164877	          0.19776811	          0.00999999	          0.01214823	          0.00999999	          0.17342593	          0.00999999	          0.16794396	          0.06585307	          0.00999999	          0.01000002	          0.00999999	          0.18923550	
          1.52368235	         -1.86766084	          1.08222210	         -1.21931244	          1.89335293	          1.03062379	         -0.00364409	          5.93155895	         -0.45214516	          4.41360326	        -10.59209641	          7.21815291	          6.43823475	         24.27788497	          4.08863954	         -2.02573881	        -61.95054194	          6.21844879	          1.93860093	        -14.86356982	          5.33478750	          0.71670089	          0.01000000	          0.02828202	          0.03478667	          0.10075234	          0.00999999	          0.02691326	          0.13566638	          0.04892675	          0.01000000	          0.01000001	          0.02497554	          0.18123132	          0.09704832	          0.03321781	          0.01000005	          0.24589937	          0.20483591	          0.00999999	          0.01011050	          0.00999999	          0.14433574	          0.00999999	          0.17491003	          0.06552679	          0.00999999	          0.00999999	          0.00999999	          0.19519147	
          1.53577506	         -1.85420557	          1.17551225	         -1.45142230	          1.90653824	          1.03135501	         -0.00372149	          4.92964205	         -0.60053328	          4.50547405	        -10.17805247	          7.19620363	          7.31677689	         25.18279560	          3.97393168	         -2.45066160	        -59.46819491	          6.66436161	          1.62819672	        -15.03912503	          5.34092122	          0.62380542	          0.01000000	          0.03524027	          0.03923225	          0.09695425	          0.00999999	          0.02836813	          0.17427710	          0.04520995	          0.01000000	          0.01000001	          0.02078618	          0.19111995	          0.10484743	          0.02764597	          0.01000006	          0.25169755	          0.21096044	          0.00999999	          0.00999999	          0.00999999	          0.12012510	          0.00999999	          0.18077988	          0.06578414	          0.01000000	          0.00999999	          0.00999999	          0.20077225	
          1.54786778	         -1.84953625	          1.24067067	         -1.67469225	          1.91972895	          1.03186036	         -0.00375981	          3.93783724	         -0.72190086	          4.57522945	         -9.77200169	          7.19673637	          8.18811653	         25.93390257	          3.80405849	         -2.83276668	        -56.62114312	          7.07942309	          1.34773516	        -15.20504377	          5.35571273	          0.52683200	          0.01000000	          0.03227849	          0.04787664	          0.09336833	          0.00999999	          0.02919716	          0.20426160	          0.04381267	          0.01000000	          0.01000001	          0.01729954	          0.20116252	          0.11291020	          0.03056774	          0.01000004	          0.25620790	          0.21461865	          0.00999999	          0.00999999	          0.00999999	          0.09997551	          0.01000000	          0.18875446	          0.06721989	          0.01000001	          0.00999999	          0.00999999	          0.20604613	
          1.55996050	         -1.85381386	          1.27679360	         -1.89014586	          1.93293353	          1.03211058	         -0.00376340	          2.95848078	         -0.81454279	          4.62231299	         -9.38550241	          7.25229557	          9.02243868	         26.53558593	          3.59400614	         -3.14530398	        -53.45093394	          7.44340964	          1.08769004	        -15.36155103	          5.38038177	          0.42918032	          0.01000000	          0.02805045	          0.05478168	          0.09042659	          0.00999999	          0.02919800	          0.22791890	          0.04297075	          0.01000000	          0.01000001	          0.01439775	          0.21162295	          0.12146521	          0.03979579	          0.01000003	          0.25229877	          0.21588232	          0.00999999	          0.00999999	          0.00999999	          0.08320577	          0.01919716	          0.20192644	          0.06921909	          0.01169049	          0.00999999	          0.00999999	          0.20692875	
          1.57205321	         -1.86699548	          1.28336642	         -2.09857533	          1.94617065	          1.03207346	         -0.00373587	          1.99284534	         -0.87721585	          4.64879619	         -9.02613191	          7.37383898	          9.80793158	         26.99219686	          3.35214874	         -3.37561664	        -49.99938478	          7.71159741	          0.86066204	        -15.50712548	          5.41610874	          0.33278746	          0.01000000	          0.04018681	          0.05282609	          0.08695930	          0.01000000	          0.02831860	          0.24811076	          0.04041022	          0.01000001	          0.01000001	          0.01198270	          0.22280702	          0.13103833	          0.05077724	          0.01000006	          0.24180126	          0.21726014	          0.00999999	          0.00999999	          0.00999999	          0.06924897	          0.04509279	          0.22005190	          0.06995014	          0.01210477	          0.00999999	          0.00999999	          0.20279734	
          1.58414593	         -1.88901082	          1.25992496	         -2.30096666	          1.95946737	          1.03172199	         -0.00367645	          1.04226904	         -0.90859893	          4.65811113	         -8.70000747	          7.55842489	         10.55062127	         27.30626721	          3.07783584	         -3.53420220	        -46.29773466	          7.84895714	          0.68574165	        -15.63851376	          5.46393863	          0.23668932	          0.01000000	          0.04075117	          0.05487272	          0.08498539	          0.01000000	          0.02662635	          0.26817579	          0.03944506	          0.01000001	          0.01000001	          0.01000000	          0.23457828	          0.14135921	          0.06168338	          0.01000004	          0.23602240	          0.21927190	          0.00999999	          0.00999999	          0.00999999	          0.05763326	          0.07188886	          0.24345451	          0.07072219	          0.01195332	          0.00999999	          0.01000000	          0.19846862	
          1.59623865	         -1.92018489	          1.20845957	         -2.49797276	          1.97284623	          1.03103431	         -0.00358658	          0.10709725	         -0.91038931	          4.65051246	         -8.40957588	          7.80211883	         11.26243354	         27.48838075	          2.77313551	         -3.63071353	        -42.38364981	          7.86758589	          0.55708737	        -15.75268117	          5.52215298	          0.13963576	          0.01000000	          0.03616543	          0.05812198	          0.08375364	          0.01000000	          0.02555886	          0.28810041	          0.03855855	          0.01000001	          0.01000001	          0.01000001	          0.24671794	          0.15271486	          0.07161596	          0.01000004	          0.23921512	          0.22250926	          0.00999999	          0.00999999	          0.00999999	          0.04796595	          0.09467747	          0.26946189	          0.07115679	          0.01169861	          0.00999999	          0.01000000	          0.19659143	
          1.60833137	         -1.96095766	          1.13401067	         -2.68999262	          1.98632175	          1.02999505	         -0.00346921	         -0.81508652	         -0.88797694	          4.62688853	         -8.15102189	          8.10112050	         11.95583626	         27.56285763	          2.44514930	         -3.66462529	        -38.32489328	          7.82059648	          0.45419941	        -15.84787088	          5.58503652	          0.04121925	          0.01000000	          0.03009951	          0.05973401	          0.08277525	          0.01000000	          0.02539566	          0.30728397	          0.03776118	          0.01000001	          0.01000001	          0.01000000	          0.25943466	          0.16505042	          0.07995480	          0.01000004	          0.24884910	          0.22507491	          0.00999999	          0.00999999	          0.00999999	          0.03992022	          0.11432578	          0.29556930	          0.07251824	          0.01190818	          0.00999999	          0.01000001	          0.19625672	
          1.62042408	         -2.01147494	          1.04356199	         -2.87703121	          1.99990343	          1.02860051	         -0.00332566	         -1.72714664	         -0.84880794	          4.58846781	         -7.91965334	          8.45081791	         12.64262659	         27.56511028	          2.10149597	         -3.63307469	        -34.21863593	          7.75639858	          0.36752281	        -15.92334255	          5.64381538	         -0.05887156	          0.01000000	          0.02505080	          0.05219891	          0.07991060	          0.01000000	          0.02704864	          0.32596483	          0.03771014	          0.01000001	          0.01000001	          0.01000000	          0.27272301	          0.17828538	          0.08621327	          0.01000003	          0.26362756	          0.22566748	          0.00999999	          0.00999999	          0.00999999	          0.03322406	          0.13411761	          0.31905602	          0.07448503	          0.01273313	          0.00999999	          0.01000002	          0.19620726	
          1.63251680	         -2.07134054	          0.94529797	         -3.05846804	          2.01360399	          1.02686318	         -0.00315247	         -2.63241560	         -0.80137580	          4.53683911	         -7.71054635	          8.84310761	         13.33338574	         27.53261243	          1.74749985	         -3.54186217	        -30.16968514	          7.69738234	          0.29714535	        -15.97801025	          5.68728676	         -0.16234845	          0.01000000	          0.02084888	          0.04344316	          0.07742304	          0.01000000	          0.02818187	          0.34505508	          0.03615332	          0.01000002	          0.01000001	          0.01000000	          0.28648559	          0.19264894	          0.09112527	          0.01000001	          0.27862372	          0.22471124	          0.00999999	          0.01000000	          0.00999999	          0.02765111	          0.14967705	          0.33830345	          0.07928526	          0.01408307	          0.00999999	          0.01000003	          0.19588998	
          1.64460952	         -2.13956255	          0.84724428	         -3.23371555	          2.02743880	          1.02481227	         -0.00294691	         -3.53448090	         -0.75434661	          4.47512864	         -7.51871799	          9.26576568	         14.03650861	         27.50048589	          1.38737299	         -3.40275886	        -26.27927226	          7.64559281	          0.24277398	        -16.01098872	          5.70454946	         -0.27075465	          0.01000000	          0.01735175	          0.03615607	          0.07620581	          0.01000000	          0.02780247	          0.36515251	          0.03192065	          0.01000002	          0.01000000	          0.01000000	          0.30073104	          0.20761581	          0.09436400	          0.01000001	          0.29109267	          0.22145654	          0.00999999	          0.01000000	          0.00999999	          0.02301296	          0.15947962	          0.35216655	          0.08876026	          0.01607287	          0.00999999	          0.01000005	          0.19529675	
          1.65670223	         -2.21473324	          0.75686705	         -3.40271529	          2.04142633	          1.02249154	         -0.00271178	         -4.43676527	         -0.71625430	          4.40824288	         -7.33930861	          9.70088233	         14.76078306	         27.49720032	          1.02652455	         -3.23014078	        -22.63700532	          7.59903599	          0.20292018	        -16.02165492	          5.68644008	         -0.38421086	          0.01000000	          0.01444122	          0.03009131	          0.07133368	          0.01000000	          0.02623565	          0.38609995	          0.02656637	          0.01000001	          0.01000000	          0.01000000	          0.31540950	          0.22301722	          0.09514708	          0.01000002	          0.30454085	          0.21511769	          0.00999999	          0.01311421	          0.00999999	          0.01915280	          0.16131645	          0.35918414	          0.10505353	          0.01858429	          0.00999999	          0.01000013	          0.19584454	
          1.66879495	         -2.29550076	          0.68102639	         -3.56557972	          2.05558831	          1.01995636	         -0.00245692	         -5.33934761	         -0.69517379	          4.34363379	         -7.17261672	         10.12464716	         15.51994056	         27.54033503	          0.67474627	         -3.03974423	        -19.31475016	          7.56542451	          0.17530962	        -16.00911660	          5.62568225	         -0.50117883	          0.01000000	          0.01201890	          0.02504385	          0.06015882	          0.01000000	          0.02282442	          0.40661645	          0.02211018	          0.01000011	          0.01000001	          0.01000000	          0.32995564	          0.23899122	          0.09054853	          0.01000006	          0.32244631	          0.20881715	          0.00999999	          0.02005105	          0.00999999	          0.01594014	          0.15176792	          0.35768092	          0.12915838	          0.02178227	          0.00999999	          0.01000005	          0.19705028	
          1.68088767	         -2.38139031	          0.62428887	         -3.72176985	          2.06994703	          1.01727165	         -0.00219745	         -6.23802656	         -0.69668627	          4.28678633	         -7.02286557	         10.50126179	         16.34209795	         27.63534187	          0.34551543	         -2.84304825	        -16.35771721	          7.55985145	          0.15735856	        -15.97198121	          5.51831112	         -0.61875596	          0.01000000	          0.01000289	          0.02084303	          0.05006798	          0.01000000	          0.02014281	          0.42397802	          0.01840146	          0.02506495	          0.01000000	          0.01000000	          0.34380799	          0.25444009	          0.07536007	          0.01000025	          0.34379334	          0.20284207	          0.00999999	          0.02777623	          0.00999999	          0.01326637	          0.13314498	          0.34930758	          0.15869839	          0.02530286	          0.00999999	          0.01000013	          0.19778513	
          1.69298038	         -2.47223670	          0.59115799	         -3.87138042	          2.08452719	          1.01451151	         -0.00194889	         -7.12763468	         -0.72611825	          4.23553100	         -6.89481333	         10.79486479	         17.25793548	         27.77354277	          0.05484206	         -2.64319980	        -13.77050442	          7.59194223	          0.14725365	        -15.90882009	          5.36039332	         -0.73281545	          0.01000000	          0.01000005	          0.01734686	          0.04281728	          0.01000000	          0.02057482	          0.43398901	          0.01531484	          0.05907112	          0.01000000	          0.01000000	          0.35620476	          0.26848321	          0.06271930	          0.01000014	          0.36189249	          0.20028149	          0.00999999	          0.03382732	          0.00999999	          0.01104109	          0.11081147	          0.33550245	          0.18910416	          0.02925695	          0.00999999	          0.01000007	          0.19830888	
          1.70507310	         -2.56754482	          0.58543845	         -4.01476055	          2.09935387	          1.01174391	         -0.00172239	         -7.99893172	         -0.78717270	          4.18281269	         -6.80698244	         11.00060266	         18.26790162	         27.93699908	         -0.18340116	         -2.43680752	        -11.52932603	          7.65524031	          0.14347593	        -15.81869194	          5.14829423	         -0.84004530	          0.01000000	          0.01000005	          0.01443712	          0.04032607	          0.01000000	          0.02102722	          0.43456657	          0.01274597	          0.10756233	          0.01000000	          0.01000000	          0.36662599	          0.28048223	          0.05219886	          0.01000010	          0.37008628	          0.19972542	          0.00999999	          0.03649336	          0.00999999	          0.01000000	          0.09222413	          0.31872337	          0.18123116	          0.03231367	          0.00999999	          0.01000004	          0.19871685	
          1.71716582	         -2.66607501	          0.60870632	         -4.15279098	          2.11445315	          1.00902068	         -0.00152284	         -8.84110419	         -0.88056776	          4.12061719	         -6.78250378	         11.11472441	         19.37158969	         28.10630098	         -0.36154710	         -2.22193477	         -9.61126204	          7.73773667	          0.14455898	        -15.70114302	          4.88051414	         -0.93838255	          0.01000000	          0.01000004	          0.01201547	          0.03994681	          0.01000000	          0.02016819	          0.42603074	          0.01060803	          0.15574905	          0.01000000	          0.01000000	          0.37474432	          0.29012919	          0.04344311	          0.01000018	          0.37271397	          0.19900144	          0.00999999	          0.03714712	          0.00999999	          0.01000000	          0.07675461	          0.29915047	          0.15083176	          0.03534506	          0.00999999	          0.01000002	          0.19919722	
          1.72925854	         -2.76572403	          0.65970911	         -4.28628602	          2.12985538	          1.00637744	         -0.00135117	         -9.64709638	         -1.00395995	          4.04223068	         -6.83973111	         11.13151108	         20.57009667	         28.26190164	         -0.47736680	         -1.99878552	         -8.00002417	          7.82975472	          0.14897379	        -15.55582717	          4.55866450	         -1.02657738	          0.01000000	          0.01000003	          0.01000002	          0.03968421	          0.01000000	          0.01911034	          0.41009249	          0.01000016	          0.19710354	          0.01000000	          0.01000000	          0.37974164	          0.29679241	          0.03615603	          0.01000005	          0.37642787	          0.19579960	          0.00999999	          0.03764800	          0.01000000	          0.01000001	          0.06387991	          0.27818616	          0.12553149	          0.03219093	          0.00999999	          0.01000002	          0.19939131	
          1.74135125	         -2.86370007	          0.73632387	         -4.41493575	          2.14559194	          1.00383282	         -0.00120725	        -10.41402940	         -1.15415857	          3.94133162	         -6.99159025	         11.04702826	         21.86321695	         28.39077352	         -0.53023824	         -1.77158544	         -6.69929883	          7.92858220	          0.15577668	        -15.38244519	          4.18528354	         -1.10416792	          0.01000000	          0.01000002	          0.01000001	          0.03969832	          0.01000000	          0.01646891	          0.38723866	          0.01000005	          0.23035483	          0.01000000	          0.01000000	          0.38156693	          0.30004237	          0.03009128	          0.01000003	          0.37539063	          0.19281812	          0.01000000	          0.03801389	          0.01000000	          0.01000001	          0.05316480	          0.25721366	          0.10447505	          0.02679128	          0.01000000	          0.01000001	          0.20012420	
          1.75344397	         -2.95668199	          0.83439611	         -4.53781761	          2.16169576	          1.00139153	         -0.00109095	        -11.14211185	         -1.32619091	          3.81363836	         -7.24732501	         10.85869113	         23.24839648	         28.48113901	         -0.52169848	         -1.54471683	         -5.71583156	          8.03364039	          0.16427760	        -15.18092056	          3.76541619	         -1.17068557	          0.01000000	          0.01000001	          0.01000000	          0.04000838	          0.01000000	          0.01370647	          0.35839921	          0.01000004	          0.25431490	          0.01000001	          0.01000000	          0.38001725	          0.30009287	          0.02504381	          0.01000010	          0.37125173	          0.18767991	          0.00999999	          0.03758394	          0.01000000	          0.01000003	          0.04424702	          0.23384140	          0.08695057	          0.02229735	          0.01000000	          0.01000000	          0.20030022	
          1.76553669	         -3.04078876	          0.94727082	         -4.65448079	          2.17820478	          0.99904679	         -0.00100096	        -11.83386998	         -1.51290967	          3.65478484	         -7.61422451	         10.56514290	         24.72026489	         28.51951276	         -0.45665726	         -1.32059469	         -5.05277016	          8.13080696	          0.17461662	        -14.95086900	          3.30711811	         -1.22457161	          0.01000000	          0.01000001	          0.01000001	          0.04613341	          0.01000000	          0.01216664	          0.32462380	          0.01000050	          0.28624973	          0.01000000	          0.01000000	          0.37450823	          0.29658723	          0.02084300	          0.01000001	          0.35676499	          0.17168332	          0.01000000	          0.03749517	          0.01000002	          0.09587370	          0.03682510	          0.19719582	          0.07236563	          0.01855723	          0.01000005	          0.01000002	          0.19823606	
          1.77762940	         -3.11204929	          1.06901699	         -4.76345522	          2.19516458	          0.99677949	         -0.00094390	        -12.49144152	         -1.70807400	          3.45827734	         -8.10180485	         10.16709958	         26.27190680	         28.50157346	         -0.33841879	         -1.11593192	         -4.74378770	          8.18809777	          0.18696783	        -14.68947070	          2.81936456	         -1.26411558	          0.01000000	          0.01000001	          0.01000000	          0.04344309	          0.00999999	          0.01012585	          0.28848666	          0.01656745	          0.28791830	          0.01000001	          0.01000000	          0.36531436	          0.28930612	          0.01734683	          0.01585132	          0.34596549	          0.14288544	          0.01000087	          0.04299173	          0.01000002	          0.18357879	          0.03064811	          0.16411851	          0.06022713	          0.01544447	          0.01704453	          0.01098054	          0.20644471	
          1.78972212	         -3.16626327	          1.18354949	         -4.86027252	          2.21263503	          0.99455809	         -0.00093412	        -13.12237660	         -1.89532162	          3.22817887	         -8.71271534	          9.65795780	         27.89705325	         28.42045286	         -0.17622020	         -0.96522236	         -4.82623409	          8.18814046	          0.20244756	        -14.39187700	          2.32420841	         -1.28476059	          0.01000000	          0.01000000	          0.00999999	          0.03615601	          0.00999999	          0.01000000	          0.24973632	          0.01924688	          0.27472156	          0.01000002	          0.01000000	          0.35252418	          0.27895580	          0.01443710	          0.01718814	          0.33334488	          0.11891807	          0.01144473	          0.05046326	          0.01000001	          0.23266801	          0.02550725	          0.13658954	          0.05012473	          0.01285384	          0.02898413	          0.00999999	          0.20297116	
          1.80181484	         -3.19989628	          1.27497934	         -4.93928806	          2.23066117	          0.99234435	         -0.00098425	        -13.72924036	         -2.05857917	          2.97336891	         -9.45703945	          9.03492112	         29.58569690	         28.26655081	          0.02010006	         -0.89014961	         -5.33248526	          7.98610355	          0.21509136	        -14.05427645	          1.84309235	         -1.28294182	          0.01000000	          0.01000000	          0.01000000	          0.03009126	          0.00999999	          0.01389710	          0.20784602	          0.02084298	          0.26746853	          0.01000000	          0.01000000	          0.33618371	          0.26473062	          0.01201545	          0.01430503	          0.31934219	          0.09897094	          0.01201544	          0.05811837	          0.01096194	          0.20323469	          0.02122871	          0.11367823	          0.04171689	          0.01069776	          0.02412239	          0.01350333	          0.22641333	
          1.81390755	         -3.21086885	          1.34713572	         -4.99706008	          2.24924537	          0.99011912	         -0.00108636	        -14.28950796	         -2.19972508	          2.69657079	        -10.38224286	          8.30806735	         31.32434101	         28.03532920	          0.24024200	         -0.87173240	         -6.36558233	          7.58182725	          0.23884268	        -13.67497116	          1.37219895	         -1.26055673	          0.01000001	          0.01000001	          0.01000001	          0.02504380	          0.02973656	          0.01156608	          0.17298228	          0.01734682	          0.32031943	          0.01000002	          0.01000000	          0.31498969	          0.24627847	          0.00999999	          0.01190554	          0.26577625	          0.08236972	          0.00999999	          0.08308675	          0.01000001	          0.16914444	          0.08905112	          0.09461002	          0.03471937	          0.01000000	          0.02452679	          0.01123830	          0.23155752	
          1.82600027	         -3.19961627	          1.42337740	         -5.03252344	          2.26824239	          0.98800901	         -0.00118677	        -14.70916827	         -2.33577797	          2.39828711	        -11.63778298	          7.47742818	         33.10753106	         27.68729716	          0.44324170	         -0.76635176	         -7.69312727	          7.15937062	          0.20183029	        -13.26689692	          0.88045772	         -1.22733209	          0.01000001	          0.01000000	          0.01446376	          0.02084300	          0.03120844	          0.01471732	          0.14396652	          0.01443709	          0.29357782	          0.01000000	          0.01000000	          0.29016741	          0.22510345	          0.00999999	          0.01000000	          0.24540986	          0.06855315	          0.06050410	          0.06914992	          0.01000007	          0.14077243	          0.12630217	          0.07874029	          0.02889560	          0.00999999	          0.02041270	          0.01201546	          0.27047219	
          1.83809299	         -3.17275374	          1.50674896	         -5.03905247	          2.28730004	          0.98629496	         -0.00129734	        -14.87117636	         -2.46570486	          2.07750231	        -13.36823178	          6.49043312	         34.90860811	         27.26939483	          0.64941642	         -0.65700075	         -8.91152712	          6.58908848	          0.20104241	        -12.86638098	          0.36633894	         -1.19090905	          0.02251290	          0.01000000	          0.01203764	          0.01734683	          0.02907528	          0.01224867	          0.11981781	          0.01201544	          0.29843446	          0.01000000	          0.01000000	          0.25312304	          0.18873104	          0.00999999	          0.01000002	          0.20424520	          0.05705416	          0.12436266	          0.07244016	          0.02684467	          0.11715950	          0.14985877	          0.06553252	          0.02404870	          0.00999999	          0.01698871	          0.01000001	          0.30894751	
          1.85018571	         -3.13293946	          1.59077912	         -5.01549031	          2.30609108	          0.98520043	         -0.00141579	        -14.67922779	         -2.58103651	          1.74954876	        -15.69547192	          5.33162717	         36.59061695	         26.91580100	          0.86476159	         -0.54595571	        -10.20882699	          5.91440137	          0.17262942	        -12.50961395	         -0.16265862	         -1.15437870	          0.04723318	          0.01000000	          0.01001847	          0.01443710	          0.05465863	          0.01019411	          0.09971978	          0.01000000	          0.27908249	          0.01000000	          0.00999999	          0.21066459	          0.15707360	          0.00999999	          0.01000021	          0.16998544	          0.04748398	          0.15558781	          0.09557325	          0.02234182	          0.09750735	          0.16237483	          0.05454020	          0.02001481	          0.06198141	          0.01413905	          0.01000000	          0.34070189	
          1.86227842	         -3.08103369	          1.66688182	         -4.96022501	          2.32449668	          0.98480661	         -0.00151961	        -14.08420841	         -2.67237279	          1.42263600	        -18.68621895	          4.03872816	         37.85933269	         26.59569616	          1.08002684	         -0.43743561	        -11.58407879	          5.45845557	          0.13984487	        -12.20686396	         -0.69705929	         -1.12217918	          0.06683087	          0.01000000	          0.01000002	          0.01201544	          0.08089629	          0.01000003	          0.08299308	          0.00999999	          0.23226965	          0.00999999	          0.00999999	          0.17532805	          0.13072633	          0.00999999	          0.01000003	          0.14147236	          0.03951910	          0.17674679	          0.10336746	          0.01999803	          0.08115163	          0.16080290	          0.04539171	          0.01665756	          0.13504861	          0.01176740	          0.01000002	          0.35422880	
          1.87437114	         -3.01988331	          1.72556538	         -4.86819655	          2.34246670	          0.98516758	         -0.00157665	        -13.07040412	         -2.73139435	          1.09922833	        -22.35397943	          2.70883481	         38.23142614	         26.19146416	          1.28168464	         -0.33165946	        -12.82333386	          5.23389598	          0.10937876	        -11.95932178	         -1.22714026	         -1.09995585	          0.06003945	          0.00999999	          0.04790282	          0.00999999	          0.10405954	          0.01000000	          0.07863938	          0.00999999	          0.19330911	          0.00999999	          0.00999999	          0.14591880	          0.10879850	          0.00999999	          0.01201531	          0.11774201	          0.03289023	          0.17596583	          0.10071803	          0.01870648	          0.06753939	          0.13766374	          0.03777778	          0.01386345	          0.20531403	          0.01000004	          0.01000011	          0.35585363	
          1.88646386	         -2.95350468	          1.76028112	         -4.73012461	          2.35991760	          0.98632416	         -0.00157267	        -11.63956382	         -2.75067214	          0.81021001	        -26.63560042	          1.23938240	         37.57995686	         25.63078526	          1.46371587	         -0.20948631	        -13.77871491	          5.21725696	          0.08722909	        -11.77545981	         -1.74484035	         -1.09148443	          0.04996853	          0.01000015	          0.08608441	          0.00999999	          0.12072902	          0.01443712	          0.06544858	          0.00999999	          0.16088375	          0.00999999	          0.00999999	          0.12144262	          0.09054882	          0.02271980	          0.01000000	          0.09799216	          0.02737327	          0.16188921	          0.09221377	          0.02772745	          0.05621044	          0.11457224	          0.03144100	          0.01153802	          0.23589121	          0.01000055	          0.01000039	          0.34203707	
          1.89855657	         -2.88571857	          1.76811370	         -4.54765325	          2.37679472	          0.98818478	         -0.00149694	         -9.83762284	         -2.72374591	          0.59628060	        -31.38425702	         -0.37302347	         35.72139155	         24.91040891	          1.62026223	         -0.05622588	        -14.42198781	          5.34792433	          0.07650071	        -11.65958018	         -2.24442841	         -1.09056637	          0.06882339	          0.07853303	          0.10989358	          0.00999999	          0.10047813	          0.01201546	          0.05447055	          0.00999999	          0.13389737	          0.00999999	          0.00999999	          0.10107203	          0.07536030	          0.07140064	          0.01000002	          0.08155511	          0.02278172	          0.16001795	          0.07674598	          0.02307650	          0.04678180	          0.09535408	          0.02616713	          0.01000000	          0.24319243	          0.01000002	          0.01000004	          0.32360365	
          1.91064929	         -2.81718964	          1.74917998	         -4.32711154	          2.39309083	          0.99054769	         -0.00136761	         -7.76933739	         -2.64148167	          0.48118198	        -36.39447999	         -1.85975026	         32.36550743	         24.06391260	          1.74977773	          0.14127285	        -14.79844919	          5.55900857	          0.07620123	        -11.61210074	         -2.71523794	         -1.09657902	          0.08964398	          0.13031108	          0.14259124	          0.00999999	          0.08362409	          0.01000001	          0.04533378	          0.00999999	          0.11143764	          0.01000001	          0.00999999	          0.08411837	          0.06271949	          0.17489879	          0.01000000	          0.06787519	          0.01896035	          0.15202882	          0.06387273	          0.01920569	          0.03893470	          0.07935954	          0.02177790	          0.01000001	          0.23551510	          0.01000000	          0.01000000	          0.30180501	
          1.92274201	         -2.74837490	          1.71323845	         -4.07296568	          2.40883232	          0.99317806	         -0.00119289	         -5.57718493	         -2.47187168	          0.51058572	        -41.41867963	         -2.63821572	         27.90871559	         23.14476019	          1.85894853	          0.37721713	        -14.99567725	          5.80978323	          0.08293348	        -11.62802108	         -3.15881841	         -1.11153290	          0.08956673	          0.13192616	          0.15128507	          0.00999999	          0.06959712	          0.00999999	          0.06225637	          0.00999999	          0.09389456	          0.01000007	          0.00999999	          0.07000849	          0.05219902	          0.18608325	          0.01000001	          0.05648991	          0.01577998	          0.14530944	          0.05315882	          0.01598416	          0.03240386	          0.06604790	          0.01812491	          0.01000003	          0.21731785	          0.01000000	          0.01000000	          0.27680789	
          1.93483472	         -2.67934489	          1.66848384	         -3.78873958	          2.42409654	          0.99594588	         -0.00096428	         -3.37509260	         -2.19579344	          0.64928740	        -46.19226653	         -2.40484910	         23.91429428	         22.19543447	          1.95255843	          0.64378806	        -15.09365641	          6.09048195	          0.09548099	        -11.69666133	         -3.58175545	         -1.13457918	          0.07454296	          0.13767091	          0.15256362	          0.00999999	          0.05792301	          0.00999999	          0.07574416	          0.00999999	          0.09753771	          0.01000001	          0.00999999	          0.05826540	          0.04344324	          0.19834203	          0.01000001	          0.04701439	          0.01313307	          0.13753607	          0.04424205	          0.01330301	          0.02696849	          0.05496916	          0.01508467	          0.01000002	          0.20115449	          0.01000000	          0.01000000	          0.25257998	
          1.94692744	         -2.61089963	          1.60339329	         -3.48092374	          2.43897338	          0.99880763	         -0.00069429	         -1.19230926	         -1.82819497	          0.81398034	        -50.60522470	         -1.90835817	         20.51414538	         21.22897455	          2.01602883	          0.93373774	        -15.11939327	          6.37262940	          0.11773465	        -11.80698950	         -3.96773859	         -1.15815423	          0.06203924	          0.14608879	          0.15063485	          0.00999999	          0.05312076	          0.00999999	          0.09352474	          0.00999999	          0.09923087	          0.01000005	          0.00999999	          0.05753377	          0.03615614	          0.19046502	          0.01000001	          0.03912828	          0.01093015	          0.12614124	          0.03682096	          0.01488333	          0.02244484	          0.05361002	          0.01255439	          0.01000001	          0.18481392	          0.01000000	          0.01000000	          0.22877883	
          1.95902016	         -2.54362663	          1.51093729	         -3.15458232	          2.45354811	          1.00171094	         -0.00039188	          0.94973493	         -1.38376580	          0.96035191	        -54.59720242	         -1.36822844	         17.59750841	         20.24508026	          2.03833387	          1.22947923	        -15.07601693	          6.63247527	          0.15372195	        -11.94781171	         -4.30639716	         -1.17838489	          0.05163288	          0.16092492	          0.15605765	          0.00999999	          0.05494619	          0.00999999	          0.11727016	          0.00999999	          0.09694314	          0.08221711	          0.00999999	          0.05859948	          0.03009137	          0.18398922	          0.01000001	          0.03256498	          0.01000000	          0.11254812	          0.03191632	          0.02954579	          0.01867998	          0.06174655	          0.01044854	          0.01000001	          0.17081328	          0.01000002	          0.01000002	          0.20699725	
          1.97111288	         -2.47818294	          1.38619288	         -2.81397704	          2.46789656	          1.00461958	         -0.00007002	          3.02593632	         -0.87554654	          1.06373418	        -58.08567591	         -0.81548535	         15.09914725	         19.23746980	          2.01170262	          1.51717247	        -14.95484512	          6.84796077	          0.21114539	        -12.10948384	         -4.58917241	         -1.19218813	          0.04297207	          0.17409783	          0.16095492	          0.00999999	          0.05794625	          0.00999999	          0.15112369	          0.00999999	          0.09730224	          0.13614226	          0.00999999	          0.05851059	          0.02504389	          0.17931137	          0.01000001	          0.02710358	          0.01295263	          0.10193490	          0.03009139	          0.03967429	          0.01554664	          0.07234301	          0.00999999	          0.01000000	          0.15551666	          0.02326420	          0.01000000	          0.19121080	
          1.98320559	         -2.41503221	          1.23043948	         -2.46386571	          2.48206297	          1.00750251	          0.00026063	          5.02747467	         -0.31933397	          1.11512342	        -61.02184336	         -0.27782861	         12.95558154	         18.20972495	          1.93713742	          1.79755931	        -14.76081375	          6.99649132	          0.29596768	        -12.28643400	         -4.81561220	         -1.19765532	          0.03576400	          0.18729932	          0.16459610	          0.00999999	          0.05977653	          0.00999999	          0.19950997	          0.00999999	          0.09987534	          0.17361998	          0.00999999	          0.05843690	          0.02084307	          0.17639053	          0.01000001	          0.04176616	          0.02780087	          0.09395324	          0.02504391	          0.04420040	          0.01293888	          0.07574527	          0.00999999	          0.01000000	          0.14315883	          0.03801153	          0.01000001	          0.17727507	
          1.99529831	         -2.35430376	          1.04792476	         -2.10856272	          2.49606117	          1.01032218	          0.00059935	          6.96041021	          0.26970388	          1.11451124	        -63.40576754	          0.24878472	         11.11451211	         17.17365804	          1.81945925	          2.07654117	        -14.51856477	          7.10060179	          0.41408526	        -12.47759022	         -4.99100359	         -1.19539063	          0.02976501	          0.19937717	          0.16622448	          0.00999999	          0.05925516	          0.00999999	          0.26119950	          0.00999999	          0.10293291	          0.19352986	          0.00999999	          0.05701199	          0.01734689	          0.17530408	          0.01000001	          0.04039093	          0.03949454	          0.08885355	          0.02084309	          0.04649152	          0.01076854	          0.07846791	          0.00999999	          0.01000000	          0.13329939	          0.05188279	          0.01000001	          0.16503217	
          2.00739103	         -2.29601346	          0.84373681	         -1.75252772	          2.50990095	          1.01303934	          0.00094663	          8.83596956	          0.87555192	          1.06357550	        -65.26747036	          0.78109443	          9.53088684	         16.13415082	          1.66367783	          2.35338186	        -14.23897173	          7.17456349	          0.57131185	        -12.68195676	         -5.12156661	         -1.18681437	          0.02477227	          0.21005836	          0.16642859	          0.00999999	          0.05725319	          0.00999999	          0.33017266	          0.00999999	          0.10655575	          0.19705859	          0.00999999	          0.05219894	          0.01443715	          0.17464562	          0.01000001	          0.03361615	          0.04596585	          0.08595541	          0.01734690	          0.04713245	          0.01000002	          0.07937025	          0.00999999	          0.01000000	          0.12479395	          0.06527645	          0.01000001	          0.15272825	
          2.01948374	         -2.24004819	          0.62438669	         -1.40017248	          2.52359350	          1.01561839	          0.00130105	         10.66514480	          1.48054467	          0.96493944	        -66.65355787	          1.34227512	          8.16807536	         15.09292206	          1.47651497	          2.62628801	        -13.92750816	          7.22919480	          0.77887486	        -12.89780746	         -5.21464401	         -1.17316071	          0.02061702	          0.22059177	          0.16574632	          0.00999999	          0.05277569	          0.00999999	          0.39807975	          0.00999999	          0.11128164	          0.18758788	          0.00999999	          0.04344319	          0.01201548	          0.17165465	          0.01000000	          0.02797752	          0.04723875	          0.08597212	          0.01443716	          0.04589029	          0.01000003	          0.07829145	          0.00999999	          0.01000000	          0.11620348	          0.07830650	          0.01000003	          0.13934214	
          2.03157646	         -2.18629890	          0.39742765	         -1.05585992	          2.53715095	          1.01803096	          0.00165763	         12.45689126	          2.06363211	          0.81856961	        -67.61581364	          1.92855867	          6.99582544	         14.05137246	          1.26622132	          2.89277639	        -13.58893893	          7.27032771	          1.05551627	        -13.12289006	         -5.27818506	         -1.15474610	          0.01715876	          0.23162622	          0.16481234	          0.00999999	          0.04392319	          0.00999999	          0.45475969	          0.00999999	          0.11604092	          0.16901128	          0.00999999	          0.03615610	          0.01000003	          0.16963286	          0.01000000	          0.02328467	          0.04221249	          0.09058598	          0.01201550	          0.04334780	          0.01000003	          0.07612563	          0.00999999	          0.01000001	          0.10579825	          0.09101503	          0.01439337	          0.12617190	
          2.04366918	         -2.13470442	          0.17010669	         -0.72388288	          2.55058682	          1.02025806	          0.00200579	         14.21646477	          2.59958989	          0.61820533	        -68.20346251	          2.51397001	          5.98828455	         13.01159586	          1.04121087	          3.14780096	        -13.22879255	          7.29661877	          1.42230680	        -13.35445832	         -5.31894204	         -1.13036504	          0.01428058	          0.23638315	          0.16419071	          0.00999999	          0.03655559	          0.00999999	          0.48683282	          0.00999999	          0.12018491	          0.14626239	          0.00999999	          0.03009133	          0.00999999	          0.17087560	          0.01000000	          0.01937899	          0.03513209	          0.09469160	          0.01000004	          0.04031890	          0.01000003	          0.07518114	          0.00999999	          0.01000001	          0.09030166	          0.10334848	          0.02532280	          0.11267360	
          2.05576190	         -2.08530941	         -0.05249612	         -0.40675331	          2.56391630	          1.02228962	          0.00233590	         15.94057129	          3.06925303	          0.36077987	        -68.45037771	          3.07921935	          5.12082138	         11.98195207	          0.80852158	          3.38683409	        -12.86533243	          7.31231259	          1.89439927	        -13.58945500	         -5.34160234	         -1.09839501	          0.01188521	          0.23296706	          0.16508160	          0.00999999	          0.03042381	          0.00999999	          0.43432491	          0.00999999	          0.12650671	          0.12209945	          0.00999999	          0.02504386	          0.00999999	          0.17213560	          0.01000000	          0.01612844	          0.02923911	          0.09943376	          0.00999999	          0.03513393	          0.01000003	          0.07181093	          0.00999999	          0.01000001	          0.07515461	          0.11545798	          0.03724545	          0.09864325	
          2.06785461	         -2.03825135	         -0.26563051	         -0.10440199	          2.57716682	          1.02412705	          0.00264167	         17.60866508	          3.45922529	          0.04860595	        -68.35098709	          3.63521451	          4.37478780	         10.96663062	          0.57507967	          3.60867673	        -12.50971213	          7.31951789	          2.47355560	        -13.82372275	         -5.35155851	         -1.05808593	          0.01000022	          0.23054573	          0.16817117	          0.00999999	          0.02532057	          0.00999999	          0.36147195	          0.00999999	          0.13349435	          0.10161873	          0.00999999	          0.02084305	          0.00999999	          0.17452024	          0.01000000	          0.01342318	          0.02433460	          0.10217401	          0.00999999	          0.03069866	          0.01000004	          0.06746640	          0.01000000	          0.01000002	          0.06254830	          0.12718463	          0.04864370	          0.08319004	
          2.07994733	         -1.99409598	         -0.46611112	          0.18431043	          2.59037036	          1.02577969	          0.00291838	         19.19266549	          3.76223643	         -0.31201268	        -67.87770326	          4.18082667	          3.73307575	          9.96178629	          0.34560449	          3.81205912	        -12.15677267	          7.31291716	          3.15174865	        -14.05268872	         -5.35272953	         -1.00876924	          0.01000008	          0.23243222	          0.17324684	          0.00999999	          0.02107334	          0.00999999	          0.30083922	          0.00999999	          0.14169823	          0.08457347	          0.00999999	          0.01734687	          0.00999999	          0.17748104	          0.01000000	          0.01117217	          0.02025293	          0.10288386	          0.00999999	          0.02823391	          0.01000006	          0.06350658	          0.01000000	          0.01000001	          0.05205655	          0.13846592	          0.05979542	          0.06923589	
          2.09204005	         -1.95378415	         -0.65128198	          0.46029014	          2.60355382	          1.02725616	          0.00316050	         20.66757084	          3.97522829	         -0.71192156	        -67.00816580	          4.71497327	          3.18049939	          8.95956311	          0.12381313	          3.99544495	        -11.79460982	          7.29605383	          3.90938822	        -14.27250067	         -5.34799042	         -0.94972796	          0.01000008	          0.23489083	          0.18100008	          0.00999999	          0.01753853	          0.00999999	          0.25037694	          0.00999999	          0.15077316	          0.07313578	          0.00999999	          0.01443713	          0.00999999	          0.18118630	          0.01000000	          0.01303815	          0.02021341	          0.10301333	          0.00999999	          0.02663796	          0.01000009	          0.05795248	          0.01000000	          0.01000001	          0.04332467	          0.14945692	          0.07019389	          0.05762238	
          2.10413276	         -1.91846266	         -0.81773232	          0.72433054	          2.61673415	          1.02855983	          0.00336357	         22.01444302	          4.09787158	         -1.13980484	        -65.73082616	          5.23677891	          2.70426044	          7.95269535	         -0.08597468	          4.15806411	        -11.41114505	          7.27204606	          4.72252374	        -14.48100722	         -5.34107933	         -0.88092863	          0.01000007	          0.23799946	          0.18959441	          0.00999999	          0.01459665	          0.00999999	          0.20837911	          0.00999999	          0.15981846	          0.06783277	          0.00999999	          0.01201547	          0.00999999	          0.18497550	          0.01000000	          0.01616243	          0.02375127	          0.10273020	          0.00999999	          0.02600668	          0.03122321	          0.05365492	          0.01000000	          0.01000001	          0.03605746	          0.16032798	          0.07988126	          0.04795690	
          2.11622548	         -1.88937752	         -0.96223946	          0.97713981	          2.62991731	          1.02968651	          0.00352504	         23.22045823	          4.13338457	         -1.58269024	        -64.04301582	          5.73962408	          2.29347732	          6.94077042	         -0.27938990	          4.29793804	        -11.00573992	          7.24441937	          5.57035902	        -14.67777016	         -5.33567050	         -0.80294439	          0.01000006	          0.24164877	          0.19776811	          0.00999999	          0.01214823	          0.00999999	          0.17342593	          0.00999999	          0.16794396	          0.06585307	          0.00999999	          0.01000002	          0.00999999	          0.18923550	          0.01000000	          0.02647190	          0.02894750	          0.10207989	          0.00999999	          0.02612662	          0.08883885	          0.05127782	          0.01000000	          0.01000001	          0.03000924	          0.17096232	          0.08889405	          0.03991270	
          2.12831820	         -1.86766084	         -1.08222210	          1.21931244	          2.64310139	          1.03062379	          0.00364409	         24.27788497	          4.08863954	         -2.02573881	        -61.95054194	          6.21844879	          1.93860093	          5.93155895	         -0.45214516	          4.41360326	        -10.59209641	          7.21815291	          6.43823475	        -14.86356982	         -5.33478750	         -0.71670089	          0.01000005	          0.24589937	          0.20483591	          0.00999999	          0.01011050	          0.00999999	          0.14433574	          0.00999999	          0.17491003	          0.06552679	          0.00999999	          0.00999999	          0.00999999	          0.19519147	          0.01000000	          0.02828202	          0.03478667	          0.10075234	          0.00999999	          0.02691326	          0.13566638	          0.04892675	          0.01000000	          0.01000001	          0.02497554	          0.18123132	          0.09704832	          0.03321781	
          2.14041091	         -1.85420557	         -1.17551225	          1.45142230	          2.65628670	          1.03135501	          0.00372149	         25.18279560	          3.97393168	         -2.45066160	        -59.46819491	          6.66436161	          1.62819672	          4.92964205	         -0.60053328	          4.50547405	        -10.17805247	          7.19620363	          7.31677689	        -15.03912503	         -5.34092122	         -0.62380542	          0.01000006	          0.25169755	          0.21096044	          0.00999999	          0.00999999	          0.00999999	          0.12012510	          0.00999999	          0.18077988	          0.06578414	          0.01000000	          0.00999999	          0.00999999	          0.20077225	          0.01000000	          0.03524027	          0.03923225	          0.09695425	          0.00999999	          0.02836813	          0.17427710	          0.04520995	          0.01000000	          0.01000001	          0.02078618	          0.19111995	          0.10484743	          0.02764597	
          2.15250363	         -1.84953625	         -1.24067067	          1.67469225	          2.66947741	          1.03186036	          0.00375981	         25.93390257	          3.80405849	         -2.83276668	        -56.62114312	          7.07942309	          1.34773516	          3.93783724	         -0.72190086	          4.57522945	         -9.77200169	          7.19673637	          8.18811653	        -15.20504377	         -5.35571273	         -0.52683200	          0.01000004	          0.25620790	          0.21461865	          0.00999999	          0.00999999	          0.00999999	          0.09997551	          0.01000000	          0.18875446	          0.06721989	          0.01000001	          0.00999999	          0.00999999	          0.20604613	          0.01000000	          0.03227849	          0.04787664	          0.09336833	          0.00999999	          0.02919716	          0.20426160	          0.04381267	          0.01000000	          0.01000001	          0.01729954	          0.20116252	          0.11291020	          0.03056774	
          2.16459635	         -1.85381386	         -1.27679360	          1.89014586	          2.68268199	          1.03211058	          0.00376340	         26.53558593	          3.59400614	         -3.14530398	        -53.45093394	          7.44340964	          1.08769004	          2.95848078	         -0.81454279	          4.62231299	         -9.38550241	          7.25229557	          9.02243868	        -15.36155103	         -5.38038177	         -0.42918032	          0.01000003	          0.25229877	          0.21588232	          0.00999999	          0.00999999	          0.00999999	          0.08320577	          0.01919716	          0.20192644	          0.06921909	          0.01169049	          0.00999999	          0.00999999	          0.20692875	          0.01000000	          0.02805045	          0.05478168	          0.09042659	          0.00999999	          0.02919800	          0.22791890	          0.04297075	          0.01000000	          0.01000001	          0.01439775	          0.21162295	          0.12146521	          0.03979579	
          2.17668907	         -1.86699548	         -1.28336642	          2.09857533	          2.69591910	          1.03207346	          0.00373587	         26.99219686	          3.35214874	         -3.37561664	        -49.99938478	          7.71159741	          0.86066204	          1.99284534	         -0.87721585	          4.64879619	         -9.02613191	          7.37383898	          9.80793158	        -15.50712548	         -5.41610874	         -0.33278746	          0.01000006	          0.24180126	          0.21726014	          0.00999999	          0.00999999	          0.00999999	          0.06924897	          0.04509279	          0.22005190	          0.06995014	          0.01210477	          0.00999999	          0.00999999	          0.20279734	          0.01000000	          0.04018681	          0.05282609	          0.08695930	          0.01000000	          0.02831860	          0.24811076	          0.04041022	          0.01000001	          0.01000001	          0.01198270	          0.22280702	          0.13103833	          0.05077724	
          2.18878178	         -1.88901082	         -1.25992496	          2.30096666	          2.70921583	          1.03172199	          0.00367645	         27.30626721	          3.07783584	         -3.53420220	        -46.29773466	          7.84895714	          0.68574165	          1.04226904	         -0.90859893	          4.65811113	         -8.70000747	          7.55842489	         10.55062127	        -15.63851376	         -5.46393863	         -0.23668932	          0.01000004	          0.23602240	          0.21927190	          0.00999999	          0.00999999	          0.00999999	          0.05763326	          0.07188886	          0.24345451	          0.07072219	          0.01195332	          0.00999999	          0.01000000	          0.19846862	          0.01000000	          0.04075117	          0.05487272	          0.08498539	          0.01000000	          0.02662635	          0.26817579	          0.03944506	          0.01000001	          0.01000001	          0.01000000	          0.23457828	          0.14135921	          0.06168338	
          2.20087450	         -1.92018489	         -1.20845957	          2.49797276	          2.72259468	          1.03103431	          0.00358658	         27.48838075	          2.77313551	         -3.63071353	        -42.38364981	          7.86758589	          0.55708737	          0.10709725	         -0.91038931	          4.65051246	         -8.40957588	          7.80211883	         11.26243354	        -15.75268117	         -5.52215298	         -0.13963576	          0.01000004	          0.23921512	          0.22250926	          0.00999999	          0.00999999	          0.00999999	          0.04796595	          0.09467747	          0.26946189	          0.07115679	          0.01169861	          0.00999999	          0.01000000	          0.19659143	          0.01000000	          0.03616543	          0.05812198	          0.08375364	          0.01000000	          0.02555886	          0.28810041	          0.03855855	          0.01000001	          0.01000001	          0.01000001	          0.24671794	          0.15271486	          0.07161596	
          2.21296722	         -1.96095766	         -1.13401067	          2.68999262	          2.73607020	          1.02999505	          0.00346921	         27.56285763	          2.44514930	         -3.66462529	        -38.32489328	          7.82059648	          0.45419941	         -0.81508652	         -0.88797694	          4.62688853	         -8.15102189	          8.10112050	         11.95583626	        -15.84787088	         -5.58503652	         -0.04121925	          0.01000004	          0.24884910	          0.22507491	          0.00999999	          0.00999999	          0.00999999	          0.03992022	          0.11432578	          0.29556930	          0.07251824	          0.01190818	          0.00999999	          0.01000001	          0.19625672	          0.01000000	          0.03009951	          0.05973401	          0.08277525	          0.01000000	          0.02539566	          0.30728397	          0.03776118	          0.01000001	          0.01000001	          0.01000000	          0.25943466	          0.16505042	          0.07995480	
          2.22505993	         -2.01147494	         -1.04356199	          2.87703121	          2.74965189	          1.02860051	          0.00332566	         27.56511028	          2.10149597	         -3.63307469	        -34.21863593	          7.75639858	          0.36752281	         -1.72714664	         -0.84880794	          4.58846781	         -7.91965334	          8.45081791	         12.64262659	        -15.92334255	         -5.64381538	          0.05887156	          0.01000003	          0.26362756	          0.22566748	          0.00999999	          0.00999999	          0.00999999	          0.03322406	          0.13411761	          0.31905602	          0.07448503	          0.01273313	          0.00999999	          0.01000002	          0.19620726	          0.01000000	          0.02505080	          0.05219891	          0.07991060	          0.01000000	          0.02704864	          0.32596483	          0.03771014	          0.01000001	          0.01000001	          0.01000000	          0.27272301	          0.17828538	          0.08621327	
          2.23715265	         -2.07134054	         -0.94529797	          3.05846804	          2.76335244	          1.02686318	          0.00315247	         27.53261243	          1.74749985	         -3.54186217	        -30.16968514	          7.69738234	          0.29714535	         -2.63241560	         -0.80137580	          4.53683911	         -7.71054635	          8.84310761	         13.33338574	        -15.97801025	         -5.68728676	          0.16234845	          0.01000001	          0.27862372	          0.22471124	          0.00999999	          0.01000000	          0.00999999	          0.02765111	          0.14967705	          0.33830345	          0.07928526	          0.01408307	          0.00999999	          0.01000003	          0.19588998	          0.01000000	          0.02084888	          0.04344316	          0.07742304	          0.01000000	          0.02818187	          0.34505508	          0.03615332	          0.01000002	          0.01000001	          0.01000000	          0.28648559	          0.19264894	          0.09112527	
          2.24924537	         -2.13956255	         -0.84724428	          3.23371555	          2.77718725	          1.02481227	          0.00294691	         27.50048589	          1.38737299	         -3.40275886	        -26.27927226	          7.64559281	          0.24277398	         -3.53448090	         -0.75434661	          4.47512864	         -7.51871799	          9.26576568	         14.03650861	        -16.01098872	         -5.70454946	          0.27075465	          0.01000001	          0.29109267	          0.22145654	          0.00999999	          0.01000000	          0.00999999	          0.02301296	          0.15947962	          0.35216655	          0.08876026	          0.01607287	          0.00999999	          0.01000005	          0.19529675	          0.01000000	          0.01735175	          0.03615607	          0.07620581	          0.01000000	          0.02780247	          0.36515251	          0.03192065	          0.01000002	          0.01000000	          0.01000000	          0.30073104	          0.20761581	          0.09436400	
          2.26133808	         -2.21473324	         -0.75686705	          3.40271529	          2.79117479	          1.02249154	          0.00271178	         27.49720032	          1.02652455	         -3.23014078	        -22.63700532	          7.59903599	          0.20292018	         -4.43676527	         -0.71625430	          4.40824288	         -7.33930861	          9.70088233	         14.76078306	        -16.02165492	         -5.68644008	          0.38421086	          0.01000002	          0.30454085	          0.21511769	          0.00999999	          0.01311421	          0.00999999	          0.01915280	          0.16131645	          0.35918414	          0.10505353	          0.01858429	          0.00999999	          0.01000013	          0.19584454	          0.01000000	          0.01444122	          0.03009131	          0.07133368	          0.01000000	          0.02623565	          0.38609995	          0.02656637	          0.01000001	          0.01000000	          0.01000000	          0.31540950	          0.22301722	          0.09514708	
          2.27343080	         -2.29550076	         -0.68102639	          3.56557972	          2.80533677	          1.01995636	          0.00245692	         27.54033503	          0.67474627	         -3.03974423	        -19.31475016	          7.56542451	          0.17530962	         -5.33934761	         -0.69517379	          4.34363379	         -7.17261672	         10.12464716	         15.51994056	        -16.00911660	         -5.62568225	          0.50117883	          0.01000006	          0.32244631	          0.20881715	          0.00999999	          0.02005105	          0.00999999	          0.01594014	          0.15176792	          0.35768092	          0.12915838	          0.02178227	          0.00999999	          0.01000005	          0.19705028	          0.01000000	          0.01201890	          0.02504385	          0.06015882	          0.01000000	          0.02282442	          0.40661645	          0.02211018	          0.01000011	          0.01000001	          0.01000000	          0.32995564	          0.23899122	          0.09054853	
          2.28552352	         -2.38139031	         -0.62428887	          3.72176985	          2.81969548	          1.01727165	          0.00219745	         27.63534187	          0.34551543	         -2.84304825	        -16.35771721	          7.55985145	          0.15735856	         -6.23802656	         -0.69668627	          4.28678633	         -7.02286557	         10.50126179	         16.34209795	        -15.97198121	         -5.51831112	          0.61875596	          0.01000025	          0.34379334	          0.20284207	          0.00999999	          0.02777623	          0.00999999	          0.01326637	          0.13314498	          0.34930758	          0.15869839	          0.02530286	          0.00999999	          0.01000013	          0.19778513	          0.01000000	          0.01000289	          0.02084303	          0.05006798	          0.01000000	          0.02014281	          0.42397802	          0.01840146	          0.02506495	          0.01000000	          0.01000000	          0.34380799	          0.25444009	          0.07536007	
          2.29761624	         -2.47223670	         -0.59115799	          3.87138042	          2.83427565	          1.01451151	          0.00194889	         27.77354277	          0.05484206	         -2.64319980	        -13.77050442	          7.59194223	          0.14725365	         -7.12763468	         -0.72611825	          4.23553100	         -6.89481333	         10.79486479	         17.25793548	        -15.90882009	         -5.36039332	          0.73281545	          0.01000014	          0.36189249	          0.20028149	          0.00999999	          0.03382732	          0.00999999	          0.01104109	          0.11081147	          0.33550245	          0.18910416	          0.02925695	          0.00999999	          0.01000007	          0.19830888	          0.01000000	          0.01000005	          0.01734686	          0.04281728	          0.01000000	          0.02057482	          0.43398901	          0.01531484	          0.05907112	          0.01000000	          0.01000000	          0.35620476	          0.26848321	          0.06271930	
          2.30970895	         -2.56754482	         -0.58543845	          4.01476055	          2.84910232	          1.01174391	          0.00172239	         27.93699908	         -0.18340116	         -2.43680752	        -11.52932603	          7.65524031	          0.14347593	         -7.99893172	         -0.78717270	          4.18281269	         -6.80698244	         11.00060266	         18.26790162	        -15.81869194	         -5.14829423	          0.84004530	          0.01000010	          0.37008628	          0.19972542	          0.00999999	          0.03649336	          0.00999999	          0.01000000	          0.09222413	          0.31872337	          0.18123116	          0.03231367	          0.00999999	          0.01000004	          0.19871685	          0.01000000	          0.01000005	          0.01443712	          0.04032607	          0.01000000	          0.02102722	          0.43456657	          0.01274597	          0.10756233	          0.01000000	          0.01000000	          0.36662599	          0.28048223	          0.05219886	
          2.32180167	         -2.66607501	         -0.60870632	          4.15279098	          2.86420161	          1.00902068	          0.00152284	         28.10630098	         -0.36154710	         -2.22193477	         -9.61126204	          7.73773667	          0.14455898	         -8.84110419	         -0.88056776	          4.12061719	         -6.78250378	         11.11472441	         19.37158969	        -15.70114302	         -4.88051414	          0.93838255	          0.01000018	          0.37271397	          0.19900144	          0.00999999	          0.03714712	          0.00999999	          0.01000000	          0.07675461	          0.29915047	          0.15083176	          0.03534506	          0.00999999	          0.01000002	          0.19919722	          0.01000000	          0.01000004	          0.01201547	          0.03994681	          0.01000000	          0.02016819	          0.42603074	          0.01060803	          0.15574905	          0.01000000	          0.01000000	          0.37474432	          0.29012919	          0.04344311	
          2.33389439	         -2.76572403	         -0.65970911	          4.28628602	          2.87960383	          1.00637744	          0.00135117	         28.26190164	         -0.47736680	         -1.99878552	         -8.00002417	          7.82975472	          0.14897379	         -9.64709638	         -1.00395995	          4.04223068	         -6.83973111	         11.13151108	         20.57009667	        -15.55582717	         -4.55866450	          1.02657738	          0.01000005	          0.37642787	          0.19579960	          0.00999999	          0.03764800	          0.01000000	          0.01000001	          0.06387991	          0.27818616	          0.12553149	          0.03219093	          0.00999999	          0.01000002	          0.19939131	          0.01000000	          0.01000003	          0.01000002	          0.03968421	          0.01000000	          0.01911034	          0.41009249	          0.01000016	          0.19710354	          0.01000000	          0.01000000	          0.37974164	          0.29679241	          0.03615603	
          2.34598710	         -2.86370007	         -0.73632387	          4.41493575	          2.89534039	          1.00383282	          0.00120725	         28.39077352	         -0.53023824	         -1.77158544	         -6.69929883	          7.92858220	          0.15577668	        -10.41402940	         -1.15415857	          3.94133162	         -6.99159025	         11.04702826	         21.86321695	        -15.38244519	         -4.18528354	          1.10416792	          0.01000003	          0.37539063	          0.19281812	          0.01000000	          0.03801389	          0.01000000	          0.01000001	          0.05316480	          0.25721366	          0.10447505	          0.02679128	          0.01000000	          0.01000001	          0.20012420	          0.01000000	          0.01000002	          0.01000001	          0.03969832	          0.01000000	          0.01646891	          0.38723866	          0.01000005	          0.23035483	          0.01000000	          0.01000000	          0.38156693	          0.30004237	          0.03009128	
          2.35807982	         -2.95668199	         -0.83439611	          4.53781761	          2.91144422	          1.00139153	          0.00109095	         28.48113901	         -0.52169848	         -1.54471683	         -5.71583156	          8.03364039	          0.16427760	        -11.14211185	         -1.32619091	          3.81363836	         -7.24732501	         10.85869113	         23.24839648	        -15.18092056	         -3.76541619	          1.17068557	          0.01000010	          0.37125173	          0.18767991	          0.00999999	          0.03758394	          0.01000000	          0.01000003	          0.04424702	          0.23384140	          0.08695057	          0.02229735	          0.01000000	          0.01000000	          0.20030022	          0.01000000	          0.01000001	          0.01000000	          0.04000838	          0.01000000	          0.01370647	          0.35839921	          0.01000004	          0.25431490	          0.01000001	          0.01000000	          0.38001725	          0.30009287	          0.02504381	
          2.37017254	         -3.04078876	         -0.94727082	          4.65448079	          2.92795323	          0.99904679	          0.00100096	         28.51951276	         -0.45665726	         -1.32059469	         -5.05277016	          8.13080696	          0.17461662	        -11.83386998	         -1.51290967	          3.65478484	         -7.61422451	         10.56514290	         24.72026489	        -14.95086900	         -3.30711811	          1.22457161	          0.01000001	          0.35676499	          0.17168332	          0.01000000	          0.03749517	          0.01000002	          0.09587370	          0.03682510	          0.19719582	          0.07236563	          0.01855723	          0.01000005	          0.01000002	          0.19823606	          0.01000000	          0.01000001	          0.01000001	          0.04613341	          0.01000000	          0.01216664	          0.32462380	          0.01000050	          0.28624973	          0.01000000	          0.01000000	          0.37450823	          0.29658723	          0.02084300	
          2.38226526	         -3.11204929	         -1.06901699	          4.76345522	          2.94491304	          0.99677949	          0.00094390	         28.50157346	         -0.33841879	         -1.11593192	         -4.74378770	          8.18809777	          0.18696783	        -12.49144152	         -1.70807400	          3.45827734	         -8.10180485	         10.16709958	         26.27190680	        -14.68947070	         -2.81936456	          1.26411558	          0.01585132	          0.34596549	          0.14288544	          0.01000087	          0.04299173	          0.01000002	          0.18357879	          0.03064811	          0.16411851	          0.06022713	          0.01544447	          0.01704453	          0.01098054	          0.20644471	          0.01000000	          0.01000001	          0.01000000	          0.04344309	          0.00999999	          0.01012585	          0.28848666	          0.01656745	          0.28791830	          0.01000001	          0.01000000	          0.36531436	          0.28930612	          0.01734683	
          2.39435797	         -3.16626327	         -1.18354949	          4.86027252	          2.96238348	          0.99455809	          0.00093412	         28.42045286	         -0.17622020	         -0.96522236	         -4.82623409	          8.18814046	          0.20244756	        -13.12237660	         -1.89532162	          3.22817887	         -8.71271534	          9.65795780	         27.89705325	        -14.39187700	         -2.32420841	          1.28476059	          0.01718814	          0.33334488	          0.11891807	          0.01144473	          0.05046326	          0.01000001	          0.23266801	          0.02550725	          0.13658954	          0.05012473	          0.01285384	          0.02898413	          0.00999999	          0.20297116	          0.01000000	          0.01000000	          0.00999999	          0.03615601	          0.00999999	          0.01000000	          0.24973632	          0.01924688	          0.27472156	          0.01000002	          0.01000000	          0.35252418	          0.27895580	          0.01443710	
          2.40645069	         -3.19989628	         -1.27497934	          4.93928806	          2.98040963	          0.99234435	          0.00098425	         28.26655081	          0.02010006	         -0.89014961	         -5.33248526	          7.98610355	          0.21509136	        -13.72924036	         -2.05857917	          2.97336891	         -9.45703945	          9.03492112	         29.58569690	        -14.05427645	         -1.84309235	          1.28294182	          0.01430503	          0.31934219	          0.09897094	          0.01201544	          0.05811837	          0.01096194	          0.20323469	          0.02122871	          0.11367823	          0.04171689	          0.01069776	          0.02412239	          0.01350333	          0.22641333	          0.01000000	          0.01000000	          0.01000000	          0.03009126	          0.00999999	          0.01389710	          0.20784602	          0.02084298	          0.26746853	          0.01000000	          0.01000000	          0.33618371	          0.26473062	          0.01201545	
