/vscmnt/brussel_pixiu_data/_data_brussel/112/vsc11236/PredSimResults/SUBJ09mtu3D/worker1.mot
version=1
nRows=200
nColumns=50
inDegrees=yes
endheader
                time	         pelvis_tilt	         pelvis_list	     pelvis_rotation	           pelvis_tx	           pelvis_ty	           pelvis_tz	       hip_flexion_r	     hip_adduction_r	      hip_rotation_r	        knee_angle_r	       ankle_angle_r	         mtp_angle_r	       hip_flexion_l	     hip_adduction_l	      hip_rotation_l	        knee_angle_l	       ankle_angle_l	         mtp_angle_l	    lumbar_extension	      lumbar_bending	     lumbar_rotation	 ercspn_r/activation	 intobl_r/activation	 extobl_r/activation	    abd_r/activation	    add_r/activation	hamstrings_r/activation	bifemsh_r/activation	glut_max_r/activation	iliopsoas_r/activation	rect_fem_r/activation	  vasti_r/activation	gastroc_r/activation	 soleus_r/activation	tib_ant_r/activation	 ercspn_l/activation	 intobl_l/activation	 extobl_l/activation	    abd_l/activation	    add_l/activation	hamstrings_l/activation	bifemsh_l/activation	glut_max_l/activation	iliopsoas_l/activation	rect_fem_l/activation	  vasti_l/activation	gastroc_l/activation	 soleus_l/activation	tib_ant_l/activation	
          0.00000000	         -3.46172018	         -2.00915394	          8.25654132	          0.00000000	          0.98324634	         -0.00227049	         28.68195058	         -0.46018630	         -7.98773637	         -5.23019327	          2.31065709	          0.24706446	        -16.36759756	         -3.75297751	         -3.80263690	         -7.98043758	          6.71582915	         33.49678104	        -13.95963995	         -0.27144087	         -4.52278617	          0.01648303	          0.17015648	          0.05615308	          0.01000003	          0.20487167	          0.03506121	          0.19752473	          0.06873331	          0.16420873	          0.01322063	          0.01000014	          0.02321706	          0.01469855	          0.36266707	          0.01000802	          0.01000030	          0.01000062	          0.02619603	          0.01209000	          0.02950641	          0.19661144	          0.01470196	          0.01162745	          0.01000036	          0.01000021	          0.39777103	          0.18794058	          0.01000002	
          0.01274395	         -3.48858055	         -2.08731482	          8.20842971	          0.02038553	          0.98125189	         -0.00175950	         28.60254250	         -0.31720663	         -8.16179244	         -7.09088394	          1.85666153	          0.21101600	        -16.91370982	         -4.00965022	         -4.33385455	         -8.98943436	          5.46051360	         35.39285456	        -13.49514380	          0.18390214	         -4.62192818	          0.01359550	          0.14034694	          0.04631568	          0.07588412	          0.16898057	          0.05841202	          0.16292068	          0.08955069	          0.13544116	          0.01090457	          0.01000010	          0.01914971	          0.01212400	          0.41570483	          0.01000206	          0.01000009	          0.01212416	          0.02160677	          0.01000036	          0.02665201	          0.16216748	          0.01212637	          0.01006228	          0.01000026	          0.01000016	          0.36217019	          0.15502393	          0.01000003	
          0.02548790	         -3.49852750	         -2.17225040	          8.12329494	          0.04098922	          0.97967825	         -0.00117268	         28.41434953	         -0.15679350	         -8.31287912	         -8.78524982	          1.21821891	          0.19916530	        -17.21351004	         -4.29250606	         -4.88500190	        -10.47089949	          4.07217342	         37.24865236	        -13.02246054	          0.65085951	         -4.69647692	          0.01121414	          0.11575970	          0.03820169	          0.13368238	          0.18526942	          0.05782932	          0.13437884	          0.11981202	          0.11171335	          0.01000013	          0.01000010	          0.01579491	          0.01000006	          0.46993473	          0.02496258	          0.01000014	          0.01000041	          0.01782151	          0.01000065	          0.02468274	          0.13375763	          0.01000200	          0.01000292	          0.01000049	          0.01000051	          0.31331923	          0.12786545	          0.01000004	
          0.03823185	         -3.49310001	         -2.25395627	          8.00485048	          0.06143486	          0.97873619	         -0.00050119	         28.28887766	          0.00071624	         -8.44791893	        -10.61643995	          0.67258260	          0.15839122	        -17.14189573	         -4.60340159	         -5.44347104	        -12.60142804	          2.56581191	         38.93576123	        -12.58497912	          1.11837996	         -4.74727271	          0.02979045	          0.09547987	          0.03150918	          0.18951057	          0.25120912	          0.05152519	          0.11083719	          0.16952601	          0.09214239	          0.01000028	          0.03183724	          0.01302788	          0.01000501	          0.47982105	          0.08100094	          0.01000014	          0.01000013	          0.01469938	          0.04496494	          0.02035888	          0.11032487	          0.01000008	          0.02356996	          0.01000036	          0.01000025	          0.25842915	          0.10546483	          0.01000002	
          0.05097579	         -3.47372191	         -2.32553081	          7.85600763	          0.08147217	          0.97858367	          0.00023663	         28.26664073	          0.14294705	         -8.55302704	        -12.69237072	          0.55789672	          0.11755143	        -16.60729303	         -4.94554556	         -6.02288294	        -15.50010371	          0.93865183	         40.24667207	        -12.20709042	          1.57961976	         -4.77375754	          0.02480120	          0.07875285	          0.02598912	          0.21028432	          0.29393484	          0.05009588	          0.09141979	          0.19168014	          0.07600006	          0.01000022	          0.11837178	          0.01074562	          0.01000019	          0.47401437	          0.09361728	          0.01000019	          0.01000016	          0.01212421	          0.11911742	          0.01679536	          0.09099731	          0.01000004	          0.04340622	          0.01000016	          0.01000006	          0.21315518	          0.08698855	          0.01000007	
          0.06371974	         -3.44346225	         -2.37140570	          7.67552714	          0.10097595	          0.97931716	          0.00100465	         28.21674546	          0.27320389	         -8.61615398	        -14.74538324	          0.80408384	          0.08518590	        -15.55988706	         -5.31713250	         -6.67409712	        -19.23823923	         -0.70363372	         40.66519004	        -11.89958628	          2.01891367	         -4.77322949	          0.02046174	          0.06495622	          0.02143612	          0.21154712	          0.32724343	          0.05325690	          0.07540412	          0.19633920	          0.06268568	          0.01000020	          0.15147009	          0.01000022	          0.01000023	          0.43169527	          0.09343368	          0.01000019	          0.01000017	          0.01000019	          0.16737820	          0.01385435	          0.07505578	          0.01000002	          0.03580268	          0.01000014	          0.01000003	          0.17581272	          0.07174911	          0.01000003	
          0.07646369	         -3.40406749	         -2.37507576	          7.46077670	          0.11994888	          0.98088204	          0.00177052	         28.02727150	          0.39148844	         -8.62416111	        -16.57051580	          1.37228872	          0.08320989	        -14.02177369	         -5.72357555	         -7.39844341	        -23.74102848	         -2.47037787	         40.03056283	        -11.65910396	          2.41893877	         -4.74204041	          0.01687735	          0.05357661	          0.01768076	          0.20700983	          0.31302056	          0.05881489	          0.06219422	          0.20128564	          0.05170384	          0.01000018	          0.19130790	          0.01000035	          0.01000029	          0.37302348	          0.07931376	          0.01000011	          0.01000016	          0.01000001	          0.21542851	          0.02055926	          0.06190723	          0.01000002	          0.02953072	          0.01000009	          0.01000001	          0.14501225	          0.05917945	          0.01728511	
          0.08920764	         -3.35754125	         -2.32142435	          7.21094605	          0.13838862	          0.98316804	          0.00249883	         27.61810395	          0.49731711	         -8.54011836	        -17.99676588	          2.11053651	          0.17183801	        -12.06080981	         -6.16532768	         -8.17032872	        -28.83209969	         -4.39508681	         38.10863634	        -11.48304866	          2.76420112	         -4.67611913	          0.01392075	          0.04419058	          0.01458331	          0.21301189	          0.25818335	          0.05962053	          0.05129856	          0.16611524	          0.04264590	          0.01000013	          0.21390181	          0.01000022	          0.01000017	          0.31618849	          0.07349278	          0.04868522	          0.02227496	          0.01000001	          0.18867760	          0.01695813	          0.05106204	          0.01000002	          0.02435740	          0.01000009	          0.01000001	          0.11960768	          0.04881186	          0.07989361	
          0.10195159	         -3.30556183	         -2.20706365	          6.93320472	          0.15623356	          0.98599104	          0.00318485	         26.99004551	          0.58573418	         -8.35507165	        -18.98977379	          2.85869257	          0.37252578	         -9.77735503	         -6.63534035	         -8.89233034	        -34.31828435	         -6.13638155	         34.43885321	        -11.37709795	          3.04392853	         -4.57194163	          0.01148221	          0.03644888	          0.01202850	          0.17573660	          0.21295318	          0.05760164	          0.04231169	          0.13701403	          0.03517481	          0.01000016	          0.24011362	          0.01000015	          0.01000013	          0.26753873	          0.10987798	          0.09408542	          0.09545848	          0.01000012	          0.15562337	          0.01398732	          0.04211682	          0.01000011	          0.02009039	          0.01000046	          0.01000002	          0.09865373	          0.04026056	          0.21400831	
          0.11469554	         -3.24901011	         -2.05009547	          6.62267479	          0.17341084	          0.98914502	          0.00382948	         26.18914055	          0.66150501	         -8.10768080	        -19.61013625	          3.57804056	          0.70649041	         -7.31312642	         -7.04249782	         -9.35862048	        -39.88479668	         -7.14554517	         29.45920447	        -11.34974563	          3.26759701	         -4.41913679	          0.01000034	          0.03006345	          0.01000008	          0.14495165	          0.17962781	          0.04956497	          0.03489921	          0.11301106	          0.02901257	          0.01000019	          0.23701842	          0.01000017	          0.01000017	          0.22659341	          0.11814386	          0.10134296	          0.13070852	          0.01212439	          0.12835988	          0.01153697	          0.04126775	          0.01000022	          0.01657104	          0.01000051	          0.01000001	          0.08137068	          0.03320736	          0.23459137	
          0.12743949	         -3.18841457	         -1.87975372	          6.27725393	          0.18993582	          0.99251121	          0.00439821	         25.27072101	          0.73882550	         -7.81719416	        -19.94600097	          4.23200790	          1.12917852	         -4.79088454	         -7.29766082	         -9.53526714	        -45.20540333	         -6.86579608	         25.02952072	        -11.39710159	          3.46618442	         -4.21477421	          0.01000116	          0.02479668	          0.01000013	          0.12184432	          0.14977950	          0.05287628	          0.02878532	          0.09321454	          0.02392989	          0.01000021	          0.21977161	          0.01000016	          0.01000018	          0.19372175	          0.11224030	          0.10467047	          0.14103203	          0.01000035	          0.10587271	          0.01000019	          0.05799357	          0.01000004	          0.02681046	          0.01000058	          0.01000001	          0.06711545	          0.02738980	          0.24727103	
          0.14018344	         -3.12424957	         -1.69277377	          5.90533763	          0.20590389	          0.99603973	          0.00490677	         24.26754468	          0.80343786	         -7.49532541	        -20.05871956	          4.77555568	          1.58541817	         -2.25169146	         -7.40552918	         -9.53771883	        -50.11878880	         -6.28791384	         21.29357999	        -11.50844261	          3.63056018	         -3.97278476	          0.01000083	          0.02045259	          0.01000015	          0.11027971	          0.12693457	          0.05265030	          0.02374252	          0.07690380	          0.01973765	          0.01000022	          0.19478059	          0.01000015	          0.01000020	          0.16816780	          0.09957460	          0.10765306	          0.14380392	          0.01000002	          0.08836986	          0.01000021	          0.07230005	          0.01000003	          0.04417974	          0.01000046	          0.01000001	          0.05535762	          0.02259141	          0.23616118	
          0.15292738	         -3.05635533	         -1.48613385	          5.51524782	          0.22142108	          0.99964278	          0.00536034	         23.20561900	          0.84313904	         -7.15279469	        -20.00721754	          5.21033901	          2.05204755	          0.27196002	         -7.38348049	         -9.45794832	        -54.55322817	         -5.65561765	         18.11252632	        -11.67013323	          3.75477070	         -3.70417972	          0.01000131	          0.01686955	          0.01000018	          0.09548771	          0.13214854	          0.05478164	          0.01958316	          0.07300742	          0.01627984	          0.01000025	          0.17360998	          0.01000055	          0.01000035	          0.14483919	          0.09060715	          0.10304429	          0.14487620	          0.01000002	          0.09571475	          0.01000013	          0.09090149	          0.01000002	          0.06058704	          0.01000071	          0.01000001	          0.04565988	          0.01863365	          0.22560125	
          0.16567133	         -2.98446726	         -1.25548166	          5.10891779	          0.23659037	          1.00324476	          0.00575329	         22.09640992	          0.84830552	         -6.79680805	        -19.82017620	          5.51904334	          2.54160245	          2.74971323	         -7.23224977	         -9.33987865	        -58.45928199	         -4.98570696	         15.40971615	        -11.86858129	          3.83400796	         -3.41464957	          0.01000109	          0.01391423	          0.01000022	          0.08630536	          0.13090440	          0.05809201	          0.01615248	          0.07738756	          0.01342780	          0.01000025	          0.15474846	          0.03392924	          0.01000033	          0.12358616	          0.07473775	          0.10490441	          0.14723096	          0.01000002	          0.10510710	          0.01000010	          0.11702578	          0.01000003	          0.06654685	          0.07296453	          0.01000001	          0.03766101	          0.01536925	          0.21877235	
          0.17841528	         -2.90886077	         -1.00050001	          4.68925330	          0.25148554	          1.00680308	          0.00607930	         20.95051353	          0.81435636	         -6.43090286	        -19.51807303	          5.67874855	          3.08543792	          5.15699034	         -6.95827105	         -9.21488363	        -61.77805683	         -4.31923091	         13.11006186	        -12.09360274	          3.86859444	         -3.10877366	          0.01000130	          0.01147670	          0.01000031	          0.07878543	          0.10797290	          0.06110804	          0.01332284	          0.08268785	          0.01107543	          0.01000025	          0.14110084	          0.05568302	          0.01000044	          0.10193544	          0.06164640	          0.11157030	          0.14834839	          0.01000002	          0.10946243	          0.01000009	          0.15643020	          0.01000003	          0.07193549	          0.13085305	          0.01000001	          0.03106339	          0.01267673	          0.21341614	
          0.19115923	         -2.82979332	         -0.72098732	          4.26060852	          0.26615713	          1.01028875	          0.00633793	         19.77450761	          0.73800978	         -6.05869329	        -19.12287814	          5.73133088	          3.69179103	          7.47940450	         -6.57603323	         -9.11000681	        -64.48037275	         -3.65734677	         11.15247331	        -12.33820706	          3.85808451	         -2.79114443	          0.01000110	          0.01000030	          0.01000039	          0.07378739	          0.08905752	          0.06159579	          0.01098899	          0.08338719	          0.01000008	          0.01000027	          0.13117037	          0.07469415	          0.01000063	          0.08407754	          0.05085081	          0.11640485	          0.14820247	          0.01000001	          0.11686836	          0.01000007	          0.21462158	          0.01000003	          0.07859824	          0.15776825	          0.01000001	          0.02562155	          0.01045593	          0.21042526	
          0.20390318	         -2.74729535	         -0.41864172	          3.82641796	          0.28064431	          1.01367572	          0.00652889	         18.56871193	          0.61950775	         -5.68179585	        -18.64393679	          5.71295688	          4.35711336	          9.71212856	         -6.10186376	         -9.03926202	        -66.57608980	         -3.01074061	          9.48515814	        -12.59666207	          3.80458015	         -2.46520175	          0.01000094	          0.01000042	          0.01000043	          0.07075766	          0.07345575	          0.06005370	          0.01000047	          0.08022686	          0.01000011	          0.01000032	          0.12258630	          0.09192932	          0.01521610	          0.06934812	          0.04461475	          0.11921869	          0.14864195	          0.01000001	          0.12600931	          0.01000006	          0.28969226	          0.01000003	          0.08664482	          0.15988213	          0.01000002	          0.02113301	          0.01000006	          0.21162649	
          0.21664713	         -2.66133602	         -0.09692764	          3.38841086	          0.29497710	          1.01694031	          0.00665100	         17.33302402	          0.46137917	         -5.30177090	        -18.08360265	          5.62992450	          5.08322055	         11.85524193	         -5.55180445	         -9.00700401	        -68.10526231	         -2.38883117	          8.06292865	        -12.86406624	          3.71273833	         -2.13347493	          0.01000083	          0.01000036	          0.01000042	          0.06940597	          0.06058719	          0.05694429	          0.01000060	          0.07596332	          0.01000011	          0.01000040	          0.11384783	          0.10790449	          0.02970552	          0.05719912	          0.04561554	          0.12037547	          0.15014897	          0.01000001	          0.13557219	          0.01000005	          0.37260420	          0.01000003	          0.09664574	          0.14536227	          0.01000002	          0.01743082	          0.01000008	          0.21403135	
          0.22939108	         -2.57202256	          0.23980194	          2.94723431	          0.30918092	          1.02006414	          0.00670429	         16.06807338	          0.26723986	         -4.92143013	        -17.44432147	          5.48688428	          5.87036904	         13.90910987	         -4.94187054	         -9.01317347	        -69.12429104	         -1.77646810	          6.84895682	        -13.13572847	          3.58812669	         -1.79837624	          0.01000079	          0.01000032	          0.01000036	          0.06859699	          0.04997304	          0.05264213	          0.01000054	          0.07035546	          0.01000011	          0.01000059	          0.10454632	          0.12318184	          0.04479624	          0.04717849	          0.04854646	          0.12050296	          0.15273758	          0.01000001	          0.14545980	          0.01000004	          0.45281348	          0.01000003	          0.10772647	          0.12318879	          0.01000002	          0.01437722	          0.01000008	          0.21763346	
          0.24213502	         -2.47961762	          0.58667817	          2.50300239	          0.32327949	          1.02303044	          0.00669084	         14.77740640	          0.04127976	         -4.54399092	        -16.73683729	          5.30487293	          6.70456326	         15.87293201	         -4.28847925	         -9.05590733	        -69.69302409	         -1.16939403	          5.81317102	        -13.40711551	          3.43670316	         -1.46245804	          0.01000068	          0.01000030	          0.01000037	          0.06802420	          0.04121836	          0.04752095	          0.01000052	          0.06596074	          0.01000012	          0.01000081	          0.08958513	          0.13798757	          0.05845491	          0.03891335	          0.04950214	          0.11875860	          0.15729120	          0.01000001	          0.15487160	          0.01000004	          0.51519690	          0.01000004	          0.11857260	          0.10267689	          0.01000002	          0.01185864	          0.01000008	          0.22177339	
          0.25487897	         -2.38460752	          0.93879695	          2.05534692	          0.33729297	          1.02582029	          0.00661425	         13.47358522	         -0.21251926	         -4.17193498	        -15.98716187	          5.10076783	          7.57022672	         17.74245334	         -3.60776984	         -9.13320651	        -69.86079282	         -0.57837057	          4.93011142	        -13.67432578	          3.26456771	         -1.12860648	          0.01000079	          0.01000026	          0.01000028	          0.06661042	          0.03399740	          0.04248803	          0.01000057	          0.05735712	          0.01000014	          0.01000234	          0.07389097	          0.15236048	          0.07011914	          0.03209618	          0.04114493	          0.11349407	          0.16552806	          0.01000001	          0.16597643	          0.01000003	          0.52277251	          0.01000004	          0.13028522	          0.08887992	          0.01000002	          0.01000052	          0.01000010	          0.22725495	
          0.26762292	         -2.28776676	          1.29004140	          1.60265710	          0.35124361	          1.02841865	          0.00647836	         12.17090068	         -0.48833010	         -3.80568886	        -15.22193185	          4.88159565	          8.45620021	         19.50193327	         -2.91484491	         -9.24279666	        -69.64052976	         -0.01446641	          4.17831003	        -13.93381482	          3.07974865	         -0.79936522	          0.01000062	          0.01000037	          0.01000039	          0.06436831	          0.02804147	          0.03878687	          0.01000065	          0.04735434	          0.01000015	          0.01000169	          0.06094614	          0.16602964	          0.07949358	          0.02647329	          0.03393714	          0.10607579	          0.17571055	          0.01000001	          0.17273835	          0.01000003	          0.43118872	          0.01000004	          0.14304412	          0.08090116	          0.01000003	          0.01000022	          0.01000008	          0.23573195	
          0.28036687	         -2.19045092	          1.63335438	          1.14299927	          0.36516673	          1.03082070	          0.00629140	         10.87439174	         -0.77822154	         -3.44737110	        -14.45049726	          4.64926203	          9.35398231	         21.11757809	         -2.22474127	         -9.38332682	        -68.99034083	          0.51547000	          3.53770948	        -14.18053852	          2.89096875	         -0.47787012	          0.01000077	          0.01000029	          0.01000023	          0.05996681	          0.02312896	          0.03708704	          0.01000108	          0.03905911	          0.01000022	          0.01000155	          0.05026907	          0.17882355	          0.08632745	          0.02183548	          0.02799191	          0.10389593	          0.18777720	          0.01000001	          0.17710466	          0.01000003	          0.35564922	          0.01000004	          0.15755714	          0.07447406	          0.01000004	          0.01000021	          0.01000009	          0.24438656	
          0.29311082	         -2.09445153	          1.95931232	          0.67608492	          0.37909444	          1.03301953	          0.00606950	          9.58221165	         -1.07092987	         -3.10227338	        -13.66936789	          4.40594499	         10.25451367	         22.55674738	         -1.55544702	         -9.54923702	        -67.86772230	          1.02557631	          2.99106974	        -14.40991670	          2.70808666	         -0.16758016	          0.01000048	          0.01000578	          0.01001346	          0.05757683	          0.01907707	          0.03674452	          0.01000079	          0.03221696	          0.01000019	          0.01000047	          0.04146251	          0.19051026	          0.08972597	          0.01801016	          0.02308814	          0.10738505	          0.19833112	          0.01000002	          0.17397939	          0.01000003	          0.29334338	          0.01000006	          0.17465988	          0.06828982	          0.01000005	          0.01000015	          0.01000009	          0.25404129	
          0.30585477	         -2.00227941	          2.25861704	          0.20362354	          0.39304763	          1.03499995	          0.00583396	          8.28848273	         -1.35478516	         -2.77665951	        -12.86667557	          4.15625376	         11.14567403	         23.79818286	         -0.92505933	         -9.73057022	        -66.25142934	          1.51758376	          2.52415380	        -14.61851149	          2.53948982	          0.12801060	          0.01000065	          0.01376836	          0.01685331	          0.05436871	          0.01573503	          0.03449558	          0.01004188	          0.02657308	          0.01000035	          0.01000053	          0.03419875	          0.20106917	          0.08899145	          0.01485499	          0.01904352	          0.11485623	          0.20928001	          0.01000002	          0.17269477	          0.01000003	          0.24195284	          0.01000006	          0.19361321	          0.06469767	          0.01000006	          0.01000012	          0.01000010	          0.26424350	
          0.31859872	         -1.91673692	          2.51878596	         -0.27194356	          0.40702497	          1.03673717	          0.00560146	          6.99502282	         -1.61506270	         -2.47501424	        -12.04488327	          3.91286983	         12.01161404	         24.83238046	         -0.35077083	         -9.90933039	        -64.13950876	          1.98851453	          2.12461893	        -14.80655444	          2.39792640	          0.40756687	          0.01000059	          0.02758078	          0.02732455	          0.05629947	          0.01297849	          0.03136955	          0.08988216	          0.02191795	          0.01000040	          0.01000053	          0.02820754	          0.21098824	          0.08507292	          0.01225259	          0.01570752	          0.12631532	          0.21558376	          0.01000002	          0.16423765	          0.01000003	          0.19956535	          0.01000008	          0.21192543	          0.06234828	          0.01000008	          0.01000009	          0.01000009	          0.27520432	
          0.33134267	         -1.84101359	          2.72950637	         -0.74877238	          0.42099675	          1.03819075	          0.00538143	          5.72928572	         -1.84042201	         -2.19837796	        -11.25250220	          3.70191408	         12.83847051	         25.66188623	          0.15457700	        -10.06556032	        -61.54855012	          2.43659400	          1.78111570	        -14.97831454	          2.29499579	          0.67062636	          0.01000061	          0.03916064	          0.03837020	          0.06056901	          0.01070492	          0.02937992	          0.13650970	          0.01807840	          0.01000048	          0.01000053	          0.02326592	          0.22038113	          0.07507502	          0.01010612	          0.01295608	          0.13758019	          0.21860096	          0.01000003	          0.14869281	          0.01000002	          0.16460369	          0.01000010	          0.22760829	          0.05950337	          0.01000009	          0.01000008	          0.01000010	          0.28660542	
          0.34408661	         -1.77814644	          2.88471322	         -1.22506757	          0.43494129	          1.03931157	          0.00518223	          4.50902466	         -2.02295823	         -1.95024930	        -10.52137540	          3.55428125	         13.60697302	         26.29465666	          0.58229237	        -10.18128942	        -58.50848641	          2.85786616	          1.48096839	        -15.13711250	          2.23723252	          0.91748341	          0.01000065	          0.04700497	          0.04972235	          0.06602924	          0.01000040	          0.02930407	          0.14681856	          0.01491158	          0.01000051	          0.01000051	          0.01919004	          0.22977317	          0.06192285	          0.01000017	          0.01068667	          0.14704069	          0.21897832	          0.01000004	          0.12875556	          0.01000003	          0.13576693	          0.01000014	          0.24072303	          0.05643163	          0.01000012	          0.01000006	          0.01000009	          0.29853981	
          0.35683056	         -1.73047311	          2.98184330	         -1.69887492	          0.44885598	          1.04004648	          0.00501262	          3.33460795	         -2.15762756	         -1.73261128	         -9.85498825	          3.49422317	         14.30331215	         26.74210923	          0.92736056	        -10.23933290	        -55.06492701	          3.23943395	          1.20536782	        -15.28407486	          2.22663506	          1.14913141	          0.01000100	          0.05185228	          0.05962033	          0.07074056	          0.01000057	          0.03065144	          0.12111703	          0.01229969	          0.01000076	          0.01000059	          0.01582823	          0.23985028	          0.05107469	          0.01000056	          0.01004594	          0.15660060	          0.21674423	          0.01000004	          0.11087282	          0.01000002	          0.11198205	          0.01000016	          0.25131191	          0.05427506	          0.01000018	          0.01000004	          0.01000007	          0.31030747	
          0.36957451	         -1.69930533	          3.02034483	         -2.16880204	          0.46275339	          1.04034680	          0.00488095	          2.19299198	         -2.24141373	         -1.54701421	         -9.23578412	          3.54369284	         14.91011893	         27.01979310	          1.18735040	        -10.22160474	        -51.28410633	          3.55791495	          0.94227960	        -15.41911280	          2.26255340	          1.36823860	          0.01000048	          0.05754733	          0.07499787	          0.07757663	          0.01000063	          0.03272268	          0.09990047	          0.01285211	          0.01000043	          0.01000042	          0.01305545	          0.25147260	          0.04212700	          0.02619021	          0.01000085	          0.16664813	          0.20822172	          0.01000007	          0.09170695	          0.01000003	          0.09236403	          0.01000099	          0.26641995	          0.05210778	          0.01000054	          0.01000003	          0.01000005	          0.31591141	
          0.38231846	         -1.68527216	          3.00423971	         -2.63319822	          0.47664644	          1.04015572	          0.00478941	          1.07667831	         -2.27701259	         -1.39588727	         -8.66238493	          3.74564468	         15.39560068	         27.15277075	          1.36398924	        -10.11173802	        -47.25093579	          3.76898654	          0.71206392	        -15.54210440	          2.34003798	          1.57782806	          0.01000076	          0.06536851	          0.08392775	          0.08222073	          0.01000072	          0.03388345	          0.08240012	          0.01337546	          0.01000051	          0.01000052	          0.01076875	          0.26545407	          0.03474683	          0.05127520	          0.01000242	          0.17056432	          0.20262573	          0.01000008	          0.07564265	          0.01000003	          0.07618287	          0.03248858	          0.28711752	          0.05149359	          0.01002985	          0.01000003	          0.01000007	          0.31193715	
          0.39506241	         -1.68850029	          2.93811469	         -3.09143287	          0.49054888	          1.03942296	          0.00473854	         -0.01387897	         -2.26830710	         -1.27535287	         -8.14092404	          4.10174605	         15.77300500	         27.16395767	          1.45540872	         -9.91146807	        -43.03077749	          3.82979912	          0.54468347	        -15.65272599	          2.45433161	          1.77935398	          0.01000099	          0.06936639	          0.09045540	          0.08679579	          0.01000084	          0.03451431	          0.06796573	          0.01270740	          0.01000058	          0.01000061	          0.01129540	          0.28178150	          0.02865959	          0.06953487	          0.01000328	          0.17136042	          0.19988569	          0.01000008	          0.06239179	          0.01000003	          0.06283647	          0.07092193	          0.31419644	          0.05068900	          0.01000141	          0.01000005	          0.01000014	          0.30558171	
          0.40780636	         -1.70923744	          2.82884591	         -3.54365309	          0.50447807	          1.03812179	          0.00472696	         -1.08029470	         -2.22209116	         -1.18030949	         -7.66697480	          4.58324384	         16.08712644	         27.07339521	          1.46186022	         -9.63197616	        -38.67013019	          3.75160016	          0.43380932	        -15.74974874	          2.59835691	          1.97231392	          0.01000089	          0.06974423	          0.09680955	          0.09186521	          0.01000090	          0.03538262	          0.05606041	          0.01330986	          0.01000060	          0.01000061	          0.01159309	          0.30016531	          0.02363876	          0.08185303	          0.01000217	          0.17576315	          0.19913493	          0.01000008	          0.05146277	          0.01000003	          0.05182822	          0.10911417	          0.34481986	          0.04992436	          0.01000065	          0.01000008	          0.01000027	          0.30228660	
          0.42055031	         -1.74758980	          2.68694561	         -3.98991346	          0.51844930	          1.03624842	          0.00475213	         -2.12715190	         -2.14905990	         -1.11029304	         -7.23152725	          5.17141036	         16.37148100	         26.90969715	          1.38832807	         -9.28116040	        -34.23840523	          3.60137121	          0.35157482	        -15.83224203	          2.76028990	          2.15600006	          0.01000074	          0.06118155	          0.10360479	          0.09624848	          0.01000085	          0.03767021	          0.04624131	          0.01688145	          0.01000055	          0.01000056	          0.01199396	          0.32049687	          0.01949753	          0.08947879	          0.01000163	          0.17999424	          0.19921090	          0.01000007	          0.04283548	          0.01000003	          0.04274850	          0.14314271	          0.37500210	          0.04998815	          0.01000073	          0.01000010	          0.01000051	          0.30134555	
          0.43329425	         -1.80303257	          2.52503460	         -4.42911289	          0.53247821	          1.03382283	          0.00481086	         -3.16255867	         -2.06200510	         -1.06543417	         -6.82033410	          5.85063906	         16.64693505	         26.71127865	          1.24171073	         -8.86920941	        -29.83738562	          3.44040461	          0.28430388	        -15.89951160	          2.92513832	          2.33027862	          0.01000083	          0.05046383	          0.10896724	          0.09368523	          0.01000107	          0.04130430	          0.03814367	          0.02056397	          0.01000057	          0.01000053	          0.01227594	          0.34270869	          0.01608180	          0.09348212	          0.01000148	          0.18583132	          0.19791247	          0.01000007	          0.06016552	          0.01000004	          0.03525944	          0.16900902	          0.40047129	          0.05166164	          0.01000104	          0.01000011	          0.01000072	          0.30104333	
          0.44603820	         -1.87429189	          2.35562402	         -4.85897484	          0.54657972	          1.03089286	          0.00489200	         -4.18927922	         -1.97478914	         -1.03611376	         -6.43022419	          6.60596935	         16.92489895	         26.51496572	          1.03332648	         -8.41521522	        -25.56852216	          3.29280697	          0.23153658	        -15.95164302	          3.07871226	          2.49558673	          0.01000088	          0.04162332	          0.10921242	          0.08704714	          0.01000132	          0.04534908	          0.03147114	          0.02415897	          0.01000060	          0.01000052	          0.01217589	          0.36670755	          0.01326447	          0.09482242	          0.01000172	          0.19663227	          0.19368798	          0.01000007	          0.08915897	          0.01000004	          0.02908239	          0.18272959	          0.41877785	          0.05504790	          0.01049728	          0.01000012	          0.01000093	          0.30097363	
          0.45878215	         -1.95947777	          2.18847771	         -5.27614444	          0.56077087	          1.02753110	          0.00497917	         -5.20497601	         -1.89895552	         -1.01457601	         -6.06743865	          7.41774194	         17.21386828	         26.35007072	          0.77639542	         -7.95169764	        -21.51719354	          3.15989250	          0.19261313	        -15.98928698	          3.21040590	          2.65297802	          0.01000088	          0.03433148	          0.10086134	          0.07949730	          0.01000158	          0.04971231	          0.03356909	          0.02837204	          0.01000060	          0.01000048	          0.01172208	          0.39210256	          0.01094074	          0.09339894	          0.01000166	          0.21172322	          0.18805070	          0.01000009	          0.11051773	          0.01000005	          0.02398749	          0.18497087	          0.42777692	          0.05899722	          0.01265528	          0.01000011	          0.01000062	          0.30083298	
          0.47152610	         -2.05618398	          2.03045925	         -5.67639447	          0.57507570	          1.02382749	          0.00505922	         -6.20369072	         -1.84212370	         -1.00236284	         -5.74546774	          8.26106761	         17.52510384	         26.23626489	          0.48438180	         -7.52178837	        -17.74912676	          3.03777248	          0.16582146	        -16.01261423	          3.31208070	          2.80301355	          0.01000107	          0.02831706	          0.08319224	          0.07152754	          0.01000195	          0.05372854	          0.08549700	          0.03589821	          0.01000056	          0.01000045	          0.01247996	          0.41822503	          0.01000017	          0.08881570	          0.01000155	          0.23134931	          0.18222632	          0.01000011	          0.11731678	          0.01000005	          0.01978517	          0.17743094	          0.42650478	          0.06337102	          0.01540938	          0.01000012	          0.01000152	          0.30139226	
          0.48427005	         -2.16156671	          1.88623736	         -6.05546153	          0.58952239	          1.01988656	          0.00512570	         -7.17175385	         -1.80872578	         -1.00329772	         -5.48829089	          9.08502721	         17.90440788	         26.18477365	          0.17192949	         -7.16355783	        -14.31506397	          2.92761511	          0.14885119	        -16.02157016	          3.37655933	          2.94571919	          0.01000076	          0.02335628	          0.06861801	          0.06407220	          0.01000192	          0.05641088	          0.15038701	          0.03826850	          0.01000054	          0.01000037	          0.01029402	          0.44351716	          0.04283225	          0.08732647	          0.01000096	          0.25591563	          0.17653212	          0.01000019	          0.12947465	          0.01000007	          0.01631906	          0.15105027	          0.42167315	          0.06913662	          0.02051517	          0.01000011	          0.01000070	          0.30342679	
          0.49701400	         -2.27310696	          1.76124580	         -6.40973604	          0.60414362	          1.01583927	          0.00516538	         -8.09770439	         -1.80492718	         -1.01317089	         -5.31048830	          9.81982160	         18.41660556	         26.19878048	         -0.13909123	         -6.89041640	        -11.24838739	          2.83871087	          0.13895298	        -16.01605204	          3.39644605	          3.08246341	          0.01000083	          0.01926456	          0.05659695	          0.06121010	          0.01000206	          0.05672037	          0.21080707	          0.03361956	          0.01000063	          0.01000035	          0.01000118	          0.46632527	          0.08757994	          0.07569523	          0.01000130	          0.27656569	          0.17061702	          0.01000021	          0.13595694	          0.01000009	          0.01346018	          0.12458807	          0.41614233	          0.07679722	          0.02518315	          0.01000012	          0.01000111	          0.30541094	
          0.50975795	         -2.38986046	          1.66006313	         -6.73743418	          0.61898319	          1.01182156	          0.00516215	         -8.98013725	         -1.83557932	         -1.03422189	         -5.21015206	         10.41868670	         19.09406592	         26.27497979	         -0.42731780	         -6.70487624	         -8.56423161	          2.78077146	          0.13487879	        -15.99350350	          3.36653422	          3.21657499	          0.01000075	          0.01588965	          0.04668183	          0.05984877	          0.01000131	          0.05583730	          0.26420722	          0.02773022	          0.01000084	          0.01000034	          0.01000069	          0.48552513	          0.12773845	          0.06243435	          0.01000159	          0.29331599	          0.16684988	          0.01000021	          0.13636137	          0.01000010	          0.01110220	          0.10276166	          0.41021190	          0.08363195	          0.02992114	          0.01000014	          0.01000077	          0.30749179	
          0.52250190	         -2.51137387	          1.58588120	         -7.03722013	          0.63409211	          1.00794723	          0.00510402	         -9.82398730	         -1.90271101	         -1.07746933	         -5.17831992	         10.85823637	         19.93680100	         26.40404962	         -0.67541043	         -6.60468072	         -6.26006102	          2.75540675	          0.13566667	        -15.94978500	          3.28346502	          3.35047841	          0.01000078	          0.01310600	          0.03850372	          0.05828086	          0.01000101	          0.05405888	          0.30731020	          0.02287245	          0.01000132	          0.01000035	          0.01000046	          0.50041796	          0.16255566	          0.05149656	          0.01036639	          0.30565368	          0.16215854	          0.01000017	          0.13300651	          0.01000012	          0.01000036	          0.08475898	          0.40246618	          0.07482652	          0.03424740	          0.01000016	          0.01000061	          0.30905569	
          0.53524584	         -2.63674928	          1.54107891	         -7.30807771	          0.64952031	          1.00429318	          0.00498614	        -10.63476915	         -2.00687181	         -1.15507910	         -5.20717339	         11.12158579	         20.93862146	         26.57803850	         -0.87087758	         -6.58124451	         -4.33969696	          2.75682795	          0.14106797	        -15.88052824	          3.14434351	          3.48552118	          0.01000069	          0.01081005	          0.03175833	          0.05686381	          0.01000083	          0.05219598	          0.33890100	          0.01886573	          0.01000163	          0.01000034	          0.01000038	          0.51038227	          0.19087193	          0.04247495	          0.01006735	          0.31461672	          0.15597051	          0.01000017	          0.12899991	          0.01000014	          0.01000076	          0.06991016	          0.39219713	          0.06171803	          0.03035065	          0.01000019	          0.01000052	          0.30966087	
          0.54798979	         -2.76448822	          1.52799261	         -7.54881103	          0.66531311	          1.00090090	          0.00480833	        -11.41693562	         -2.14843289	         -1.27774719	         -5.29263384	         11.19753842	         22.09379741	         26.79483446	         -1.00524479	         -6.62238590	         -2.82699107	          2.77509448	          0.15000039	        -15.78153352	          2.94608034	          3.62180477	          0.01000050	          0.01000017	          0.02619467	          0.05524804	          0.01000059	          0.05014352	          0.35929140	          0.01556094	          0.01000157	          0.01000030	          0.01000031	          0.51492223	          0.21215455	          0.03503381	          0.01000081	          0.31831010	          0.15138440	          0.01000023	          0.12515022	          0.01000023	          0.01000056	          0.05766269	          0.37948702	          0.05090581	          0.02503386	          0.01000032	          0.01000082	          0.31169610	
          0.56073374	         -2.89246742	          1.54647808	         -7.75812400	          0.68151641	          0.99778283	          0.00457478	        -12.17413179	         -2.32521217	         -1.45400170	         -5.43535571	         11.08189268	         23.39534461	         27.04582956	         -1.07506420	         -6.71230491	         -1.73374171	          2.81496129	          0.16062902	        -15.64889270	          2.68840134	          3.75799255	          0.01000102	          0.01000023	          0.02160569	          0.05403625	          0.01000065	          0.04811372	          0.36690551	          0.01283546	          0.01001065	          0.01000037	          0.01000029	          0.51389424	          0.22638258	          0.02889628	          0.01189461	          0.31662096	          0.14707457	          0.01000011	          0.11937476	          0.01000019	          0.01003045	          0.04756083	          0.36082739	          0.04198772	          0.02064832	          0.01000026	          0.01000020	          0.31308205	
          0.57347769	         -3.01774716	          1.59271969	         -7.93561181	          0.69817575	          0.99492914	          0.00429520	        -12.90945215	         -2.53164751	         -1.68924897	         -5.64059877	         10.77676492	         24.83344297	         27.31852711	         -1.08382200	         -6.83175508	         -1.06640078	          2.87388492	          0.17283071	        -15.47968429	          2.37485011	          3.89304721	          0.01000062	          0.01000019	          0.01782067	          0.05377898	          0.01000048	          0.04605121	          0.36353850	          0.01070829	          0.01000217	          0.01000032	          0.01000029	          0.50723264	          0.23369161	          0.02383397	          0.01000137	          0.31806841	          0.13637414	          0.01000025	          0.11955122	          0.01000044	          0.13039044	          0.03922871	          0.33947343	          0.03463196	          0.01703108	          0.01000056	          0.01000079	          0.31214663	
          0.58622164	         -3.13661635	          1.66726061	         -8.07925926	          0.71532513	          0.99231033	          0.00397544	        -13.62394109	         -2.76700661	         -1.99167808	         -5.91884978	         10.29474854	         26.39166969	         27.62536544	         -1.03364175	         -6.97119214	         -0.89785068	          2.93584836	          0.18906870	        -15.27187637	          2.00424424	          4.02498765	          0.01000053	          0.01000018	          0.01469874	          0.05548049	          0.01000037	          0.04048379	          0.35064706	          0.01362771	          0.01000181	          0.01000031	          0.01000027	          0.49492631	          0.23396450	          0.01965853	          0.01000071	          0.31559822	          0.12132580	          0.01000070	          0.11689311	          0.01000260	          0.22218165	          0.03235629	          0.31736768	          0.02856485	          0.01404752	          0.01270971	          0.01000034	          0.31269935	
          0.59896559	         -3.24481426	          1.76694663	         -8.18668262	          0.73301532	          0.98988357	          0.00362069	        -14.32511337	         -3.02658607	         -2.36964790	         -6.27220027	          9.64454445	         28.05163413	         27.96577878	         -0.92968492	         -7.12504392	         -1.27352593	          2.95816234	          0.20406966	        -15.02175908	          1.58023440	          4.15403252	          0.01000038	          0.01000013	          0.01212374	          0.04668439	          0.01000022	          0.03624844	          0.32436528	          0.02250360	          0.01000433	          0.01000038	          0.01000026	          0.47766477	          0.22901798	          0.01621457	          0.01698882	          0.30323881	          0.10007142	          0.01000110	          0.13112152	          0.01795128	          0.27815774	          0.02668783	          0.29083440	          0.02356062	          0.01158665	          0.02242467	          0.01000075	          0.32186360	
          0.61170954	         -3.33777369	          1.87286269	         -8.25298155	          0.75132501	          0.98759565	          0.00322552	        -15.02117717	         -3.29106391	         -2.81266924	         -6.70905518	          8.82833813	         29.79851596	         28.30664790	         -0.78438754	         -7.32618327	         -2.17800331	          2.93876862	          0.21919810	        -14.72393225	          1.12742984	          4.28135911	          0.01000018	          0.01000008	          0.01000000	          0.03850583	          0.01000011	          0.02989854	          0.28899481	          0.02161042	          0.01000120	          0.01000050	          0.01000027	          0.45571660	          0.21867317	          0.01337397	          0.02422829	          0.25011490	          0.08254004	          0.01212446	          0.15468187	          0.03317228	          0.29033948	          0.02201243	          0.24137227	          0.01943308	          0.01000013	          0.03412654	          0.01000007	          0.32091346	
          0.62445348	         -3.41119599	          1.95434278	         -8.27480764	          0.77034841	          0.98539425	          0.00277202	        -15.71011640	         -3.53251736	         -3.29504178	         -7.25965795	          7.84673715	         31.62035734	         28.56927617	         -0.61865554	         -7.63142810	         -3.50855612	          2.74072497	          0.22868300	        -14.37171504	          0.68881927	          4.40559829	          0.01000020	          0.01000011	          0.01000009	          0.03176004	          0.01000011	          0.03056509	          0.23837084	          0.01782460	          0.01000164	          0.01000055	          0.01000029	          0.42968434	          0.20455484	          0.01103101	          0.01998393	          0.20629754	          0.06807994	          0.01000053	          0.17990217	          0.04250448	          0.23947857	          0.01815613	          0.19908650	          0.01602864	          0.01000011	          0.02814811	          0.01469893	          0.34559042	
          0.63719743	         -3.46172018	          2.00915394	         -8.25654132	          0.79012482	          0.98324634	          0.00227049	        -16.36759756	         -3.75297751	         -3.80263690	         -7.98043758	          6.71582915	         33.49678104	         28.68195058	         -0.46018630	         -7.98773637	         -5.23019327	          2.31065709	          0.24706446	        -13.95963995	          0.27144087	          4.52278617	          0.01000802	          0.01000030	          0.01000062	          0.02619603	          0.01209000	          0.02950641	          0.19661144	          0.01470196	          0.01162745	          0.01000036	          0.01000021	          0.39777103	          0.18794058	          0.01000002	          0.01648303	          0.17015648	          0.05615308	          0.01000003	          0.20487167	          0.03506121	          0.19752473	          0.06873331	          0.16420873	          0.01322063	          0.01000014	          0.02321706	          0.01469855	          0.36266707	
          0.64994138	         -3.48858055	          2.08731482	         -8.20842971	          0.81051035	          0.98125189	          0.00175950	        -16.91370982	         -4.00965022	         -4.33385455	         -8.98943436	          5.46051360	         35.39285456	         28.60254250	         -0.31720663	         -8.16179244	         -7.09088394	          1.85666153	          0.21101600	        -13.49514380	         -0.18390214	          4.62192818	          0.01000206	          0.01000009	          0.01212416	          0.02160677	          0.01000036	          0.02665201	          0.16216748	          0.01212637	          0.01006228	          0.01000026	          0.01000016	          0.36217019	          0.15502393	          0.01000003	          0.01359550	          0.14034694	          0.04631568	          0.07588412	          0.16898057	          0.05841202	          0.16292068	          0.08955069	          0.13544116	          0.01090457	          0.01000010	          0.01914971	          0.01212400	          0.41570483	
          0.66268533	         -3.49852750	          2.17225040	         -8.12329494	          0.83111403	          0.97967825	          0.00117268	        -17.21351004	         -4.29250606	         -4.88500190	        -10.47089949	          4.07217342	         37.24865236	         28.41434953	         -0.15679350	         -8.31287912	         -8.78524982	          1.21821891	          0.19916530	        -13.02246054	         -0.65085951	          4.69647692	          0.02496258	          0.01000014	          0.01000041	          0.01782151	          0.01000065	          0.02468274	          0.13375763	          0.01000200	          0.01000292	          0.01000049	          0.01000051	          0.31331923	          0.12786545	          0.01000004	          0.01121414	          0.11575970	          0.03820169	          0.13368238	          0.18526942	          0.05782932	          0.13437884	          0.11981202	          0.11171335	          0.01000013	          0.01000010	          0.01579491	          0.01000006	          0.46993473	
          0.67542928	         -3.49310001	          2.25395627	         -8.00485048	          0.85155968	          0.97873619	          0.00050119	        -17.14189573	         -4.60340159	         -5.44347104	        -12.60142804	          2.56581191	         38.93576123	         28.28887766	          0.00071624	         -8.44791893	        -10.61643995	          0.67258260	          0.15839122	        -12.58497912	         -1.11837996	          4.74727271	          0.08100094	          0.01000014	          0.01000013	          0.01469938	          0.04496494	          0.02035888	          0.11032487	          0.01000008	          0.02356996	          0.01000036	          0.01000025	          0.25842915	          0.10546483	          0.01000002	          0.02979045	          0.09547987	          0.03150918	          0.18951057	          0.25120912	          0.05152519	          0.11083719	          0.16952601	          0.09214239	          0.01000028	          0.03183724	          0.01302788	          0.01000501	          0.47982105	
          0.68817323	         -3.47372191	          2.32553081	         -7.85600763	          0.87159699	          0.97858367	         -0.00023663	        -16.60729303	         -4.94554556	         -6.02288294	        -15.50010371	          0.93865183	         40.24667207	         28.26664073	          0.14294705	         -8.55302704	        -12.69237072	          0.55789672	          0.11755143	        -12.20709042	         -1.57961976	          4.77375754	          0.09361728	          0.01000019	          0.01000016	          0.01212421	          0.11911742	          0.01679536	          0.09099731	          0.01000004	          0.04340622	          0.01000016	          0.01000006	          0.21315518	          0.08698855	          0.01000007	          0.02480120	          0.07875285	          0.02598912	          0.21028432	          0.29393484	          0.05009588	          0.09141979	          0.19168014	          0.07600006	          0.01000022	          0.11837178	          0.01074562	          0.01000019	          0.47401437	
          0.70091718	         -3.44346225	          2.37140570	         -7.67552714	          0.89110076	          0.97931716	         -0.00100465	        -15.55988706	         -5.31713250	         -6.67409712	        -19.23823923	         -0.70363372	         40.66519004	         28.21674546	          0.27320389	         -8.61615398	        -14.74538324	          0.80408384	          0.08518590	        -11.89958628	         -2.01891367	          4.77322949	          0.09343368	          0.01000019	          0.01000017	          0.01000019	          0.16737820	          0.01385435	          0.07505578	          0.01000002	          0.03580268	          0.01000014	          0.01000003	          0.17581272	          0.07174911	          0.01000003	          0.02046174	          0.06495622	          0.02143612	          0.21154712	          0.32724343	          0.05325690	          0.07540412	          0.19633920	          0.06268568	          0.01000020	          0.15147009	          0.01000022	          0.01000023	          0.43169527	
          0.71366112	         -3.40406749	          2.37507576	         -7.46077670	          0.91007370	          0.98088204	         -0.00177052	        -14.02177369	         -5.72357555	         -7.39844341	        -23.74102848	         -2.47037787	         40.03056283	         28.02727150	          0.39148844	         -8.62416111	        -16.57051580	          1.37228872	          0.08320989	        -11.65910396	         -2.41893877	          4.74204041	          0.07931376	          0.01000011	          0.01000016	          0.01000001	          0.21542851	          0.02055926	          0.06190723	          0.01000002	          0.02953072	          0.01000009	          0.01000001	          0.14501225	          0.05917945	          0.01728511	          0.01687735	          0.05357661	          0.01768076	          0.20700983	          0.31302056	          0.05881489	          0.06219422	          0.20128564	          0.05170384	          0.01000018	          0.19130790	          0.01000035	          0.01000029	          0.37302348	
          0.72640507	         -3.35754125	          2.32142435	         -7.21094605	          0.92851343	          0.98316804	         -0.00249883	        -12.06080981	         -6.16532768	         -8.17032872	        -28.83209969	         -4.39508681	         38.10863634	         27.61810395	          0.49731711	         -8.54011836	        -17.99676588	          2.11053651	          0.17183801	        -11.48304866	         -2.76420112	          4.67611913	          0.07349278	          0.04868522	          0.02227496	          0.01000001	          0.18867760	          0.01695813	          0.05106204	          0.01000002	          0.02435740	          0.01000009	          0.01000001	          0.11960768	          0.04881186	          0.07989361	          0.01392075	          0.04419058	          0.01458331	          0.21301189	          0.25818335	          0.05962053	          0.05129856	          0.16611524	          0.04264590	          0.01000013	          0.21390181	          0.01000022	          0.01000017	          0.31618849	
          0.73914902	         -3.30556183	          2.20706365	         -6.93320472	          0.94635838	          0.98599104	         -0.00318485	         -9.77735503	         -6.63534035	         -8.89233034	        -34.31828435	         -6.13638155	         34.43885321	         26.99004551	          0.58573418	         -8.35507165	        -18.98977379	          2.85869257	          0.37252578	        -11.37709795	         -3.04392853	          4.57194163	          0.10987798	          0.09408542	          0.09545848	          0.01000012	          0.15562337	          0.01398732	          0.04211682	          0.01000011	          0.02009039	          0.01000046	          0.01000002	          0.09865373	          0.04026056	          0.21400831	          0.01148221	          0.03644888	          0.01202850	          0.17573660	          0.21295318	          0.05760164	          0.04231169	          0.13701403	          0.03517481	          0.01000016	          0.24011362	          0.01000015	          0.01000013	          0.26753873	
          0.75189297	         -3.24901011	          2.05009547	         -6.62267479	          0.96353566	          0.98914502	         -0.00382948	         -7.31312642	         -7.04249782	         -9.35862048	        -39.88479668	         -7.14554517	         29.45920447	         26.18914055	          0.66150501	         -8.10768080	        -19.61013625	          3.57804056	          0.70649041	        -11.34974563	         -3.26759701	          4.41913679	          0.11814386	          0.10134296	          0.13070852	          0.01212439	          0.12835988	          0.01153697	          0.04126775	          0.01000022	          0.01657104	          0.01000051	          0.01000001	          0.08137068	          0.03320736	          0.23459137	          0.01000034	          0.03006345	          0.01000008	          0.14495165	          0.17962781	          0.04956497	          0.03489921	          0.11301106	          0.02901257	          0.01000019	          0.23701842	          0.01000017	          0.01000017	          0.22659341	
          0.76463692	         -3.18841457	          1.87975372	         -6.27725393	          0.98006063	          0.99251121	         -0.00439821	         -4.79088454	         -7.29766082	         -9.53526714	        -45.20540333	         -6.86579608	         25.02952072	         25.27072101	          0.73882550	         -7.81719416	        -19.94600097	          4.23200790	          1.12917852	        -11.39710159	         -3.46618442	          4.21477421	          0.11224030	          0.10467047	          0.14103203	          0.01000035	          0.10587271	          0.01000019	          0.05799357	          0.01000004	          0.02681046	          0.01000058	          0.01000001	          0.06711545	          0.02738980	          0.24727103	          0.01000116	          0.02479668	          0.01000013	          0.12184432	          0.14977950	          0.05287628	          0.02878532	          0.09321454	          0.02392989	          0.01000021	          0.21977161	          0.01000016	          0.01000018	          0.19372175	
          0.77738087	         -3.12424957	          1.69277377	         -5.90533763	          0.99602871	          0.99603973	         -0.00490677	         -2.25169146	         -7.40552918	         -9.53771883	        -50.11878880	         -6.28791384	         21.29357999	         24.26754468	          0.80343786	         -7.49532541	        -20.05871956	          4.77555568	          1.58541817	        -11.50844261	         -3.63056018	          3.97278476	          0.09957460	          0.10765306	          0.14380392	          0.01000002	          0.08836986	          0.01000021	          0.07230005	          0.01000003	          0.04417974	          0.01000046	          0.01000001	          0.05535762	          0.02259141	          0.23616118	          0.01000083	          0.02045259	          0.01000015	          0.11027971	          0.12693457	          0.05265030	          0.02374252	          0.07690380	          0.01973765	          0.01000022	          0.19478059	          0.01000015	          0.01000020	          0.16816780	
          0.79012482	         -3.05635533	          1.48613385	         -5.51524782	          1.01154590	          0.99964278	         -0.00536034	          0.27196002	         -7.38348049	         -9.45794832	        -54.55322817	         -5.65561765	         18.11252632	         23.20561900	          0.84313904	         -7.15279469	        -20.00721754	          5.21033901	          2.05204755	        -11.67013323	         -3.75477070	          3.70417972	          0.09060715	          0.10304429	          0.14487620	          0.01000002	          0.09571475	          0.01000013	          0.09090149	          0.01000002	          0.06058704	          0.01000071	          0.01000001	          0.04565988	          0.01863365	          0.22560125	          0.01000131	          0.01686955	          0.01000018	          0.09548771	          0.13214854	          0.05478164	          0.01958316	          0.07300742	          0.01627984	          0.01000025	          0.17360998	          0.01000055	          0.01000035	          0.14483919	
          0.80286877	         -2.98446726	          1.25548166	         -5.10891779	          1.02671519	          1.00324476	         -0.00575329	          2.74971323	         -7.23224977	         -9.33987865	        -58.45928199	         -4.98570696	         15.40971615	         22.09640992	          0.84830552	         -6.79680805	        -19.82017620	          5.51904334	          2.54160245	        -11.86858129	         -3.83400796	          3.41464957	          0.07473775	          0.10490441	          0.14723096	          0.01000002	          0.10510710	          0.01000010	          0.11702578	          0.01000003	          0.06654685	          0.07296453	          0.01000001	          0.03766101	          0.01536925	          0.21877235	          0.01000109	          0.01391423	          0.01000022	          0.08630536	          0.13090440	          0.05809201	          0.01615248	          0.07738756	          0.01342780	          0.01000025	          0.15474846	          0.03392924	          0.01000033	          0.12358616	
          0.81561271	         -2.90886077	          1.00050001	         -4.68925330	          1.04161036	          1.00680308	         -0.00607930	          5.15699034	         -6.95827105	         -9.21488363	        -61.77805683	         -4.31923091	         13.11006186	         20.95051353	          0.81435636	         -6.43090286	        -19.51807303	          5.67874855	          3.08543792	        -12.09360274	         -3.86859444	          3.10877366	          0.06164640	          0.11157030	          0.14834839	          0.01000002	          0.10946243	          0.01000009	          0.15643020	          0.01000003	          0.07193549	          0.13085305	          0.01000001	          0.03106339	          0.01267673	          0.21341614	          0.01000130	          0.01147670	          0.01000031	          0.07878543	          0.10797290	          0.06110804	          0.01332284	          0.08268785	          0.01107543	          0.01000025	          0.14110084	          0.05568302	          0.01000044	          0.10193544	
          0.82835666	         -2.82979332	          0.72098732	         -4.26060852	          1.05628195	          1.01028875	         -0.00633793	          7.47940450	         -6.57603323	         -9.11000681	        -64.48037275	         -3.65734677	         11.15247331	         19.77450761	          0.73800978	         -6.05869329	        -19.12287814	          5.73133088	          3.69179103	        -12.33820706	         -3.85808451	          2.79114443	          0.05085081	          0.11640485	          0.14820247	          0.01000001	          0.11686836	          0.01000007	          0.21462158	          0.01000003	          0.07859824	          0.15776825	          0.01000001	          0.02562155	          0.01045593	          0.21042526	          0.01000110	          0.01000030	          0.01000039	          0.07378739	          0.08905752	          0.06159579	          0.01098899	          0.08338719	          0.01000008	          0.01000027	          0.13117037	          0.07469415	          0.01000063	          0.08407754	
          0.84110061	         -2.74729535	          0.41864172	         -3.82641796	          1.07076913	          1.01367572	         -0.00652889	          9.71212856	         -6.10186376	         -9.03926202	        -66.57608980	         -3.01074061	          9.48515814	         18.56871193	          0.61950775	         -5.68179585	        -18.64393679	          5.71295688	          4.35711336	        -12.59666207	         -3.80458015	          2.46520175	          0.04461475	          0.11921869	          0.14864195	          0.01000001	          0.12600931	          0.01000006	          0.28969226	          0.01000003	          0.08664482	          0.15988213	          0.01000002	          0.02113301	          0.01000006	          0.21162649	          0.01000094	          0.01000042	          0.01000043	          0.07075766	          0.07345575	          0.06005370	          0.01000047	          0.08022686	          0.01000011	          0.01000032	          0.12258630	          0.09192932	          0.01521610	          0.06934812	
          0.85384456	         -2.66133602	          0.09692764	         -3.38841086	          1.08510191	          1.01694031	         -0.00665100	         11.85524193	         -5.55180445	         -9.00700401	        -68.10526231	         -2.38883117	          8.06292865	         17.33302402	          0.46137917	         -5.30177090	        -18.08360265	          5.62992450	          5.08322055	        -12.86406624	         -3.71273833	          2.13347493	          0.04561554	          0.12037547	          0.15014897	          0.01000001	          0.13557219	          0.01000005	          0.37260420	          0.01000003	          0.09664574	          0.14536227	          0.01000002	          0.01743082	          0.01000008	          0.21403135	          0.01000083	          0.01000036	          0.01000042	          0.06940597	          0.06058719	          0.05694429	          0.01000060	          0.07596332	          0.01000011	          0.01000040	          0.11384783	          0.10790449	          0.02970552	          0.05719912	
          0.86658851	         -2.57202256	         -0.23980194	         -2.94723431	          1.09930574	          1.02006414	         -0.00670429	         13.90910987	         -4.94187054	         -9.01317347	        -69.12429104	         -1.77646810	          6.84895682	         16.06807338	          0.26723986	         -4.92143013	        -17.44432147	          5.48688428	          5.87036904	        -13.13572847	         -3.58812669	          1.79837624	          0.04854646	          0.12050296	          0.15273758	          0.01000001	          0.14545980	          0.01000004	          0.45281348	          0.01000003	          0.10772647	          0.12318879	          0.01000002	          0.01437722	          0.01000008	          0.21763346	          0.01000079	          0.01000032	          0.01000036	          0.06859699	          0.04997304	          0.05264213	          0.01000054	          0.07035546	          0.01000011	          0.01000059	          0.10454632	          0.12318184	          0.04479624	          0.04717849	
          0.87933246	         -2.47961762	         -0.58667817	         -2.50300239	          1.11340430	          1.02303044	         -0.00669084	         15.87293201	         -4.28847925	         -9.05590733	        -69.69302409	         -1.16939403	          5.81317102	         14.77740640	          0.04127976	         -4.54399092	        -16.73683729	          5.30487293	          6.70456326	        -13.40711551	         -3.43670316	          1.46245804	          0.04950214	          0.11875860	          0.15729120	          0.01000001	          0.15487160	          0.01000004	          0.51519690	          0.01000004	          0.11857260	          0.10267689	          0.01000002	          0.01185864	          0.01000008	          0.22177339	          0.01000068	          0.01000030	          0.01000037	          0.06802420	          0.04121836	          0.04752095	          0.01000052	          0.06596074	          0.01000012	          0.01000081	          0.08958513	          0.13798757	          0.05845491	          0.03891335	
          0.89207641	         -2.38460752	         -0.93879695	         -2.05534692	          1.12741779	          1.02582029	         -0.00661425	         17.74245334	         -3.60776984	         -9.13320651	        -69.86079282	         -0.57837057	          4.93011142	         13.47358522	         -0.21251926	         -4.17193498	        -15.98716187	          5.10076783	          7.57022672	        -13.67432578	         -3.26456771	          1.12860648	          0.04114493	          0.11349407	          0.16552806	          0.01000001	          0.16597643	          0.01000003	          0.52277251	          0.01000004	          0.13028522	          0.08887992	          0.01000002	          0.01000052	          0.01000010	          0.22725495	          0.01000079	          0.01000026	          0.01000028	          0.06661042	          0.03399740	          0.04248803	          0.01000057	          0.05735712	          0.01000014	          0.01000234	          0.07389097	          0.15236048	          0.07011914	          0.03209618	
          0.90482035	         -2.28776676	         -1.29004140	         -1.60265710	          1.14136843	          1.02841865	         -0.00647836	         19.50193327	         -2.91484491	         -9.24279666	        -69.64052976	         -0.01446641	          4.17831003	         12.17090068	         -0.48833010	         -3.80568886	        -15.22193185	          4.88159565	          8.45620021	        -13.93381482	         -3.07974865	          0.79936522	          0.03393714	          0.10607579	          0.17571055	          0.01000001	          0.17273835	          0.01000003	          0.43118872	          0.01000004	          0.14304412	          0.08090116	          0.01000003	          0.01000022	          0.01000008	          0.23573195	          0.01000062	          0.01000037	          0.01000039	          0.06436831	          0.02804147	          0.03878687	          0.01000065	          0.04735434	          0.01000015	          0.01000169	          0.06094614	          0.16602964	          0.07949358	          0.02647329	
          0.91756430	         -2.19045092	         -1.63335438	         -1.14299927	          1.15529155	          1.03082070	         -0.00629140	         21.11757809	         -2.22474127	         -9.38332682	        -68.99034083	          0.51547000	          3.53770948	         10.87439174	         -0.77822154	         -3.44737110	        -14.45049726	          4.64926203	          9.35398231	        -14.18053852	         -2.89096875	          0.47787012	          0.02799191	          0.10389593	          0.18777720	          0.01000001	          0.17710466	          0.01000003	          0.35564922	          0.01000004	          0.15755714	          0.07447406	          0.01000004	          0.01000021	          0.01000009	          0.24438656	          0.01000077	          0.01000029	          0.01000023	          0.05996681	          0.02312896	          0.03708704	          0.01000108	          0.03905911	          0.01000022	          0.01000155	          0.05026907	          0.17882355	          0.08632745	          0.02183548	
          0.93030825	         -2.09445153	         -1.95931232	         -0.67608492	          1.16921926	          1.03301953	         -0.00606950	         22.55674738	         -1.55544702	         -9.54923702	        -67.86772230	          1.02557631	          2.99106974	          9.58221165	         -1.07092987	         -3.10227338	        -13.66936789	          4.40594499	         10.25451367	        -14.40991670	         -2.70808666	          0.16758016	          0.02308814	          0.10738505	          0.19833112	          0.01000002	          0.17397939	          0.01000003	          0.29334338	          0.01000006	          0.17465988	          0.06828982	          0.01000005	          0.01000015	          0.01000009	          0.25404129	          0.01000048	          0.01000578	          0.01001346	          0.05757683	          0.01907707	          0.03674452	          0.01000079	          0.03221696	          0.01000019	          0.01000047	          0.04146251	          0.19051026	          0.08972597	          0.01801016	
          0.94305220	         -2.00227941	         -2.25861704	         -0.20362354	          1.18317244	          1.03499995	         -0.00583396	         23.79818286	         -0.92505933	         -9.73057022	        -66.25142934	          1.51758376	          2.52415380	          8.28848273	         -1.35478516	         -2.77665951	        -12.86667557	          4.15625376	         11.14567403	        -14.61851149	         -2.53948982	         -0.12801060	          0.01904352	          0.11485623	          0.20928001	          0.01000002	          0.17269477	          0.01000003	          0.24195284	          0.01000006	          0.19361321	          0.06469767	          0.01000006	          0.01000012	          0.01000010	          0.26424350	          0.01000065	          0.01376836	          0.01685331	          0.05436871	          0.01573503	          0.03449558	          0.01004188	          0.02657308	          0.01000035	          0.01000053	          0.03419875	          0.20106917	          0.08899145	          0.01485499	
          0.95579615	         -1.91673692	         -2.51878596	          0.27194356	          1.19714978	          1.03673717	         -0.00560146	         24.83238046	         -0.35077083	         -9.90933039	        -64.13950876	          1.98851453	          2.12461893	          6.99502282	         -1.61506270	         -2.47501424	        -12.04488327	          3.91286983	         12.01161404	        -14.80655444	         -2.39792640	         -0.40756687	          0.01570752	          0.12631532	          0.21558376	          0.01000002	          0.16423765	          0.01000003	          0.19956535	          0.01000008	          0.21192543	          0.06234828	          0.01000008	          0.01000009	          0.01000009	          0.27520432	          0.01000059	          0.02758078	          0.02732455	          0.05629947	          0.01297849	          0.03136955	          0.08988216	          0.02191795	          0.01000040	          0.01000053	          0.02820754	          0.21098824	          0.08507292	          0.01225259	
          0.96854010	         -1.84101359	         -2.72950637	          0.74877238	          1.21112157	          1.03819075	         -0.00538143	         25.66188623	          0.15457700	        -10.06556032	        -61.54855012	          2.43659400	          1.78111570	          5.72928572	         -1.84042201	         -2.19837796	        -11.25250220	          3.70191408	         12.83847051	        -14.97831454	         -2.29499579	         -0.67062636	          0.01295608	          0.13758019	          0.21860096	          0.01000003	          0.14869281	          0.01000002	          0.16460369	          0.01000010	          0.22760829	          0.05950337	          0.01000009	          0.01000008	          0.01000010	          0.28660542	          0.01000061	          0.03916064	          0.03837020	          0.06056901	          0.01070492	          0.02937992	          0.13650970	          0.01807840	          0.01000048	          0.01000053	          0.02326592	          0.22038113	          0.07507502	          0.01010612	
          0.98128405	         -1.77814644	         -2.88471322	          1.22506757	          1.22506610	          1.03931157	         -0.00518223	         26.29465666	          0.58229237	        -10.18128942	        -58.50848641	          2.85786616	          1.48096839	          4.50902466	         -2.02295823	         -1.95024930	        -10.52137540	          3.55428125	         13.60697302	        -15.13711250	         -2.23723252	         -0.91748341	          0.01068667	          0.14704069	          0.21897832	          0.01000004	          0.12875556	          0.01000003	          0.13576693	          0.01000014	          0.24072303	          0.05643163	          0.01000012	          0.01000006	          0.01000009	          0.29853981	          0.01000065	          0.04700497	          0.04972235	          0.06602924	          0.01000040	          0.02930407	          0.14681856	          0.01491158	          0.01000051	          0.01000051	          0.01919004	          0.22977317	          0.06192285	          0.01000017	
          0.99402800	         -1.73047311	         -2.98184330	          1.69887492	          1.23898080	          1.04004648	         -0.00501262	         26.74210923	          0.92736056	        -10.23933290	        -55.06492701	          3.23943395	          1.20536782	          3.33460795	         -2.15762756	         -1.73261128	         -9.85498825	          3.49422317	         14.30331215	        -15.28407486	         -2.22663506	         -1.14913141	          0.01004594	          0.15660060	          0.21674423	          0.01000004	          0.11087282	          0.01000002	          0.11198205	          0.01000016	          0.25131191	          0.05427506	          0.01000018	          0.01000004	          0.01000007	          0.31030747	          0.01000100	          0.05185228	          0.05962033	          0.07074056	          0.01000057	          0.03065144	          0.12111703	          0.01229969	          0.01000076	          0.01000059	          0.01582823	          0.23985028	          0.05107469	          0.01000056	
          1.00677194	         -1.69930533	         -3.02034483	          2.16880204	          1.25287820	          1.04034680	         -0.00488095	         27.01979310	          1.18735040	        -10.22160474	        -51.28410633	          3.55791495	          0.94227960	          2.19299198	         -2.24141373	         -1.54701421	         -9.23578412	          3.54369284	         14.91011893	        -15.41911280	         -2.26255340	         -1.36823860	          0.01000085	          0.16664813	          0.20822172	          0.01000007	          0.09170695	          0.01000003	          0.09236403	          0.01000099	          0.26641995	          0.05210778	          0.01000054	          0.01000003	          0.01000005	          0.31591141	          0.01000048	          0.05754733	          0.07499787	          0.07757663	          0.01000063	          0.03272268	          0.09990047	          0.01285211	          0.01000043	          0.01000042	          0.01305545	          0.25147260	          0.04212700	          0.02619021	
          1.01951589	         -1.68527216	         -3.00423971	          2.63319822	          1.26677126	          1.04015572	         -0.00478941	         27.15277075	          1.36398924	        -10.11173802	        -47.25093579	          3.76898654	          0.71206392	          1.07667831	         -2.27701259	         -1.39588727	         -8.66238493	          3.74564468	         15.39560068	        -15.54210440	         -2.34003798	         -1.57782806	          0.01000242	          0.17056432	          0.20262573	          0.01000008	          0.07564265	          0.01000003	          0.07618287	          0.03248858	          0.28711752	          0.05149359	          0.01002985	          0.01000003	          0.01000007	          0.31193715	          0.01000076	          0.06536851	          0.08392775	          0.08222073	          0.01000072	          0.03388345	          0.08240012	          0.01337546	          0.01000051	          0.01000052	          0.01076875	          0.26545407	          0.03474683	          0.05127520	
          1.03225984	         -1.68850029	         -2.93811469	          3.09143287	          1.28067370	          1.03942296	         -0.00473854	         27.16395767	          1.45540872	         -9.91146807	        -43.03077749	          3.82979912	          0.54468347	         -0.01387897	         -2.26830710	         -1.27535287	         -8.14092404	          4.10174605	         15.77300500	        -15.65272599	         -2.45433161	         -1.77935398	          0.01000328	          0.17136042	          0.19988569	          0.01000008	          0.06239179	          0.01000003	          0.06283647	          0.07092193	          0.31419644	          0.05068900	          0.01000141	          0.01000005	          0.01000014	          0.30558171	          0.01000099	          0.06936639	          0.09045540	          0.08679579	          0.01000084	          0.03451431	          0.06796573	          0.01270740	          0.01000058	          0.01000061	          0.01129540	          0.28178150	          0.02865959	          0.06953487	
          1.04500379	         -1.70923744	         -2.82884591	          3.54365309	          1.29460289	          1.03812179	         -0.00472696	         27.07339521	          1.46186022	         -9.63197616	        -38.67013019	          3.75160016	          0.43380932	         -1.08029470	         -2.22209116	         -1.18030949	         -7.66697480	          4.58324384	         16.08712644	        -15.74974874	         -2.59835691	         -1.97231392	          0.01000217	          0.17576315	          0.19913493	          0.01000008	          0.05146277	          0.01000003	          0.05182822	          0.10911417	          0.34481986	          0.04992436	          0.01000065	          0.01000008	          0.01000027	          0.30228660	          0.01000089	          0.06974423	          0.09680955	          0.09186521	          0.01000090	          0.03538262	          0.05606041	          0.01330986	          0.01000060	          0.01000061	          0.01159309	          0.30016531	          0.02363876	          0.08185303	
          1.05774774	         -1.74758980	         -2.68694561	          3.98991346	          1.30857412	          1.03624842	         -0.00475213	         26.90969715	          1.38832807	         -9.28116040	        -34.23840523	          3.60137121	          0.35157482	         -2.12715190	         -2.14905990	         -1.11029304	         -7.23152725	          5.17141036	         16.37148100	        -15.83224203	         -2.76028990	         -2.15600006	          0.01000163	          0.17999424	          0.19921090	          0.01000007	          0.04283548	          0.01000003	          0.04274850	          0.14314271	          0.37500210	          0.04998815	          0.01000073	          0.01000010	          0.01000051	          0.30134555	          0.01000074	          0.06118155	          0.10360479	          0.09624848	          0.01000085	          0.03767021	          0.04624131	          0.01688145	          0.01000055	          0.01000056	          0.01199396	          0.32049687	          0.01949753	          0.08947879	
          1.07049169	         -1.80303257	         -2.52503460	          4.42911289	          1.32260303	          1.03382283	         -0.00481086	         26.71127865	          1.24171073	         -8.86920941	        -29.83738562	          3.44040461	          0.28430388	         -3.16255867	         -2.06200510	         -1.06543417	         -6.82033410	          5.85063906	         16.64693505	        -15.89951160	         -2.92513832	         -2.33027862	          0.01000148	          0.18583132	          0.19791247	          0.01000007	          0.06016552	          0.01000004	          0.03525944	          0.16900902	          0.40047129	          0.05166164	          0.01000104	          0.01000011	          0.01000072	          0.30104333	          0.01000083	          0.05046383	          0.10896724	          0.09368523	          0.01000107	          0.04130430	          0.03814367	          0.02056397	          0.01000057	          0.01000053	          0.01227594	          0.34270869	          0.01608180	          0.09348212	
          1.08323564	         -1.87429189	         -2.35562402	          4.85897484	          1.33670454	          1.03089286	         -0.00489200	         26.51496572	          1.03332648	         -8.41521522	        -25.56852216	          3.29280697	          0.23153658	         -4.18927922	         -1.97478914	         -1.03611376	         -6.43022419	          6.60596935	         16.92489895	        -15.95164302	         -3.07871226	         -2.49558673	          0.01000172	          0.19663227	          0.19368798	          0.01000007	          0.08915897	          0.01000004	          0.02908239	          0.18272959	          0.41877785	          0.05504790	          0.01049728	          0.01000012	          0.01000093	          0.30097363	          0.01000088	          0.04162332	          0.10921242	          0.08704714	          0.01000132	          0.04534908	          0.03147114	          0.02415897	          0.01000060	          0.01000052	          0.01217589	          0.36670755	          0.01326447	          0.09482242	
          1.09597958	         -1.95947777	         -2.18847771	          5.27614444	          1.35089568	          1.02753110	         -0.00497917	         26.35007072	          0.77639542	         -7.95169764	        -21.51719354	          3.15989250	          0.19261313	         -5.20497601	         -1.89895552	         -1.01457601	         -6.06743865	          7.41774194	         17.21386828	        -15.98928698	         -3.21040590	         -2.65297802	          0.01000166	          0.21172322	          0.18805070	          0.01000009	          0.11051773	          0.01000005	          0.02398749	          0.18497087	          0.42777692	          0.05899722	          0.01265528	          0.01000011	          0.01000062	          0.30083298	          0.01000088	          0.03433148	          0.10086134	          0.07949730	          0.01000158	          0.04971231	          0.03356909	          0.02837204	          0.01000060	          0.01000048	          0.01172208	          0.39210256	          0.01094074	          0.09339894	
          1.10872353	         -2.05618398	         -2.03045925	          5.67639447	          1.36520052	          1.02382749	         -0.00505922	         26.23626489	          0.48438180	         -7.52178837	        -17.74912676	          3.03777248	          0.16582146	         -6.20369072	         -1.84212370	         -1.00236284	         -5.74546774	          8.26106761	         17.52510384	        -16.01261423	         -3.31208070	         -2.80301355	          0.01000155	          0.23134931	          0.18222632	          0.01000011	          0.11731678	          0.01000005	          0.01978517	          0.17743094	          0.42650478	          0.06337102	          0.01540938	          0.01000012	          0.01000152	          0.30139226	          0.01000107	          0.02831706	          0.08319224	          0.07152754	          0.01000195	          0.05372854	          0.08549700	          0.03589821	          0.01000056	          0.01000045	          0.01247996	          0.41822503	          0.01000017	          0.08881570	
          1.12146748	         -2.16156671	         -1.88623736	          6.05546153	          1.37964720	          1.01988656	         -0.00512570	         26.18477365	          0.17192949	         -7.16355783	        -14.31506397	          2.92761511	          0.14885119	         -7.17175385	         -1.80872578	         -1.00329772	         -5.48829089	          9.08502721	         17.90440788	        -16.02157016	         -3.37655933	         -2.94571919	          0.01000096	          0.25591563	          0.17653212	          0.01000019	          0.12947465	          0.01000007	          0.01631906	          0.15105027	          0.42167315	          0.06913662	          0.02051517	          0.01000011	          0.01000070	          0.30342679	          0.01000076	          0.02335628	          0.06861801	          0.06407220	          0.01000192	          0.05641088	          0.15038701	          0.03826850	          0.01000054	          0.01000037	          0.01029402	          0.44351716	          0.04283225	          0.08732647	
          1.13421143	         -2.27310696	         -1.76124580	          6.40973604	          1.39426843	          1.01583927	         -0.00516538	         26.19878048	         -0.13909123	         -6.89041640	        -11.24838739	          2.83871087	          0.13895298	         -8.09770439	         -1.80492718	         -1.01317089	         -5.31048830	          9.81982160	         18.41660556	        -16.01605204	         -3.39644605	         -3.08246341	          0.01000130	          0.27656569	          0.17061702	          0.01000021	          0.13595694	          0.01000009	          0.01346018	          0.12458807	          0.41614233	          0.07679722	          0.02518315	          0.01000012	          0.01000111	          0.30541094	          0.01000083	          0.01926456	          0.05659695	          0.06121010	          0.01000206	          0.05672037	          0.21080707	          0.03361956	          0.01000063	          0.01000035	          0.01000118	          0.46632527	          0.08757994	          0.07569523	
          1.14695538	         -2.38986046	         -1.66006313	          6.73743418	          1.40910801	          1.01182156	         -0.00516215	         26.27497979	         -0.42731780	         -6.70487624	         -8.56423161	          2.78077146	          0.13487879	         -8.98013725	         -1.83557932	         -1.03422189	         -5.21015206	         10.41868670	         19.09406592	        -15.99350350	         -3.36653422	         -3.21657499	          0.01000159	          0.29331599	          0.16684988	          0.01000021	          0.13636137	          0.01000010	          0.01110220	          0.10276166	          0.41021190	          0.08363195	          0.02992114	          0.01000014	          0.01000077	          0.30749179	          0.01000075	          0.01588965	          0.04668183	          0.05984877	          0.01000131	          0.05583730	          0.26420722	          0.02773022	          0.01000084	          0.01000034	          0.01000069	          0.48552513	          0.12773845	          0.06243435	
          1.15969933	         -2.51137387	         -1.58588120	          7.03722013	          1.42421693	          1.00794723	         -0.00510402	         26.40404962	         -0.67541043	         -6.60468072	         -6.26006102	          2.75540675	          0.13566667	         -9.82398730	         -1.90271101	         -1.07746933	         -5.17831992	         10.85823637	         19.93680100	        -15.94978500	         -3.28346502	         -3.35047841	          0.01036639	          0.30565368	          0.16215854	          0.01000017	          0.13300651	          0.01000012	          0.01000036	          0.08475898	          0.40246618	          0.07482652	          0.03424740	          0.01000016	          0.01000061	          0.30905569	          0.01000078	          0.01310600	          0.03850372	          0.05828086	          0.01000101	          0.05405888	          0.30731020	          0.02287245	          0.01000132	          0.01000035	          0.01000046	          0.50041796	          0.16255566	          0.05149656	
          1.17244328	         -2.63674928	         -1.54107891	          7.30807771	          1.43964512	          1.00429318	         -0.00498614	         26.57803850	         -0.87087758	         -6.58124451	         -4.33969696	          2.75682795	          0.14106797	        -10.63476915	         -2.00687181	         -1.15507910	         -5.20717339	         11.12158579	         20.93862146	        -15.88052824	         -3.14434351	         -3.48552118	          0.01006735	          0.31461672	          0.15597051	          0.01000017	          0.12899991	          0.01000014	          0.01000076	          0.06991016	          0.39219713	          0.06171803	          0.03035065	          0.01000019	          0.01000052	          0.30966087	          0.01000069	          0.01081005	          0.03175833	          0.05686381	          0.01000083	          0.05219598	          0.33890100	          0.01886573	          0.01000163	          0.01000034	          0.01000038	          0.51038227	          0.19087193	          0.04247495	
          1.18518723	         -2.76448822	         -1.52799261	          7.54881103	          1.45543793	          1.00090090	         -0.00480833	         26.79483446	         -1.00524479	         -6.62238590	         -2.82699107	          2.77509448	          0.15000039	        -11.41693562	         -2.14843289	         -1.27774719	         -5.29263384	         11.19753842	         22.09379741	        -15.78153352	         -2.94608034	         -3.62180477	          0.01000081	          0.31831010	          0.15138440	          0.01000023	          0.12515022	          0.01000023	          0.01000056	          0.05766269	          0.37948702	          0.05090581	          0.02503386	          0.01000032	          0.01000082	          0.31169610	          0.01000050	          0.01000017	          0.02619467	          0.05524804	          0.01000059	          0.05014352	          0.35929140	          0.01556094	          0.01000157	          0.01000030	          0.01000031	          0.51492223	          0.21215455	          0.03503381	
          1.19793117	         -2.89246742	         -1.54647808	          7.75812400	          1.47164123	          0.99778283	         -0.00457478	         27.04582956	         -1.07506420	         -6.71230491	         -1.73374171	          2.81496129	          0.16062902	        -12.17413179	         -2.32521217	         -1.45400170	         -5.43535571	         11.08189268	         23.39534461	        -15.64889270	         -2.68840134	         -3.75799255	          0.01189461	          0.31662096	          0.14707457	          0.01000011	          0.11937476	          0.01000019	          0.01003045	          0.04756083	          0.36082739	          0.04198772	          0.02064832	          0.01000026	          0.01000020	          0.31308205	          0.01000102	          0.01000023	          0.02160569	          0.05403625	          0.01000065	          0.04811372	          0.36690551	          0.01283546	          0.01001065	          0.01000037	          0.01000029	          0.51389424	          0.22638258	          0.02889628	
          1.21067512	         -3.01774716	         -1.59271969	          7.93561181	          1.48830057	          0.99492914	         -0.00429520	         27.31852711	         -1.08382200	         -6.83175508	         -1.06640078	          2.87388492	          0.17283071	        -12.90945215	         -2.53164751	         -1.68924897	         -5.64059877	         10.77676492	         24.83344297	        -15.47968429	         -2.37485011	         -3.89304721	          0.01000137	          0.31806841	          0.13637414	          0.01000025	          0.11955122	          0.01000044	          0.13039044	          0.03922871	          0.33947343	          0.03463196	          0.01703108	          0.01000056	          0.01000079	          0.31214663	          0.01000062	          0.01000019	          0.01782067	          0.05377898	          0.01000048	          0.04605121	          0.36353850	          0.01070829	          0.01000217	          0.01000032	          0.01000029	          0.50723264	          0.23369161	          0.02383397	
          1.22341907	         -3.13661635	         -1.66726061	          8.07925926	          1.50544994	          0.99231033	         -0.00397544	         27.62536544	         -1.03364175	         -6.97119214	         -0.89785068	          2.93584836	          0.18906870	        -13.62394109	         -2.76700661	         -1.99167808	         -5.91884978	         10.29474854	         26.39166969	        -15.27187637	         -2.00424424	         -4.02498765	          0.01000071	          0.31559822	          0.12132580	          0.01000070	          0.11689311	          0.01000260	          0.22218165	          0.03235629	          0.31736768	          0.02856485	          0.01404752	          0.01270971	          0.01000034	          0.31269935	          0.01000053	          0.01000018	          0.01469874	          0.05548049	          0.01000037	          0.04048379	          0.35064706	          0.01362771	          0.01000181	          0.01000031	          0.01000027	          0.49492631	          0.23396450	          0.01965853	
          1.23616302	         -3.24481426	         -1.76694663	          8.18668262	          1.52314014	          0.98988357	         -0.00362069	         27.96577878	         -0.92968492	         -7.12504392	         -1.27352593	          2.95816234	          0.20406966	        -14.32511337	         -3.02658607	         -2.36964790	         -6.27220027	          9.64454445	         28.05163413	        -15.02175908	         -1.58023440	         -4.15403252	          0.01698882	          0.30323881	          0.10007142	          0.01000110	          0.13112152	          0.01795128	          0.27815774	          0.02668783	          0.29083440	          0.02356062	          0.01158665	          0.02242467	          0.01000075	          0.32186360	          0.01000038	          0.01000013	          0.01212374	          0.04668439	          0.01000022	          0.03624844	          0.32436528	          0.02250360	          0.01000433	          0.01000038	          0.01000026	          0.47766477	          0.22901798	          0.01621457	
          1.24890697	         -3.33777369	         -1.87286269	          8.25298155	          1.54144983	          0.98759565	         -0.00322552	         28.30664790	         -0.78438754	         -7.32618327	         -2.17800331	          2.93876862	          0.21919810	        -15.02117717	         -3.29106391	         -2.81266924	         -6.70905518	          8.82833813	         29.79851596	        -14.72393225	         -1.12742984	         -4.28135911	          0.02422829	          0.25011490	          0.08254004	          0.01212446	          0.15468187	          0.03317228	          0.29033948	          0.02201243	          0.24137227	          0.01943308	          0.01000013	          0.03412654	          0.01000007	          0.32091346	          0.01000018	          0.01000008	          0.01000000	          0.03850583	          0.01000011	          0.02989854	          0.28899481	          0.02161042	          0.01000120	          0.01000050	          0.01000027	          0.45571660	          0.21867317	          0.01337397	
          1.26165092	         -3.41119599	         -1.95434278	          8.27480764	          1.56047322	          0.98539425	         -0.00277202	         28.56927617	         -0.61865554	         -7.63142810	         -3.50855612	          2.74072497	          0.22868300	        -15.71011640	         -3.53251736	         -3.29504178	         -7.25965795	          7.84673715	         31.62035734	        -14.37171504	         -0.68881927	         -4.40559829	          0.01998393	          0.20629754	          0.06807994	          0.01000053	          0.17990217	          0.04250448	          0.23947857	          0.01815613	          0.19908650	          0.01602864	          0.01000011	          0.02814811	          0.01469893	          0.34559042	          0.01000020	          0.01000011	          0.01000009	          0.03176004	          0.01000011	          0.03056509	          0.23837084	          0.01782460	          0.01000164	          0.01000055	          0.01000029	          0.42968434	          0.20455484	          0.01103101	
          1.27439487	         -3.46172018	         -2.00915394	          8.25654132	          1.58024963	          0.98324634	         -0.00227049	         28.68195058	         -0.46018630	         -7.98773637	         -5.23019327	          2.31065709	          0.24706446	        -16.36759756	         -3.75297751	         -3.80263690	         -7.98043758	          6.71582915	         33.49678104	        -13.95963995	         -0.27144087	         -4.52278617	          0.01648303	          0.17015648	          0.05615308	          0.01000003	          0.20487167	          0.03506121	          0.19752473	          0.06873331	          0.16420873	          0.01322063	          0.01000014	          0.02321706	          0.01469855	          0.36266707	          0.01000802	          0.01000030	          0.01000062	          0.02619603	          0.01209000	          0.02950641	          0.19661144	          0.01470196	          0.01162745	          0.01000036	          0.01000021	          0.39777103	          0.18794058	          0.01000002	
          1.28713881	         -3.48858055	         -2.08731482	          8.20842971	          1.60063516	          0.98125189	         -0.00175950	         28.60254250	         -0.31720663	         -8.16179244	         -7.09088394	          1.85666153	          0.21101600	        -16.91370982	         -4.00965022	         -4.33385455	         -8.98943436	          5.46051360	         35.39285456	        -13.49514380	          0.18390214	         -4.62192818	          0.01359550	          0.14034694	          0.04631568	          0.07588412	          0.16898057	          0.05841202	          0.16292068	          0.08955069	          0.13544116	          0.01090457	          0.01000010	          0.01914971	          0.01212400	          0.41570483	          0.01000206	          0.01000009	          0.01212416	          0.02160677	          0.01000036	          0.02665201	          0.16216748	          0.01212637	          0.01006228	          0.01000026	          0.01000016	          0.36217019	          0.15502393	          0.01000003	
          1.29988276	         -3.49852750	         -2.17225040	          8.12329494	          1.62123885	          0.97967825	         -0.00117268	         28.41434953	         -0.15679350	         -8.31287912	         -8.78524982	          1.21821891	          0.19916530	        -17.21351004	         -4.29250606	         -4.88500190	        -10.47089949	          4.07217342	         37.24865236	        -13.02246054	          0.65085951	         -4.69647692	          0.01121414	          0.11575970	          0.03820169	          0.13368238	          0.18526942	          0.05782932	          0.13437884	          0.11981202	          0.11171335	          0.01000013	          0.01000010	          0.01579491	          0.01000006	          0.46993473	          0.02496258	          0.01000014	          0.01000041	          0.01782151	          0.01000065	          0.02468274	          0.13375763	          0.01000200	          0.01000292	          0.01000049	          0.01000051	          0.31331923	          0.12786545	          0.01000004	
          1.31262671	         -3.49310001	         -2.25395627	          8.00485048	          1.64168450	          0.97873619	         -0.00050119	         28.28887766	          0.00071624	         -8.44791893	        -10.61643995	          0.67258260	          0.15839122	        -17.14189573	         -4.60340159	         -5.44347104	        -12.60142804	          2.56581191	         38.93576123	        -12.58497912	          1.11837996	         -4.74727271	          0.02979045	          0.09547987	          0.03150918	          0.18951057	          0.25120912	          0.05152519	          0.11083719	          0.16952601	          0.09214239	          0.01000028	          0.03183724	          0.01302788	          0.01000501	          0.47982105	          0.08100094	          0.01000014	          0.01000013	          0.01469938	          0.04496494	          0.02035888	          0.11032487	          0.01000008	          0.02356996	          0.01000036	          0.01000025	          0.25842915	          0.10546483	          0.01000002	
          1.32537066	         -3.47372191	         -2.32553081	          7.85600763	          1.66172180	          0.97858367	          0.00023663	         28.26664073	          0.14294705	         -8.55302704	        -12.69237072	          0.55789672	          0.11755143	        -16.60729303	         -4.94554556	         -6.02288294	        -15.50010371	          0.93865183	         40.24667207	        -12.20709042	          1.57961976	         -4.77375754	          0.02480120	          0.07875285	          0.02598912	          0.21028432	          0.29393484	          0.05009588	          0.09141979	          0.19168014	          0.07600006	          0.01000022	          0.11837178	          0.01074562	          0.01000019	          0.47401437	          0.09361728	          0.01000019	          0.01000016	          0.01212421	          0.11911742	          0.01679536	          0.09099731	          0.01000004	          0.04340622	          0.01000016	          0.01000006	          0.21315518	          0.08698855	          0.01000007	
          1.33811461	         -3.44346225	         -2.37140570	          7.67552714	          1.68122558	          0.97931716	          0.00100465	         28.21674546	          0.27320389	         -8.61615398	        -14.74538324	          0.80408384	          0.08518590	        -15.55988706	         -5.31713250	         -6.67409712	        -19.23823923	         -0.70363372	         40.66519004	        -11.89958628	          2.01891367	         -4.77322949	          0.02046174	          0.06495622	          0.02143612	          0.21154712	          0.32724343	          0.05325690	          0.07540412	          0.19633920	          0.06268568	          0.01000020	          0.15147009	          0.01000022	          0.01000023	          0.43169527	          0.09343368	          0.01000019	          0.01000017	          0.01000019	          0.16737820	          0.01385435	          0.07505578	          0.01000002	          0.03580268	          0.01000014	          0.01000003	          0.17581272	          0.07174911	          0.01000003	
          1.35085856	         -3.40406749	         -2.37507576	          7.46077670	          1.70019852	          0.98088204	          0.00177052	         28.02727150	          0.39148844	         -8.62416111	        -16.57051580	          1.37228872	          0.08320989	        -14.02177369	         -5.72357555	         -7.39844341	        -23.74102848	         -2.47037787	         40.03056283	        -11.65910396	          2.41893877	         -4.74204041	          0.01687735	          0.05357661	          0.01768076	          0.20700983	          0.31302056	          0.05881489	          0.06219422	          0.20128564	          0.05170384	          0.01000018	          0.19130790	          0.01000035	          0.01000029	          0.37302348	          0.07931376	          0.01000011	          0.01000016	          0.01000001	          0.21542851	          0.02055926	          0.06190723	          0.01000002	          0.02953072	          0.01000009	          0.01000001	          0.14501225	          0.05917945	          0.01728511	
          1.36360251	         -3.35754125	         -2.32142435	          7.21094605	          1.71863825	          0.98316804	          0.00249883	         27.61810395	          0.49731711	         -8.54011836	        -17.99676588	          2.11053651	          0.17183801	        -12.06080981	         -6.16532768	         -8.17032872	        -28.83209969	         -4.39508681	         38.10863634	        -11.48304866	          2.76420112	         -4.67611913	          0.01392075	          0.04419058	          0.01458331	          0.21301189	          0.25818335	          0.05962053	          0.05129856	          0.16611524	          0.04264590	          0.01000013	          0.21390181	          0.01000022	          0.01000017	          0.31618849	          0.07349278	          0.04868522	          0.02227496	          0.01000001	          0.18867760	          0.01695813	          0.05106204	          0.01000002	          0.02435740	          0.01000009	          0.01000001	          0.11960768	          0.04881186	          0.07989361	
          1.37634646	         -3.30556183	         -2.20706365	          6.93320472	          1.73648319	          0.98599104	          0.00318485	         26.99004551	          0.58573418	         -8.35507165	        -18.98977379	          2.85869257	          0.37252578	         -9.77735503	         -6.63534035	         -8.89233034	        -34.31828435	         -6.13638155	         34.43885321	        -11.37709795	          3.04392853	         -4.57194163	          0.01148221	          0.03644888	          0.01202850	          0.17573660	          0.21295318	          0.05760164	          0.04231169	          0.13701403	          0.03517481	          0.01000016	          0.24011362	          0.01000015	          0.01000013	          0.26753873	          0.10987798	          0.09408542	          0.09545848	          0.01000012	          0.15562337	          0.01398732	          0.04211682	          0.01000011	          0.02009039	          0.01000046	          0.01000002	          0.09865373	          0.04026056	          0.21400831	
          1.38909040	         -3.24901011	         -2.05009547	          6.62267479	          1.75366047	          0.98914502	          0.00382948	         26.18914055	          0.66150501	         -8.10768080	        -19.61013625	          3.57804056	          0.70649041	         -7.31312642	         -7.04249782	         -9.35862048	        -39.88479668	         -7.14554517	         29.45920447	        -11.34974563	          3.26759701	         -4.41913679	          0.01000034	          0.03006345	          0.01000008	          0.14495165	          0.17962781	          0.04956497	          0.03489921	          0.11301106	          0.02901257	          0.01000019	          0.23701842	          0.01000017	          0.01000017	          0.22659341	          0.11814386	          0.10134296	          0.13070852	          0.01212439	          0.12835988	          0.01153697	          0.04126775	          0.01000022	          0.01657104	          0.01000051	          0.01000001	          0.08137068	          0.03320736	          0.23459137	
          1.40183435	         -3.18841457	         -1.87975372	          6.27725393	          1.77018545	          0.99251121	          0.00439821	         25.27072101	          0.73882550	         -7.81719416	        -19.94600097	          4.23200790	          1.12917852	         -4.79088454	         -7.29766082	         -9.53526714	        -45.20540333	         -6.86579608	         25.02952072	        -11.39710159	          3.46618442	         -4.21477421	          0.01000116	          0.02479668	          0.01000013	          0.12184432	          0.14977950	          0.05287628	          0.02878532	          0.09321454	          0.02392989	          0.01000021	          0.21977161	          0.01000016	          0.01000018	          0.19372175	          0.11224030	          0.10467047	          0.14103203	          0.01000035	          0.10587271	          0.01000019	          0.05799357	          0.01000004	          0.02681046	          0.01000058	          0.01000001	          0.06711545	          0.02738980	          0.24727103	
          1.41457830	         -3.12424957	         -1.69277377	          5.90533763	          1.78615353	          0.99603973	          0.00490677	         24.26754468	          0.80343786	         -7.49532541	        -20.05871956	          4.77555568	          1.58541817	         -2.25169146	         -7.40552918	         -9.53771883	        -50.11878880	         -6.28791384	         21.29357999	        -11.50844261	          3.63056018	         -3.97278476	          0.01000083	          0.02045259	          0.01000015	          0.11027971	          0.12693457	          0.05265030	          0.02374252	          0.07690380	          0.01973765	          0.01000022	          0.19478059	          0.01000015	          0.01000020	          0.16816780	          0.09957460	          0.10765306	          0.14380392	          0.01000002	          0.08836986	          0.01000021	          0.07230005	          0.01000003	          0.04417974	          0.01000046	          0.01000001	          0.05535762	          0.02259141	          0.23616118	
          1.42732225	         -3.05635533	         -1.48613385	          5.51524782	          1.80167071	          0.99964278	          0.00536034	         23.20561900	          0.84313904	         -7.15279469	        -20.00721754	          5.21033901	          2.05204755	          0.27196002	         -7.38348049	         -9.45794832	        -54.55322817	         -5.65561765	         18.11252632	        -11.67013323	          3.75477070	         -3.70417972	          0.01000131	          0.01686955	          0.01000018	          0.09548771	          0.13214854	          0.05478164	          0.01958316	          0.07300742	          0.01627984	          0.01000025	          0.17360998	          0.01000055	          0.01000035	          0.14483919	          0.09060715	          0.10304429	          0.14487620	          0.01000002	          0.09571475	          0.01000013	          0.09090149	          0.01000002	          0.06058704	          0.01000071	          0.01000001	          0.04565988	          0.01863365	          0.22560125	
          1.44006620	         -2.98446726	         -1.25548166	          5.10891779	          1.81684000	          1.00324476	          0.00575329	         22.09640992	          0.84830552	         -6.79680805	        -19.82017620	          5.51904334	          2.54160245	          2.74971323	         -7.23224977	         -9.33987865	        -58.45928199	         -4.98570696	         15.40971615	        -11.86858129	          3.83400796	         -3.41464957	          0.01000109	          0.01391423	          0.01000022	          0.08630536	          0.13090440	          0.05809201	          0.01615248	          0.07738756	          0.01342780	          0.01000025	          0.15474846	          0.03392924	          0.01000033	          0.12358616	          0.07473775	          0.10490441	          0.14723096	          0.01000002	          0.10510710	          0.01000010	          0.11702578	          0.01000003	          0.06654685	          0.07296453	          0.01000001	          0.03766101	          0.01536925	          0.21877235	
          1.45281015	         -2.90886077	         -1.00050001	          4.68925330	          1.83173517	          1.00680308	          0.00607930	         20.95051353	          0.81435636	         -6.43090286	        -19.51807303	          5.67874855	          3.08543792	          5.15699034	         -6.95827105	         -9.21488363	        -61.77805683	         -4.31923091	         13.11006186	        -12.09360274	          3.86859444	         -3.10877366	          0.01000130	          0.01147670	          0.01000031	          0.07878543	          0.10797290	          0.06110804	          0.01332284	          0.08268785	          0.01107543	          0.01000025	          0.14110084	          0.05568302	          0.01000044	          0.10193544	          0.06164640	          0.11157030	          0.14834839	          0.01000002	          0.10946243	          0.01000009	          0.15643020	          0.01000003	          0.07193549	          0.13085305	          0.01000001	          0.03106339	          0.01267673	          0.21341614	
          1.46555410	         -2.82979332	         -0.72098732	          4.26060852	          1.84640676	          1.01028875	          0.00633793	         19.77450761	          0.73800978	         -6.05869329	        -19.12287814	          5.73133088	          3.69179103	          7.47940450	         -6.57603323	         -9.11000681	        -64.48037275	         -3.65734677	         11.15247331	        -12.33820706	          3.85808451	         -2.79114443	          0.01000110	          0.01000030	          0.01000039	          0.07378739	          0.08905752	          0.06159579	          0.01098899	          0.08338719	          0.01000008	          0.01000027	          0.13117037	          0.07469415	          0.01000063	          0.08407754	          0.05085081	          0.11640485	          0.14820247	          0.01000001	          0.11686836	          0.01000007	          0.21462158	          0.01000003	          0.07859824	          0.15776825	          0.01000001	          0.02562155	          0.01045593	          0.21042526	
          1.47829804	         -2.74729535	         -0.41864172	          3.82641796	          1.86089394	          1.01367572	          0.00652889	         18.56871193	          0.61950775	         -5.68179585	        -18.64393679	          5.71295688	          4.35711336	          9.71212856	         -6.10186376	         -9.03926202	        -66.57608980	         -3.01074061	          9.48515814	        -12.59666207	          3.80458015	         -2.46520175	          0.01000094	          0.01000042	          0.01000043	          0.07075766	          0.07345575	          0.06005370	          0.01000047	          0.08022686	          0.01000011	          0.01000032	          0.12258630	          0.09192932	          0.01521610	          0.06934812	          0.04461475	          0.11921869	          0.14864195	          0.01000001	          0.12600931	          0.01000006	          0.28969226	          0.01000003	          0.08664482	          0.15988213	          0.01000002	          0.02113301	          0.01000006	          0.21162649	
          1.49104199	         -2.66133602	         -0.09692764	          3.38841086	          1.87522673	          1.01694031	          0.00665100	         17.33302402	          0.46137917	         -5.30177090	        -18.08360265	          5.62992450	          5.08322055	         11.85524193	         -5.55180445	         -9.00700401	        -68.10526231	         -2.38883117	          8.06292865	        -12.86406624	          3.71273833	         -2.13347493	          0.01000083	          0.01000036	          0.01000042	          0.06940597	          0.06058719	          0.05694429	          0.01000060	          0.07596332	          0.01000011	          0.01000040	          0.11384783	          0.10790449	          0.02970552	          0.05719912	          0.04561554	          0.12037547	          0.15014897	          0.01000001	          0.13557219	          0.01000005	          0.37260420	          0.01000003	          0.09664574	          0.14536227	          0.01000002	          0.01743082	          0.01000008	          0.21403135	
          1.50378594	         -2.57202256	          0.23980194	          2.94723431	          1.88943055	          1.02006414	          0.00670429	         16.06807338	          0.26723986	         -4.92143013	        -17.44432147	          5.48688428	          5.87036904	         13.90910987	         -4.94187054	         -9.01317347	        -69.12429104	         -1.77646810	          6.84895682	        -13.13572847	          3.58812669	         -1.79837624	          0.01000079	          0.01000032	          0.01000036	          0.06859699	          0.04997304	          0.05264213	          0.01000054	          0.07035546	          0.01000011	          0.01000059	          0.10454632	          0.12318184	          0.04479624	          0.04717849	          0.04854646	          0.12050296	          0.15273758	          0.01000001	          0.14545980	          0.01000004	          0.45281348	          0.01000003	          0.10772647	          0.12318879	          0.01000002	          0.01437722	          0.01000008	          0.21763346	
          1.51652989	         -2.47961762	          0.58667817	          2.50300239	          1.90352912	          1.02303044	          0.00669084	         14.77740640	          0.04127976	         -4.54399092	        -16.73683729	          5.30487293	          6.70456326	         15.87293201	         -4.28847925	         -9.05590733	        -69.69302409	         -1.16939403	          5.81317102	        -13.40711551	          3.43670316	         -1.46245804	          0.01000068	          0.01000030	          0.01000037	          0.06802420	          0.04121836	          0.04752095	          0.01000052	          0.06596074	          0.01000012	          0.01000081	          0.08958513	          0.13798757	          0.05845491	          0.03891335	          0.04950214	          0.11875860	          0.15729120	          0.01000001	          0.15487160	          0.01000004	          0.51519690	          0.01000004	          0.11857260	          0.10267689	          0.01000002	          0.01185864	          0.01000008	          0.22177339	
          1.52927384	         -2.38460752	          0.93879695	          2.05534692	          1.91754261	          1.02582029	          0.00661425	         13.47358522	         -0.21251926	         -4.17193498	        -15.98716187	          5.10076783	          7.57022672	         17.74245334	         -3.60776984	         -9.13320651	        -69.86079282	         -0.57837057	          4.93011142	        -13.67432578	          3.26456771	         -1.12860648	          0.01000079	          0.01000026	          0.01000028	          0.06661042	          0.03399740	          0.04248803	          0.01000057	          0.05735712	          0.01000014	          0.01000234	          0.07389097	          0.15236048	          0.07011914	          0.03209618	          0.04114493	          0.11349407	          0.16552806	          0.01000001	          0.16597643	          0.01000003	          0.52277251	          0.01000004	          0.13028522	          0.08887992	          0.01000002	          0.01000052	          0.01000010	          0.22725495	
          1.54201779	         -2.28776676	          1.29004140	          1.60265710	          1.93149325	          1.02841865	          0.00647836	         12.17090068	         -0.48833010	         -3.80568886	        -15.22193185	          4.88159565	          8.45620021	         19.50193327	         -2.91484491	         -9.24279666	        -69.64052976	         -0.01446641	          4.17831003	        -13.93381482	          3.07974865	         -0.79936522	          0.01000062	          0.01000037	          0.01000039	          0.06436831	          0.02804147	          0.03878687	          0.01000065	          0.04735434	          0.01000015	          0.01000169	          0.06094614	          0.16602964	          0.07949358	          0.02647329	          0.03393714	          0.10607579	          0.17571055	          0.01000001	          0.17273835	          0.01000003	          0.43118872	          0.01000004	          0.14304412	          0.08090116	          0.01000003	          0.01000022	          0.01000008	          0.23573195	
          1.55476174	         -2.19045092	          1.63335438	          1.14299927	          1.94541637	          1.03082070	          0.00629140	         10.87439174	         -0.77822154	         -3.44737110	        -14.45049726	          4.64926203	          9.35398231	         21.11757809	         -2.22474127	         -9.38332682	        -68.99034083	          0.51547000	          3.53770948	        -14.18053852	          2.89096875	         -0.47787012	          0.01000077	          0.01000029	          0.01000023	          0.05996681	          0.02312896	          0.03708704	          0.01000108	          0.03905911	          0.01000022	          0.01000155	          0.05026907	          0.17882355	          0.08632745	          0.02183548	          0.02799191	          0.10389593	          0.18777720	          0.01000001	          0.17710466	          0.01000003	          0.35564922	          0.01000004	          0.15755714	          0.07447406	          0.01000004	          0.01000021	          0.01000009	          0.24438656	
          1.56750569	         -2.09445153	          1.95931232	          0.67608492	          1.95934407	          1.03301953	          0.00606950	          9.58221165	         -1.07092987	         -3.10227338	        -13.66936789	          4.40594499	         10.25451367	         22.55674738	         -1.55544702	         -9.54923702	        -67.86772230	          1.02557631	          2.99106974	        -14.40991670	          2.70808666	         -0.16758016	          0.01000048	          0.01000578	          0.01001346	          0.05757683	          0.01907707	          0.03674452	          0.01000079	          0.03221696	          0.01000019	          0.01000047	          0.04146251	          0.19051026	          0.08972597	          0.01801016	          0.02308814	          0.10738505	          0.19833112	          0.01000002	          0.17397939	          0.01000003	          0.29334338	          0.01000006	          0.17465988	          0.06828982	          0.01000005	          0.01000015	          0.01000009	          0.25404129	
          1.58024963	         -2.00227941	          2.25861704	          0.20362354	          1.97329726	          1.03499995	          0.00583396	          8.28848273	         -1.35478516	         -2.77665951	        -12.86667557	          4.15625376	         11.14567403	         23.79818286	         -0.92505933	         -9.73057022	        -66.25142934	          1.51758376	          2.52415380	        -14.61851149	          2.53948982	          0.12801060	          0.01000065	          0.01376836	          0.01685331	          0.05436871	          0.01573503	          0.03449558	          0.01004188	          0.02657308	          0.01000035	          0.01000053	          0.03419875	          0.20106917	          0.08899145	          0.01485499	          0.01904352	          0.11485623	          0.20928001	          0.01000002	          0.17269477	          0.01000003	          0.24195284	          0.01000006	          0.19361321	          0.06469767	          0.01000006	          0.01000012	          0.01000010	          0.26424350	
          1.59299358	         -1.91673692	          2.51878596	         -0.27194356	          1.98727460	          1.03673717	          0.00560146	          6.99502282	         -1.61506270	         -2.47501424	        -12.04488327	          3.91286983	         12.01161404	         24.83238046	         -0.35077083	         -9.90933039	        -64.13950876	          1.98851453	          2.12461893	        -14.80655444	          2.39792640	          0.40756687	          0.01000059	          0.02758078	          0.02732455	          0.05629947	          0.01297849	          0.03136955	          0.08988216	          0.02191795	          0.01000040	          0.01000053	          0.02820754	          0.21098824	          0.08507292	          0.01225259	          0.01570752	          0.12631532	          0.21558376	          0.01000002	          0.16423765	          0.01000003	          0.19956535	          0.01000008	          0.21192543	          0.06234828	          0.01000008	          0.01000009	          0.01000009	          0.27520432	
          1.60573753	         -1.84101359	          2.72950637	         -0.74877238	          2.00124639	          1.03819075	          0.00538143	          5.72928572	         -1.84042201	         -2.19837796	        -11.25250220	          3.70191408	         12.83847051	         25.66188623	          0.15457700	        -10.06556032	        -61.54855012	          2.43659400	          1.78111570	        -14.97831454	          2.29499579	          0.67062636	          0.01000061	          0.03916064	          0.03837020	          0.06056901	          0.01070492	          0.02937992	          0.13650970	          0.01807840	          0.01000048	          0.01000053	          0.02326592	          0.22038113	          0.07507502	          0.01010612	          0.01295608	          0.13758019	          0.21860096	          0.01000003	          0.14869281	          0.01000002	          0.16460369	          0.01000010	          0.22760829	          0.05950337	          0.01000009	          0.01000008	          0.01000010	          0.28660542	
          1.61848148	         -1.77814644	          2.88471322	         -1.22506757	          2.01519092	          1.03931157	          0.00518223	          4.50902466	         -2.02295823	         -1.95024930	        -10.52137540	          3.55428125	         13.60697302	         26.29465666	          0.58229237	        -10.18128942	        -58.50848641	          2.85786616	          1.48096839	        -15.13711250	          2.23723252	          0.91748341	          0.01000065	          0.04700497	          0.04972235	          0.06602924	          0.01000040	          0.02930407	          0.14681856	          0.01491158	          0.01000051	          0.01000051	          0.01919004	          0.22977317	          0.06192285	          0.01000017	          0.01068667	          0.14704069	          0.21897832	          0.01000004	          0.12875556	          0.01000003	          0.13576693	          0.01000014	          0.24072303	          0.05643163	          0.01000012	          0.01000006	          0.01000009	          0.29853981	
          1.63122543	         -1.73047311	          2.98184330	         -1.69887492	          2.02910561	          1.04004648	          0.00501262	          3.33460795	         -2.15762756	         -1.73261128	         -9.85498825	          3.49422317	         14.30331215	         26.74210923	          0.92736056	        -10.23933290	        -55.06492701	          3.23943395	          1.20536782	        -15.28407486	          2.22663506	          1.14913141	          0.01000100	          0.05185228	          0.05962033	          0.07074056	          0.01000057	          0.03065144	          0.12111703	          0.01229969	          0.01000076	          0.01000059	          0.01582823	          0.23985028	          0.05107469	          0.01000056	          0.01004594	          0.15660060	          0.21674423	          0.01000004	          0.11087282	          0.01000002	          0.11198205	          0.01000016	          0.25131191	          0.05427506	          0.01000018	          0.01000004	          0.01000007	          0.31030747	
          1.64396938	         -1.69930533	          3.02034483	         -2.16880204	          2.04300302	          1.04034680	          0.00488095	          2.19299198	         -2.24141373	         -1.54701421	         -9.23578412	          3.54369284	         14.91011893	         27.01979310	          1.18735040	        -10.22160474	        -51.28410633	          3.55791495	          0.94227960	        -15.41911280	          2.26255340	          1.36823860	          0.01000048	          0.05754733	          0.07499787	          0.07757663	          0.01000063	          0.03272268	          0.09990047	          0.01285211	          0.01000043	          0.01000042	          0.01305545	          0.25147260	          0.04212700	          0.02619021	          0.01000085	          0.16664813	          0.20822172	          0.01000007	          0.09170695	          0.01000003	          0.09236403	          0.01000099	          0.26641995	          0.05210778	          0.01000054	          0.01000003	          0.01000005	          0.31591141	
          1.65671333	         -1.68527216	          3.00423971	         -2.63319822	          2.05689607	          1.04015572	          0.00478941	          1.07667831	         -2.27701259	         -1.39588727	         -8.66238493	          3.74564468	         15.39560068	         27.15277075	          1.36398924	        -10.11173802	        -47.25093579	          3.76898654	          0.71206392	        -15.54210440	          2.34003798	          1.57782806	          0.01000076	          0.06536851	          0.08392775	          0.08222073	          0.01000072	          0.03388345	          0.08240012	          0.01337546	          0.01000051	          0.01000052	          0.01076875	          0.26545407	          0.03474683	          0.05127520	          0.01000242	          0.17056432	          0.20262573	          0.01000008	          0.07564265	          0.01000003	          0.07618287	          0.03248858	          0.28711752	          0.05149359	          0.01002985	          0.01000003	          0.01000007	          0.31193715	
          1.66945727	         -1.68850029	          2.93811469	         -3.09143287	          2.07079852	          1.03942296	          0.00473854	         -0.01387897	         -2.26830710	         -1.27535287	         -8.14092404	          4.10174605	         15.77300500	         27.16395767	          1.45540872	         -9.91146807	        -43.03077749	          3.82979912	          0.54468347	        -15.65272599	          2.45433161	          1.77935398	          0.01000099	          0.06936639	          0.09045540	          0.08679579	          0.01000084	          0.03451431	          0.06796573	          0.01270740	          0.01000058	          0.01000061	          0.01129540	          0.28178150	          0.02865959	          0.06953487	          0.01000328	          0.17136042	          0.19988569	          0.01000008	          0.06239179	          0.01000003	          0.06283647	          0.07092193	          0.31419644	          0.05068900	          0.01000141	          0.01000005	          0.01000014	          0.30558171	
          1.68220122	         -1.70923744	          2.82884591	         -3.54365309	          2.08472771	          1.03812179	          0.00472696	         -1.08029470	         -2.22209116	         -1.18030949	         -7.66697480	          4.58324384	         16.08712644	         27.07339521	          1.46186022	         -9.63197616	        -38.67013019	          3.75160016	          0.43380932	        -15.74974874	          2.59835691	          1.97231392	          0.01000089	          0.06974423	          0.09680955	          0.09186521	          0.01000090	          0.03538262	          0.05606041	          0.01330986	          0.01000060	          0.01000061	          0.01159309	          0.30016531	          0.02363876	          0.08185303	          0.01000217	          0.17576315	          0.19913493	          0.01000008	          0.05146277	          0.01000003	          0.05182822	          0.10911417	          0.34481986	          0.04992436	          0.01000065	          0.01000008	          0.01000027	          0.30228660	
          1.69494517	         -1.74758980	          2.68694561	         -3.98991346	          2.09869894	          1.03624842	          0.00475213	         -2.12715190	         -2.14905990	         -1.11029304	         -7.23152725	          5.17141036	         16.37148100	         26.90969715	          1.38832807	         -9.28116040	        -34.23840523	          3.60137121	          0.35157482	        -15.83224203	          2.76028990	          2.15600006	          0.01000074	          0.06118155	          0.10360479	          0.09624848	          0.01000085	          0.03767021	          0.04624131	          0.01688145	          0.01000055	          0.01000056	          0.01199396	          0.32049687	          0.01949753	          0.08947879	          0.01000163	          0.17999424	          0.19921090	          0.01000007	          0.04283548	          0.01000003	          0.04274850	          0.14314271	          0.37500210	          0.04998815	          0.01000073	          0.01000010	          0.01000051	          0.30134555	
          1.70768912	         -1.80303257	          2.52503460	         -4.42911289	          2.11272784	          1.03382283	          0.00481086	         -3.16255867	         -2.06200510	         -1.06543417	         -6.82033410	          5.85063906	         16.64693505	         26.71127865	          1.24171073	         -8.86920941	        -29.83738562	          3.44040461	          0.28430388	        -15.89951160	          2.92513832	          2.33027862	          0.01000083	          0.05046383	          0.10896724	          0.09368523	          0.01000107	          0.04130430	          0.03814367	          0.02056397	          0.01000057	          0.01000053	          0.01227594	          0.34270869	          0.01608180	          0.09348212	          0.01000148	          0.18583132	          0.19791247	          0.01000007	          0.06016552	          0.01000004	          0.03525944	          0.16900902	          0.40047129	          0.05166164	          0.01000104	          0.01000011	          0.01000072	          0.30104333	
          1.72043307	         -1.87429189	          2.35562402	         -4.85897484	          2.12682935	          1.03089286	          0.00489200	         -4.18927922	         -1.97478914	         -1.03611376	         -6.43022419	          6.60596935	         16.92489895	         26.51496572	          1.03332648	         -8.41521522	        -25.56852216	          3.29280697	          0.23153658	        -15.95164302	          3.07871226	          2.49558673	          0.01000088	          0.04162332	          0.10921242	          0.08704714	          0.01000132	          0.04534908	          0.03147114	          0.02415897	          0.01000060	          0.01000052	          0.01217589	          0.36670755	          0.01326447	          0.09482242	          0.01000172	          0.19663227	          0.19368798	          0.01000007	          0.08915897	          0.01000004	          0.02908239	          0.18272959	          0.41877785	          0.05504790	          0.01049728	          0.01000012	          0.01000093	          0.30097363	
          1.73317702	         -1.95947777	          2.18847771	         -5.27614444	          2.14102050	          1.02753110	          0.00497917	         -5.20497601	         -1.89895552	         -1.01457601	         -6.06743865	          7.41774194	         17.21386828	         26.35007072	          0.77639542	         -7.95169764	        -21.51719354	          3.15989250	          0.19261313	        -15.98928698	          3.21040590	          2.65297802	          0.01000088	          0.03433148	          0.10086134	          0.07949730	          0.01000158	          0.04971231	          0.03356909	          0.02837204	          0.01000060	          0.01000048	          0.01172208	          0.39210256	          0.01094074	          0.09339894	          0.01000166	          0.21172322	          0.18805070	          0.01000009	          0.11051773	          0.01000005	          0.02398749	          0.18497087	          0.42777692	          0.05899722	          0.01265528	          0.01000011	          0.01000062	          0.30083298	
          1.74592097	         -2.05618398	          2.03045925	         -5.67639447	          2.15532534	          1.02382749	          0.00505922	         -6.20369072	         -1.84212370	         -1.00236284	         -5.74546774	          8.26106761	         17.52510384	         26.23626489	          0.48438180	         -7.52178837	        -17.74912676	          3.03777248	          0.16582146	        -16.01261423	          3.31208070	          2.80301355	          0.01000107	          0.02831706	          0.08319224	          0.07152754	          0.01000195	          0.05372854	          0.08549700	          0.03589821	          0.01000056	          0.01000045	          0.01247996	          0.41822503	          0.01000017	          0.08881570	          0.01000155	          0.23134931	          0.18222632	          0.01000011	          0.11731678	          0.01000005	          0.01978517	          0.17743094	          0.42650478	          0.06337102	          0.01540938	          0.01000012	          0.01000152	          0.30139226	
          1.75866491	         -2.16156671	          1.88623736	         -6.05546153	          2.16977202	          1.01988656	          0.00512570	         -7.17175385	         -1.80872578	         -1.00329772	         -5.48829089	          9.08502721	         17.90440788	         26.18477365	          0.17192949	         -7.16355783	        -14.31506397	          2.92761511	          0.14885119	        -16.02157016	          3.37655933	          2.94571919	          0.01000076	          0.02335628	          0.06861801	          0.06407220	          0.01000192	          0.05641088	          0.15038701	          0.03826850	          0.01000054	          0.01000037	          0.01029402	          0.44351716	          0.04283225	          0.08732647	          0.01000096	          0.25591563	          0.17653212	          0.01000019	          0.12947465	          0.01000007	          0.01631906	          0.15105027	          0.42167315	          0.06913662	          0.02051517	          0.01000011	          0.01000070	          0.30342679	
          1.77140886	         -2.27310696	          1.76124580	         -6.40973604	          2.18439325	          1.01583927	          0.00516538	         -8.09770439	         -1.80492718	         -1.01317089	         -5.31048830	          9.81982160	         18.41660556	         26.19878048	         -0.13909123	         -6.89041640	        -11.24838739	          2.83871087	          0.13895298	        -16.01605204	          3.39644605	          3.08246341	          0.01000083	          0.01926456	          0.05659695	          0.06121010	          0.01000206	          0.05672037	          0.21080707	          0.03361956	          0.01000063	          0.01000035	          0.01000118	          0.46632527	          0.08757994	          0.07569523	          0.01000130	          0.27656569	          0.17061702	          0.01000021	          0.13595694	          0.01000009	          0.01346018	          0.12458807	          0.41614233	          0.07679722	          0.02518315	          0.01000012	          0.01000111	          0.30541094	
          1.78415281	         -2.38986046	          1.66006313	         -6.73743418	          2.19923282	          1.01182156	          0.00516215	         -8.98013725	         -1.83557932	         -1.03422189	         -5.21015206	         10.41868670	         19.09406592	         26.27497979	         -0.42731780	         -6.70487624	         -8.56423161	          2.78077146	          0.13487879	        -15.99350350	          3.36653422	          3.21657499	          0.01000075	          0.01588965	          0.04668183	          0.05984877	          0.01000131	          0.05583730	          0.26420722	          0.02773022	          0.01000084	          0.01000034	          0.01000069	          0.48552513	          0.12773845	          0.06243435	          0.01000159	          0.29331599	          0.16684988	          0.01000021	          0.13636137	          0.01000010	          0.01110220	          0.10276166	          0.41021190	          0.08363195	          0.02992114	          0.01000014	          0.01000077	          0.30749179	
          1.79689676	         -2.51137387	          1.58588120	         -7.03722013	          2.21434175	          1.00794723	          0.00510402	         -9.82398730	         -1.90271101	         -1.07746933	         -5.17831992	         10.85823637	         19.93680100	         26.40404962	         -0.67541043	         -6.60468072	         -6.26006102	          2.75540675	          0.13566667	        -15.94978500	          3.28346502	          3.35047841	          0.01000078	          0.01310600	          0.03850372	          0.05828086	          0.01000101	          0.05405888	          0.30731020	          0.02287245	          0.01000132	          0.01000035	          0.01000046	          0.50041796	          0.16255566	          0.05149656	          0.01036639	          0.30565368	          0.16215854	          0.01000017	          0.13300651	          0.01000012	          0.01000036	          0.08475898	          0.40246618	          0.07482652	          0.03424740	          0.01000016	          0.01000061	          0.30905569	
          1.80964071	         -2.63674928	          1.54107891	         -7.30807771	          2.22976994	          1.00429318	          0.00498614	        -10.63476915	         -2.00687181	         -1.15507910	         -5.20717339	         11.12158579	         20.93862146	         26.57803850	         -0.87087758	         -6.58124451	         -4.33969696	          2.75682795	          0.14106797	        -15.88052824	          3.14434351	          3.48552118	          0.01000069	          0.01081005	          0.03175833	          0.05686381	          0.01000083	          0.05219598	          0.33890100	          0.01886573	          0.01000163	          0.01000034	          0.01000038	          0.51038227	          0.19087193	          0.04247495	          0.01006735	          0.31461672	          0.15597051	          0.01000017	          0.12899991	          0.01000014	          0.01000076	          0.06991016	          0.39219713	          0.06171803	          0.03035065	          0.01000019	          0.01000052	          0.30966087	
          1.82238466	         -2.76448822	          1.52799261	         -7.54881103	          2.24556274	          1.00090090	          0.00480833	        -11.41693562	         -2.14843289	         -1.27774719	         -5.29263384	         11.19753842	         22.09379741	         26.79483446	         -1.00524479	         -6.62238590	         -2.82699107	          2.77509448	          0.15000039	        -15.78153352	          2.94608034	          3.62180477	          0.01000050	          0.01000017	          0.02619467	          0.05524804	          0.01000059	          0.05014352	          0.35929140	          0.01556094	          0.01000157	          0.01000030	          0.01000031	          0.51492223	          0.21215455	          0.03503381	          0.01000081	          0.31831010	          0.15138440	          0.01000023	          0.12515022	          0.01000023	          0.01000056	          0.05766269	          0.37948702	          0.05090581	          0.02503386	          0.01000032	          0.01000082	          0.31169610	
          1.83512861	         -2.89246742	          1.54647808	         -7.75812400	          2.26176605	          0.99778283	          0.00457478	        -12.17413179	         -2.32521217	         -1.45400170	         -5.43535571	         11.08189268	         23.39534461	         27.04582956	         -1.07506420	         -6.71230491	         -1.73374171	          2.81496129	          0.16062902	        -15.64889270	          2.68840134	          3.75799255	          0.01000102	          0.01000023	          0.02160569	          0.05403625	          0.01000065	          0.04811372	          0.36690551	          0.01283546	          0.01001065	          0.01000037	          0.01000029	          0.51389424	          0.22638258	          0.02889628	          0.01189461	          0.31662096	          0.14707457	          0.01000011	          0.11937476	          0.01000019	          0.01003045	          0.04756083	          0.36082739	          0.04198772	          0.02064832	          0.01000026	          0.01000020	          0.31308205	
          1.84787256	         -3.01774716	          1.59271969	         -7.93561181	          2.27842538	          0.99492914	          0.00429520	        -12.90945215	         -2.53164751	         -1.68924897	         -5.64059877	         10.77676492	         24.83344297	         27.31852711	         -1.08382200	         -6.83175508	         -1.06640078	          2.87388492	          0.17283071	        -15.47968429	          2.37485011	          3.89304721	          0.01000062	          0.01000019	          0.01782067	          0.05377898	          0.01000048	          0.04605121	          0.36353850	          0.01070829	          0.01000217	          0.01000032	          0.01000029	          0.50723264	          0.23369161	          0.02383397	          0.01000137	          0.31806841	          0.13637414	          0.01000025	          0.11955122	          0.01000044	          0.13039044	          0.03922871	          0.33947343	          0.03463196	          0.01703108	          0.01000056	          0.01000079	          0.31214663	
          1.86061650	         -3.13661635	          1.66726061	         -8.07925926	          2.29557476	          0.99231033	          0.00397544	        -13.62394109	         -2.76700661	         -1.99167808	         -5.91884978	         10.29474854	         26.39166969	         27.62536544	         -1.03364175	         -6.97119214	         -0.89785068	          2.93584836	          0.18906870	        -15.27187637	          2.00424424	          4.02498765	          0.01000053	          0.01000018	          0.01469874	          0.05548049	          0.01000037	          0.04048379	          0.35064706	          0.01362771	          0.01000181	          0.01000031	          0.01000027	          0.49492631	          0.23396450	          0.01965853	          0.01000071	          0.31559822	          0.12132580	          0.01000070	          0.11689311	          0.01000260	          0.22218165	          0.03235629	          0.31736768	          0.02856485	          0.01404752	          0.01270971	          0.01000034	          0.31269935	
          1.87336045	         -3.24481426	          1.76694663	         -8.18668262	          2.31326495	          0.98988357	          0.00362069	        -14.32511337	         -3.02658607	         -2.36964790	         -6.27220027	          9.64454445	         28.05163413	         27.96577878	         -0.92968492	         -7.12504392	         -1.27352593	          2.95816234	          0.20406966	        -15.02175908	          1.58023440	          4.15403252	          0.01000038	          0.01000013	          0.01212374	          0.04668439	          0.01000022	          0.03624844	          0.32436528	          0.02250360	          0.01000433	          0.01000038	          0.01000026	          0.47766477	          0.22901798	          0.01621457	          0.01698882	          0.30323881	          0.10007142	          0.01000110	          0.13112152	          0.01795128	          0.27815774	          0.02668783	          0.29083440	          0.02356062	          0.01158665	          0.02242467	          0.01000075	          0.32186360	
          1.88610440	         -3.33777369	          1.87286269	         -8.25298155	          2.33157465	          0.98759565	          0.00322552	        -15.02117717	         -3.29106391	         -2.81266924	         -6.70905518	          8.82833813	         29.79851596	         28.30664790	         -0.78438754	         -7.32618327	         -2.17800331	          2.93876862	          0.21919810	        -14.72393225	          1.12742984	          4.28135911	          0.01000018	          0.01000008	          0.01000000	          0.03850583	          0.01000011	          0.02989854	          0.28899481	          0.02161042	          0.01000120	          0.01000050	          0.01000027	          0.45571660	          0.21867317	          0.01337397	          0.02422829	          0.25011490	          0.08254004	          0.01212446	          0.15468187	          0.03317228	          0.29033948	          0.02201243	          0.24137227	          0.01943308	          0.01000013	          0.03412654	          0.01000007	          0.32091346	
          1.89884835	         -3.41119599	          1.95434278	         -8.27480764	          2.35059804	          0.98539425	          0.00277202	        -15.71011640	         -3.53251736	         -3.29504178	         -7.25965795	          7.84673715	         31.62035734	         28.56927617	         -0.61865554	         -7.63142810	         -3.50855612	          2.74072497	          0.22868300	        -14.37171504	          0.68881927	          4.40559829	          0.01000020	          0.01000011	          0.01000009	          0.03176004	          0.01000011	          0.03056509	          0.23837084	          0.01782460	          0.01000164	          0.01000055	          0.01000029	          0.42968434	          0.20455484	          0.01103101	          0.01998393	          0.20629754	          0.06807994	          0.01000053	          0.17990217	          0.04250448	          0.23947857	          0.01815613	          0.19908650	          0.01602864	          0.01000011	          0.02814811	          0.01469893	          0.34559042	
          1.91159230	         -3.46172018	          2.00915394	         -8.25654132	          2.37037445	          0.98324634	          0.00227049	        -16.36759756	         -3.75297751	         -3.80263690	         -7.98043758	          6.71582915	         33.49678104	         28.68195058	         -0.46018630	         -7.98773637	         -5.23019327	          2.31065709	          0.24706446	        -13.95963995	          0.27144087	          4.52278617	          0.01000802	          0.01000030	          0.01000062	          0.02619603	          0.01209000	          0.02950641	          0.19661144	          0.01470196	          0.01162745	          0.01000036	          0.01000021	          0.39777103	          0.18794058	          0.01000002	          0.01648303	          0.17015648	          0.05615308	          0.01000003	          0.20487167	          0.03506121	          0.19752473	          0.06873331	          0.16420873	          0.01322063	          0.01000014	          0.02321706	          0.01469855	          0.36266707	
          1.92433625	         -3.48858055	          2.08731482	         -8.20842971	          2.39075998	          0.98125189	          0.00175950	        -16.91370982	         -4.00965022	         -4.33385455	         -8.98943436	          5.46051360	         35.39285456	         28.60254250	         -0.31720663	         -8.16179244	         -7.09088394	          1.85666153	          0.21101600	        -13.49514380	         -0.18390214	          4.62192818	          0.01000206	          0.01000009	          0.01212416	          0.02160677	          0.01000036	          0.02665201	          0.16216748	          0.01212637	          0.01006228	          0.01000026	          0.01000016	          0.36217019	          0.15502393	          0.01000003	          0.01359550	          0.14034694	          0.04631568	          0.07588412	          0.16898057	          0.05841202	          0.16292068	          0.08955069	          0.13544116	          0.01090457	          0.01000010	          0.01914971	          0.01212400	          0.41570483	
          1.93708020	         -3.49852750	          2.17225040	         -8.12329494	          2.41136367	          0.97967825	          0.00117268	        -17.21351004	         -4.29250606	         -4.88500190	        -10.47089949	          4.07217342	         37.24865236	         28.41434953	         -0.15679350	         -8.31287912	         -8.78524982	          1.21821891	          0.19916530	        -13.02246054	         -0.65085951	          4.69647692	          0.02496258	          0.01000014	          0.01000041	          0.01782151	          0.01000065	          0.02468274	          0.13375763	          0.01000200	          0.01000292	          0.01000049	          0.01000051	          0.31331923	          0.12786545	          0.01000004	          0.01121414	          0.11575970	          0.03820169	          0.13368238	          0.18526942	          0.05782932	          0.13437884	          0.11981202	          0.11171335	          0.01000013	          0.01000010	          0.01579491	          0.01000006	          0.46993473	
          1.94982414	         -3.49310001	          2.25395627	         -8.00485048	          2.43180932	          0.97873619	          0.00050119	        -17.14189573	         -4.60340159	         -5.44347104	        -12.60142804	          2.56581191	         38.93576123	         28.28887766	          0.00071624	         -8.44791893	        -10.61643995	          0.67258260	          0.15839122	        -12.58497912	         -1.11837996	          4.74727271	          0.08100094	          0.01000014	          0.01000013	          0.01469938	          0.04496494	          0.02035888	          0.11032487	          0.01000008	          0.02356996	          0.01000036	          0.01000025	          0.25842915	          0.10546483	          0.01000002	          0.02979045	          0.09547987	          0.03150918	          0.18951057	          0.25120912	          0.05152519	          0.11083719	          0.16952601	          0.09214239	          0.01000028	          0.03183724	          0.01302788	          0.01000501	          0.47982105	
          1.96256809	         -3.47372191	          2.32553081	         -7.85600763	          2.45184662	          0.97858367	         -0.00023663	        -16.60729303	         -4.94554556	         -6.02288294	        -15.50010371	          0.93865183	         40.24667207	         28.26664073	          0.14294705	         -8.55302704	        -12.69237072	          0.55789672	          0.11755143	        -12.20709042	         -1.57961976	          4.77375754	          0.09361728	          0.01000019	          0.01000016	          0.01212421	          0.11911742	          0.01679536	          0.09099731	          0.01000004	          0.04340622	          0.01000016	          0.01000006	          0.21315518	          0.08698855	          0.01000007	          0.02480120	          0.07875285	          0.02598912	          0.21028432	          0.29393484	          0.05009588	          0.09141979	          0.19168014	          0.07600006	          0.01000022	          0.11837178	          0.01074562	          0.01000019	          0.47401437	
          1.97531204	         -3.44346225	          2.37140570	         -7.67552714	          2.47135040	          0.97931716	         -0.00100465	        -15.55988706	         -5.31713250	         -6.67409712	        -19.23823923	         -0.70363372	         40.66519004	         28.21674546	          0.27320389	         -8.61615398	        -14.74538324	          0.80408384	          0.08518590	        -11.89958628	         -2.01891367	          4.77322949	          0.09343368	          0.01000019	          0.01000017	          0.01000019	          0.16737820	          0.01385435	          0.07505578	          0.01000002	          0.03580268	          0.01000014	          0.01000003	          0.17581272	          0.07174911	          0.01000003	          0.02046174	          0.06495622	          0.02143612	          0.21154712	          0.32724343	          0.05325690	          0.07540412	          0.19633920	          0.06268568	          0.01000020	          0.15147009	          0.01000022	          0.01000023	          0.43169527	
          1.98805599	         -3.40406749	          2.37507576	         -7.46077670	          2.49032333	          0.98088204	         -0.00177052	        -14.02177369	         -5.72357555	         -7.39844341	        -23.74102848	         -2.47037787	         40.03056283	         28.02727150	          0.39148844	         -8.62416111	        -16.57051580	          1.37228872	          0.08320989	        -11.65910396	         -2.41893877	          4.74204041	          0.07931376	          0.01000011	          0.01000016	          0.01000001	          0.21542851	          0.02055926	          0.06190723	          0.01000002	          0.02953072	          0.01000009	          0.01000001	          0.14501225	          0.05917945	          0.01728511	          0.01687735	          0.05357661	          0.01768076	          0.20700983	          0.31302056	          0.05881489	          0.06219422	          0.20128564	          0.05170384	          0.01000018	          0.19130790	          0.01000035	          0.01000029	          0.37302348	
          2.00079994	         -3.35754125	          2.32142435	         -7.21094605	          2.50876307	          0.98316804	         -0.00249883	        -12.06080981	         -6.16532768	         -8.17032872	        -28.83209969	         -4.39508681	         38.10863634	         27.61810395	          0.49731711	         -8.54011836	        -17.99676588	          2.11053651	          0.17183801	        -11.48304866	         -2.76420112	          4.67611913	          0.07349278	          0.04868522	          0.02227496	          0.01000001	          0.18867760	          0.01695813	          0.05106204	          0.01000002	          0.02435740	          0.01000009	          0.01000001	          0.11960768	          0.04881186	          0.07989361	          0.01392075	          0.04419058	          0.01458331	          0.21301189	          0.25818335	          0.05962053	          0.05129856	          0.16611524	          0.04264590	          0.01000013	          0.21390181	          0.01000022	          0.01000017	          0.31618849	
          2.01354389	         -3.30556183	          2.20706365	         -6.93320472	          2.52660801	          0.98599104	         -0.00318485	         -9.77735503	         -6.63534035	         -8.89233034	        -34.31828435	         -6.13638155	         34.43885321	         26.99004551	          0.58573418	         -8.35507165	        -18.98977379	          2.85869257	          0.37252578	        -11.37709795	         -3.04392853	          4.57194163	          0.10987798	          0.09408542	          0.09545848	          0.01000012	          0.15562337	          0.01398732	          0.04211682	          0.01000011	          0.02009039	          0.01000046	          0.01000002	          0.09865373	          0.04026056	          0.21400831	          0.01148221	          0.03644888	          0.01202850	          0.17573660	          0.21295318	          0.05760164	          0.04231169	          0.13701403	          0.03517481	          0.01000016	          0.24011362	          0.01000015	          0.01000013	          0.26753873	
          2.02628784	         -3.24901011	          2.05009547	         -6.62267479	          2.54378529	          0.98914502	         -0.00382948	         -7.31312642	         -7.04249782	         -9.35862048	        -39.88479668	         -7.14554517	         29.45920447	         26.18914055	          0.66150501	         -8.10768080	        -19.61013625	          3.57804056	          0.70649041	        -11.34974563	         -3.26759701	          4.41913679	          0.11814386	          0.10134296	          0.13070852	          0.01212439	          0.12835988	          0.01153697	          0.04126775	          0.01000022	          0.01657104	          0.01000051	          0.01000001	          0.08137068	          0.03320736	          0.23459137	          0.01000034	          0.03006345	          0.01000008	          0.14495165	          0.17962781	          0.04956497	          0.03489921	          0.11301106	          0.02901257	          0.01000019	          0.23701842	          0.01000017	          0.01000017	          0.22659341	
          2.03903179	         -3.18841457	          1.87975372	         -6.27725393	          2.56031027	          0.99251121	         -0.00439821	         -4.79088454	         -7.29766082	         -9.53526714	        -45.20540333	         -6.86579608	         25.02952072	         25.27072101	          0.73882550	         -7.81719416	        -19.94600097	          4.23200790	          1.12917852	        -11.39710159	         -3.46618442	          4.21477421	          0.11224030	          0.10467047	          0.14103203	          0.01000035	          0.10587271	          0.01000019	          0.05799357	          0.01000004	          0.02681046	          0.01000058	          0.01000001	          0.06711545	          0.02738980	          0.24727103	          0.01000116	          0.02479668	          0.01000013	          0.12184432	          0.14977950	          0.05287628	          0.02878532	          0.09321454	          0.02392989	          0.01000021	          0.21977161	          0.01000016	          0.01000018	          0.19372175	
          2.05177573	         -3.12424957	          1.69277377	         -5.90533763	          2.57627834	          0.99603973	         -0.00490677	         -2.25169146	         -7.40552918	         -9.53771883	        -50.11878880	         -6.28791384	         21.29357999	         24.26754468	          0.80343786	         -7.49532541	        -20.05871956	          4.77555568	          1.58541817	        -11.50844261	         -3.63056018	          3.97278476	          0.09957460	          0.10765306	          0.14380392	          0.01000002	          0.08836986	          0.01000021	          0.07230005	          0.01000003	          0.04417974	          0.01000046	          0.01000001	          0.05535762	          0.02259141	          0.23616118	          0.01000083	          0.02045259	          0.01000015	          0.11027971	          0.12693457	          0.05265030	          0.02374252	          0.07690380	          0.01973765	          0.01000022	          0.19478059	          0.01000015	          0.01000020	          0.16816780	
          2.06451968	         -3.05635533	          1.48613385	         -5.51524782	          2.59179553	          0.99964278	         -0.00536034	          0.27196002	         -7.38348049	         -9.45794832	        -54.55322817	         -5.65561765	         18.11252632	         23.20561900	          0.84313904	         -7.15279469	        -20.00721754	          5.21033901	          2.05204755	        -11.67013323	         -3.75477070	          3.70417972	          0.09060715	          0.10304429	          0.14487620	          0.01000002	          0.09571475	          0.01000013	          0.09090149	          0.01000002	          0.06058704	          0.01000071	          0.01000001	          0.04565988	          0.01863365	          0.22560125	          0.01000131	          0.01686955	          0.01000018	          0.09548771	          0.13214854	          0.05478164	          0.01958316	          0.07300742	          0.01627984	          0.01000025	          0.17360998	          0.01000055	          0.01000035	          0.14483919	
          2.07726363	         -2.98446726	          1.25548166	         -5.10891779	          2.60696482	          1.00324476	         -0.00575329	          2.74971323	         -7.23224977	         -9.33987865	        -58.45928199	         -4.98570696	         15.40971615	         22.09640992	          0.84830552	         -6.79680805	        -19.82017620	          5.51904334	          2.54160245	        -11.86858129	         -3.83400796	          3.41464957	          0.07473775	          0.10490441	          0.14723096	          0.01000002	          0.10510710	          0.01000010	          0.11702578	          0.01000003	          0.06654685	          0.07296453	          0.01000001	          0.03766101	          0.01536925	          0.21877235	          0.01000109	          0.01391423	          0.01000022	          0.08630536	          0.13090440	          0.05809201	          0.01615248	          0.07738756	          0.01342780	          0.01000025	          0.15474846	          0.03392924	          0.01000033	          0.12358616	
          2.09000758	         -2.90886077	          1.00050001	         -4.68925330	          2.62185999	          1.00680308	         -0.00607930	          5.15699034	         -6.95827105	         -9.21488363	        -61.77805683	         -4.31923091	         13.11006186	         20.95051353	          0.81435636	         -6.43090286	        -19.51807303	          5.67874855	          3.08543792	        -12.09360274	         -3.86859444	          3.10877366	          0.06164640	          0.11157030	          0.14834839	          0.01000002	          0.10946243	          0.01000009	          0.15643020	          0.01000003	          0.07193549	          0.13085305	          0.01000001	          0.03106339	          0.01267673	          0.21341614	          0.01000130	          0.01147670	          0.01000031	          0.07878543	          0.10797290	          0.06110804	          0.01332284	          0.08268785	          0.01107543	          0.01000025	          0.14110084	          0.05568302	          0.01000044	          0.10193544	
          2.10275153	         -2.82979332	          0.72098732	         -4.26060852	          2.63653158	          1.01028875	         -0.00633793	          7.47940450	         -6.57603323	         -9.11000681	        -64.48037275	         -3.65734677	         11.15247331	         19.77450761	          0.73800978	         -6.05869329	        -19.12287814	          5.73133088	          3.69179103	        -12.33820706	         -3.85808451	          2.79114443	          0.05085081	          0.11640485	          0.14820247	          0.01000001	          0.11686836	          0.01000007	          0.21462158	          0.01000003	          0.07859824	          0.15776825	          0.01000001	          0.02562155	          0.01045593	          0.21042526	          0.01000110	          0.01000030	          0.01000039	          0.07378739	          0.08905752	          0.06159579	          0.01098899	          0.08338719	          0.01000008	          0.01000027	          0.13117037	          0.07469415	          0.01000063	          0.08407754	
          2.11549548	         -2.74729535	          0.41864172	         -3.82641796	          2.65101876	          1.01367572	         -0.00652889	          9.71212856	         -6.10186376	         -9.03926202	        -66.57608980	         -3.01074061	          9.48515814	         18.56871193	          0.61950775	         -5.68179585	        -18.64393679	          5.71295688	          4.35711336	        -12.59666207	         -3.80458015	          2.46520175	          0.04461475	          0.11921869	          0.14864195	          0.01000001	          0.12600931	          0.01000006	          0.28969226	          0.01000003	          0.08664482	          0.15988213	          0.01000002	          0.02113301	          0.01000006	          0.21162649	          0.01000094	          0.01000042	          0.01000043	          0.07075766	          0.07345575	          0.06005370	          0.01000047	          0.08022686	          0.01000011	          0.01000032	          0.12258630	          0.09192932	          0.01521610	          0.06934812	
          2.12823943	         -2.66133602	          0.09692764	         -3.38841086	          2.66535155	          1.01694031	         -0.00665100	         11.85524193	         -5.55180445	         -9.00700401	        -68.10526231	         -2.38883117	          8.06292865	         17.33302402	          0.46137917	         -5.30177090	        -18.08360265	          5.62992450	          5.08322055	        -12.86406624	         -3.71273833	          2.13347493	          0.04561554	          0.12037547	          0.15014897	          0.01000001	          0.13557219	          0.01000005	          0.37260420	          0.01000003	          0.09664574	          0.14536227	          0.01000002	          0.01743082	          0.01000008	          0.21403135	          0.01000083	          0.01000036	          0.01000042	          0.06940597	          0.06058719	          0.05694429	          0.01000060	          0.07596332	          0.01000011	          0.01000040	          0.11384783	          0.10790449	          0.02970552	          0.05719912	
          2.14098337	         -2.57202256	         -0.23980194	         -2.94723431	          2.67955537	          1.02006414	         -0.00670429	         13.90910987	         -4.94187054	         -9.01317347	        -69.12429104	         -1.77646810	          6.84895682	         16.06807338	          0.26723986	         -4.92143013	        -17.44432147	          5.48688428	          5.87036904	        -13.13572847	         -3.58812669	          1.79837624	          0.04854646	          0.12050296	          0.15273758	          0.01000001	          0.14545980	          0.01000004	          0.45281348	          0.01000003	          0.10772647	          0.12318879	          0.01000002	          0.01437722	          0.01000008	          0.21763346	          0.01000079	          0.01000032	          0.01000036	          0.06859699	          0.04997304	          0.05264213	          0.01000054	          0.07035546	          0.01000011	          0.01000059	          0.10454632	          0.12318184	          0.04479624	          0.04717849	
          2.15372732	         -2.47961762	         -0.58667817	         -2.50300239	          2.69365394	          1.02303044	         -0.00669084	         15.87293201	         -4.28847925	         -9.05590733	        -69.69302409	         -1.16939403	          5.81317102	         14.77740640	          0.04127976	         -4.54399092	        -16.73683729	          5.30487293	          6.70456326	        -13.40711551	         -3.43670316	          1.46245804	          0.04950214	          0.11875860	          0.15729120	          0.01000001	          0.15487160	          0.01000004	          0.51519690	          0.01000004	          0.11857260	          0.10267689	          0.01000002	          0.01185864	          0.01000008	          0.22177339	          0.01000068	          0.01000030	          0.01000037	          0.06802420	          0.04121836	          0.04752095	          0.01000052	          0.06596074	          0.01000012	          0.01000081	          0.08958513	          0.13798757	          0.05845491	          0.03891335	
          2.16647127	         -2.38460752	         -0.93879695	         -2.05534692	          2.70766742	          1.02582029	         -0.00661425	         17.74245334	         -3.60776984	         -9.13320651	        -69.86079282	         -0.57837057	          4.93011142	         13.47358522	         -0.21251926	         -4.17193498	        -15.98716187	          5.10076783	          7.57022672	        -13.67432578	         -3.26456771	          1.12860648	          0.04114493	          0.11349407	          0.16552806	          0.01000001	          0.16597643	          0.01000003	          0.52277251	          0.01000004	          0.13028522	          0.08887992	          0.01000002	          0.01000052	          0.01000010	          0.22725495	          0.01000079	          0.01000026	          0.01000028	          0.06661042	          0.03399740	          0.04248803	          0.01000057	          0.05735712	          0.01000014	          0.01000234	          0.07389097	          0.15236048	          0.07011914	          0.03209618	
          2.17921522	         -2.28776676	         -1.29004140	         -1.60265710	          2.72161806	          1.02841865	         -0.00647836	         19.50193327	         -2.91484491	         -9.24279666	        -69.64052976	         -0.01446641	          4.17831003	         12.17090068	         -0.48833010	         -3.80568886	        -15.22193185	          4.88159565	          8.45620021	        -13.93381482	         -3.07974865	          0.79936522	          0.03393714	          0.10607579	          0.17571055	          0.01000001	          0.17273835	          0.01000003	          0.43118872	          0.01000004	          0.14304412	          0.08090116	          0.01000003	          0.01000022	          0.01000008	          0.23573195	          0.01000062	          0.01000037	          0.01000039	          0.06436831	          0.02804147	          0.03878687	          0.01000065	          0.04735434	          0.01000015	          0.01000169	          0.06094614	          0.16602964	          0.07949358	          0.02647329	
          2.19195917	         -2.19045092	         -1.63335438	         -1.14299927	          2.73554118	          1.03082070	         -0.00629140	         21.11757809	         -2.22474127	         -9.38332682	        -68.99034083	          0.51547000	          3.53770948	         10.87439174	         -0.77822154	         -3.44737110	        -14.45049726	          4.64926203	          9.35398231	        -14.18053852	         -2.89096875	          0.47787012	          0.02799191	          0.10389593	          0.18777720	          0.01000001	          0.17710466	          0.01000003	          0.35564922	          0.01000004	          0.15755714	          0.07447406	          0.01000004	          0.01000021	          0.01000009	          0.24438656	          0.01000077	          0.01000029	          0.01000023	          0.05996681	          0.02312896	          0.03708704	          0.01000108	          0.03905911	          0.01000022	          0.01000155	          0.05026907	          0.17882355	          0.08632745	          0.02183548	
          2.20470312	         -2.09445153	         -1.95931232	         -0.67608492	          2.74946889	          1.03301953	         -0.00606950	         22.55674738	         -1.55544702	         -9.54923702	        -67.86772230	          1.02557631	          2.99106974	          9.58221165	         -1.07092987	         -3.10227338	        -13.66936789	          4.40594499	         10.25451367	        -14.40991670	         -2.70808666	          0.16758016	          0.02308814	          0.10738505	          0.19833112	          0.01000002	          0.17397939	          0.01000003	          0.29334338	          0.01000006	          0.17465988	          0.06828982	          0.01000005	          0.01000015	          0.01000009	          0.25404129	          0.01000048	          0.01000578	          0.01001346	          0.05757683	          0.01907707	          0.03674452	          0.01000079	          0.03221696	          0.01000019	          0.01000047	          0.04146251	          0.19051026	          0.08972597	          0.01801016	
          2.21744707	         -2.00227941	         -2.25861704	         -0.20362354	          2.76342208	          1.03499995	         -0.00583396	         23.79818286	         -0.92505933	         -9.73057022	        -66.25142934	          1.51758376	          2.52415380	          8.28848273	         -1.35478516	         -2.77665951	        -12.86667557	          4.15625376	         11.14567403	        -14.61851149	         -2.53948982	         -0.12801060	          0.01904352	          0.11485623	          0.20928001	          0.01000002	          0.17269477	          0.01000003	          0.24195284	          0.01000006	          0.19361321	          0.06469767	          0.01000006	          0.01000012	          0.01000010	          0.26424350	          0.01000065	          0.01376836	          0.01685331	          0.05436871	          0.01573503	          0.03449558	          0.01004188	          0.02657308	          0.01000035	          0.01000053	          0.03419875	          0.20106917	          0.08899145	          0.01485499	
          2.23019102	         -1.91673692	         -2.51878596	          0.27194356	          2.77739942	          1.03673717	         -0.00560146	         24.83238046	         -0.35077083	         -9.90933039	        -64.13950876	          1.98851453	          2.12461893	          6.99502282	         -1.61506270	         -2.47501424	        -12.04488327	          3.91286983	         12.01161404	        -14.80655444	         -2.39792640	         -0.40756687	          0.01570752	          0.12631532	          0.21558376	          0.01000002	          0.16423765	          0.01000003	          0.19956535	          0.01000008	          0.21192543	          0.06234828	          0.01000008	          0.01000009	          0.01000009	          0.27520432	          0.01000059	          0.02758078	          0.02732455	          0.05629947	          0.01297849	          0.03136955	          0.08988216	          0.02191795	          0.01000040	          0.01000053	          0.02820754	          0.21098824	          0.08507292	          0.01225259	
          2.24293496	         -1.84101359	         -2.72950637	          0.74877238	          2.79137120	          1.03819075	         -0.00538143	         25.66188623	          0.15457700	        -10.06556032	        -61.54855012	          2.43659400	          1.78111570	          5.72928572	         -1.84042201	         -2.19837796	        -11.25250220	          3.70191408	         12.83847051	        -14.97831454	         -2.29499579	         -0.67062636	          0.01295608	          0.13758019	          0.21860096	          0.01000003	          0.14869281	          0.01000002	          0.16460369	          0.01000010	          0.22760829	          0.05950337	          0.01000009	          0.01000008	          0.01000010	          0.28660542	          0.01000061	          0.03916064	          0.03837020	          0.06056901	          0.01070492	          0.02937992	          0.13650970	          0.01807840	          0.01000048	          0.01000053	          0.02326592	          0.22038113	          0.07507502	          0.01010612	
          2.25567891	         -1.77814644	         -2.88471322	          1.22506757	          2.80531574	          1.03931157	         -0.00518223	         26.29465666	          0.58229237	        -10.18128942	        -58.50848641	          2.85786616	          1.48096839	          4.50902466	         -2.02295823	         -1.95024930	        -10.52137540	          3.55428125	         13.60697302	        -15.13711250	         -2.23723252	         -0.91748341	          0.01068667	          0.14704069	          0.21897832	          0.01000004	          0.12875556	          0.01000003	          0.13576693	          0.01000014	          0.24072303	          0.05643163	          0.01000012	          0.01000006	          0.01000009	          0.29853981	          0.01000065	          0.04700497	          0.04972235	          0.06602924	          0.01000040	          0.02930407	          0.14681856	          0.01491158	          0.01000051	          0.01000051	          0.01919004	          0.22977317	          0.06192285	          0.01000017	
          2.26842286	         -1.73047311	         -2.98184330	          1.69887492	          2.81923043	          1.04004648	         -0.00501262	         26.74210923	          0.92736056	        -10.23933290	        -55.06492701	          3.23943395	          1.20536782	          3.33460795	         -2.15762756	         -1.73261128	         -9.85498825	          3.49422317	         14.30331215	        -15.28407486	         -2.22663506	         -1.14913141	          0.01004594	          0.15660060	          0.21674423	          0.01000004	          0.11087282	          0.01000002	          0.11198205	          0.01000016	          0.25131191	          0.05427506	          0.01000018	          0.01000004	          0.01000007	          0.31030747	          0.01000100	          0.05185228	          0.05962033	          0.07074056	          0.01000057	          0.03065144	          0.12111703	          0.01229969	          0.01000076	          0.01000059	          0.01582823	          0.23985028	          0.05107469	          0.01000056	
          2.28116681	         -1.69930533	         -3.02034483	          2.16880204	          2.83312784	          1.04034680	         -0.00488095	         27.01979310	          1.18735040	        -10.22160474	        -51.28410633	          3.55791495	          0.94227960	          2.19299198	         -2.24141373	         -1.54701421	         -9.23578412	          3.54369284	         14.91011893	        -15.41911280	         -2.26255340	         -1.36823860	          0.01000085	          0.16664813	          0.20822172	          0.01000007	          0.09170695	          0.01000003	          0.09236403	          0.01000099	          0.26641995	          0.05210778	          0.01000054	          0.01000003	          0.01000005	          0.31591141	          0.01000048	          0.05754733	          0.07499787	          0.07757663	          0.01000063	          0.03272268	          0.09990047	          0.01285211	          0.01000043	          0.01000042	          0.01305545	          0.25147260	          0.04212700	          0.02619021	
          2.29391076	         -1.68527216	         -3.00423971	          2.63319822	          2.84702089	          1.04015572	         -0.00478941	         27.15277075	          1.36398924	        -10.11173802	        -47.25093579	          3.76898654	          0.71206392	          1.07667831	         -2.27701259	         -1.39588727	         -8.66238493	          3.74564468	         15.39560068	        -15.54210440	         -2.34003798	         -1.57782806	          0.01000242	          0.17056432	          0.20262573	          0.01000008	          0.07564265	          0.01000003	          0.07618287	          0.03248858	          0.28711752	          0.05149359	          0.01002985	          0.01000003	          0.01000007	          0.31193715	          0.01000076	          0.06536851	          0.08392775	          0.08222073	          0.01000072	          0.03388345	          0.08240012	          0.01337546	          0.01000051	          0.01000052	          0.01076875	          0.26545407	          0.03474683	          0.05127520	
          2.30665471	         -1.68850029	         -2.93811469	          3.09143287	          2.86092333	          1.03942296	         -0.00473854	         27.16395767	          1.45540872	         -9.91146807	        -43.03077749	          3.82979912	          0.54468347	         -0.01387897	         -2.26830710	         -1.27535287	         -8.14092404	          4.10174605	         15.77300500	        -15.65272599	         -2.45433161	         -1.77935398	          0.01000328	          0.17136042	          0.19988569	          0.01000008	          0.06239179	          0.01000003	          0.06283647	          0.07092193	          0.31419644	          0.05068900	          0.01000141	          0.01000005	          0.01000014	          0.30558171	          0.01000099	          0.06936639	          0.09045540	          0.08679579	          0.01000084	          0.03451431	          0.06796573	          0.01270740	          0.01000058	          0.01000061	          0.01129540	          0.28178150	          0.02865959	          0.06953487	
          2.31939866	         -1.70923744	         -2.82884591	          3.54365309	          2.87485252	          1.03812179	         -0.00472696	         27.07339521	          1.46186022	         -9.63197616	        -38.67013019	          3.75160016	          0.43380932	         -1.08029470	         -2.22209116	         -1.18030949	         -7.66697480	          4.58324384	         16.08712644	        -15.74974874	         -2.59835691	         -1.97231392	          0.01000217	          0.17576315	          0.19913493	          0.01000008	          0.05146277	          0.01000003	          0.05182822	          0.10911417	          0.34481986	          0.04992436	          0.01000065	          0.01000008	          0.01000027	          0.30228660	          0.01000089	          0.06974423	          0.09680955	          0.09186521	          0.01000090	          0.03538262	          0.05606041	          0.01330986	          0.01000060	          0.01000061	          0.01159309	          0.30016531	          0.02363876	          0.08185303	
          2.33214260	         -1.74758980	         -2.68694561	          3.98991346	          2.88882375	          1.03624842	         -0.00475213	         26.90969715	          1.38832807	         -9.28116040	        -34.23840523	          3.60137121	          0.35157482	         -2.12715190	         -2.14905990	         -1.11029304	         -7.23152725	          5.17141036	         16.37148100	        -15.83224203	         -2.76028990	         -2.15600006	          0.01000163	          0.17999424	          0.19921090	          0.01000007	          0.04283548	          0.01000003	          0.04274850	          0.14314271	          0.37500210	          0.04998815	          0.01000073	          0.01000010	          0.01000051	          0.30134555	          0.01000074	          0.06118155	          0.10360479	          0.09624848	          0.01000085	          0.03767021	          0.04624131	          0.01688145	          0.01000055	          0.01000056	          0.01199396	          0.32049687	          0.01949753	          0.08947879	
          2.34488655	         -1.80303257	         -2.52503460	          4.42911289	          2.90285266	          1.03382283	         -0.00481086	         26.71127865	          1.24171073	         -8.86920941	        -29.83738562	          3.44040461	          0.28430388	         -3.16255867	         -2.06200510	         -1.06543417	         -6.82033410	          5.85063906	         16.64693505	        -15.89951160	         -2.92513832	         -2.33027862	          0.01000148	          0.18583132	          0.19791247	          0.01000007	          0.06016552	          0.01000004	          0.03525944	          0.16900902	          0.40047129	          0.05166164	          0.01000104	          0.01000011	          0.01000072	          0.30104333	          0.01000083	          0.05046383	          0.10896724	          0.09368523	          0.01000107	          0.04130430	          0.03814367	          0.02056397	          0.01000057	          0.01000053	          0.01227594	          0.34270869	          0.01608180	          0.09348212	
          2.35763050	         -1.87429189	         -2.35562402	          4.85897484	          2.91695417	          1.03089286	         -0.00489200	         26.51496572	          1.03332648	         -8.41521522	        -25.56852216	          3.29280697	          0.23153658	         -4.18927922	         -1.97478914	         -1.03611376	         -6.43022419	          6.60596935	         16.92489895	        -15.95164302	         -3.07871226	         -2.49558673	          0.01000172	          0.19663227	          0.19368798	          0.01000007	          0.08915897	          0.01000004	          0.02908239	          0.18272959	          0.41877785	          0.05504790	          0.01049728	          0.01000012	          0.01000093	          0.30097363	          0.01000088	          0.04162332	          0.10921242	          0.08704714	          0.01000132	          0.04534908	          0.03147114	          0.02415897	          0.01000060	          0.01000052	          0.01217589	          0.36670755	          0.01326447	          0.09482242	
          2.37037445	         -1.95947777	         -2.18847771	          5.27614444	          2.93114532	          1.02753110	         -0.00497917	         26.35007072	          0.77639542	         -7.95169764	        -21.51719354	          3.15989250	          0.19261313	         -5.20497601	         -1.89895552	         -1.01457601	         -6.06743865	          7.41774194	         17.21386828	        -15.98928698	         -3.21040590	         -2.65297802	          0.01000166	          0.21172322	          0.18805070	          0.01000009	          0.11051773	          0.01000005	          0.02398749	          0.18497087	          0.42777692	          0.05899722	          0.01265528	          0.01000011	          0.01000062	          0.30083298	          0.01000088	          0.03433148	          0.10086134	          0.07949730	          0.01000158	          0.04971231	          0.03356909	          0.02837204	          0.01000060	          0.01000048	          0.01172208	          0.39210256	          0.01094074	          0.09339894	
          2.38311840	         -2.05618398	         -2.03045925	          5.67639447	          2.94545015	          1.02382749	         -0.00505922	         26.23626489	          0.48438180	         -7.52178837	        -17.74912676	          3.03777248	          0.16582146	         -6.20369072	         -1.84212370	         -1.00236284	         -5.74546774	          8.26106761	         17.52510384	        -16.01261423	         -3.31208070	         -2.80301355	          0.01000155	          0.23134931	          0.18222632	          0.01000011	          0.11731678	          0.01000005	          0.01978517	          0.17743094	          0.42650478	          0.06337102	          0.01540938	          0.01000012	          0.01000152	          0.30139226	          0.01000107	          0.02831706	          0.08319224	          0.07152754	          0.01000195	          0.05372854	          0.08549700	          0.03589821	          0.01000056	          0.01000045	          0.01247996	          0.41822503	          0.01000017	          0.08881570	
          2.39586235	         -2.16156671	         -1.88623736	          6.05546153	          2.95989684	          1.01988656	         -0.00512570	         26.18477365	          0.17192949	         -7.16355783	        -14.31506397	          2.92761511	          0.14885119	         -7.17175385	         -1.80872578	         -1.00329772	         -5.48829089	          9.08502721	         17.90440788	        -16.02157016	         -3.37655933	         -2.94571919	          0.01000096	          0.25591563	          0.17653212	          0.01000019	          0.12947465	          0.01000007	          0.01631906	          0.15105027	          0.42167315	          0.06913662	          0.02051517	          0.01000011	          0.01000070	          0.30342679	          0.01000076	          0.02335628	          0.06861801	          0.06407220	          0.01000192	          0.05641088	          0.15038701	          0.03826850	          0.01000054	          0.01000037	          0.01029402	          0.44351716	          0.04283225	          0.08732647	
          2.40860630	         -2.27310696	         -1.76124580	          6.40973604	          2.97451807	          1.01583927	         -0.00516538	         26.19878048	         -0.13909123	         -6.89041640	        -11.24838739	          2.83871087	          0.13895298	         -8.09770439	         -1.80492718	         -1.01317089	         -5.31048830	          9.81982160	         18.41660556	        -16.01605204	         -3.39644605	         -3.08246341	          0.01000130	          0.27656569	          0.17061702	          0.01000021	          0.13595694	          0.01000009	          0.01346018	          0.12458807	          0.41614233	          0.07679722	          0.02518315	          0.01000012	          0.01000111	          0.30541094	          0.01000083	          0.01926456	          0.05659695	          0.06121010	          0.01000206	          0.05672037	          0.21080707	          0.03361956	          0.01000063	          0.01000035	          0.01000118	          0.46632527	          0.08757994	          0.07569523	
          2.42135025	         -2.38986046	         -1.66006313	          6.73743418	          2.98935764	          1.01182156	         -0.00516215	         26.27497979	         -0.42731780	         -6.70487624	         -8.56423161	          2.78077146	          0.13487879	         -8.98013725	         -1.83557932	         -1.03422189	         -5.21015206	         10.41868670	         19.09406592	        -15.99350350	         -3.36653422	         -3.21657499	          0.01000159	          0.29331599	          0.16684988	          0.01000021	          0.13636137	          0.01000010	          0.01110220	          0.10276166	          0.41021190	          0.08363195	          0.02992114	          0.01000014	          0.01000077	          0.30749179	          0.01000075	          0.01588965	          0.04668183	          0.05984877	          0.01000131	          0.05583730	          0.26420722	          0.02773022	          0.01000084	          0.01000034	          0.01000069	          0.48552513	          0.12773845	          0.06243435	
          2.43409419	         -2.51137387	         -1.58588120	          7.03722013	          3.00446656	          1.00794723	         -0.00510402	         26.40404962	         -0.67541043	         -6.60468072	         -6.26006102	          2.75540675	          0.13566667	         -9.82398730	         -1.90271101	         -1.07746933	         -5.17831992	         10.85823637	         19.93680100	        -15.94978500	         -3.28346502	         -3.35047841	          0.01036639	          0.30565368	          0.16215854	          0.01000017	          0.13300651	          0.01000012	          0.01000036	          0.08475898	          0.40246618	          0.07482652	          0.03424740	          0.01000016	          0.01000061	          0.30905569	          0.01000078	          0.01310600	          0.03850372	          0.05828086	          0.01000101	          0.05405888	          0.30731020	          0.02287245	          0.01000132	          0.01000035	          0.01000046	          0.50041796	          0.16255566	          0.05149656	
          2.44683814	         -2.63674928	         -1.54107891	          7.30807771	          3.01989476	          1.00429318	         -0.00498614	         26.57803850	         -0.87087758	         -6.58124451	         -4.33969696	          2.75682795	          0.14106797	        -10.63476915	         -2.00687181	         -1.15507910	         -5.20717339	         11.12158579	         20.93862146	        -15.88052824	         -3.14434351	         -3.48552118	          0.01006735	          0.31461672	          0.15597051	          0.01000017	          0.12899991	          0.01000014	          0.01000076	          0.06991016	          0.39219713	          0.06171803	          0.03035065	          0.01000019	          0.01000052	          0.30966087	          0.01000069	          0.01081005	          0.03175833	          0.05686381	          0.01000083	          0.05219598	          0.33890100	          0.01886573	          0.01000163	          0.01000034	          0.01000038	          0.51038227	          0.19087193	          0.04247495	
          2.45958209	         -2.76448822	         -1.52799261	          7.54881103	          3.03568756	          1.00090090	         -0.00480833	         26.79483446	         -1.00524479	         -6.62238590	         -2.82699107	          2.77509448	          0.15000039	        -11.41693562	         -2.14843289	         -1.27774719	         -5.29263384	         11.19753842	         22.09379741	        -15.78153352	         -2.94608034	         -3.62180477	          0.01000081	          0.31831010	          0.15138440	          0.01000023	          0.12515022	          0.01000023	          0.01000056	          0.05766269	          0.37948702	          0.05090581	          0.02503386	          0.01000032	          0.01000082	          0.31169610	          0.01000050	          0.01000017	          0.02619467	          0.05524804	          0.01000059	          0.05014352	          0.35929140	          0.01556094	          0.01000157	          0.01000030	          0.01000031	          0.51492223	          0.21215455	          0.03503381	
          2.47232604	         -2.89246742	         -1.54647808	          7.75812400	          3.05189086	          0.99778283	         -0.00457478	         27.04582956	         -1.07506420	         -6.71230491	         -1.73374171	          2.81496129	          0.16062902	        -12.17413179	         -2.32521217	         -1.45400170	         -5.43535571	         11.08189268	         23.39534461	        -15.64889270	         -2.68840134	         -3.75799255	          0.01189461	          0.31662096	          0.14707457	          0.01000011	          0.11937476	          0.01000019	          0.01003045	          0.04756083	          0.36082739	          0.04198772	          0.02064832	          0.01000026	          0.01000020	          0.31308205	          0.01000102	          0.01000023	          0.02160569	          0.05403625	          0.01000065	          0.04811372	          0.36690551	          0.01283546	          0.01001065	          0.01000037	          0.01000029	          0.51389424	          0.22638258	          0.02889628	
          2.48506999	         -3.01774716	         -1.59271969	          7.93561181	          3.06855020	          0.99492914	         -0.00429520	         27.31852711	         -1.08382200	         -6.83175508	         -1.06640078	          2.87388492	          0.17283071	        -12.90945215	         -2.53164751	         -1.68924897	         -5.64059877	         10.77676492	         24.83344297	        -15.47968429	         -2.37485011	         -3.89304721	          0.01000137	          0.31806841	          0.13637414	          0.01000025	          0.11955122	          0.01000044	          0.13039044	          0.03922871	          0.33947343	          0.03463196	          0.01703108	          0.01000056	          0.01000079	          0.31214663	          0.01000062	          0.01000019	          0.01782067	          0.05377898	          0.01000048	          0.04605121	          0.36353850	          0.01070829	          0.01000217	          0.01000032	          0.01000029	          0.50723264	          0.23369161	          0.02383397	
          2.49781394	         -3.13661635	         -1.66726061	          8.07925926	          3.08569958	          0.99231033	         -0.00397544	         27.62536544	         -1.03364175	         -6.97119214	         -0.89785068	          2.93584836	          0.18906870	        -13.62394109	         -2.76700661	         -1.99167808	         -5.91884978	         10.29474854	         26.39166969	        -15.27187637	         -2.00424424	         -4.02498765	          0.01000071	          0.31559822	          0.12132580	          0.01000070	          0.11689311	          0.01000260	          0.22218165	          0.03235629	          0.31736768	          0.02856485	          0.01404752	          0.01270971	          0.01000034	          0.31269935	          0.01000053	          0.01000018	          0.01469874	          0.05548049	          0.01000037	          0.04048379	          0.35064706	          0.01362771	          0.01000181	          0.01000031	          0.01000027	          0.49492631	          0.23396450	          0.01965853	
          2.51055789	         -3.24481426	         -1.76694663	          8.18668262	          3.10338977	          0.98988357	         -0.00362069	         27.96577878	         -0.92968492	         -7.12504392	         -1.27352593	          2.95816234	          0.20406966	        -14.32511337	         -3.02658607	         -2.36964790	         -6.27220027	          9.64454445	         28.05163413	        -15.02175908	         -1.58023440	         -4.15403252	          0.01698882	          0.30323881	          0.10007142	          0.01000110	          0.13112152	          0.01795128	          0.27815774	          0.02668783	          0.29083440	          0.02356062	          0.01158665	          0.02242467	          0.01000075	          0.32186360	          0.01000038	          0.01000013	          0.01212374	          0.04668439	          0.01000022	          0.03624844	          0.32436528	          0.02250360	          0.01000433	          0.01000038	          0.01000026	          0.47766477	          0.22901798	          0.01621457	
          2.52330183	         -3.33777369	         -1.87286269	          8.25298155	          3.12169947	          0.98759565	         -0.00322552	         28.30664790	         -0.78438754	         -7.32618327	         -2.17800331	          2.93876862	          0.21919810	        -15.02117717	         -3.29106391	         -2.81266924	         -6.70905518	          8.82833813	         29.79851596	        -14.72393225	         -1.12742984	         -4.28135911	          0.02422829	          0.25011490	          0.08254004	          0.01212446	          0.15468187	          0.03317228	          0.29033948	          0.02201243	          0.24137227	          0.01943308	          0.01000013	          0.03412654	          0.01000007	          0.32091346	          0.01000018	          0.01000008	          0.01000000	          0.03850583	          0.01000011	          0.02989854	          0.28899481	          0.02161042	          0.01000120	          0.01000050	          0.01000027	          0.45571660	          0.21867317	          0.01337397	
          2.53604578	         -3.41119599	         -1.95434278	          8.27480764	          3.14072286	          0.98539425	         -0.00277202	         28.56927617	         -0.61865554	         -7.63142810	         -3.50855612	          2.74072497	          0.22868300	        -15.71011640	         -3.53251736	         -3.29504178	         -7.25965795	          7.84673715	         31.62035734	        -14.37171504	         -0.68881927	         -4.40559829	          0.01998393	          0.20629754	          0.06807994	          0.01000053	          0.17990217	          0.04250448	          0.23947857	          0.01815613	          0.19908650	          0.01602864	          0.01000011	          0.02814811	          0.01469893	          0.34559042	          0.01000020	          0.01000011	          0.01000009	          0.03176004	          0.01000011	          0.03056509	          0.23837084	          0.01782460	          0.01000164	          0.01000055	          0.01000029	          0.42968434	          0.20455484	          0.01103101	
