/vscmnt/brussel_pixiu_data/_data_brussel/112/vsc11236/PredSimResults/SUBJ09mtu3D/worker1.mot
version=1
nRows=200
nColumns=50
inDegrees=yes
endheader
                time	         pelvis_tilt	         pelvis_list	     pelvis_rotation	           pelvis_tx	           pelvis_ty	           pelvis_tz	       hip_flexion_r	     hip_adduction_r	      hip_rotation_r	        knee_angle_r	       ankle_angle_r	         mtp_angle_r	       hip_flexion_l	     hip_adduction_l	      hip_rotation_l	        knee_angle_l	       ankle_angle_l	         mtp_angle_l	    lumbar_extension	      lumbar_bending	     lumbar_rotation	 ercspn_r/activation	 intobl_r/activation	 extobl_r/activation	    abd_r/activation	    add_r/activation	hamstrings_r/activation	bifemsh_r/activation	glut_max_r/activation	iliopsoas_r/activation	rect_fem_r/activation	  vasti_r/activation	gastroc_r/activation	 soleus_r/activation	tib_ant_r/activation	 ercspn_l/activation	 intobl_l/activation	 extobl_l/activation	    abd_l/activation	    add_l/activation	hamstrings_l/activation	bifemsh_l/activation	glut_max_l/activation	iliopsoas_l/activation	rect_fem_l/activation	  vasti_l/activation	gastroc_l/activation	 soleus_l/activation	tib_ant_l/activation	
          0.00000000	         -5.16070202	         -1.28890851	          8.48213441	          0.00000000	          0.98923702	         -0.00333356	         25.33965633	         -0.49314846	         -1.22118023	          2.33708983	          5.10494133	          0.27245236	        -10.50891684	         -1.68924953	          4.80871200	        -13.04711885	          8.34647140	         32.19411791	        -13.49016561	         -0.81234070	         -3.06096996	          0.01317057	          0.18964938	          0.04388296	          0.04568726	          0.09629476	          0.06423018	          0.27949493	          0.06567529	          0.06455865	          0.00999999	          0.00999999	          0.04362957	          0.01301583	          0.23664916	          0.00999999	          0.00999999	          0.04122328	          0.02906880	          0.02372578	          0.02730558	          0.25936328	          0.01737471	          0.06312580	          0.00999999	          0.00999999	          0.31219580	          0.24019213	          0.00999999	
          0.01213132	         -5.11058558	         -1.30127458	          8.39168187	          0.01946170	          0.98706238	         -0.00322126	         25.02831572	         -0.27511292	         -1.31921419	          0.93108332	          4.35436812	          0.22261635	        -11.15522930	         -1.79810201	          4.39958628	        -14.02534503	          7.44146300	         33.85996377	        -13.04281505	         -0.45064733	         -3.09650646	          0.01095549	          0.17684371	          0.03650255	          0.08992718	          0.08009953	          0.06041325	          0.23248839	          0.09025995	          0.05370092	          0.00999999	          0.00999999	          0.03629178	          0.01202188	          0.28741538	          0.00999999	          0.00999999	          0.07121609	          0.02417990	          0.03273781	          0.03251416	          0.21574256	          0.01445256	          0.08638378	          0.00999999	          0.00999999	          0.28804408	          0.20146720	          0.00999999	
          0.02426265	         -5.06356709	         -1.33526582	          8.24874471	          0.03880648	          0.98536608	         -0.00305107	         24.62717804	         -0.03752842	         -1.39241928	         -0.28826539	          3.52427588	          0.20447355	        -11.49395167	         -1.89596409	          3.94864417	        -15.51177382	          6.37694104	         35.48962573	        -12.61172738	         -0.05456649	         -3.11927290	          0.00999999	          0.14710145	          0.03036341	          0.14205246	          0.07584807	          0.06207098	          0.19338760	          0.13660888	          0.04466930	          0.00999999	          0.00999999	          0.03018809	          0.00999999	          0.33861076	          0.00999999	          0.00999999	          0.05923870	          0.02011323	          0.04225743	          0.03713613	          0.17945814	          0.01202188	          0.10992839	          0.00999999	          0.00999999	          0.24897145	          0.16758367	          0.00999999	
          0.03639397	         -5.02588523	         -1.38918029	          8.05597102	          0.05766536	          0.98445946	         -0.00283323	         24.19871197	          0.22768801	         -1.41642992	         -1.39188374	          2.75736759	          0.15379461	        -11.40710225	         -1.97585388	          3.46922394	        -17.64945865	          5.13005546	         36.92187313	        -12.23716178	          0.37770351	         -3.12591830	          0.00999999	          0.12236136	          0.02525678	          0.18949537	          0.10087207	          0.05821811	          0.16086292	          0.17049345	          0.03715664	          0.00999999	          0.00999999	          0.02511094	          0.00999999	          0.36055523	          0.03268741	          0.00999999	          0.04927570	          0.01673051	          0.06564317	          0.03281710	          0.14927618	          0.00999999	          0.13717499	          0.00999999	          0.00999999	          0.20709847	          0.13939880	          0.00999999	
          0.04852530	         -4.99903096	         -1.45034704	          7.81477023	          0.07583451	          0.98449602	         -0.00259347	         23.77990641	          0.50460073	         -1.39976397	         -2.49759699	          2.39144561	          0.11227823	        -10.82845214	         -2.02695316	          2.98040364	        -20.52406934	          3.76284804	         37.78971561	        -11.94107631	          0.83441676	         -3.11119356	          0.00999999	          0.10178215	          0.02100899	          0.22168368	          0.11529744	          0.05615676	          0.13380838	          0.19368657	          0.03090749	          0.00999999	          0.00999999	          0.02088768	          0.01183821	          0.34955092	          0.06377864	          0.00999999	          0.04098832	          0.01391671	          0.08534764	          0.02729780	          0.12417033	          0.00999999	          0.13878480	          0.00999999	          0.00999999	          0.17226785	          0.11595417	          0.00999999	
          0.06065662	         -4.98307863	         -1.50248856	          7.52539247	          0.09323297	          0.98553501	         -0.00236539	         23.35178927	          0.77375820	         -1.34562706	         -3.54154608	          2.32045680	          0.08354364	         -9.74627713	         -2.03991929	          2.49938796	        -24.13387876	          2.31899897	         37.71527764	        -11.73101847	          1.29849935	         -3.07099730	          0.00999999	          0.08466404	          0.01747562	          0.23195563	          0.12902238	          0.05158889	          0.11130397	          0.19841789	          0.02570935	          0.00999999	          0.02607575	          0.01737471	          0.02066166	          0.32749380	          0.08839720	          0.00999999	          0.03409475	          0.01157614	          0.10196790	          0.02270675	          0.10328689	          0.00999999	          0.11544344	          0.00999999	          0.00999999	          0.14329517	          0.09645255	          0.00999999	
          0.07278795	         -4.97570745	         -1.52893471	          7.18543684	          0.10992610	          0.98746872	         -0.00218204	         22.87800078	          1.01755892	         -1.24936374	         -4.45058679	          2.43344756	          0.06972986	         -8.22435757	         -2.00439876	          2.05716685	        -28.31825525	          0.65418230	         36.70460618	        -11.59801030	          1.75108519	         -3.00027058	          0.00999999	          0.07042491	          0.01453650	          0.23050703	          0.14176270	          0.04964826	          0.09258443	          0.17789186	          0.02138545	          0.00999999	          0.02169023	          0.01445256	          0.02224527	          0.29722422	          0.08360577	          0.00999999	          0.03760225	          0.00999999	          0.11329714	          0.01888784	          0.08591570	          0.00999999	          0.09602772	          0.00999999	          0.00999999	          0.11919524	          0.08023079	          0.01930084	
          0.08491927	         -4.97371757	         -1.52262467	          6.79907774	          0.12605331	          0.99002264	         -0.00207053	         22.33650066	          1.22664535	         -1.10274182	         -5.19109320	          2.63800058	          0.06964377	         -6.36903131	         -1.91557229	          1.69046129	        -32.86750794	         -1.18611276	         34.61406477	        -11.52362915	          2.18262654	         -2.90020772	          0.00999999	          0.05858058	          0.01209170	          0.22109527	          0.13082128	          0.04658405	          0.07701323	          0.15680220	          0.01778876	          0.00999999	          0.02948012	          0.01202188	          0.01850397	          0.26962774	          0.09853353	          0.03980919	          0.06175579	          0.00999999	          0.09424239	          0.01571121	          0.07146607	          0.00999999	          0.07987740	          0.00999999	          0.00999999	          0.09914852	          0.06673726	          0.05636435	
          0.09705060	         -4.97404705	         -1.48104032	          6.37300107	          0.14172961	          0.99287643	         -0.00202088	         21.73562126	          1.39669977	         -0.89989773	         -5.78311889	          2.85916044	          0.07996844	         -4.30785215	         -1.76590957	          1.42033946	        -37.57929556	         -2.86727222	         31.18214927	        -11.49414432	          2.58085982	         -2.77375904	          0.00999999	          0.04872827	          0.01005807	          0.20627886	          0.11218574	          0.04361241	          0.06406084	          0.13881162	          0.01479698	          0.00999999	          0.03234227	          0.00999999	          0.01539190	          0.24730692	          0.09870811	          0.06507931	          0.09911296	          0.00999999	          0.07839234	          0.01306884	          0.05944663	          0.00999999	          0.06644331	          0.00999999	          0.00999999	          0.08247334	          0.05551313	          0.14956048	
          0.10918192	         -4.97499396	         -1.41385999	          5.91096731	          0.15701956	          0.99575156	         -0.00202560	         21.10948059	          1.53497370	         -0.65083111	         -6.28459723	          3.03830822	          0.09514619	         -2.17850187	         -1.53169121	          1.28159385	        -42.25189426	         -3.70792005	         26.82859137	        -11.50157336	          2.94850416	         -2.62091067	          0.00999999	          0.04053296	          0.00999999	          0.19566487	          0.10089919	          0.04532341	          0.05328684	          0.13018849	          0.01230837	          0.00999999	          0.02893175	          0.00999999	          0.01280323	          0.23088637	          0.08210700	          0.07766217	          0.11990440	          0.00999999	          0.06520801	          0.01087087	          0.05927570	          0.00999999	          0.07462597	          0.04864441	          0.00999999	          0.06860266	          0.04617672	          0.16425259	
          0.12131325	         -4.97666670	         -1.32692506	          5.41874930	          0.17198991	          0.99853332	         -0.00207617	         20.47956640	          1.64410163	         -0.37716429	         -6.73935225	          3.17806169	          0.10778923	         -0.07875544	         -1.20901554	          1.22582823	        -46.62643625	         -3.55868450	         22.98581567	        -11.53903059	          3.28654976	         -2.44556700	          0.00999999	          0.03371597	          0.00999999	          0.18929037	          0.09620147	          0.05111659	          0.04432486	          0.12432010	          0.01023830	          0.00999999	          0.02406590	          0.00999999	          0.01064994	          0.21445776	          0.06829793	          0.09063761	          0.13092967	          0.00999999	          0.05447968	          0.00999999	          0.07717081	          0.00999999	          0.07933179	          0.10239164	          0.00999999	          0.05706480	          0.03841054	          0.17712647	
          0.13344457	         -4.97951988	         -1.21918035	          4.90653908	          0.18670210	          1.00121190	         -0.00214606	         19.84833278	          1.72102080	         -0.09459960	         -7.16287916	          3.31144563	          0.11871934	          1.97028238	         -0.82836083	          1.17784058	        -50.56552812	         -3.13453154	         19.71142049	        -11.60117501	          3.58757109	         -2.25721125	          0.00999999	          0.02804549	          0.00999999	          0.18190649	          0.10295450	          0.05638659	          0.03687013	          0.12389533	          0.00999999	          0.00999999	          0.02083703	          0.01000000	          0.00999999	          0.19959724	          0.05681132	          0.09650679	          0.14231538	          0.00999999	          0.06212309	          0.00999999	          0.09801341	          0.00999999	          0.08059555	          0.16370052	          0.00999999	          0.05143300	          0.03195051	          0.16989756	
          0.14557590	         -4.98379189	         -1.09249890	          4.37855356	          0.20120700	          1.00378278	         -0.00222267	         19.20725271	          1.76701106	          0.18937885	         -7.54445684	          3.44504954	          0.13349004	          3.95626152	         -0.40154279	          1.12380335	        -53.98969415	         -2.64174095	         16.90654511	        -11.68302738	          3.85038706	         -2.05939165	          0.00999999	          0.02332869	          0.00999999	          0.17413713	          0.10524993	          0.06209040	          0.03066917	          0.12724299	          0.00999999	          0.00999999	          0.01733258	          0.02006677	          0.00999999	          0.18842363	          0.04725657	          0.10833797	          0.14917591	          0.00999999	          0.06647543	          0.00999999	          0.12619345	          0.00999999	          0.08140135	          0.21005782	          0.00999999	          0.04993243	          0.02657695	          0.16403482	
          0.15770722	         -4.98939622	         -0.95059022	          3.83955646	          0.21553396	          1.00624279	         -0.00229713	         18.55111157	          1.78515408	          0.47658439	         -7.87479813	          3.56914563	          0.16030500	          5.87969423	          0.06049767	          1.06183938	        -56.86734392	         -2.13593347	         14.50113331	        -11.78192795	          4.07657744	         -1.85435672	          0.00999999	          0.02042154	          0.00999999	          0.16611924	          0.09416394	          0.06717435	          0.02551111	          0.13595345	          0.00999999	          0.00999999	          0.01856800	          0.03211997	          0.00999999	          0.17686110	          0.03930878	          0.12740491	          0.14901118	          0.00999999	          0.06090601	          0.00999999	          0.16266017	          0.00999999	          0.07841671	          0.23834087	          0.00999999	          0.04702158	          0.02210713	          0.15947490	
          0.16983855	         -4.99609198	         -0.79417162	          3.29776401	          0.22969139	          1.00858715	         -0.00235963	         17.88285124	          1.77504022	          0.77033945	         -8.16417178	          3.70767946	          0.21503788	          7.75185523	          0.53835496	          0.97577593	        -59.20852873	         -1.62689472	         12.43480508	        -11.89752083	          4.26396239	         -1.64559626	          0.00999999	          0.02088768	          0.01370692	          0.16066601	          0.07832708	          0.06996917	          0.02122055	          0.14185313	          0.00999999	          0.00999999	          0.02278371	          0.04438243	          0.00999999	          0.16413220	          0.03269768	          0.14606320	          0.14637235	          0.00999999	          0.05066260	          0.00999999	          0.21022924	          0.00999999	          0.07808022	          0.24752399	          0.00999999	          0.04355842	          0.01838907	          0.15643413	
          0.18196987	         -5.00331562	         -0.62520059	          2.76228522	          0.24367309	          1.01081027	         -0.00240350	         17.20761582	          1.73822344	          1.07640841	         -8.42451788	          3.87433293	          0.31433008	          9.59027722	          1.00692591	          0.84729937	        -61.05582958	         -1.10224633	         10.65803943	        -12.03110534	          4.41266227	         -1.43594738	          0.00999999	          0.01737471	          0.01686607	          0.15627563	          0.06515373	          0.07098807	          0.01765160	          0.14487627	          0.00999999	          0.00999999	          0.02776892	          0.05625995	          0.00999999	          0.15073470	          0.02719846	          0.15806436	          0.14336280	          0.00999999	          0.04214197	          0.00999999	          0.26690618	          0.00999999	          0.07869532	          0.23903518	          0.00999999	          0.03722143	          0.01529633	          0.15315057	
          0.19410120	         -5.01034431	         -0.44531158	          2.23960610	          0.25747487	          1.01290416	         -0.00242611	         16.52787186	          1.67613696	          1.39402851	         -8.66064130	          4.06714219	          0.46832406	         11.41129260	          1.44799716	          0.66890753	        -62.46833307	         -0.55174071	          9.12964805	        -12.18333258	          4.52329058	         -1.22657829	          0.00999999	          0.01445257	          0.01554283	          0.15185913	          0.05419592	          0.07063881	          0.01468288	          0.14416858	          0.00999999	          0.00999999	          0.02891583	          0.06809650	          0.00999999	          0.13660225	          0.02262411	          0.16713187	          0.14119205	          0.00999999	          0.03505437	          0.00999999	          0.32791462	          0.00999999	          0.07842028	          0.21758303	          0.00999999	          0.03096139	          0.01272373	          0.14980021	
          0.20623252	         -5.01645561	         -0.25675131	          1.73400288	          0.27109806	          1.01485940	         -0.00242678	         15.84648949	          1.59112321	          1.72076165	         -8.87918065	          4.28790912	          0.69696633	         13.22735646	          1.84954354	          0.44190834	        -63.51058501	          0.01324874	          7.81540386	        -12.35367233	          4.59768037	         -1.01856110	          0.00999999	          0.01202188	          0.01292878	          0.14811761	          0.04508104	          0.06859229	          0.01221346	          0.13961840	          0.00999999	          0.00999999	          0.03050079	          0.08008855	          0.00999999	          0.12094231	          0.01881910	          0.17262863	          0.13979011	          0.00999999	          0.02915879	          0.00999999	          0.38879808	          0.00999999	          0.07935230	          0.18412047	          0.00999999	          0.02575418	          0.01058380	          0.14746323	
          0.21836385	         -5.02104471	         -0.06329342	          1.24772261	          0.28454779	          1.01666753	         -0.00240660	         15.16633433	          1.48744323	          2.05468975	         -9.08708613	          4.53825867	          1.02284972	         15.04722921	          2.20306517	          0.17279910	        -64.24900795	          0.57327605	          6.68535122	        -12.54093827	          4.63999375	         -0.81245609	          0.00999999	          0.00999999	          0.01075437	          0.14490249	          0.03749914	          0.06598357	          0.01015935	          0.13238400	          0.00999999	          0.00999999	          0.02742999	          0.09195302	          0.01000000	          0.10434559	          0.01678305	          0.17508496	          0.14117954	          0.00999999	          0.02425475	          0.00999999	          0.44292800	          0.00999999	          0.07969146	          0.15315438	          0.00999999	          0.02142274	          0.00999999	          0.14771391	
          0.23049517	         -5.02381678	          0.13130871	          0.78105212	          0.29783266	          1.01832283	         -0.00236735	         14.48964843	          1.36944705	          2.39187162	         -9.28650050	          4.79850938	          1.45304424	         16.87457902	          2.50312134	         -0.13048529	        -64.74229518	          1.11561493	          5.71286804	        -12.74355046	          4.65477736	         -0.60857784	          0.00999999	          0.00999999	          0.00999999	          0.14258585	          0.03119239	          0.06324556	          0.00999999	          0.12310143	          0.00999999	          0.00999999	          0.02281671	          0.10338541	          0.01807874	          0.09071649	          0.01816500	          0.17576569	          0.14536906	          0.00999999	          0.02017549	          0.00999999	          0.48140595	          0.00999999	          0.07931909	          0.12739628	          0.00999999	          0.01781978	          0.00999999	          0.14883888	
          0.24262650	         -5.02487352	          0.32350202	          0.33289344	          0.31096542	          1.01982609	         -0.00231082	         13.81570324	          1.24137543	          2.72829482	         -9.47306185	          5.04655761	          1.98848699	         18.70609979	          2.74573113	         -0.46054459	        -65.03086665	          1.64551144	          4.87603548	        -12.95960285	          4.64666396	         -0.40747227	          0.00999999	          0.00999999	          0.00999999	          0.14055145	          0.02594633	          0.06062182	          0.00999999	          0.11363215	          0.00999999	          0.00999999	          0.01897931	          0.11453220	          0.03023241	          0.07855568	          0.02059813	          0.17419484	          0.15099038	          0.00999999	          0.01678230	          0.00999999	          0.49386778	          0.00999999	          0.07845695	          0.10597028	          0.00999999	          0.01482278	          0.00999999	          0.15065337	
          0.25475782	         -5.02453782	          0.51052230	         -0.09896621	          0.32396635	          1.02118550	         -0.00223849	         13.14047516	          1.10658253	          3.06035860	         -9.64118860	          5.28267732	          2.62169106	         20.52966540	          2.92857432	         -0.81050663	        -65.12899617	          2.16667279	          4.15683059	        -13.18656905	          4.61962318	         -0.20979739	          0.00999999	          0.00999999	          0.00999999	          0.13772376	          0.02158258	          0.05849725	          0.00999999	          0.10439152	          0.00999999	          0.00999999	          0.01578730	          0.12531181	          0.04302736	          0.06772644	          0.02249535	          0.16969957	          0.15725230	          0.00999999	          0.01395979	          0.00999999	          0.44915835	          0.00999999	          0.07771454	          0.08814779	          0.00999999	          0.01232983	          0.00999999	          0.15281279	
          0.26688915	         -5.02321749	          0.69001852	         -0.51765805	          0.33686687	          1.02241558	         -0.00215147	         12.45635044	          0.96787479	          3.38620365	         -9.77953564	          5.50503190	          3.33558707	         22.32052938	          3.05079988	         -1.17304123	        -65.01458186	          2.67336472	          3.53971610	        -13.42088416	          4.57747687	         -0.01624819	          0.00999999	          0.00999999	          0.00999999	          0.13372615	          0.01795274	          0.05736301	          0.01000003	          0.09548383	          0.00999999	          0.00999999	          0.01313214	          0.13576561	          0.05530581	          0.05831600	          0.02312955	          0.16428785	          0.16384827	          0.00999999	          0.01161198	          0.00999999	          0.37361716	          0.00999999	          0.07729052	          0.07332276	          0.00999999	          0.01025615	          0.00999999	          0.15531967	
          0.27902047	         -5.02133515	          0.85957283	         -0.92656466	          0.34970326	          1.02353129	         -0.00205040	         11.75634948	          0.82802756	          3.70446988	         -9.87826620	          5.70975817	          4.10967538	         24.04594518	          3.11304683	         -1.53928936	        -64.64293441	          3.15981040	          3.01048512	        -13.65863209	          4.52428174	          0.17248193	          0.00999999	          0.00999999	          0.00999999	          0.12854844	          0.01493338	          0.05685845	          0.05073660	          0.09007222	          0.00999999	          0.00999999	          0.01092353	          0.14599813	          0.06698695	          0.04933933	          0.02088572	          0.16040868	          0.16866586	          0.00999999	          0.00999999	          0.00999999	          0.31078078	          0.00999999	          0.07682151	          0.06099105	          0.00999999	          0.00999999	          0.00999999	          0.15923000	
          0.29115180	         -5.01921414	          1.01643248	         -1.32865971	          0.36250496	          1.02453989	         -0.00193577	         11.04224618	          0.69054787	          4.01317888	         -9.94314065	          5.89456791	          4.92740662	         25.67556893	          3.11813349	         -1.89770075	        -63.97493942	          3.62109115	          2.55556621	        -13.89686570	          4.46437456	          0.35617181	          0.00999999	          0.00999999	          0.00999999	          0.12082735	          0.01242182	          0.05765933	          0.08651830	          0.08480209	          0.00999999	          0.00999999	          0.00999999	          0.15588796	          0.07771602	          0.04156193	          0.01737471	          0.15805173	          0.17267333	          0.00999999	          0.00999999	          0.00999999	          0.25851247	          0.00999999	          0.07517532	          0.05378858	          0.00999999	          0.00999999	          0.00999999	          0.16311892	
          0.30328312	         -5.01709756	          1.15742919	         -1.72627619	          0.37529921	          1.02544074	         -0.00180826	         10.31630116	          0.55941511	          4.31097599	         -9.98138109	          6.06253895	          5.77290242	         27.18178146	          3.07157997	         -2.23340786	        -62.98006555	          4.06236098	          2.16317653	        -14.13298876	          4.40234224	          0.53504939	          0.00999999	          0.01000985	          0.00999999	          0.11226483	          0.01033267	          0.05877596	          0.11771314	          0.08159044	          0.00999999	          0.00999999	          0.00999999	          0.16543330	          0.08746496	          0.03654866	          0.01445256	          0.15871770	          0.17534843	          0.00999999	          0.00999999	          0.00999999	          0.21503484	          0.00999999	          0.07247658	          0.05119278	          0.00999999	          0.00999999	          0.00999999	          0.16706873	
          0.31541445	         -5.01514977	          1.27854560	         -2.12094632	          0.38811232	          1.02622463	         -0.00166642	          9.57953455	          0.43944598	          4.59675152	        -10.00043765	          6.22779843	          6.62542345	         28.54021575	          2.97842401	         -2.53149982	        -61.63534903	          4.48117665	          1.82229386	        -14.36461512	          4.34320108	          0.70958658	          0.00999999	          0.01724555	          0.00999999	          0.10512350	          0.00999999	          0.05944244	          0.14545724	          0.07535126	          0.00999999	          0.00999999	          0.00999999	          0.17476654	          0.09662249	          0.03645682	          0.01202188	          0.16328349	          0.17623742	          0.00999999	          0.00999999	          0.00999999	          0.17886945	          0.00999999	          0.06982714	          0.05004290	          0.00999999	          0.00999999	          0.00999999	          0.17081666	
          0.32754577	         -5.01341012	          1.37463209	         -2.51365542	          0.40096597	          1.02687126	         -0.00150881	          8.83560916	          0.33678212	          4.87144960	        -10.01402557	          6.41017701	          7.46189914	         29.73091823	          2.84270099	         -2.77683903	        -59.92775765	          4.86936734	          1.52274359	        -14.59029725	          4.29329563	          0.88037642	          0.00999999	          0.02391804	          0.01449451	          0.09917620	          0.00999999	          0.05928467	          0.16879314	          0.07076186	          0.00999999	          0.00999999	          0.00999999	          0.18410424	          0.10560849	          0.04136372	          0.00999999	          0.16619288	          0.17442432	          0.00999999	          0.00999999	          0.00999999	          0.14878650	          0.00999999	          0.06914603	          0.04931269	          0.01108099	          0.00999999	          0.00999999	          0.17410163	
          0.33967710	         -5.01194383	          1.44214150	         -2.90523326	          0.41388185	          1.02735118	         -0.00133631	          8.08866402	          0.25573062	          5.13399671	        -10.03585737	          6.62461022	          8.26644557	         30.73680596	          2.66984399	         -2.95622292	        -57.85001244	          5.21592370	          1.25787399	        -14.80844514	          4.25755836	          1.04862334	          0.00999999	          0.03095162	          0.01953840	          0.09468166	          0.00999999	          0.05871847	          0.18733562	          0.06694749	          0.00999999	          0.00999999	          0.00999999	          0.19356069	          0.11486732	          0.04989924	          0.00999999	          0.16474903	          0.17032879	          0.00999999	          0.00999999	          0.00999999	          0.12376301	          0.01911999	          0.07575323	          0.04818059	          0.01202188	          0.00999999	          0.00999999	          0.17594061	
          0.35180842	         -5.01084158	          1.47827169	         -3.29613824	          0.42688653	          1.02763050	         -0.00114987	          7.34187285	          0.19980766	          5.38439730	        -10.07751540	          6.87934904	          9.03381025	         31.54230750	          2.46095852	         -3.07045911	        -55.39940850	          5.50366590	          1.02727395	        -15.01631208	          4.24048246	          1.21454320	          0.00999999	          0.04266709	          0.01662403	          0.09059772	          0.00999999	          0.05838471	          0.20125301	          0.06235331	          0.00999999	          0.00999999	          0.00999999	          0.20326260	          0.12477020	          0.05988606	          0.00999999	          0.16347428	          0.16576027	          0.00999999	          0.00999999	          0.00999999	          0.10294807	          0.04274129	          0.09072235	          0.04604483	          0.01000000	          0.00999999	          0.00999999	          0.17598580	
          0.36393975	         -5.01039331	          1.48102162	         -3.68628656	          0.44000778	          1.02767437	         -0.00094732	          6.59845312	          0.17189194	          5.62193377	        -10.14976302	          7.17790658	          9.76886443	         32.13626483	          2.21150881	         -3.13942731	        -52.58144400	          5.71372168	          0.83464233	        -15.21030166	          4.24546150	          1.37602484	          0.00999999	          0.04858011	          0.02257957	          0.08788569	          0.00999999	          0.05803700	          0.21145448	          0.06110447	          0.00999999	          0.00999999	          0.00999999	          0.21326670	          0.13556006	          0.07003406	          0.00999999	          0.16494793	          0.16326660	          0.00999999	          0.00999999	          0.00999999	          0.08563386	          0.06328512	          0.11078154	          0.04306489	          0.00999999	          0.00999999	          0.00999999	          0.17505335	
          0.37607107	         -5.01147464	          1.45124143	         -4.07484508	          0.45326420	          1.02745055	         -0.00072993	          5.86060574	          0.17148615	          5.84185154	        -10.25847678	          7.52102629	         10.48235174	         32.51663798	          1.92265747	         -3.17919308	        -49.40684150	          5.83757763	          0.68119267	        -15.38762555	          4.27258111	          1.53184549	          0.00999999	          0.05126101	          0.03194916	          0.08592943	          0.00999999	          0.05803808	          0.21841480	          0.06208032	          0.00999999	          0.00999999	          0.00999999	          0.22363799	          0.14755669	          0.07925015	          0.00999999	          0.17167711	          0.16381440	          0.00999999	          0.00999999	          0.00999999	          0.07123163	          0.07969687	          0.13332676	          0.03929990	          0.00999999	          0.00999999	          0.00999999	          0.17420589	
          0.38820240	         -5.01531918	          1.39325464	         -4.46030878	          0.46666448	          1.02693060	         -0.00050045	          5.12936968	          0.19428394	          6.03883419	        -10.40500587	          7.90825708	         11.18780264	         32.69280463	          1.60320885	         -3.19432618	        -45.89930312	          5.89008639	          0.56160842	        -15.54660477	          4.31722410	          1.68161818	          0.00999999	          0.04608173	          0.04024703	          0.08727206	          0.01405635	          0.05859876	          0.22220411	          0.06411013	          0.00999999	          0.00999999	          0.00999999	          0.23445171	          0.16099041	          0.08687099	          0.00999999	          0.18114738	          0.16706047	          0.00999999	          0.00999999	          0.00999999	          0.05925162	          0.09253422	          0.15654824	          0.03488662	          0.00999999	          0.00999999	          0.00999999	          0.17443712	
          0.40033372	         -5.02306994	          1.31372413	         -4.84052832	          0.48021510	          1.02609253	         -0.00025860	          4.40191412	          0.23330223	          6.20649651	        -10.58270114	          8.33702321	         11.89913860	         32.68431794	          1.26590596	         -3.17963776	        -42.10169596	          5.89890618	          0.46511548	        -15.68571323	          4.37064651	          1.82521776	          0.00999999	          0.03833153	          0.04625845	          0.09060758	          0.01938163	          0.05952416	          0.22301676	          0.06618438	          0.00999999	          0.00999999	          0.00999999	          0.24580164	          0.17594484	          0.09242088	          0.00999999	          0.19291215	          0.17010991	          0.00999999	          0.00999999	          0.00999999	          0.04928645	          0.10426664	          0.17886224	          0.03107298	          0.00999999	          0.00999999	          0.00999999	          0.17559661	
          0.41246505	         -5.03542221	          1.22080020	         -5.21298981	          0.49392381	          1.02492540	         -0.00000235	          3.67250033	          0.27958281	          6.34080421	        -10.77972212	          8.80189597	         12.62932592	         32.51814876	          0.92360476	         -3.12723643	        -38.07626106	          5.88867758	          0.38327394	        -15.80342064	          4.42163217	          1.96231564	          0.00999999	          0.03188478	          0.04692960	          0.09296849	          0.02234382	          0.06094366	          0.22078100	          0.06895163	          0.00999999	          0.00999999	          0.00999999	          0.25780720	          0.19245924	          0.09533176	          0.00999999	          0.20677442	          0.17110999	          0.00999999	          0.00999999	          0.00999999	          0.04099727	          0.11653348	          0.19791861	          0.02712364	          0.00999999	          0.00999999	          0.00999999	          0.17700116	
          0.42459637	         -5.05240559	          1.12321075	         -5.57504576	          0.50780170	          1.02343337	          0.00027187	          2.93442766	          0.32343338	          6.44007937	        -10.98306198	          9.29357046	         13.39050405	         32.22477737	          0.58614095	         -3.03521194	        -33.89826647	          5.87390656	          0.31346053	        -15.89812857	          4.45798876	          2.09172829	          0.00999999	          0.02652228	          0.03903680	          0.09064391	          0.02088768	          0.06307198	          0.21581387	          0.07389549	          0.00999999	          0.00999999	          0.00999999	          0.27040766	          0.21018313	          0.09533724	          0.00999999	          0.22282201	          0.17253577	          0.00999999	          0.00999999	          0.00999999	          0.03410219	          0.12677905	          0.20928139	          0.02256189	          0.00999999	          0.00999999	          0.00999999	          0.17847141	
          0.43672770	         -5.07335526	          1.02994702	         -5.92418472	          0.52186477	          1.02163755	          0.00057010	          2.18197719	          0.35497820	          6.50611457	        -11.18257456	          9.80045851	         14.19206541	         31.83394260	          0.26050455	         -2.90983359	        -29.64691372	          5.86269551	          0.25542338	        -15.96792542	          4.46692309	          2.21088891	          0.00999999	          0.02206166	          0.03247144	          0.09125406	          0.01737471	          0.06144382	          0.21298684	          0.07451770	          0.00999999	          0.00999999	          0.00999999	          0.28346013	          0.22835634	          0.09353083	          0.00999999	          0.22951765	          0.16670963	          0.00999999	          0.00999999	          0.00999999	          0.02836675	          0.12256335	          0.19672287	          0.02208107	          0.00999999	          0.00999999	          0.00999999	          0.17957833	
          0.44885902	         -5.09706967	          0.94711072	         -6.25903384	          0.53614004	          1.01957659	          0.00089066	          1.40955696	          0.36658797	          6.54741781	        -11.36990283	         10.30687625	         15.03954594	         31.36694045	         -0.04859913	         -2.75403160	        -25.38934537	          5.85482491	          0.20898586	        -16.01024495	          4.44098437	          2.31888170	          0.00999999	          0.01835124	          0.02701026	          0.09615634	          0.01445256	          0.05733257	          0.21306296	          0.06890342	          0.00999999	          0.00999999	          0.00999999	          0.29687833	          0.24700774	          0.08953206	          0.00999999	          0.23340250	          0.15911934	          0.00999999	          0.00999999	          0.00999999	          0.02359592	          0.10243093	          0.17269968	          0.01895703	          0.00999999	          0.00999999	          0.00999999	          0.18058030	
          0.46099035	         -5.12242103	          0.88064325	         -6.57931024	          0.55066141	          1.01730163	          0.00122418	          0.61216188	          0.35042782	          6.57274713	        -11.53567783	         10.78521776	         15.94718163	         30.83972145	         -0.33489651	         -2.55808154	        -21.18597379	          5.84820551	          0.17319437	        -16.02165493	          4.37483244	          2.41592623	          0.00999999	          0.01526486	          0.02246757	          0.10203441	          0.01202188	          0.05282764	          0.21288805	          0.06116902	          0.00999999	          0.00999999	          0.00999999	          0.31035247	          0.26554101	          0.07580517	          0.00999999	          0.24027428	          0.15456393	          0.00999999	          0.00999999	          0.00999999	          0.01962747	          0.08520370	          0.15598716	          0.02425823	          0.00999999	          0.00999999	          0.00999999	          0.18223176	
          0.47312167	         -5.14831447	          0.83465913	         -6.88528744	          0.56545962	          1.01487927	          0.00156127	         -0.21734744	          0.30080054	          6.58482115	        -11.66315310	         11.19465642	         16.93909175	         30.26989079	         -0.59528251	         -2.31751027	        -17.10660012	          5.84308771	          0.14714195	        -16.00009083	          4.26521823	          2.50348393	          0.00999999	          0.01269756	          0.01868889	          0.10375018	          0.00999999	          0.04803466	          0.21128791	          0.05454235	          0.00999999	          0.00999999	          0.00999999	          0.32344208	          0.28293549	          0.06305597	          0.01180985	          0.25088503	          0.14833006	          0.00999999	          0.01226005	          0.00999999	          0.01632644	          0.07087382	          0.14319979	          0.02398079	          0.01000000	          0.00999999	          0.00999999	          0.18472119	
          0.48525300	         -5.17390792	          0.81300756	         -7.17506774	          0.58056025	          1.01237957	          0.00189115	         -1.08397842	          0.21306107	          6.58095409	        -11.74286682	         11.51819318	         18.01123548	         29.67918125	         -0.82521003	         -2.04524768	        -13.23678324	          5.85312482	          0.12974751	        -15.94407439	          4.10902476	          2.58195636	          0.00999999	          0.01056203	          0.01554572	          0.09784508	          0.00999999	          0.04437646	          0.20877287	          0.04981534	          0.00999999	          0.00999999	          0.00999999	          0.33568346	          0.29816412	          0.05245097	          0.01477768	          0.26646841	          0.14493713	          0.00999999	          0.01793178	          0.00999999	          0.01358060	          0.05895398	          0.13568940	          0.02091404	          0.01253329	          0.00999999	          0.00999999	          0.18619265	
          0.49738432	         -5.19830982	          0.81700754	         -7.44510692	          0.59598170	          1.00986356	          0.00220558	         -1.98771753	          0.08645650	          6.55574909	        -11.77521998	         11.74165835	         19.15545996	         29.08547762	         -1.01884780	         -1.77245556	         -9.64476108	          5.89241592	          0.12053136	        -15.85352965	          3.90506227	          2.65145664	          0.00999999	          0.00999999	          0.01293118	          0.09167125	          0.00999999	          0.03882931	          0.20982570	          0.04603670	          0.00999999	          0.00999999	          0.00999999	          0.34662768	          0.31041908	          0.04362956	          0.01229232	          0.27992442	          0.14427109	          0.00999999	          0.02217136	          0.00999999	          0.01129656	          0.04903887	          0.13002005	          0.01739663	          0.01799800	          0.00999999	          0.00999999	          0.18688639	
          0.50951565	         -5.22077420	          0.84550897	         -7.69128780	          0.61173805	          1.00737651	          0.00249782	         -2.92721820	         -0.07668356	          6.50244965	        -11.76260173	         11.84947465	         20.36714812	         28.50139666	         -1.16999119	         -1.53068464	         -6.37026072	          5.96149753	          0.11905065	        -15.72927556	          3.65464531	          2.71149136	          0.00999999	          0.00999999	          0.01075637	          0.08620121	          0.00999999	          0.03229885	          0.21564334	          0.03892032	          0.00999999	          0.00999999	          0.00999999	          0.35572987	          0.31893667	          0.03629177	          0.01022495	          0.28681732	          0.14425661	          0.01098024	          0.02368341	          0.02013479	          0.00999999	          0.04079133	          0.13226620	          0.01447080	          0.02258233	          0.00999999	          0.00999999	          0.18679805	
          0.52164697	         -5.24032258	          0.89563609	         -7.91085645	          0.62784235	          1.00494742	          0.00276371	         -3.89860470	         -0.27168245	          6.42002509	        -11.71412466	         11.83075912	         21.64296234	         27.93963932	         -1.27324096	         -1.33807106	         -3.45404173	          6.04272190	          0.12522573	        -15.57238063	          3.36088420	          2.76209886	          0.00999999	          0.00999999	          0.00999999	          0.07700494	          0.00999999	          0.02686670	          0.23284063	          0.03237455	          0.00999999	          0.00999999	          0.00999999	          0.36254700	          0.32324048	          0.03018808	          0.01469277	          0.29421694	          0.13684226	          0.01625529	          0.02773038	          0.04363394	          0.00999999	          0.03393088	          0.14777041	          0.01203705	          0.02345497	          0.00999999	          0.00999999	          0.18566885	
          0.53377830	         -5.25542855	          0.96245614	         -8.10118880	          0.64430933	          1.00259138	          0.00299884	         -4.89283282	         -0.49081674	          6.30822851	        -11.65193700	         11.68138265	         22.98073198	         27.41409070	         -1.32363792	         -1.19265665	         -0.95197583	          6.10415630	          0.13851206	        -15.38364539	          3.02929112	          2.80512811	          0.00999999	          0.00999999	          0.00999999	          0.06592106	          0.00999999	          0.02234816	          0.25826930	          0.02692967	          0.00999999	          0.00999999	          0.00999999	          0.36659547	          0.32310148	          0.02511093	          0.01932127	          0.29876047	          0.12051642	          0.02739000	          0.04065946	          0.06159798	          0.07566562	          0.02822426	          0.15565752	          0.01737470	          0.02010411	          0.01345242	          0.01000001	          0.18682668	
          0.54590962	         -5.26426616	          1.04049934	         -8.25903595	          0.66115795	          1.00031012	          0.00319456	         -5.89657800	         -0.72538241	          6.16515770	        -11.60860582	         11.40350715	         24.37859544	         26.94011935	         -1.31545771	         -1.08686008	          1.06450557	          6.11821732	          0.15657229	        -15.16267205	          2.66681116	          2.84396157	          0.00999999	          0.00999999	          0.00999999	          0.05623364	          0.00999999	          0.01858956	          0.28405363	          0.02240054	          0.01000000	          0.00999999	          0.00999999	          0.36745694	          0.31879371	          0.02088768	          0.02853744	          0.29523795	          0.10506699	          0.03797545	          0.05323450	          0.07414434	          0.18206621	          0.02347739	          0.15216816	          0.01445256	          0.01672292	          0.02668768	          0.00999999	          0.19355099	
          0.55804095	         -5.26491322	          1.12195133	         -8.38128109	          0.67841149	          0.99809312	          0.00334261	         -6.89460810	         -0.96392625	          5.98548140	        -11.62221736	         11.00318800	         25.83479024	         26.53301198	         -1.24749437	         -1.01427677	          2.51569753	          6.09233406	          0.17564769	        -14.90825985	          2.28354812	          2.88168715	          0.00999999	          0.00999999	          0.00999999	          0.05661561	          0.00999999	          0.01546309	          0.30125851	          0.01863313	          0.02958302	          0.00999999	          0.00999999	          0.36475294	          0.31025912	          0.01737471	          0.02751030	          0.27627093	          0.09166141	          0.04750604	          0.06356445	          0.07965907	          0.27739276	          0.01952887	          0.13484817	          0.01202188	          0.01391040	          0.04094774	          0.00999999	          0.19921469	
          0.57017227	         -5.25581862	          1.19897266	         -8.46768721	          0.69610265	          0.99591666	          0.00343574	         -7.86820077	         -1.19483244	          5.76205652	        -11.73754287	         10.48941073	         27.34951455	         26.19021977	         -1.12234164	         -0.97464562	          3.36455715	          6.04436692	          0.19306566	        -14.61738897	          1.89085998	          2.92143200	          0.00999999	          0.00999999	          0.00999999	          0.05050625	          0.00999999	          0.01286245	          0.31106796	          0.02169805	          0.04821476	          0.00999999	          0.00999999	          0.35819078	          0.29775085	          0.01445256	          0.02288351	          0.25683783	          0.07624544	          0.05348798	          0.07627468	          0.08058818	          0.34281986	          0.01624443	          0.11216888	          0.00999999	          0.01157089	          0.04886094	          0.01202187	          0.20763818	
          0.58230360	         -5.23572500	          1.25689676	         -8.51583030	          0.71427587	          0.99374155	          0.00346398	         -8.80322894	         -1.39941040	          5.49102366	        -11.99358556	          9.86911053	         28.92244186	         25.89050852	         -0.94778133	         -0.99033678	          3.62093885	          5.98919076	          0.21263461	        -14.28607279	          1.50899140	          2.96531467	          0.00999999	          0.00999999	          0.00999999	          0.04201191	          0.00999999	          0.01069920	          0.31043973	          0.02511094	          0.04010582	          0.00999999	          0.00999999	          0.34747596	          0.28219965	          0.01202188	          0.01903487	          0.24524234	          0.06342219	          0.05291966	          0.07906331	          0.08302453	          0.37155796	          0.01351238	          0.09330389	          0.00999999	          0.00999999	          0.06176425	          0.00999999	          0.20229914	
          0.59443492	         -5.20394932	          1.28459209	         -8.52169529	          0.73296290	          0.99152061	          0.00342561	         -9.69309659	         -1.56334756	          5.17148096	        -12.41266502	          9.14964414	         30.54419860	         25.61169534	         -0.73332545	         -1.07683224	          3.30275288	          5.71667954	          0.23399501	        -13.91055006	          1.15229690	          3.01329792	          0.00999999	          0.00999999	          0.00999999	          0.03494619	          0.00999999	          0.02306948	          0.29801970	          0.02088768	          0.03336067	          0.00999999	          0.00999999	          0.33280415	          0.26163736	          0.00999999	          0.01583351	          0.22799435	          0.05275560	          0.05492471	          0.08545331	          0.07721680	          0.33600566	          0.01123982	          0.07761168	          0.00999999	          0.00999999	          0.05137650	          0.01564749	          0.22087678	
          0.60656625	         -5.16070202	          1.28890851	         -8.48213441	          0.75214215	          0.98923702	          0.00333356	        -10.50891684	         -1.68924953	          4.80871200	        -13.04711885	          8.34647140	         32.19411791	         25.33965633	         -0.49314846	         -1.22118023	          2.33708983	          5.10494133	          0.27245236	        -13.49016561	          0.81234070	          3.06096996	          0.00999999	          0.00999999	          0.04122328	          0.02906880	          0.02372578	          0.02730558	          0.25936328	          0.01737471	          0.06312580	          0.00999999	          0.00999999	          0.31219580	          0.24019213	          0.00999999	          0.01317057	          0.18964938	          0.04388296	          0.04568726	          0.09629476	          0.06423018	          0.27949493	          0.06567529	          0.06455865	          0.00999999	          0.00999999	          0.04362957	          0.01301583	          0.23664916	
          0.61869757	         -5.11058558	          1.30127458	         -8.39168187	          0.77160385	          0.98706238	          0.00322126	        -11.15522930	         -1.79810201	          4.39958628	        -14.02534503	          7.44146300	         33.85996377	         25.02831572	         -0.27511292	         -1.31921419	          0.93108332	          4.35436812	          0.22261635	        -13.04281505	          0.45064733	          3.09650646	          0.00999999	          0.00999999	          0.07121609	          0.02417990	          0.03273781	          0.03251416	          0.21574256	          0.01445256	          0.08638378	          0.00999999	          0.00999999	          0.28804408	          0.20146720	          0.00999999	          0.01095549	          0.17684371	          0.03650255	          0.08992718	          0.08009953	          0.06041325	          0.23248839	          0.09025995	          0.05370092	          0.00999999	          0.00999999	          0.03629178	          0.01202188	          0.28741538	
          0.63082890	         -5.06356709	          1.33526582	         -8.24874471	          0.79094862	          0.98536608	          0.00305107	        -11.49395167	         -1.89596409	          3.94864417	        -15.51177382	          6.37694104	         35.48962573	         24.62717804	         -0.03752842	         -1.39241928	         -0.28826539	          3.52427588	          0.20447355	        -12.61172738	          0.05456649	          3.11927290	          0.00999999	          0.00999999	          0.05923870	          0.02011323	          0.04225743	          0.03713613	          0.17945814	          0.01202188	          0.10992839	          0.00999999	          0.00999999	          0.24897145	          0.16758367	          0.00999999	          0.00999999	          0.14710145	          0.03036341	          0.14205246	          0.07584807	          0.06207098	          0.19338760	          0.13660888	          0.04466930	          0.00999999	          0.00999999	          0.03018809	          0.00999999	          0.33861076	
          0.64296022	         -5.02588523	          1.38918029	         -8.05597102	          0.80980750	          0.98445946	          0.00283323	        -11.40710225	         -1.97585388	          3.46922394	        -17.64945865	          5.13005546	         36.92187313	         24.19871197	          0.22768801	         -1.41642992	         -1.39188374	          2.75736759	          0.15379461	        -12.23716178	         -0.37770351	          3.12591830	          0.03268741	          0.00999999	          0.04927570	          0.01673051	          0.06564317	          0.03281710	          0.14927618	          0.00999999	          0.13717499	          0.00999999	          0.00999999	          0.20709847	          0.13939880	          0.00999999	          0.00999999	          0.12236136	          0.02525678	          0.18949537	          0.10087207	          0.05821811	          0.16086292	          0.17049345	          0.03715664	          0.00999999	          0.00999999	          0.02511094	          0.00999999	          0.36055523	
          0.65509155	         -4.99903096	          1.45034704	         -7.81477023	          0.82797665	          0.98449602	          0.00259347	        -10.82845214	         -2.02695316	          2.98040364	        -20.52406934	          3.76284804	         37.78971561	         23.77990641	          0.50460073	         -1.39976397	         -2.49759699	          2.39144561	          0.11227823	        -11.94107631	         -0.83441676	          3.11119356	          0.06377864	          0.00999999	          0.04098832	          0.01391671	          0.08534764	          0.02729780	          0.12417033	          0.00999999	          0.13878480	          0.00999999	          0.00999999	          0.17226785	          0.11595417	          0.00999999	          0.00999999	          0.10178215	          0.02100899	          0.22168368	          0.11529744	          0.05615676	          0.13380838	          0.19368657	          0.03090749	          0.00999999	          0.00999999	          0.02088768	          0.01183821	          0.34955092	
          0.66722287	         -4.98307863	          1.50248856	         -7.52539247	          0.84537511	          0.98553501	          0.00236539	         -9.74627713	         -2.03991929	          2.49938796	        -24.13387876	          2.31899897	         37.71527764	         23.35178927	          0.77375820	         -1.34562706	         -3.54154608	          2.32045680	          0.08354364	        -11.73101847	         -1.29849935	          3.07099730	          0.08839720	          0.00999999	          0.03409475	          0.01157614	          0.10196790	          0.02270675	          0.10328689	          0.00999999	          0.11544344	          0.00999999	          0.00999999	          0.14329517	          0.09645255	          0.00999999	          0.00999999	          0.08466404	          0.01747562	          0.23195563	          0.12902238	          0.05158889	          0.11130397	          0.19841789	          0.02570935	          0.00999999	          0.02607575	          0.01737471	          0.02066166	          0.32749380	
          0.67935420	         -4.97570745	          1.52893471	         -7.18543684	          0.86206825	          0.98746872	          0.00218204	         -8.22435757	         -2.00439876	          2.05716685	        -28.31825525	          0.65418230	         36.70460618	         22.87800078	          1.01755892	         -1.24936374	         -4.45058679	          2.43344756	          0.06972986	        -11.59801030	         -1.75108519	          3.00027058	          0.08360577	          0.00999999	          0.03760225	          0.00999999	          0.11329714	          0.01888784	          0.08591570	          0.00999999	          0.09602772	          0.00999999	          0.00999999	          0.11919524	          0.08023079	          0.01930084	          0.00999999	          0.07042491	          0.01453650	          0.23050703	          0.14176270	          0.04964826	          0.09258443	          0.17789186	          0.02138545	          0.00999999	          0.02169023	          0.01445256	          0.02224527	          0.29722422	
          0.69148552	         -4.97371757	          1.52262467	         -6.79907774	          0.87819545	          0.99002264	          0.00207053	         -6.36903131	         -1.91557229	          1.69046129	        -32.86750794	         -1.18611276	         34.61406477	         22.33650066	          1.22664535	         -1.10274182	         -5.19109320	          2.63800058	          0.06964377	        -11.52362915	         -2.18262654	          2.90020772	          0.09853353	          0.03980919	          0.06175579	          0.00999999	          0.09424239	          0.01571121	          0.07146607	          0.00999999	          0.07987740	          0.00999999	          0.00999999	          0.09914852	          0.06673726	          0.05636435	          0.00999999	          0.05858058	          0.01209170	          0.22109527	          0.13082128	          0.04658405	          0.07701323	          0.15680220	          0.01778876	          0.00999999	          0.02948012	          0.01202188	          0.01850397	          0.26962774	
          0.70361685	         -4.97404705	          1.48104032	         -6.37300107	          0.89387176	          0.99287643	          0.00202088	         -4.30785215	         -1.76590957	          1.42033946	        -37.57929556	         -2.86727222	         31.18214927	         21.73562126	          1.39669977	         -0.89989773	         -5.78311889	          2.85916044	          0.07996844	        -11.49414432	         -2.58085982	          2.77375904	          0.09870811	          0.06507931	          0.09911296	          0.00999999	          0.07839234	          0.01306884	          0.05944663	          0.00999999	          0.06644331	          0.00999999	          0.00999999	          0.08247334	          0.05551313	          0.14956048	          0.00999999	          0.04872827	          0.01005807	          0.20627886	          0.11218574	          0.04361241	          0.06406084	          0.13881162	          0.01479698	          0.00999999	          0.03234227	          0.00999999	          0.01539190	          0.24730692	
          0.71574817	         -4.97499396	          1.41385999	         -5.91096731	          0.90916171	          0.99575156	          0.00202560	         -2.17850187	         -1.53169121	          1.28159385	        -42.25189426	         -3.70792005	         26.82859137	         21.10948059	          1.53497370	         -0.65083111	         -6.28459723	          3.03830822	          0.09514619	        -11.50157336	         -2.94850416	          2.62091067	          0.08210700	          0.07766217	          0.11990440	          0.00999999	          0.06520801	          0.01087087	          0.05927570	          0.00999999	          0.07462597	          0.04864441	          0.00999999	          0.06860266	          0.04617672	          0.16425259	          0.00999999	          0.04053296	          0.00999999	          0.19566487	          0.10089919	          0.04532341	          0.05328684	          0.13018849	          0.01230837	          0.00999999	          0.02893175	          0.00999999	          0.01280323	          0.23088637	
          0.72787950	         -4.97666670	          1.32692506	         -5.41874930	          0.92413205	          0.99853332	          0.00207617	         -0.07875544	         -1.20901554	          1.22582823	        -46.62643625	         -3.55868450	         22.98581567	         20.47956640	          1.64410163	         -0.37716429	         -6.73935225	          3.17806169	          0.10778923	        -11.53903059	         -3.28654976	          2.44556700	          0.06829793	          0.09063761	          0.13092967	          0.00999999	          0.05447968	          0.00999999	          0.07717081	          0.00999999	          0.07933179	          0.10239164	          0.00999999	          0.05706480	          0.03841054	          0.17712647	          0.00999999	          0.03371597	          0.00999999	          0.18929037	          0.09620147	          0.05111659	          0.04432486	          0.12432010	          0.01023830	          0.00999999	          0.02406590	          0.00999999	          0.01064994	          0.21445776	
          0.74001082	         -4.97951988	          1.21918035	         -4.90653908	          0.93884424	          1.00121190	          0.00214606	          1.97028238	         -0.82836083	          1.17784058	        -50.56552812	         -3.13453154	         19.71142049	         19.84833278	          1.72102080	         -0.09459960	         -7.16287916	          3.31144563	          0.11871934	        -11.60117501	         -3.58757109	          2.25721125	          0.05681132	          0.09650679	          0.14231538	          0.00999999	          0.06212309	          0.00999999	          0.09801341	          0.00999999	          0.08059555	          0.16370052	          0.00999999	          0.05143300	          0.03195051	          0.16989756	          0.00999999	          0.02804549	          0.00999999	          0.18190649	          0.10295450	          0.05638659	          0.03687013	          0.12389533	          0.00999999	          0.00999999	          0.02083703	          0.01000000	          0.00999999	          0.19959724	
          0.75214215	         -4.98379189	          1.09249890	         -4.37855356	          0.95334915	          1.00378278	          0.00222267	          3.95626152	         -0.40154279	          1.12380335	        -53.98969415	         -2.64174095	         16.90654511	         19.20725271	          1.76701106	          0.18937885	         -7.54445684	          3.44504954	          0.13349004	        -11.68302738	         -3.85038706	          2.05939165	          0.04725657	          0.10833797	          0.14917591	          0.00999999	          0.06647543	          0.00999999	          0.12619345	          0.00999999	          0.08140135	          0.21005782	          0.00999999	          0.04993243	          0.02657695	          0.16403482	          0.00999999	          0.02332869	          0.00999999	          0.17413713	          0.10524993	          0.06209040	          0.03066917	          0.12724299	          0.00999999	          0.00999999	          0.01733258	          0.02006677	          0.00999999	          0.18842363	
          0.76427347	         -4.98939622	          0.95059022	         -3.83955646	          0.96767611	          1.00624279	          0.00229713	          5.87969423	          0.06049767	          1.06183938	        -56.86734392	         -2.13593347	         14.50113331	         18.55111157	          1.78515408	          0.47658439	         -7.87479813	          3.56914563	          0.16030500	        -11.78192795	         -4.07657744	          1.85435672	          0.03930878	          0.12740491	          0.14901118	          0.00999999	          0.06090601	          0.00999999	          0.16266017	          0.00999999	          0.07841671	          0.23834087	          0.00999999	          0.04702158	          0.02210713	          0.15947490	          0.00999999	          0.02042154	          0.00999999	          0.16611924	          0.09416394	          0.06717435	          0.02551111	          0.13595345	          0.00999999	          0.00999999	          0.01856800	          0.03211997	          0.00999999	          0.17686110	
          0.77640480	         -4.99609198	          0.79417162	         -3.29776401	          0.98183353	          1.00858715	          0.00235963	          7.75185523	          0.53835496	          0.97577593	        -59.20852873	         -1.62689472	         12.43480508	         17.88285124	          1.77504022	          0.77033945	         -8.16417178	          3.70767946	          0.21503788	        -11.89752083	         -4.26396239	          1.64559626	          0.03269768	          0.14606320	          0.14637235	          0.00999999	          0.05066260	          0.00999999	          0.21022924	          0.00999999	          0.07808022	          0.24752399	          0.00999999	          0.04355842	          0.01838907	          0.15643413	          0.00999999	          0.02088768	          0.01370692	          0.16066601	          0.07832708	          0.06996917	          0.02122055	          0.14185313	          0.00999999	          0.00999999	          0.02278371	          0.04438243	          0.00999999	          0.16413220	
          0.78853612	         -5.00331562	          0.62520059	         -2.76228522	          0.99581523	          1.01081027	          0.00240350	          9.59027722	          1.00692591	          0.84729937	        -61.05582958	         -1.10224633	         10.65803943	         17.20761582	          1.73822344	          1.07640841	         -8.42451788	          3.87433293	          0.31433008	        -12.03110534	         -4.41266227	          1.43594738	          0.02719846	          0.15806436	          0.14336280	          0.00999999	          0.04214197	          0.00999999	          0.26690618	          0.00999999	          0.07869532	          0.23903518	          0.00999999	          0.03722143	          0.01529633	          0.15315057	          0.00999999	          0.01737471	          0.01686607	          0.15627563	          0.06515373	          0.07098807	          0.01765160	          0.14487627	          0.00999999	          0.00999999	          0.02776892	          0.05625995	          0.00999999	          0.15073470	
          0.80066745	         -5.01034431	          0.44531158	         -2.23960610	          1.00961702	          1.01290416	          0.00242611	         11.41129260	          1.44799716	          0.66890753	        -62.46833307	         -0.55174071	          9.12964805	         16.52787186	          1.67613696	          1.39402851	         -8.66064130	          4.06714219	          0.46832406	        -12.18333258	         -4.52329058	          1.22657829	          0.02262411	          0.16713187	          0.14119205	          0.00999999	          0.03505437	          0.00999999	          0.32791462	          0.00999999	          0.07842028	          0.21758303	          0.00999999	          0.03096139	          0.01272373	          0.14980021	          0.00999999	          0.01445257	          0.01554283	          0.15185913	          0.05419592	          0.07063881	          0.01468288	          0.14416858	          0.00999999	          0.00999999	          0.02891583	          0.06809650	          0.00999999	          0.13660225	
          0.81279877	         -5.01645561	          0.25675131	         -1.73400288	          1.02324021	          1.01485940	          0.00242678	         13.22735646	          1.84954354	          0.44190834	        -63.51058501	          0.01324874	          7.81540386	         15.84648949	          1.59112321	          1.72076165	         -8.87918065	          4.28790912	          0.69696633	        -12.35367233	         -4.59768037	          1.01856110	          0.01881910	          0.17262863	          0.13979011	          0.00999999	          0.02915879	          0.00999999	          0.38879808	          0.00999999	          0.07935230	          0.18412047	          0.00999999	          0.02575418	          0.01058380	          0.14746323	          0.00999999	          0.01202188	          0.01292878	          0.14811761	          0.04508104	          0.06859229	          0.01221346	          0.13961840	          0.00999999	          0.00999999	          0.03050079	          0.08008855	          0.00999999	          0.12094231	
          0.82493010	         -5.02104471	          0.06329342	         -1.24772261	          1.03668993	          1.01666753	          0.00240660	         15.04722921	          2.20306517	          0.17279910	        -64.24900795	          0.57327605	          6.68535122	         15.16633433	          1.48744323	          2.05468975	         -9.08708613	          4.53825867	          1.02284972	        -12.54093827	         -4.63999375	          0.81245609	          0.01678305	          0.17508496	          0.14117954	          0.00999999	          0.02425475	          0.00999999	          0.44292800	          0.00999999	          0.07969146	          0.15315438	          0.00999999	          0.02142274	          0.00999999	          0.14771391	          0.00999999	          0.00999999	          0.01075437	          0.14490249	          0.03749914	          0.06598357	          0.01015935	          0.13238400	          0.00999999	          0.00999999	          0.02742999	          0.09195302	          0.01000000	          0.10434559	
          0.83706142	         -5.02381678	         -0.13130871	         -0.78105212	          1.04997480	          1.01832283	          0.00236735	         16.87457902	          2.50312134	         -0.13048529	        -64.74229518	          1.11561493	          5.71286804	         14.48964843	          1.36944705	          2.39187162	         -9.28650050	          4.79850938	          1.45304424	        -12.74355046	         -4.65477736	          0.60857784	          0.01816500	          0.17576569	          0.14536906	          0.00999999	          0.02017549	          0.00999999	          0.48140595	          0.00999999	          0.07931909	          0.12739628	          0.00999999	          0.01781978	          0.00999999	          0.14883888	          0.00999999	          0.00999999	          0.00999999	          0.14258585	          0.03119239	          0.06324556	          0.00999999	          0.12310143	          0.00999999	          0.00999999	          0.02281671	          0.10338541	          0.01807874	          0.09071649	
          0.84919275	         -5.02487352	         -0.32350202	         -0.33289344	          1.06310757	          1.01982609	          0.00231082	         18.70609979	          2.74573113	         -0.46054459	        -65.03086665	          1.64551144	          4.87603548	         13.81570324	          1.24137543	          2.72829482	         -9.47306185	          5.04655761	          1.98848699	        -12.95960285	         -4.64666396	          0.40747227	          0.02059813	          0.17419484	          0.15099038	          0.00999999	          0.01678230	          0.00999999	          0.49386778	          0.00999999	          0.07845695	          0.10597028	          0.00999999	          0.01482278	          0.00999999	          0.15065337	          0.00999999	          0.00999999	          0.00999999	          0.14055145	          0.02594633	          0.06062182	          0.00999999	          0.11363215	          0.00999999	          0.00999999	          0.01897931	          0.11453220	          0.03023241	          0.07855568	
          0.86132407	         -5.02453782	         -0.51052230	          0.09896621	          1.07610850	          1.02118550	          0.00223849	         20.52966540	          2.92857432	         -0.81050663	        -65.12899617	          2.16667279	          4.15683059	         13.14047516	          1.10658253	          3.06035860	         -9.64118860	          5.28267732	          2.62169106	        -13.18656905	         -4.61962318	          0.20979739	          0.02249535	          0.16969957	          0.15725230	          0.00999999	          0.01395979	          0.00999999	          0.44915835	          0.00999999	          0.07771454	          0.08814779	          0.00999999	          0.01232983	          0.00999999	          0.15281279	          0.00999999	          0.00999999	          0.00999999	          0.13772376	          0.02158258	          0.05849725	          0.00999999	          0.10439152	          0.00999999	          0.00999999	          0.01578730	          0.12531181	          0.04302736	          0.06772644	
          0.87345540	         -5.02321749	         -0.69001852	          0.51765805	          1.08900901	          1.02241558	          0.00215147	         22.32052938	          3.05079988	         -1.17304123	        -65.01458186	          2.67336472	          3.53971610	         12.45635044	          0.96787479	          3.38620365	         -9.77953564	          5.50503190	          3.33558707	        -13.42088416	         -4.57747687	          0.01624819	          0.02312955	          0.16428785	          0.16384827	          0.00999999	          0.01161198	          0.00999999	          0.37361716	          0.00999999	          0.07729052	          0.07332276	          0.00999999	          0.01025615	          0.00999999	          0.15531967	          0.00999999	          0.00999999	          0.00999999	          0.13372615	          0.01795274	          0.05736301	          0.01000003	          0.09548383	          0.00999999	          0.00999999	          0.01313214	          0.13576561	          0.05530581	          0.05831600	
          0.88558672	         -5.02133515	         -0.85957283	          0.92656466	          1.10184540	          1.02353129	          0.00205040	         24.04594518	          3.11304683	         -1.53928936	        -64.64293441	          3.15981040	          3.01048512	         11.75634948	          0.82802756	          3.70446988	         -9.87826620	          5.70975817	          4.10967538	        -13.65863209	         -4.52428174	         -0.17248193	          0.02088572	          0.16040868	          0.16866586	          0.00999999	          0.00999999	          0.00999999	          0.31078078	          0.00999999	          0.07682151	          0.06099105	          0.00999999	          0.00999999	          0.00999999	          0.15923000	          0.00999999	          0.00999999	          0.00999999	          0.12854844	          0.01493338	          0.05685845	          0.05073660	          0.09007222	          0.00999999	          0.00999999	          0.01092353	          0.14599813	          0.06698695	          0.04933933	
          0.89771805	         -5.01921414	         -1.01643248	          1.32865971	          1.11464711	          1.02453989	          0.00193577	         25.67556893	          3.11813349	         -1.89770075	        -63.97493942	          3.62109115	          2.55556621	         11.04224618	          0.69054787	          4.01317888	         -9.94314065	          5.89456791	          4.92740662	        -13.89686570	         -4.46437456	         -0.35617181	          0.01737471	          0.15805173	          0.17267333	          0.00999999	          0.00999999	          0.00999999	          0.25851247	          0.00999999	          0.07517532	          0.05378858	          0.00999999	          0.00999999	          0.00999999	          0.16311892	          0.00999999	          0.00999999	          0.00999999	          0.12082735	          0.01242182	          0.05765933	          0.08651830	          0.08480209	          0.00999999	          0.00999999	          0.00999999	          0.15588796	          0.07771602	          0.04156193	
          0.90984937	         -5.01709756	         -1.15742919	          1.72627619	          1.12744136	          1.02544074	          0.00180826	         27.18178146	          3.07157997	         -2.23340786	        -62.98006555	          4.06236098	          2.16317653	         10.31630116	          0.55941511	          4.31097599	         -9.98138109	          6.06253895	          5.77290242	        -14.13298876	         -4.40234224	         -0.53504939	          0.01445256	          0.15871770	          0.17534843	          0.00999999	          0.00999999	          0.00999999	          0.21503484	          0.00999999	          0.07247658	          0.05119278	          0.00999999	          0.00999999	          0.00999999	          0.16706873	          0.00999999	          0.01000985	          0.00999999	          0.11226483	          0.01033267	          0.05877596	          0.11771314	          0.08159044	          0.00999999	          0.00999999	          0.00999999	          0.16543330	          0.08746496	          0.03654866	
          0.92198070	         -5.01514977	         -1.27854560	          2.12094632	          1.14025447	          1.02622463	          0.00166642	         28.54021575	          2.97842401	         -2.53149982	        -61.63534903	          4.48117665	          1.82229386	          9.57953455	          0.43944598	          4.59675152	        -10.00043765	          6.22779843	          6.62542345	        -14.36461512	         -4.34320108	         -0.70958658	          0.01202188	          0.16328349	          0.17623742	          0.00999999	          0.00999999	          0.00999999	          0.17886945	          0.00999999	          0.06982714	          0.05004290	          0.00999999	          0.00999999	          0.00999999	          0.17081666	          0.00999999	          0.01724555	          0.00999999	          0.10512350	          0.00999999	          0.05944244	          0.14545724	          0.07535126	          0.00999999	          0.00999999	          0.00999999	          0.17476654	          0.09662249	          0.03645682	
          0.93411202	         -5.01341012	         -1.37463209	          2.51365542	          1.15310812	          1.02687126	          0.00150881	         29.73091823	          2.84270099	         -2.77683903	        -59.92775765	          4.86936734	          1.52274359	          8.83560916	          0.33678212	          4.87144960	        -10.01402557	          6.41017701	          7.46189914	        -14.59029725	         -4.29329563	         -0.88037642	          0.00999999	          0.16619288	          0.17442432	          0.00999999	          0.00999999	          0.00999999	          0.14878650	          0.00999999	          0.06914603	          0.04931269	          0.01108099	          0.00999999	          0.00999999	          0.17410163	          0.00999999	          0.02391804	          0.01449451	          0.09917620	          0.00999999	          0.05928467	          0.16879314	          0.07076186	          0.00999999	          0.00999999	          0.00999999	          0.18410424	          0.10560849	          0.04136372	
          0.94624334	         -5.01194383	         -1.44214150	          2.90523326	          1.16602400	          1.02735118	          0.00133631	         30.73680596	          2.66984399	         -2.95622292	        -57.85001244	          5.21592370	          1.25787399	          8.08866402	          0.25573062	          5.13399671	        -10.03585737	          6.62461022	          8.26644557	        -14.80844514	         -4.25755836	         -1.04862334	          0.00999999	          0.16474903	          0.17032879	          0.00999999	          0.00999999	          0.00999999	          0.12376301	          0.01911999	          0.07575323	          0.04818059	          0.01202188	          0.00999999	          0.00999999	          0.17594061	          0.00999999	          0.03095162	          0.01953840	          0.09468166	          0.00999999	          0.05871847	          0.18733562	          0.06694749	          0.00999999	          0.00999999	          0.00999999	          0.19356069	          0.11486732	          0.04989924	
          0.95837467	         -5.01084158	         -1.47827169	          3.29613824	          1.17902868	          1.02763050	          0.00114987	         31.54230750	          2.46095852	         -3.07045911	        -55.39940850	          5.50366590	          1.02727395	          7.34187285	          0.19980766	          5.38439730	        -10.07751540	          6.87934904	          9.03381025	        -15.01631208	         -4.24048246	         -1.21454320	          0.00999999	          0.16347428	          0.16576027	          0.00999999	          0.00999999	          0.00999999	          0.10294807	          0.04274129	          0.09072235	          0.04604483	          0.01000000	          0.00999999	          0.00999999	          0.17598580	          0.00999999	          0.04266709	          0.01662403	          0.09059772	          0.00999999	          0.05838471	          0.20125301	          0.06235331	          0.00999999	          0.00999999	          0.00999999	          0.20326260	          0.12477020	          0.05988606	
          0.97050599	         -5.01039331	         -1.48102162	          3.68628656	          1.19214993	          1.02767437	          0.00094732	         32.13626483	          2.21150881	         -3.13942731	        -52.58144400	          5.71372168	          0.83464233	          6.59845312	          0.17189194	          5.62193377	        -10.14976302	          7.17790658	          9.76886443	        -15.21030166	         -4.24546150	         -1.37602484	          0.00999999	          0.16494793	          0.16326660	          0.00999999	          0.00999999	          0.00999999	          0.08563386	          0.06328512	          0.11078154	          0.04306489	          0.00999999	          0.00999999	          0.00999999	          0.17505335	          0.00999999	          0.04858011	          0.02257957	          0.08788569	          0.00999999	          0.05803700	          0.21145448	          0.06110447	          0.00999999	          0.00999999	          0.00999999	          0.21326670	          0.13556006	          0.07003406	
          0.98263732	         -5.01147464	         -1.45124143	          4.07484508	          1.20540635	          1.02745055	          0.00072993	         32.51663798	          1.92265747	         -3.17919308	        -49.40684150	          5.83757763	          0.68119267	          5.86060574	          0.17148615	          5.84185154	        -10.25847678	          7.52102629	         10.48235174	        -15.38762555	         -4.27258111	         -1.53184549	          0.00999999	          0.17167711	          0.16381440	          0.00999999	          0.00999999	          0.00999999	          0.07123163	          0.07969687	          0.13332676	          0.03929990	          0.00999999	          0.00999999	          0.00999999	          0.17420589	          0.00999999	          0.05126101	          0.03194916	          0.08592943	          0.00999999	          0.05803808	          0.21841480	          0.06208032	          0.00999999	          0.00999999	          0.00999999	          0.22363799	          0.14755669	          0.07925015	
          0.99476864	         -5.01531918	         -1.39325464	          4.46030878	          1.21880663	          1.02693060	          0.00050045	         32.69280463	          1.60320885	         -3.19432618	        -45.89930312	          5.89008639	          0.56160842	          5.12936968	          0.19428394	          6.03883419	        -10.40500587	          7.90825708	         11.18780264	        -15.54660477	         -4.31722410	         -1.68161818	          0.00999999	          0.18114738	          0.16706047	          0.00999999	          0.00999999	          0.00999999	          0.05925162	          0.09253422	          0.15654824	          0.03488662	          0.00999999	          0.00999999	          0.00999999	          0.17443712	          0.00999999	          0.04608173	          0.04024703	          0.08727206	          0.01405635	          0.05859876	          0.22220411	          0.06411013	          0.00999999	          0.00999999	          0.00999999	          0.23445171	          0.16099041	          0.08687099	
          1.00689997	         -5.02306994	         -1.31372413	          4.84052832	          1.23235724	          1.02609253	          0.00025860	         32.68431794	          1.26590596	         -3.17963776	        -42.10169596	          5.89890618	          0.46511548	          4.40191412	          0.23330223	          6.20649651	        -10.58270114	          8.33702321	         11.89913860	        -15.68571323	         -4.37064651	         -1.82521776	          0.00999999	          0.19291215	          0.17010991	          0.00999999	          0.00999999	          0.00999999	          0.04928645	          0.10426664	          0.17886224	          0.03107298	          0.00999999	          0.00999999	          0.00999999	          0.17559661	          0.00999999	          0.03833153	          0.04625845	          0.09060758	          0.01938163	          0.05952416	          0.22301676	          0.06618438	          0.00999999	          0.00999999	          0.00999999	          0.24580164	          0.17594484	          0.09242088	
          1.01903129	         -5.03542221	         -1.22080020	          5.21298981	          1.24606595	          1.02492540	          0.00000235	         32.51814876	          0.92360476	         -3.12723643	        -38.07626106	          5.88867758	          0.38327394	          3.67250033	          0.27958281	          6.34080421	        -10.77972212	          8.80189597	         12.62932592	        -15.80342064	         -4.42163217	         -1.96231564	          0.00999999	          0.20677442	          0.17110999	          0.00999999	          0.00999999	          0.00999999	          0.04099727	          0.11653348	          0.19791861	          0.02712364	          0.00999999	          0.00999999	          0.00999999	          0.17700116	          0.00999999	          0.03188478	          0.04692960	          0.09296849	          0.02234382	          0.06094366	          0.22078100	          0.06895163	          0.00999999	          0.00999999	          0.00999999	          0.25780720	          0.19245924	          0.09533176	
          1.03116262	         -5.05240559	         -1.12321075	          5.57504576	          1.25994384	          1.02343337	         -0.00027187	         32.22477737	          0.58614095	         -3.03521194	        -33.89826647	          5.87390656	          0.31346053	          2.93442766	          0.32343338	          6.44007937	        -10.98306198	          9.29357046	         13.39050405	        -15.89812857	         -4.45798876	         -2.09172829	          0.00999999	          0.22282201	          0.17253577	          0.00999999	          0.00999999	          0.00999999	          0.03410219	          0.12677905	          0.20928139	          0.02256189	          0.00999999	          0.00999999	          0.00999999	          0.17847141	          0.00999999	          0.02652228	          0.03903680	          0.09064391	          0.02088768	          0.06307198	          0.21581387	          0.07389549	          0.00999999	          0.00999999	          0.00999999	          0.27040766	          0.21018313	          0.09533724	
          1.04329394	         -5.07335526	         -1.02994702	          5.92418472	          1.27400692	          1.02163755	         -0.00057010	         31.83394260	          0.26050455	         -2.90983359	        -29.64691372	          5.86269551	          0.25542338	          2.18197719	          0.35497820	          6.50611457	        -11.18257456	          9.80045851	         14.19206541	        -15.96792542	         -4.46692309	         -2.21088891	          0.00999999	          0.22951765	          0.16670963	          0.00999999	          0.00999999	          0.00999999	          0.02836675	          0.12256335	          0.19672287	          0.02208107	          0.00999999	          0.00999999	          0.00999999	          0.17957833	          0.00999999	          0.02206166	          0.03247144	          0.09125406	          0.01737471	          0.06144382	          0.21298684	          0.07451770	          0.00999999	          0.00999999	          0.00999999	          0.28346013	          0.22835634	          0.09353083	
          1.05542527	         -5.09706967	         -0.94711072	          6.25903384	          1.28828218	          1.01957659	         -0.00089066	         31.36694045	         -0.04859913	         -2.75403160	        -25.38934537	          5.85482491	          0.20898586	          1.40955696	          0.36658797	          6.54741781	        -11.36990283	         10.30687625	         15.03954594	        -16.01024495	         -4.44098437	         -2.31888170	          0.00999999	          0.23340250	          0.15911934	          0.00999999	          0.00999999	          0.00999999	          0.02359592	          0.10243093	          0.17269968	          0.01895703	          0.00999999	          0.00999999	          0.00999999	          0.18058030	          0.00999999	          0.01835124	          0.02701026	          0.09615634	          0.01445256	          0.05733257	          0.21306296	          0.06890342	          0.00999999	          0.00999999	          0.00999999	          0.29687833	          0.24700774	          0.08953206	
          1.06755659	         -5.12242103	         -0.88064325	          6.57931024	          1.30280356	          1.01730163	         -0.00122418	         30.83972145	         -0.33489651	         -2.55808154	        -21.18597379	          5.84820551	          0.17319437	          0.61216188	          0.35042782	          6.57274713	        -11.53567783	         10.78521776	         15.94718163	        -16.02165493	         -4.37483244	         -2.41592623	          0.00999999	          0.24027428	          0.15456393	          0.00999999	          0.00999999	          0.00999999	          0.01962747	          0.08520370	          0.15598716	          0.02425823	          0.00999999	          0.00999999	          0.00999999	          0.18223176	          0.00999999	          0.01526486	          0.02246757	          0.10203441	          0.01202188	          0.05282764	          0.21288805	          0.06116902	          0.00999999	          0.00999999	          0.00999999	          0.31035247	          0.26554101	          0.07580517	
          1.07968792	         -5.14831447	         -0.83465913	          6.88528744	          1.31760177	          1.01487927	         -0.00156127	         30.26989079	         -0.59528251	         -2.31751027	        -17.10660012	          5.84308771	          0.14714195	         -0.21734744	          0.30080054	          6.58482115	        -11.66315310	         11.19465642	         16.93909175	        -16.00009083	         -4.26521823	         -2.50348393	          0.01180985	          0.25088503	          0.14833006	          0.00999999	          0.01226005	          0.00999999	          0.01632644	          0.07087382	          0.14319979	          0.02398079	          0.01000000	          0.00999999	          0.00999999	          0.18472119	          0.00999999	          0.01269756	          0.01868889	          0.10375018	          0.00999999	          0.04803466	          0.21128791	          0.05454235	          0.00999999	          0.00999999	          0.00999999	          0.32344208	          0.28293549	          0.06305597	
          1.09181924	         -5.17390792	         -0.81300756	          7.17506774	          1.33270240	          1.01237957	         -0.00189115	         29.67918125	         -0.82521003	         -2.04524768	        -13.23678324	          5.85312482	          0.12974751	         -1.08397842	          0.21306107	          6.58095409	        -11.74286682	         11.51819318	         18.01123548	        -15.94407439	         -4.10902476	         -2.58195636	          0.01477768	          0.26646841	          0.14493713	          0.00999999	          0.01793178	          0.00999999	          0.01358060	          0.05895398	          0.13568940	          0.02091404	          0.01253329	          0.00999999	          0.00999999	          0.18619265	          0.00999999	          0.01056203	          0.01554572	          0.09784508	          0.00999999	          0.04437646	          0.20877287	          0.04981534	          0.00999999	          0.00999999	          0.00999999	          0.33568346	          0.29816412	          0.05245097	
          1.10395057	         -5.19830982	         -0.81700754	          7.44510692	          1.34812385	          1.00986356	         -0.00220558	         29.08547762	         -1.01884780	         -1.77245556	         -9.64476108	          5.89241592	          0.12053136	         -1.98771753	          0.08645650	          6.55574909	        -11.77521998	         11.74165835	         19.15545996	        -15.85352965	         -3.90506227	         -2.65145664	          0.01229232	          0.27992442	          0.14427109	          0.00999999	          0.02217136	          0.00999999	          0.01129656	          0.04903887	          0.13002005	          0.01739663	          0.01799800	          0.00999999	          0.00999999	          0.18688639	          0.00999999	          0.00999999	          0.01293118	          0.09167125	          0.00999999	          0.03882931	          0.20982570	          0.04603670	          0.00999999	          0.00999999	          0.00999999	          0.34662768	          0.31041908	          0.04362956	
          1.11608189	         -5.22077420	         -0.84550897	          7.69128780	          1.36388020	          1.00737651	         -0.00249782	         28.50139666	         -1.16999119	         -1.53068464	         -6.37026072	          5.96149753	          0.11905065	         -2.92721820	         -0.07668356	          6.50244965	        -11.76260173	         11.84947465	         20.36714812	        -15.72927556	         -3.65464531	         -2.71149136	          0.01022495	          0.28681732	          0.14425661	          0.01098024	          0.02368341	          0.02013479	          0.00999999	          0.04079133	          0.13226620	          0.01447080	          0.02258233	          0.00999999	          0.00999999	          0.18679805	          0.00999999	          0.00999999	          0.01075637	          0.08620121	          0.00999999	          0.03229885	          0.21564334	          0.03892032	          0.00999999	          0.00999999	          0.00999999	          0.35572987	          0.31893667	          0.03629177	
          1.12821322	         -5.24032258	         -0.89563609	          7.91085645	          1.37998450	          1.00494742	         -0.00276371	         27.93963932	         -1.27324096	         -1.33807106	         -3.45404173	          6.04272190	          0.12522573	         -3.89860470	         -0.27168245	          6.42002509	        -11.71412466	         11.83075912	         21.64296234	        -15.57238063	         -3.36088420	         -2.76209886	          0.01469277	          0.29421694	          0.13684226	          0.01625529	          0.02773038	          0.04363394	          0.00999999	          0.03393088	          0.14777041	          0.01203705	          0.02345497	          0.00999999	          0.00999999	          0.18566885	          0.00999999	          0.00999999	          0.00999999	          0.07700494	          0.00999999	          0.02686670	          0.23284063	          0.03237455	          0.00999999	          0.00999999	          0.00999999	          0.36254700	          0.32324048	          0.03018808	
          1.14034454	         -5.25542855	         -0.96245614	          8.10118880	          1.39645148	          1.00259138	         -0.00299884	         27.41409070	         -1.32363792	         -1.19265665	         -0.95197583	          6.10415630	          0.13851206	         -4.89283282	         -0.49081674	          6.30822851	        -11.65193700	         11.68138265	         22.98073198	        -15.38364539	         -3.02929112	         -2.80512811	          0.01932127	          0.29876047	          0.12051642	          0.02739000	          0.04065946	          0.06159798	          0.07566562	          0.02822426	          0.15565752	          0.01737470	          0.02010411	          0.01345242	          0.01000001	          0.18682668	          0.00999999	          0.00999999	          0.00999999	          0.06592106	          0.00999999	          0.02234816	          0.25826930	          0.02692967	          0.00999999	          0.00999999	          0.00999999	          0.36659547	          0.32310148	          0.02511093	
          1.15247587	         -5.26426616	         -1.04049934	          8.25903595	          1.41330010	          1.00031012	         -0.00319456	         26.94011935	         -1.31545771	         -1.08686008	          1.06450557	          6.11821732	          0.15657229	         -5.89657800	         -0.72538241	          6.16515770	        -11.60860582	         11.40350715	         24.37859544	        -15.16267205	         -2.66681116	         -2.84396157	          0.02853744	          0.29523795	          0.10506699	          0.03797545	          0.05323450	          0.07414434	          0.18206621	          0.02347739	          0.15216816	          0.01445256	          0.01672292	          0.02668768	          0.00999999	          0.19355099	          0.00999999	          0.00999999	          0.00999999	          0.05623364	          0.00999999	          0.01858956	          0.28405363	          0.02240054	          0.01000000	          0.00999999	          0.00999999	          0.36745694	          0.31879371	          0.02088768	
          1.16460719	         -5.26491322	         -1.12195133	          8.38128109	          1.43055363	          0.99809312	         -0.00334261	         26.53301198	         -1.24749437	         -1.01427677	          2.51569753	          6.09233406	          0.17564769	         -6.89460810	         -0.96392625	          5.98548140	        -11.62221736	         11.00318800	         25.83479024	        -14.90825985	         -2.28354812	         -2.88168715	          0.02751030	          0.27627093	          0.09166141	          0.04750604	          0.06356445	          0.07965907	          0.27739276	          0.01952887	          0.13484817	          0.01202188	          0.01391040	          0.04094774	          0.00999999	          0.19921469	          0.00999999	          0.00999999	          0.00999999	          0.05661561	          0.00999999	          0.01546309	          0.30125851	          0.01863313	          0.02958302	          0.00999999	          0.00999999	          0.36475294	          0.31025912	          0.01737471	
          1.17673852	         -5.25581862	         -1.19897266	          8.46768721	          1.44824479	          0.99591666	         -0.00343574	         26.19021977	         -1.12234164	         -0.97464562	          3.36455715	          6.04436692	          0.19306566	         -7.86820077	         -1.19483244	          5.76205652	        -11.73754287	         10.48941073	         27.34951455	        -14.61738897	         -1.89085998	         -2.92143200	          0.02288351	          0.25683783	          0.07624544	          0.05348798	          0.07627468	          0.08058818	          0.34281986	          0.01624443	          0.11216888	          0.00999999	          0.01157089	          0.04886094	          0.01202187	          0.20763818	          0.00999999	          0.00999999	          0.00999999	          0.05050625	          0.00999999	          0.01286245	          0.31106796	          0.02169805	          0.04821476	          0.00999999	          0.00999999	          0.35819078	          0.29775085	          0.01445256	
          1.18886984	         -5.23572500	         -1.25689676	          8.51583030	          1.46641802	          0.99374155	         -0.00346398	         25.89050852	         -0.94778133	         -0.99033678	          3.62093885	          5.98919076	          0.21263461	         -8.80322894	         -1.39941040	          5.49102366	        -11.99358556	          9.86911053	         28.92244186	        -14.28607279	         -1.50899140	         -2.96531467	          0.01903487	          0.24524234	          0.06342219	          0.05291966	          0.07906331	          0.08302453	          0.37155796	          0.01351238	          0.09330389	          0.00999999	          0.00999999	          0.06176425	          0.00999999	          0.20229914	          0.00999999	          0.00999999	          0.00999999	          0.04201191	          0.00999999	          0.01069920	          0.31043973	          0.02511094	          0.04010582	          0.00999999	          0.00999999	          0.34747596	          0.28219965	          0.01202188	
          1.20100117	         -5.20394932	         -1.28459209	          8.52169529	          1.48510505	          0.99152061	         -0.00342561	         25.61169534	         -0.73332545	         -1.07683224	          3.30275288	          5.71667954	          0.23399501	         -9.69309659	         -1.56334756	          5.17148096	        -12.41266502	          9.14964414	         30.54419860	        -13.91055006	         -1.15229690	         -3.01329792	          0.01583351	          0.22799435	          0.05275560	          0.05492471	          0.08545331	          0.07721680	          0.33600566	          0.01123982	          0.07761168	          0.00999999	          0.00999999	          0.05137650	          0.01564749	          0.22087678	          0.00999999	          0.00999999	          0.00999999	          0.03494619	          0.00999999	          0.02306948	          0.29801970	          0.02088768	          0.03336067	          0.00999999	          0.00999999	          0.33280415	          0.26163736	          0.00999999	
          1.21313249	         -5.16070202	         -1.28890851	          8.48213441	          1.50428429	          0.98923702	         -0.00333356	         25.33965633	         -0.49314846	         -1.22118023	          2.33708983	          5.10494133	          0.27245236	        -10.50891684	         -1.68924953	          4.80871200	        -13.04711885	          8.34647140	         32.19411791	        -13.49016561	         -0.81234070	         -3.06096996	          0.01317057	          0.18964938	          0.04388296	          0.04568726	          0.09629476	          0.06423018	          0.27949493	          0.06567529	          0.06455865	          0.00999999	          0.00999999	          0.04362957	          0.01301583	          0.23664916	          0.00999999	          0.00999999	          0.04122328	          0.02906880	          0.02372578	          0.02730558	          0.25936328	          0.01737471	          0.06312580	          0.00999999	          0.00999999	          0.31219580	          0.24019213	          0.00999999	
          1.22526382	         -5.11058558	         -1.30127458	          8.39168187	          1.52374599	          0.98706238	         -0.00322126	         25.02831572	         -0.27511292	         -1.31921419	          0.93108332	          4.35436812	          0.22261635	        -11.15522930	         -1.79810201	          4.39958628	        -14.02534503	          7.44146300	         33.85996377	        -13.04281505	         -0.45064733	         -3.09650646	          0.01095549	          0.17684371	          0.03650255	          0.08992718	          0.08009953	          0.06041325	          0.23248839	          0.09025995	          0.05370092	          0.00999999	          0.00999999	          0.03629178	          0.01202188	          0.28741538	          0.00999999	          0.00999999	          0.07121609	          0.02417990	          0.03273781	          0.03251416	          0.21574256	          0.01445256	          0.08638378	          0.00999999	          0.00999999	          0.28804408	          0.20146720	          0.00999999	
          1.23739514	         -5.06356709	         -1.33526582	          8.24874471	          1.54309077	          0.98536608	         -0.00305107	         24.62717804	         -0.03752842	         -1.39241928	         -0.28826539	          3.52427588	          0.20447355	        -11.49395167	         -1.89596409	          3.94864417	        -15.51177382	          6.37694104	         35.48962573	        -12.61172738	         -0.05456649	         -3.11927290	          0.00999999	          0.14710145	          0.03036341	          0.14205246	          0.07584807	          0.06207098	          0.19338760	          0.13660888	          0.04466930	          0.00999999	          0.00999999	          0.03018809	          0.00999999	          0.33861076	          0.00999999	          0.00999999	          0.05923870	          0.02011323	          0.04225743	          0.03713613	          0.17945814	          0.01202188	          0.10992839	          0.00999999	          0.00999999	          0.24897145	          0.16758367	          0.00999999	
          1.24952647	         -5.02588523	         -1.38918029	          8.05597102	          1.56194965	          0.98445946	         -0.00283323	         24.19871197	          0.22768801	         -1.41642992	         -1.39188374	          2.75736759	          0.15379461	        -11.40710225	         -1.97585388	          3.46922394	        -17.64945865	          5.13005546	         36.92187313	        -12.23716178	          0.37770351	         -3.12591830	          0.00999999	          0.12236136	          0.02525678	          0.18949537	          0.10087207	          0.05821811	          0.16086292	          0.17049345	          0.03715664	          0.00999999	          0.00999999	          0.02511094	          0.00999999	          0.36055523	          0.03268741	          0.00999999	          0.04927570	          0.01673051	          0.06564317	          0.03281710	          0.14927618	          0.00999999	          0.13717499	          0.00999999	          0.00999999	          0.20709847	          0.13939880	          0.00999999	
          1.26165779	         -4.99903096	         -1.45034704	          7.81477023	          1.58011880	          0.98449602	         -0.00259347	         23.77990641	          0.50460073	         -1.39976397	         -2.49759699	          2.39144561	          0.11227823	        -10.82845214	         -2.02695316	          2.98040364	        -20.52406934	          3.76284804	         37.78971561	        -11.94107631	          0.83441676	         -3.11119356	          0.00999999	          0.10178215	          0.02100899	          0.22168368	          0.11529744	          0.05615676	          0.13380838	          0.19368657	          0.03090749	          0.00999999	          0.00999999	          0.02088768	          0.01183821	          0.34955092	          0.06377864	          0.00999999	          0.04098832	          0.01391671	          0.08534764	          0.02729780	          0.12417033	          0.00999999	          0.13878480	          0.00999999	          0.00999999	          0.17226785	          0.11595417	          0.00999999	
          1.27378912	         -4.98307863	         -1.50248856	          7.52539247	          1.59751726	          0.98553501	         -0.00236539	         23.35178927	          0.77375820	         -1.34562706	         -3.54154608	          2.32045680	          0.08354364	         -9.74627713	         -2.03991929	          2.49938796	        -24.13387876	          2.31899897	         37.71527764	        -11.73101847	          1.29849935	         -3.07099730	          0.00999999	          0.08466404	          0.01747562	          0.23195563	          0.12902238	          0.05158889	          0.11130397	          0.19841789	          0.02570935	          0.00999999	          0.02607575	          0.01737471	          0.02066166	          0.32749380	          0.08839720	          0.00999999	          0.03409475	          0.01157614	          0.10196790	          0.02270675	          0.10328689	          0.00999999	          0.11544344	          0.00999999	          0.00999999	          0.14329517	          0.09645255	          0.00999999	
          1.28592044	         -4.97570745	         -1.52893471	          7.18543684	          1.61421039	          0.98746872	         -0.00218204	         22.87800078	          1.01755892	         -1.24936374	         -4.45058679	          2.43344756	          0.06972986	         -8.22435757	         -2.00439876	          2.05716685	        -28.31825525	          0.65418230	         36.70460618	        -11.59801030	          1.75108519	         -3.00027058	          0.00999999	          0.07042491	          0.01453650	          0.23050703	          0.14176270	          0.04964826	          0.09258443	          0.17789186	          0.02138545	          0.00999999	          0.02169023	          0.01445256	          0.02224527	          0.29722422	          0.08360577	          0.00999999	          0.03760225	          0.00999999	          0.11329714	          0.01888784	          0.08591570	          0.00999999	          0.09602772	          0.00999999	          0.00999999	          0.11919524	          0.08023079	          0.01930084	
          1.29805177	         -4.97371757	         -1.52262467	          6.79907774	          1.63033760	          0.99002264	         -0.00207053	         22.33650066	          1.22664535	         -1.10274182	         -5.19109320	          2.63800058	          0.06964377	         -6.36903131	         -1.91557229	          1.69046129	        -32.86750794	         -1.18611276	         34.61406477	        -11.52362915	          2.18262654	         -2.90020772	          0.00999999	          0.05858058	          0.01209170	          0.22109527	          0.13082128	          0.04658405	          0.07701323	          0.15680220	          0.01778876	          0.00999999	          0.02948012	          0.01202188	          0.01850397	          0.26962774	          0.09853353	          0.03980919	          0.06175579	          0.00999999	          0.09424239	          0.01571121	          0.07146607	          0.00999999	          0.07987740	          0.00999999	          0.00999999	          0.09914852	          0.06673726	          0.05636435	
          1.31018309	         -4.97404705	         -1.48104032	          6.37300107	          1.64601391	          0.99287643	         -0.00202088	         21.73562126	          1.39669977	         -0.89989773	         -5.78311889	          2.85916044	          0.07996844	         -4.30785215	         -1.76590957	          1.42033946	        -37.57929556	         -2.86727222	         31.18214927	        -11.49414432	          2.58085982	         -2.77375904	          0.00999999	          0.04872827	          0.01005807	          0.20627886	          0.11218574	          0.04361241	          0.06406084	          0.13881162	          0.01479698	          0.00999999	          0.03234227	          0.00999999	          0.01539190	          0.24730692	          0.09870811	          0.06507931	          0.09911296	          0.00999999	          0.07839234	          0.01306884	          0.05944663	          0.00999999	          0.06644331	          0.00999999	          0.00999999	          0.08247334	          0.05551313	          0.14956048	
          1.32231442	         -4.97499396	         -1.41385999	          5.91096731	          1.66130385	          0.99575156	         -0.00202560	         21.10948059	          1.53497370	         -0.65083111	         -6.28459723	          3.03830822	          0.09514619	         -2.17850187	         -1.53169121	          1.28159385	        -42.25189426	         -3.70792005	         26.82859137	        -11.50157336	          2.94850416	         -2.62091067	          0.00999999	          0.04053296	          0.00999999	          0.19566487	          0.10089919	          0.04532341	          0.05328684	          0.13018849	          0.01230837	          0.00999999	          0.02893175	          0.00999999	          0.01280323	          0.23088637	          0.08210700	          0.07766217	          0.11990440	          0.00999999	          0.06520801	          0.01087087	          0.05927570	          0.00999999	          0.07462597	          0.04864441	          0.00999999	          0.06860266	          0.04617672	          0.16425259	
          1.33444574	         -4.97666670	         -1.32692506	          5.41874930	          1.67627420	          0.99853332	         -0.00207617	         20.47956640	          1.64410163	         -0.37716429	         -6.73935225	          3.17806169	          0.10778923	         -0.07875544	         -1.20901554	          1.22582823	        -46.62643625	         -3.55868450	         22.98581567	        -11.53903059	          3.28654976	         -2.44556700	          0.00999999	          0.03371597	          0.00999999	          0.18929037	          0.09620147	          0.05111659	          0.04432486	          0.12432010	          0.01023830	          0.00999999	          0.02406590	          0.00999999	          0.01064994	          0.21445776	          0.06829793	          0.09063761	          0.13092967	          0.00999999	          0.05447968	          0.00999999	          0.07717081	          0.00999999	          0.07933179	          0.10239164	          0.00999999	          0.05706480	          0.03841054	          0.17712647	
          1.34657707	         -4.97951988	         -1.21918035	          4.90653908	          1.69098639	          1.00121190	         -0.00214606	         19.84833278	          1.72102080	         -0.09459960	         -7.16287916	          3.31144563	          0.11871934	          1.97028238	         -0.82836083	          1.17784058	        -50.56552812	         -3.13453154	         19.71142049	        -11.60117501	          3.58757109	         -2.25721125	          0.00999999	          0.02804549	          0.00999999	          0.18190649	          0.10295450	          0.05638659	          0.03687013	          0.12389533	          0.00999999	          0.00999999	          0.02083703	          0.01000000	          0.00999999	          0.19959724	          0.05681132	          0.09650679	          0.14231538	          0.00999999	          0.06212309	          0.00999999	          0.09801341	          0.00999999	          0.08059555	          0.16370052	          0.00999999	          0.05143300	          0.03195051	          0.16989756	
          1.35870839	         -4.98379189	         -1.09249890	          4.37855356	          1.70549129	          1.00378278	         -0.00222267	         19.20725271	          1.76701106	          0.18937885	         -7.54445684	          3.44504954	          0.13349004	          3.95626152	         -0.40154279	          1.12380335	        -53.98969415	         -2.64174095	         16.90654511	        -11.68302738	          3.85038706	         -2.05939165	          0.00999999	          0.02332869	          0.00999999	          0.17413713	          0.10524993	          0.06209040	          0.03066917	          0.12724299	          0.00999999	          0.00999999	          0.01733258	          0.02006677	          0.00999999	          0.18842363	          0.04725657	          0.10833797	          0.14917591	          0.00999999	          0.06647543	          0.00999999	          0.12619345	          0.00999999	          0.08140135	          0.21005782	          0.00999999	          0.04993243	          0.02657695	          0.16403482	
          1.37083972	         -4.98939622	         -0.95059022	          3.83955646	          1.71981825	          1.00624279	         -0.00229713	         18.55111157	          1.78515408	          0.47658439	         -7.87479813	          3.56914563	          0.16030500	          5.87969423	          0.06049767	          1.06183938	        -56.86734392	         -2.13593347	         14.50113331	        -11.78192795	          4.07657744	         -1.85435672	          0.00999999	          0.02042154	          0.00999999	          0.16611924	          0.09416394	          0.06717435	          0.02551111	          0.13595345	          0.00999999	          0.00999999	          0.01856800	          0.03211997	          0.00999999	          0.17686110	          0.03930878	          0.12740491	          0.14901118	          0.00999999	          0.06090601	          0.00999999	          0.16266017	          0.00999999	          0.07841671	          0.23834087	          0.00999999	          0.04702158	          0.02210713	          0.15947490	
          1.38297104	         -4.99609198	         -0.79417162	          3.29776401	          1.73397568	          1.00858715	         -0.00235963	         17.88285124	          1.77504022	          0.77033945	         -8.16417178	          3.70767946	          0.21503788	          7.75185523	          0.53835496	          0.97577593	        -59.20852873	         -1.62689472	         12.43480508	        -11.89752083	          4.26396239	         -1.64559626	          0.00999999	          0.02088768	          0.01370692	          0.16066601	          0.07832708	          0.06996917	          0.02122055	          0.14185313	          0.00999999	          0.00999999	          0.02278371	          0.04438243	          0.00999999	          0.16413220	          0.03269768	          0.14606320	          0.14637235	          0.00999999	          0.05066260	          0.00999999	          0.21022924	          0.00999999	          0.07808022	          0.24752399	          0.00999999	          0.04355842	          0.01838907	          0.15643413	
          1.39510237	         -5.00331562	         -0.62520059	          2.76228522	          1.74795738	          1.01081027	         -0.00240350	         17.20761582	          1.73822344	          1.07640841	         -8.42451788	          3.87433293	          0.31433008	          9.59027722	          1.00692591	          0.84729937	        -61.05582958	         -1.10224633	         10.65803943	        -12.03110534	          4.41266227	         -1.43594738	          0.00999999	          0.01737471	          0.01686607	          0.15627563	          0.06515373	          0.07098807	          0.01765160	          0.14487627	          0.00999999	          0.00999999	          0.02776892	          0.05625995	          0.00999999	          0.15073470	          0.02719846	          0.15806436	          0.14336280	          0.00999999	          0.04214197	          0.00999999	          0.26690618	          0.00999999	          0.07869532	          0.23903518	          0.00999999	          0.03722143	          0.01529633	          0.15315057	
          1.40723369	         -5.01034431	         -0.44531158	          2.23960610	          1.76175916	          1.01290416	         -0.00242611	         16.52787186	          1.67613696	          1.39402851	         -8.66064130	          4.06714219	          0.46832406	         11.41129260	          1.44799716	          0.66890753	        -62.46833307	         -0.55174071	          9.12964805	        -12.18333258	          4.52329058	         -1.22657829	          0.00999999	          0.01445257	          0.01554283	          0.15185913	          0.05419592	          0.07063881	          0.01468288	          0.14416858	          0.00999999	          0.00999999	          0.02891583	          0.06809650	          0.00999999	          0.13660225	          0.02262411	          0.16713187	          0.14119205	          0.00999999	          0.03505437	          0.00999999	          0.32791462	          0.00999999	          0.07842028	          0.21758303	          0.00999999	          0.03096139	          0.01272373	          0.14980021	
          1.41936502	         -5.01645561	         -0.25675131	          1.73400288	          1.77538235	          1.01485940	         -0.00242678	         15.84648949	          1.59112321	          1.72076165	         -8.87918065	          4.28790912	          0.69696633	         13.22735646	          1.84954354	          0.44190834	        -63.51058501	          0.01324874	          7.81540386	        -12.35367233	          4.59768037	         -1.01856110	          0.00999999	          0.01202188	          0.01292878	          0.14811761	          0.04508104	          0.06859229	          0.01221346	          0.13961840	          0.00999999	          0.00999999	          0.03050079	          0.08008855	          0.00999999	          0.12094231	          0.01881910	          0.17262863	          0.13979011	          0.00999999	          0.02915879	          0.00999999	          0.38879808	          0.00999999	          0.07935230	          0.18412047	          0.00999999	          0.02575418	          0.01058380	          0.14746323	
          1.43149634	         -5.02104471	         -0.06329342	          1.24772261	          1.78883208	          1.01666753	         -0.00240660	         15.16633433	          1.48744323	          2.05468975	         -9.08708613	          4.53825867	          1.02284972	         15.04722921	          2.20306517	          0.17279910	        -64.24900795	          0.57327605	          6.68535122	        -12.54093827	          4.63999375	         -0.81245609	          0.00999999	          0.00999999	          0.01075437	          0.14490249	          0.03749914	          0.06598357	          0.01015935	          0.13238400	          0.00999999	          0.00999999	          0.02742999	          0.09195302	          0.01000000	          0.10434559	          0.01678305	          0.17508496	          0.14117954	          0.00999999	          0.02425475	          0.00999999	          0.44292800	          0.00999999	          0.07969146	          0.15315438	          0.00999999	          0.02142274	          0.00999999	          0.14771391	
          1.44362767	         -5.02381678	          0.13130871	          0.78105212	          1.80211695	          1.01832283	         -0.00236735	         14.48964843	          1.36944705	          2.39187162	         -9.28650050	          4.79850938	          1.45304424	         16.87457902	          2.50312134	         -0.13048529	        -64.74229518	          1.11561493	          5.71286804	        -12.74355046	          4.65477736	         -0.60857784	          0.00999999	          0.00999999	          0.00999999	          0.14258585	          0.03119239	          0.06324556	          0.00999999	          0.12310143	          0.00999999	          0.00999999	          0.02281671	          0.10338541	          0.01807874	          0.09071649	          0.01816500	          0.17576569	          0.14536906	          0.00999999	          0.02017549	          0.00999999	          0.48140595	          0.00999999	          0.07931909	          0.12739628	          0.00999999	          0.01781978	          0.00999999	          0.14883888	
          1.45575899	         -5.02487352	          0.32350202	          0.33289344	          1.81524971	          1.01982609	         -0.00231082	         13.81570324	          1.24137543	          2.72829482	         -9.47306185	          5.04655761	          1.98848699	         18.70609979	          2.74573113	         -0.46054459	        -65.03086665	          1.64551144	          4.87603548	        -12.95960285	          4.64666396	         -0.40747227	          0.00999999	          0.00999999	          0.00999999	          0.14055145	          0.02594633	          0.06062182	          0.00999999	          0.11363215	          0.00999999	          0.00999999	          0.01897931	          0.11453220	          0.03023241	          0.07855568	          0.02059813	          0.17419484	          0.15099038	          0.00999999	          0.01678230	          0.00999999	          0.49386778	          0.00999999	          0.07845695	          0.10597028	          0.00999999	          0.01482278	          0.00999999	          0.15065337	
          1.46789032	         -5.02453782	          0.51052230	         -0.09896621	          1.82825065	          1.02118550	         -0.00223849	         13.14047516	          1.10658253	          3.06035860	         -9.64118860	          5.28267732	          2.62169106	         20.52966540	          2.92857432	         -0.81050663	        -65.12899617	          2.16667279	          4.15683059	        -13.18656905	          4.61962318	         -0.20979739	          0.00999999	          0.00999999	          0.00999999	          0.13772376	          0.02158258	          0.05849725	          0.00999999	          0.10439152	          0.00999999	          0.00999999	          0.01578730	          0.12531181	          0.04302736	          0.06772644	          0.02249535	          0.16969957	          0.15725230	          0.00999999	          0.01395979	          0.00999999	          0.44915835	          0.00999999	          0.07771454	          0.08814779	          0.00999999	          0.01232983	          0.00999999	          0.15281279	
          1.48002164	         -5.02321749	          0.69001852	         -0.51765805	          1.84115116	          1.02241558	         -0.00215147	         12.45635044	          0.96787479	          3.38620365	         -9.77953564	          5.50503190	          3.33558707	         22.32052938	          3.05079988	         -1.17304123	        -65.01458186	          2.67336472	          3.53971610	        -13.42088416	          4.57747687	         -0.01624819	          0.00999999	          0.00999999	          0.00999999	          0.13372615	          0.01795274	          0.05736301	          0.01000003	          0.09548383	          0.00999999	          0.00999999	          0.01313214	          0.13576561	          0.05530581	          0.05831600	          0.02312955	          0.16428785	          0.16384827	          0.00999999	          0.01161198	          0.00999999	          0.37361716	          0.00999999	          0.07729052	          0.07332276	          0.00999999	          0.01025615	          0.00999999	          0.15531967	
          1.49215297	         -5.02133515	          0.85957283	         -0.92656466	          1.85398755	          1.02353129	         -0.00205040	         11.75634948	          0.82802756	          3.70446988	         -9.87826620	          5.70975817	          4.10967538	         24.04594518	          3.11304683	         -1.53928936	        -64.64293441	          3.15981040	          3.01048512	        -13.65863209	          4.52428174	          0.17248193	          0.00999999	          0.00999999	          0.00999999	          0.12854844	          0.01493338	          0.05685845	          0.05073660	          0.09007222	          0.00999999	          0.00999999	          0.01092353	          0.14599813	          0.06698695	          0.04933933	          0.02088572	          0.16040868	          0.16866586	          0.00999999	          0.00999999	          0.00999999	          0.31078078	          0.00999999	          0.07682151	          0.06099105	          0.00999999	          0.00999999	          0.00999999	          0.15923000	
          1.50428429	         -5.01921414	          1.01643248	         -1.32865971	          1.86678925	          1.02453989	         -0.00193577	         11.04224618	          0.69054787	          4.01317888	         -9.94314065	          5.89456791	          4.92740662	         25.67556893	          3.11813349	         -1.89770075	        -63.97493942	          3.62109115	          2.55556621	        -13.89686570	          4.46437456	          0.35617181	          0.00999999	          0.00999999	          0.00999999	          0.12082735	          0.01242182	          0.05765933	          0.08651830	          0.08480209	          0.00999999	          0.00999999	          0.00999999	          0.15588796	          0.07771602	          0.04156193	          0.01737471	          0.15805173	          0.17267333	          0.00999999	          0.00999999	          0.00999999	          0.25851247	          0.00999999	          0.07517532	          0.05378858	          0.00999999	          0.00999999	          0.00999999	          0.16311892	
          1.51641562	         -5.01709756	          1.15742919	         -1.72627619	          1.87958351	          1.02544074	         -0.00180826	         10.31630116	          0.55941511	          4.31097599	         -9.98138109	          6.06253895	          5.77290242	         27.18178146	          3.07157997	         -2.23340786	        -62.98006555	          4.06236098	          2.16317653	        -14.13298876	          4.40234224	          0.53504939	          0.00999999	          0.01000985	          0.00999999	          0.11226483	          0.01033267	          0.05877596	          0.11771314	          0.08159044	          0.00999999	          0.00999999	          0.00999999	          0.16543330	          0.08746496	          0.03654866	          0.01445256	          0.15871770	          0.17534843	          0.00999999	          0.00999999	          0.00999999	          0.21503484	          0.00999999	          0.07247658	          0.05119278	          0.00999999	          0.00999999	          0.00999999	          0.16706873	
          1.52854694	         -5.01514977	          1.27854560	         -2.12094632	          1.89239661	          1.02622463	         -0.00166642	          9.57953455	          0.43944598	          4.59675152	        -10.00043765	          6.22779843	          6.62542345	         28.54021575	          2.97842401	         -2.53149982	        -61.63534903	          4.48117665	          1.82229386	        -14.36461512	          4.34320108	          0.70958658	          0.00999999	          0.01724555	          0.00999999	          0.10512350	          0.00999999	          0.05944244	          0.14545724	          0.07535126	          0.00999999	          0.00999999	          0.00999999	          0.17476654	          0.09662249	          0.03645682	          0.01202188	          0.16328349	          0.17623742	          0.00999999	          0.00999999	          0.00999999	          0.17886945	          0.00999999	          0.06982714	          0.05004290	          0.00999999	          0.00999999	          0.00999999	          0.17081666	
          1.54067827	         -5.01341012	          1.37463209	         -2.51365542	          1.90525027	          1.02687126	         -0.00150881	          8.83560916	          0.33678212	          4.87144960	        -10.01402557	          6.41017701	          7.46189914	         29.73091823	          2.84270099	         -2.77683903	        -59.92775765	          4.86936734	          1.52274359	        -14.59029725	          4.29329563	          0.88037642	          0.00999999	          0.02391804	          0.01449451	          0.09917620	          0.00999999	          0.05928467	          0.16879314	          0.07076186	          0.00999999	          0.00999999	          0.00999999	          0.18410424	          0.10560849	          0.04136372	          0.00999999	          0.16619288	          0.17442432	          0.00999999	          0.00999999	          0.00999999	          0.14878650	          0.00999999	          0.06914603	          0.04931269	          0.01108099	          0.00999999	          0.00999999	          0.17410163	
          1.55280959	         -5.01194383	          1.44214150	         -2.90523326	          1.91816615	          1.02735118	         -0.00133631	          8.08866402	          0.25573062	          5.13399671	        -10.03585737	          6.62461022	          8.26644557	         30.73680596	          2.66984399	         -2.95622292	        -57.85001244	          5.21592370	          1.25787399	        -14.80844514	          4.25755836	          1.04862334	          0.00999999	          0.03095162	          0.01953840	          0.09468166	          0.00999999	          0.05871847	          0.18733562	          0.06694749	          0.00999999	          0.00999999	          0.00999999	          0.19356069	          0.11486732	          0.04989924	          0.00999999	          0.16474903	          0.17032879	          0.00999999	          0.00999999	          0.00999999	          0.12376301	          0.01911999	          0.07575323	          0.04818059	          0.01202188	          0.00999999	          0.00999999	          0.17594061	
          1.56494092	         -5.01084158	          1.47827169	         -3.29613824	          1.93117083	          1.02763050	         -0.00114987	          7.34187285	          0.19980766	          5.38439730	        -10.07751540	          6.87934904	          9.03381025	         31.54230750	          2.46095852	         -3.07045911	        -55.39940850	          5.50366590	          1.02727395	        -15.01631208	          4.24048246	          1.21454320	          0.00999999	          0.04266709	          0.01662403	          0.09059772	          0.00999999	          0.05838471	          0.20125301	          0.06235331	          0.00999999	          0.00999999	          0.00999999	          0.20326260	          0.12477020	          0.05988606	          0.00999999	          0.16347428	          0.16576027	          0.00999999	          0.00999999	          0.00999999	          0.10294807	          0.04274129	          0.09072235	          0.04604483	          0.01000000	          0.00999999	          0.00999999	          0.17598580	
          1.57707224	         -5.01039331	          1.48102162	         -3.68628656	          1.94429207	          1.02767437	         -0.00094732	          6.59845312	          0.17189194	          5.62193377	        -10.14976302	          7.17790658	          9.76886443	         32.13626483	          2.21150881	         -3.13942731	        -52.58144400	          5.71372168	          0.83464233	        -15.21030166	          4.24546150	          1.37602484	          0.00999999	          0.04858011	          0.02257957	          0.08788569	          0.00999999	          0.05803700	          0.21145448	          0.06110447	          0.00999999	          0.00999999	          0.00999999	          0.21326670	          0.13556006	          0.07003406	          0.00999999	          0.16494793	          0.16326660	          0.00999999	          0.00999999	          0.00999999	          0.08563386	          0.06328512	          0.11078154	          0.04306489	          0.00999999	          0.00999999	          0.00999999	          0.17505335	
          1.58920357	         -5.01147464	          1.45124143	         -4.07484508	          1.95754849	          1.02745055	         -0.00072993	          5.86060574	          0.17148615	          5.84185154	        -10.25847678	          7.52102629	         10.48235174	         32.51663798	          1.92265747	         -3.17919308	        -49.40684150	          5.83757763	          0.68119267	        -15.38762555	          4.27258111	          1.53184549	          0.00999999	          0.05126101	          0.03194916	          0.08592943	          0.00999999	          0.05803808	          0.21841480	          0.06208032	          0.00999999	          0.00999999	          0.00999999	          0.22363799	          0.14755669	          0.07925015	          0.00999999	          0.17167711	          0.16381440	          0.00999999	          0.00999999	          0.00999999	          0.07123163	          0.07969687	          0.13332676	          0.03929990	          0.00999999	          0.00999999	          0.00999999	          0.17420589	
          1.60133489	         -5.01531918	          1.39325464	         -4.46030878	          1.97094877	          1.02693060	         -0.00050045	          5.12936968	          0.19428394	          6.03883419	        -10.40500587	          7.90825708	         11.18780264	         32.69280463	          1.60320885	         -3.19432618	        -45.89930312	          5.89008639	          0.56160842	        -15.54660477	          4.31722410	          1.68161818	          0.00999999	          0.04608173	          0.04024703	          0.08727206	          0.01405635	          0.05859876	          0.22220411	          0.06411013	          0.00999999	          0.00999999	          0.00999999	          0.23445171	          0.16099041	          0.08687099	          0.00999999	          0.18114738	          0.16706047	          0.00999999	          0.00999999	          0.00999999	          0.05925162	          0.09253422	          0.15654824	          0.03488662	          0.00999999	          0.00999999	          0.00999999	          0.17443712	
          1.61346622	         -5.02306994	          1.31372413	         -4.84052832	          1.98449939	          1.02609253	         -0.00025860	          4.40191412	          0.23330223	          6.20649651	        -10.58270114	          8.33702321	         11.89913860	         32.68431794	          1.26590596	         -3.17963776	        -42.10169596	          5.89890618	          0.46511548	        -15.68571323	          4.37064651	          1.82521776	          0.00999999	          0.03833153	          0.04625845	          0.09060758	          0.01938163	          0.05952416	          0.22301676	          0.06618438	          0.00999999	          0.00999999	          0.00999999	          0.24580164	          0.17594484	          0.09242088	          0.00999999	          0.19291215	          0.17010991	          0.00999999	          0.00999999	          0.00999999	          0.04928645	          0.10426664	          0.17886224	          0.03107298	          0.00999999	          0.00999999	          0.00999999	          0.17559661	
          1.62559754	         -5.03542221	          1.22080020	         -5.21298981	          1.99820810	          1.02492540	         -0.00000235	          3.67250033	          0.27958281	          6.34080421	        -10.77972212	          8.80189597	         12.62932592	         32.51814876	          0.92360476	         -3.12723643	        -38.07626106	          5.88867758	          0.38327394	        -15.80342064	          4.42163217	          1.96231564	          0.00999999	          0.03188478	          0.04692960	          0.09296849	          0.02234382	          0.06094366	          0.22078100	          0.06895163	          0.00999999	          0.00999999	          0.00999999	          0.25780720	          0.19245924	          0.09533176	          0.00999999	          0.20677442	          0.17110999	          0.00999999	          0.00999999	          0.00999999	          0.04099727	          0.11653348	          0.19791861	          0.02712364	          0.00999999	          0.00999999	          0.00999999	          0.17700116	
          1.63772887	         -5.05240559	          1.12321075	         -5.57504576	          2.01208599	          1.02343337	          0.00027187	          2.93442766	          0.32343338	          6.44007937	        -10.98306198	          9.29357046	         13.39050405	         32.22477737	          0.58614095	         -3.03521194	        -33.89826647	          5.87390656	          0.31346053	        -15.89812857	          4.45798876	          2.09172829	          0.00999999	          0.02652228	          0.03903680	          0.09064391	          0.02088768	          0.06307198	          0.21581387	          0.07389549	          0.00999999	          0.00999999	          0.00999999	          0.27040766	          0.21018313	          0.09533724	          0.00999999	          0.22282201	          0.17253577	          0.00999999	          0.00999999	          0.00999999	          0.03410219	          0.12677905	          0.20928139	          0.02256189	          0.00999999	          0.00999999	          0.00999999	          0.17847141	
          1.64986019	         -5.07335526	          1.02994702	         -5.92418472	          2.02614906	          1.02163755	          0.00057010	          2.18197719	          0.35497820	          6.50611457	        -11.18257456	          9.80045851	         14.19206541	         31.83394260	          0.26050455	         -2.90983359	        -29.64691372	          5.86269551	          0.25542338	        -15.96792542	          4.46692309	          2.21088891	          0.00999999	          0.02206166	          0.03247144	          0.09125406	          0.01737471	          0.06144382	          0.21298684	          0.07451770	          0.00999999	          0.00999999	          0.00999999	          0.28346013	          0.22835634	          0.09353083	          0.00999999	          0.22951765	          0.16670963	          0.00999999	          0.00999999	          0.00999999	          0.02836675	          0.12256335	          0.19672287	          0.02208107	          0.00999999	          0.00999999	          0.00999999	          0.17957833	
          1.66199152	         -5.09706967	          0.94711072	         -6.25903384	          2.04042433	          1.01957659	          0.00089066	          1.40955696	          0.36658797	          6.54741781	        -11.36990283	         10.30687625	         15.03954594	         31.36694045	         -0.04859913	         -2.75403160	        -25.38934537	          5.85482491	          0.20898586	        -16.01024495	          4.44098437	          2.31888170	          0.00999999	          0.01835124	          0.02701026	          0.09615634	          0.01445256	          0.05733257	          0.21306296	          0.06890342	          0.00999999	          0.00999999	          0.00999999	          0.29687833	          0.24700774	          0.08953206	          0.00999999	          0.23340250	          0.15911934	          0.00999999	          0.00999999	          0.00999999	          0.02359592	          0.10243093	          0.17269968	          0.01895703	          0.00999999	          0.00999999	          0.00999999	          0.18058030	
          1.67412284	         -5.12242103	          0.88064325	         -6.57931024	          2.05494570	          1.01730163	          0.00122418	          0.61216188	          0.35042782	          6.57274713	        -11.53567783	         10.78521776	         15.94718163	         30.83972145	         -0.33489651	         -2.55808154	        -21.18597379	          5.84820551	          0.17319437	        -16.02165493	          4.37483244	          2.41592623	          0.00999999	          0.01526486	          0.02246757	          0.10203441	          0.01202188	          0.05282764	          0.21288805	          0.06116902	          0.00999999	          0.00999999	          0.00999999	          0.31035247	          0.26554101	          0.07580517	          0.00999999	          0.24027428	          0.15456393	          0.00999999	          0.00999999	          0.00999999	          0.01962747	          0.08520370	          0.15598716	          0.02425823	          0.00999999	          0.00999999	          0.00999999	          0.18223176	
          1.68625417	         -5.14831447	          0.83465913	         -6.88528744	          2.06974391	          1.01487927	          0.00156127	         -0.21734744	          0.30080054	          6.58482115	        -11.66315310	         11.19465642	         16.93909175	         30.26989079	         -0.59528251	         -2.31751027	        -17.10660012	          5.84308771	          0.14714195	        -16.00009083	          4.26521823	          2.50348393	          0.00999999	          0.01269756	          0.01868889	          0.10375018	          0.00999999	          0.04803466	          0.21128791	          0.05454235	          0.00999999	          0.00999999	          0.00999999	          0.32344208	          0.28293549	          0.06305597	          0.01180985	          0.25088503	          0.14833006	          0.00999999	          0.01226005	          0.00999999	          0.01632644	          0.07087382	          0.14319979	          0.02398079	          0.01000000	          0.00999999	          0.00999999	          0.18472119	
          1.69838549	         -5.17390792	          0.81300756	         -7.17506774	          2.08484455	          1.01237957	          0.00189115	         -1.08397842	          0.21306107	          6.58095409	        -11.74286682	         11.51819318	         18.01123548	         29.67918125	         -0.82521003	         -2.04524768	        -13.23678324	          5.85312482	          0.12974751	        -15.94407439	          4.10902476	          2.58195636	          0.00999999	          0.01056203	          0.01554572	          0.09784508	          0.00999999	          0.04437646	          0.20877287	          0.04981534	          0.00999999	          0.00999999	          0.00999999	          0.33568346	          0.29816412	          0.05245097	          0.01477768	          0.26646841	          0.14493713	          0.00999999	          0.01793178	          0.00999999	          0.01358060	          0.05895398	          0.13568940	          0.02091404	          0.01253329	          0.00999999	          0.00999999	          0.18619265	
          1.71051682	         -5.19830982	          0.81700754	         -7.44510692	          2.10026599	          1.00986356	          0.00220558	         -1.98771753	          0.08645650	          6.55574909	        -11.77521998	         11.74165835	         19.15545996	         29.08547762	         -1.01884780	         -1.77245556	         -9.64476108	          5.89241592	          0.12053136	        -15.85352965	          3.90506227	          2.65145664	          0.00999999	          0.00999999	          0.01293118	          0.09167125	          0.00999999	          0.03882931	          0.20982570	          0.04603670	          0.00999999	          0.00999999	          0.00999999	          0.34662768	          0.31041908	          0.04362956	          0.01229232	          0.27992442	          0.14427109	          0.00999999	          0.02217136	          0.00999999	          0.01129656	          0.04903887	          0.13002005	          0.01739663	          0.01799800	          0.00999999	          0.00999999	          0.18688639	
          1.72264814	         -5.22077420	          0.84550897	         -7.69128780	          2.11602234	          1.00737651	          0.00249782	         -2.92721820	         -0.07668356	          6.50244965	        -11.76260173	         11.84947465	         20.36714812	         28.50139666	         -1.16999119	         -1.53068464	         -6.37026072	          5.96149753	          0.11905065	        -15.72927556	          3.65464531	          2.71149136	          0.00999999	          0.00999999	          0.01075637	          0.08620121	          0.00999999	          0.03229885	          0.21564334	          0.03892032	          0.00999999	          0.00999999	          0.00999999	          0.35572987	          0.31893667	          0.03629177	          0.01022495	          0.28681732	          0.14425661	          0.01098024	          0.02368341	          0.02013479	          0.00999999	          0.04079133	          0.13226620	          0.01447080	          0.02258233	          0.00999999	          0.00999999	          0.18679805	
          1.73477947	         -5.24032258	          0.89563609	         -7.91085645	          2.13212665	          1.00494742	          0.00276371	         -3.89860470	         -0.27168245	          6.42002509	        -11.71412466	         11.83075912	         21.64296234	         27.93963932	         -1.27324096	         -1.33807106	         -3.45404173	          6.04272190	          0.12522573	        -15.57238063	          3.36088420	          2.76209886	          0.00999999	          0.00999999	          0.00999999	          0.07700494	          0.00999999	          0.02686670	          0.23284063	          0.03237455	          0.00999999	          0.00999999	          0.00999999	          0.36254700	          0.32324048	          0.03018808	          0.01469277	          0.29421694	          0.13684226	          0.01625529	          0.02773038	          0.04363394	          0.00999999	          0.03393088	          0.14777041	          0.01203705	          0.02345497	          0.00999999	          0.00999999	          0.18566885	
          1.74691079	         -5.25542855	          0.96245614	         -8.10118880	          2.14859362	          1.00259138	          0.00299884	         -4.89283282	         -0.49081674	          6.30822851	        -11.65193700	         11.68138265	         22.98073198	         27.41409070	         -1.32363792	         -1.19265665	         -0.95197583	          6.10415630	          0.13851206	        -15.38364539	          3.02929112	          2.80512811	          0.00999999	          0.00999999	          0.00999999	          0.06592106	          0.00999999	          0.02234816	          0.25826930	          0.02692967	          0.00999999	          0.00999999	          0.00999999	          0.36659547	          0.32310148	          0.02511093	          0.01932127	          0.29876047	          0.12051642	          0.02739000	          0.04065946	          0.06159798	          0.07566562	          0.02822426	          0.15565752	          0.01737470	          0.02010411	          0.01345242	          0.01000001	          0.18682668	
          1.75904212	         -5.26426616	          1.04049934	         -8.25903595	          2.16544225	          1.00031012	          0.00319456	         -5.89657800	         -0.72538241	          6.16515770	        -11.60860582	         11.40350715	         24.37859544	         26.94011935	         -1.31545771	         -1.08686008	          1.06450557	          6.11821732	          0.15657229	        -15.16267205	          2.66681116	          2.84396157	          0.00999999	          0.00999999	          0.00999999	          0.05623364	          0.00999999	          0.01858956	          0.28405363	          0.02240054	          0.01000000	          0.00999999	          0.00999999	          0.36745694	          0.31879371	          0.02088768	          0.02853744	          0.29523795	          0.10506699	          0.03797545	          0.05323450	          0.07414434	          0.18206621	          0.02347739	          0.15216816	          0.01445256	          0.01672292	          0.02668768	          0.00999999	          0.19355099	
          1.77117344	         -5.26491322	          1.12195133	         -8.38128109	          2.18269578	          0.99809312	          0.00334261	         -6.89460810	         -0.96392625	          5.98548140	        -11.62221736	         11.00318800	         25.83479024	         26.53301198	         -1.24749437	         -1.01427677	          2.51569753	          6.09233406	          0.17564769	        -14.90825985	          2.28354812	          2.88168715	          0.00999999	          0.00999999	          0.00999999	          0.05661561	          0.00999999	          0.01546309	          0.30125851	          0.01863313	          0.02958302	          0.00999999	          0.00999999	          0.36475294	          0.31025912	          0.01737471	          0.02751030	          0.27627093	          0.09166141	          0.04750604	          0.06356445	          0.07965907	          0.27739276	          0.01952887	          0.13484817	          0.01202188	          0.01391040	          0.04094774	          0.00999999	          0.19921469	
          1.78330477	         -5.25581862	          1.19897266	         -8.46768721	          2.20038694	          0.99591666	          0.00343574	         -7.86820077	         -1.19483244	          5.76205652	        -11.73754287	         10.48941073	         27.34951455	         26.19021977	         -1.12234164	         -0.97464562	          3.36455715	          6.04436692	          0.19306566	        -14.61738897	          1.89085998	          2.92143200	          0.00999999	          0.00999999	          0.00999999	          0.05050625	          0.00999999	          0.01286245	          0.31106796	          0.02169805	          0.04821476	          0.00999999	          0.00999999	          0.35819078	          0.29775085	          0.01445256	          0.02288351	          0.25683783	          0.07624544	          0.05348798	          0.07627468	          0.08058818	          0.34281986	          0.01624443	          0.11216888	          0.00999999	          0.01157089	          0.04886094	          0.01202187	          0.20763818	
          1.79543609	         -5.23572500	          1.25689676	         -8.51583030	          2.21856017	          0.99374155	          0.00346398	         -8.80322894	         -1.39941040	          5.49102366	        -11.99358556	          9.86911053	         28.92244186	         25.89050852	         -0.94778133	         -0.99033678	          3.62093885	          5.98919076	          0.21263461	        -14.28607279	          1.50899140	          2.96531467	          0.00999999	          0.00999999	          0.00999999	          0.04201191	          0.00999999	          0.01069920	          0.31043973	          0.02511094	          0.04010582	          0.00999999	          0.00999999	          0.34747596	          0.28219965	          0.01202188	          0.01903487	          0.24524234	          0.06342219	          0.05291966	          0.07906331	          0.08302453	          0.37155796	          0.01351238	          0.09330389	          0.00999999	          0.00999999	          0.06176425	          0.00999999	          0.20229914	
          1.80756742	         -5.20394932	          1.28459209	         -8.52169529	          2.23724719	          0.99152061	          0.00342561	         -9.69309659	         -1.56334756	          5.17148096	        -12.41266502	          9.14964414	         30.54419860	         25.61169534	         -0.73332545	         -1.07683224	          3.30275288	          5.71667954	          0.23399501	        -13.91055006	          1.15229690	          3.01329792	          0.00999999	          0.00999999	          0.00999999	          0.03494619	          0.00999999	          0.02306948	          0.29801970	          0.02088768	          0.03336067	          0.00999999	          0.00999999	          0.33280415	          0.26163736	          0.00999999	          0.01583351	          0.22799435	          0.05275560	          0.05492471	          0.08545331	          0.07721680	          0.33600566	          0.01123982	          0.07761168	          0.00999999	          0.00999999	          0.05137650	          0.01564749	          0.22087678	
          1.81969874	         -5.16070202	          1.28890851	         -8.48213441	          2.25642644	          0.98923702	          0.00333356	        -10.50891684	         -1.68924953	          4.80871200	        -13.04711885	          8.34647140	         32.19411791	         25.33965633	         -0.49314846	         -1.22118023	          2.33708983	          5.10494133	          0.27245236	        -13.49016561	          0.81234070	          3.06096996	          0.00999999	          0.00999999	          0.04122328	          0.02906880	          0.02372578	          0.02730558	          0.25936328	          0.01737471	          0.06312580	          0.00999999	          0.00999999	          0.31219580	          0.24019213	          0.00999999	          0.01317057	          0.18964938	          0.04388296	          0.04568726	          0.09629476	          0.06423018	          0.27949493	          0.06567529	          0.06455865	          0.00999999	          0.00999999	          0.04362957	          0.01301583	          0.23664916	
          1.83183007	         -5.11058558	          1.30127458	         -8.39168187	          2.27588814	          0.98706238	          0.00322126	        -11.15522930	         -1.79810201	          4.39958628	        -14.02534503	          7.44146300	         33.85996377	         25.02831572	         -0.27511292	         -1.31921419	          0.93108332	          4.35436812	          0.22261635	        -13.04281505	          0.45064733	          3.09650646	          0.00999999	          0.00999999	          0.07121609	          0.02417990	          0.03273781	          0.03251416	          0.21574256	          0.01445256	          0.08638378	          0.00999999	          0.00999999	          0.28804408	          0.20146720	          0.00999999	          0.01095549	          0.17684371	          0.03650255	          0.08992718	          0.08009953	          0.06041325	          0.23248839	          0.09025995	          0.05370092	          0.00999999	          0.00999999	          0.03629178	          0.01202188	          0.28741538	
          1.84396139	         -5.06356709	          1.33526582	         -8.24874471	          2.29523292	          0.98536608	          0.00305107	        -11.49395167	         -1.89596409	          3.94864417	        -15.51177382	          6.37694104	         35.48962573	         24.62717804	         -0.03752842	         -1.39241928	         -0.28826539	          3.52427588	          0.20447355	        -12.61172738	          0.05456649	          3.11927290	          0.00999999	          0.00999999	          0.05923870	          0.02011323	          0.04225743	          0.03713613	          0.17945814	          0.01202188	          0.10992839	          0.00999999	          0.00999999	          0.24897145	          0.16758367	          0.00999999	          0.00999999	          0.14710145	          0.03036341	          0.14205246	          0.07584807	          0.06207098	          0.19338760	          0.13660888	          0.04466930	          0.00999999	          0.00999999	          0.03018809	          0.00999999	          0.33861076	
          1.85609272	         -5.02588523	          1.38918029	         -8.05597102	          2.31409180	          0.98445946	          0.00283323	        -11.40710225	         -1.97585388	          3.46922394	        -17.64945865	          5.13005546	         36.92187313	         24.19871197	          0.22768801	         -1.41642992	         -1.39188374	          2.75736759	          0.15379461	        -12.23716178	         -0.37770351	          3.12591830	          0.03268741	          0.00999999	          0.04927570	          0.01673051	          0.06564317	          0.03281710	          0.14927618	          0.00999999	          0.13717499	          0.00999999	          0.00999999	          0.20709847	          0.13939880	          0.00999999	          0.00999999	          0.12236136	          0.02525678	          0.18949537	          0.10087207	          0.05821811	          0.16086292	          0.17049345	          0.03715664	          0.00999999	          0.00999999	          0.02511094	          0.00999999	          0.36055523	
          1.86822404	         -4.99903096	          1.45034704	         -7.81477023	          2.33226095	          0.98449602	          0.00259347	        -10.82845214	         -2.02695316	          2.98040364	        -20.52406934	          3.76284804	         37.78971561	         23.77990641	          0.50460073	         -1.39976397	         -2.49759699	          2.39144561	          0.11227823	        -11.94107631	         -0.83441676	          3.11119356	          0.06377864	          0.00999999	          0.04098832	          0.01391671	          0.08534764	          0.02729780	          0.12417033	          0.00999999	          0.13878480	          0.00999999	          0.00999999	          0.17226785	          0.11595417	          0.00999999	          0.00999999	          0.10178215	          0.02100899	          0.22168368	          0.11529744	          0.05615676	          0.13380838	          0.19368657	          0.03090749	          0.00999999	          0.00999999	          0.02088768	          0.01183821	          0.34955092	
          1.88035537	         -4.98307863	          1.50248856	         -7.52539247	          2.34965940	          0.98553501	          0.00236539	         -9.74627713	         -2.03991929	          2.49938796	        -24.13387876	          2.31899897	         37.71527764	         23.35178927	          0.77375820	         -1.34562706	         -3.54154608	          2.32045680	          0.08354364	        -11.73101847	         -1.29849935	          3.07099730	          0.08839720	          0.00999999	          0.03409475	          0.01157614	          0.10196790	          0.02270675	          0.10328689	          0.00999999	          0.11544344	          0.00999999	          0.00999999	          0.14329517	          0.09645255	          0.00999999	          0.00999999	          0.08466404	          0.01747562	          0.23195563	          0.12902238	          0.05158889	          0.11130397	          0.19841789	          0.02570935	          0.00999999	          0.02607575	          0.01737471	          0.02066166	          0.32749380	
          1.89248669	         -4.97570745	          1.52893471	         -7.18543684	          2.36635254	          0.98746872	          0.00218204	         -8.22435757	         -2.00439876	          2.05716685	        -28.31825525	          0.65418230	         36.70460618	         22.87800078	          1.01755892	         -1.24936374	         -4.45058679	          2.43344756	          0.06972986	        -11.59801030	         -1.75108519	          3.00027058	          0.08360577	          0.00999999	          0.03760225	          0.00999999	          0.11329714	          0.01888784	          0.08591570	          0.00999999	          0.09602772	          0.00999999	          0.00999999	          0.11919524	          0.08023079	          0.01930084	          0.00999999	          0.07042491	          0.01453650	          0.23050703	          0.14176270	          0.04964826	          0.09258443	          0.17789186	          0.02138545	          0.00999999	          0.02169023	          0.01445256	          0.02224527	          0.29722422	
          1.90461801	         -4.97371757	          1.52262467	         -6.79907774	          2.38247975	          0.99002264	          0.00207053	         -6.36903131	         -1.91557229	          1.69046129	        -32.86750794	         -1.18611276	         34.61406477	         22.33650066	          1.22664535	         -1.10274182	         -5.19109320	          2.63800058	          0.06964377	        -11.52362915	         -2.18262654	          2.90020772	          0.09853353	          0.03980919	          0.06175579	          0.00999999	          0.09424239	          0.01571121	          0.07146607	          0.00999999	          0.07987740	          0.00999999	          0.00999999	          0.09914852	          0.06673726	          0.05636435	          0.00999999	          0.05858058	          0.01209170	          0.22109527	          0.13082128	          0.04658405	          0.07701323	          0.15680220	          0.01778876	          0.00999999	          0.02948012	          0.01202188	          0.01850397	          0.26962774	
          1.91674934	         -4.97404705	          1.48104032	         -6.37300107	          2.39815605	          0.99287643	          0.00202088	         -4.30785215	         -1.76590957	          1.42033946	        -37.57929556	         -2.86727222	         31.18214927	         21.73562126	          1.39669977	         -0.89989773	         -5.78311889	          2.85916044	          0.07996844	        -11.49414432	         -2.58085982	          2.77375904	          0.09870811	          0.06507931	          0.09911296	          0.00999999	          0.07839234	          0.01306884	          0.05944663	          0.00999999	          0.06644331	          0.00999999	          0.00999999	          0.08247334	          0.05551313	          0.14956048	          0.00999999	          0.04872827	          0.01005807	          0.20627886	          0.11218574	          0.04361241	          0.06406084	          0.13881162	          0.01479698	          0.00999999	          0.03234227	          0.00999999	          0.01539190	          0.24730692	
          1.92888066	         -4.97499396	          1.41385999	         -5.91096731	          2.41344600	          0.99575156	          0.00202560	         -2.17850187	         -1.53169121	          1.28159385	        -42.25189426	         -3.70792005	         26.82859137	         21.10948059	          1.53497370	         -0.65083111	         -6.28459723	          3.03830822	          0.09514619	        -11.50157336	         -2.94850416	          2.62091067	          0.08210700	          0.07766217	          0.11990440	          0.00999999	          0.06520801	          0.01087087	          0.05927570	          0.00999999	          0.07462597	          0.04864441	          0.00999999	          0.06860266	          0.04617672	          0.16425259	          0.00999999	          0.04053296	          0.00999999	          0.19566487	          0.10089919	          0.04532341	          0.05328684	          0.13018849	          0.01230837	          0.00999999	          0.02893175	          0.00999999	          0.01280323	          0.23088637	
          1.94101199	         -4.97666670	          1.32692506	         -5.41874930	          2.42841635	          0.99853332	          0.00207617	         -0.07875544	         -1.20901554	          1.22582823	        -46.62643625	         -3.55868450	         22.98581567	         20.47956640	          1.64410163	         -0.37716429	         -6.73935225	          3.17806169	          0.10778923	        -11.53903059	         -3.28654976	          2.44556700	          0.06829793	          0.09063761	          0.13092967	          0.00999999	          0.05447968	          0.00999999	          0.07717081	          0.00999999	          0.07933179	          0.10239164	          0.00999999	          0.05706480	          0.03841054	          0.17712647	          0.00999999	          0.03371597	          0.00999999	          0.18929037	          0.09620147	          0.05111659	          0.04432486	          0.12432010	          0.01023830	          0.00999999	          0.02406590	          0.00999999	          0.01064994	          0.21445776	
          1.95314331	         -4.97951988	          1.21918035	         -4.90653908	          2.44312854	          1.00121190	          0.00214606	          1.97028238	         -0.82836083	          1.17784058	        -50.56552812	         -3.13453154	         19.71142049	         19.84833278	          1.72102080	         -0.09459960	         -7.16287916	          3.31144563	          0.11871934	        -11.60117501	         -3.58757109	          2.25721125	          0.05681132	          0.09650679	          0.14231538	          0.00999999	          0.06212309	          0.00999999	          0.09801341	          0.00999999	          0.08059555	          0.16370052	          0.00999999	          0.05143300	          0.03195051	          0.16989756	          0.00999999	          0.02804549	          0.00999999	          0.18190649	          0.10295450	          0.05638659	          0.03687013	          0.12389533	          0.00999999	          0.00999999	          0.02083703	          0.01000000	          0.00999999	          0.19959724	
          1.96527464	         -4.98379189	          1.09249890	         -4.37855356	          2.45763344	          1.00378278	          0.00222267	          3.95626152	         -0.40154279	          1.12380335	        -53.98969415	         -2.64174095	         16.90654511	         19.20725271	          1.76701106	          0.18937885	         -7.54445684	          3.44504954	          0.13349004	        -11.68302738	         -3.85038706	          2.05939165	          0.04725657	          0.10833797	          0.14917591	          0.00999999	          0.06647543	          0.00999999	          0.12619345	          0.00999999	          0.08140135	          0.21005782	          0.00999999	          0.04993243	          0.02657695	          0.16403482	          0.00999999	          0.02332869	          0.00999999	          0.17413713	          0.10524993	          0.06209040	          0.03066917	          0.12724299	          0.00999999	          0.00999999	          0.01733258	          0.02006677	          0.00999999	          0.18842363	
          1.97740596	         -4.98939622	          0.95059022	         -3.83955646	          2.47196040	          1.00624279	          0.00229713	          5.87969423	          0.06049767	          1.06183938	        -56.86734392	         -2.13593347	         14.50113331	         18.55111157	          1.78515408	          0.47658439	         -7.87479813	          3.56914563	          0.16030500	        -11.78192795	         -4.07657744	          1.85435672	          0.03930878	          0.12740491	          0.14901118	          0.00999999	          0.06090601	          0.00999999	          0.16266017	          0.00999999	          0.07841671	          0.23834087	          0.00999999	          0.04702158	          0.02210713	          0.15947490	          0.00999999	          0.02042154	          0.00999999	          0.16611924	          0.09416394	          0.06717435	          0.02551111	          0.13595345	          0.00999999	          0.00999999	          0.01856800	          0.03211997	          0.00999999	          0.17686110	
          1.98953729	         -4.99609198	          0.79417162	         -3.29776401	          2.48611782	          1.00858715	          0.00235963	          7.75185523	          0.53835496	          0.97577593	        -59.20852873	         -1.62689472	         12.43480508	         17.88285124	          1.77504022	          0.77033945	         -8.16417178	          3.70767946	          0.21503788	        -11.89752083	         -4.26396239	          1.64559626	          0.03269768	          0.14606320	          0.14637235	          0.00999999	          0.05066260	          0.00999999	          0.21022924	          0.00999999	          0.07808022	          0.24752399	          0.00999999	          0.04355842	          0.01838907	          0.15643413	          0.00999999	          0.02088768	          0.01370692	          0.16066601	          0.07832708	          0.06996917	          0.02122055	          0.14185313	          0.00999999	          0.00999999	          0.02278371	          0.04438243	          0.00999999	          0.16413220	
          2.00166861	         -5.00331562	          0.62520059	         -2.76228522	          2.50009953	          1.01081027	          0.00240350	          9.59027722	          1.00692591	          0.84729937	        -61.05582958	         -1.10224633	         10.65803943	         17.20761582	          1.73822344	          1.07640841	         -8.42451788	          3.87433293	          0.31433008	        -12.03110534	         -4.41266227	          1.43594738	          0.02719846	          0.15806436	          0.14336280	          0.00999999	          0.04214197	          0.00999999	          0.26690618	          0.00999999	          0.07869532	          0.23903518	          0.00999999	          0.03722143	          0.01529633	          0.15315057	          0.00999999	          0.01737471	          0.01686607	          0.15627563	          0.06515373	          0.07098807	          0.01765160	          0.14487627	          0.00999999	          0.00999999	          0.02776892	          0.05625995	          0.00999999	          0.15073470	
          2.01379994	         -5.01034431	          0.44531158	         -2.23960610	          2.51390131	          1.01290416	          0.00242611	         11.41129260	          1.44799716	          0.66890753	        -62.46833307	         -0.55174071	          9.12964805	         16.52787186	          1.67613696	          1.39402851	         -8.66064130	          4.06714219	          0.46832406	        -12.18333258	         -4.52329058	          1.22657829	          0.02262411	          0.16713187	          0.14119205	          0.00999999	          0.03505437	          0.00999999	          0.32791462	          0.00999999	          0.07842028	          0.21758303	          0.00999999	          0.03096139	          0.01272373	          0.14980021	          0.00999999	          0.01445257	          0.01554283	          0.15185913	          0.05419592	          0.07063881	          0.01468288	          0.14416858	          0.00999999	          0.00999999	          0.02891583	          0.06809650	          0.00999999	          0.13660225	
          2.02593126	         -5.01645561	          0.25675131	         -1.73400288	          2.52752450	          1.01485940	          0.00242678	         13.22735646	          1.84954354	          0.44190834	        -63.51058501	          0.01324874	          7.81540386	         15.84648949	          1.59112321	          1.72076165	         -8.87918065	          4.28790912	          0.69696633	        -12.35367233	         -4.59768037	          1.01856110	          0.01881910	          0.17262863	          0.13979011	          0.00999999	          0.02915879	          0.00999999	          0.38879808	          0.00999999	          0.07935230	          0.18412047	          0.00999999	          0.02575418	          0.01058380	          0.14746323	          0.00999999	          0.01202188	          0.01292878	          0.14811761	          0.04508104	          0.06859229	          0.01221346	          0.13961840	          0.00999999	          0.00999999	          0.03050079	          0.08008855	          0.00999999	          0.12094231	
          2.03806259	         -5.02104471	          0.06329342	         -1.24772261	          2.54097423	          1.01666753	          0.00240660	         15.04722921	          2.20306517	          0.17279910	        -64.24900795	          0.57327605	          6.68535122	         15.16633433	          1.48744323	          2.05468975	         -9.08708613	          4.53825867	          1.02284972	        -12.54093827	         -4.63999375	          0.81245609	          0.01678305	          0.17508496	          0.14117954	          0.00999999	          0.02425475	          0.00999999	          0.44292800	          0.00999999	          0.07969146	          0.15315438	          0.00999999	          0.02142274	          0.00999999	          0.14771391	          0.00999999	          0.00999999	          0.01075437	          0.14490249	          0.03749914	          0.06598357	          0.01015935	          0.13238400	          0.00999999	          0.00999999	          0.02742999	          0.09195302	          0.01000000	          0.10434559	
          2.05019391	         -5.02381678	         -0.13130871	         -0.78105212	          2.55425910	          1.01832283	          0.00236735	         16.87457902	          2.50312134	         -0.13048529	        -64.74229518	          1.11561493	          5.71286804	         14.48964843	          1.36944705	          2.39187162	         -9.28650050	          4.79850938	          1.45304424	        -12.74355046	         -4.65477736	          0.60857784	          0.01816500	          0.17576569	          0.14536906	          0.00999999	          0.02017549	          0.00999999	          0.48140595	          0.00999999	          0.07931909	          0.12739628	          0.00999999	          0.01781978	          0.00999999	          0.14883888	          0.00999999	          0.00999999	          0.00999999	          0.14258585	          0.03119239	          0.06324556	          0.00999999	          0.12310143	          0.00999999	          0.00999999	          0.02281671	          0.10338541	          0.01807874	          0.09071649	
          2.06232524	         -5.02487352	         -0.32350202	         -0.33289344	          2.56739186	          1.01982609	          0.00231082	         18.70609979	          2.74573113	         -0.46054459	        -65.03086665	          1.64551144	          4.87603548	         13.81570324	          1.24137543	          2.72829482	         -9.47306185	          5.04655761	          1.98848699	        -12.95960285	         -4.64666396	          0.40747227	          0.02059813	          0.17419484	          0.15099038	          0.00999999	          0.01678230	          0.00999999	          0.49386778	          0.00999999	          0.07845695	          0.10597028	          0.00999999	          0.01482278	          0.00999999	          0.15065337	          0.00999999	          0.00999999	          0.00999999	          0.14055145	          0.02594633	          0.06062182	          0.00999999	          0.11363215	          0.00999999	          0.00999999	          0.01897931	          0.11453220	          0.03023241	          0.07855568	
          2.07445656	         -5.02453782	         -0.51052230	          0.09896621	          2.58039279	          1.02118550	          0.00223849	         20.52966540	          2.92857432	         -0.81050663	        -65.12899617	          2.16667279	          4.15683059	         13.14047516	          1.10658253	          3.06035860	         -9.64118860	          5.28267732	          2.62169106	        -13.18656905	         -4.61962318	          0.20979739	          0.02249535	          0.16969957	          0.15725230	          0.00999999	          0.01395979	          0.00999999	          0.44915835	          0.00999999	          0.07771454	          0.08814779	          0.00999999	          0.01232983	          0.00999999	          0.15281279	          0.00999999	          0.00999999	          0.00999999	          0.13772376	          0.02158258	          0.05849725	          0.00999999	          0.10439152	          0.00999999	          0.00999999	          0.01578730	          0.12531181	          0.04302736	          0.06772644	
          2.08658789	         -5.02321749	         -0.69001852	          0.51765805	          2.59329331	          1.02241558	          0.00215147	         22.32052938	          3.05079988	         -1.17304123	        -65.01458186	          2.67336472	          3.53971610	         12.45635044	          0.96787479	          3.38620365	         -9.77953564	          5.50503190	          3.33558707	        -13.42088416	         -4.57747687	          0.01624819	          0.02312955	          0.16428785	          0.16384827	          0.00999999	          0.01161198	          0.00999999	          0.37361716	          0.00999999	          0.07729052	          0.07332276	          0.00999999	          0.01025615	          0.00999999	          0.15531967	          0.00999999	          0.00999999	          0.00999999	          0.13372615	          0.01795274	          0.05736301	          0.01000003	          0.09548383	          0.00999999	          0.00999999	          0.01313214	          0.13576561	          0.05530581	          0.05831600	
          2.09871921	         -5.02133515	         -0.85957283	          0.92656466	          2.60612969	          1.02353129	          0.00205040	         24.04594518	          3.11304683	         -1.53928936	        -64.64293441	          3.15981040	          3.01048512	         11.75634948	          0.82802756	          3.70446988	         -9.87826620	          5.70975817	          4.10967538	        -13.65863209	         -4.52428174	         -0.17248193	          0.02088572	          0.16040868	          0.16866586	          0.00999999	          0.00999999	          0.00999999	          0.31078078	          0.00999999	          0.07682151	          0.06099105	          0.00999999	          0.00999999	          0.00999999	          0.15923000	          0.00999999	          0.00999999	          0.00999999	          0.12854844	          0.01493338	          0.05685845	          0.05073660	          0.09007222	          0.00999999	          0.00999999	          0.01092353	          0.14599813	          0.06698695	          0.04933933	
          2.11085054	         -5.01921414	         -1.01643248	          1.32865971	          2.61893140	          1.02453989	          0.00193577	         25.67556893	          3.11813349	         -1.89770075	        -63.97493942	          3.62109115	          2.55556621	         11.04224618	          0.69054787	          4.01317888	         -9.94314065	          5.89456791	          4.92740662	        -13.89686570	         -4.46437456	         -0.35617181	          0.01737471	          0.15805173	          0.17267333	          0.00999999	          0.00999999	          0.00999999	          0.25851247	          0.00999999	          0.07517532	          0.05378858	          0.00999999	          0.00999999	          0.00999999	          0.16311892	          0.00999999	          0.00999999	          0.00999999	          0.12082735	          0.01242182	          0.05765933	          0.08651830	          0.08480209	          0.00999999	          0.00999999	          0.00999999	          0.15588796	          0.07771602	          0.04156193	
          2.12298186	         -5.01709756	         -1.15742919	          1.72627619	          2.63172565	          1.02544074	          0.00180826	         27.18178146	          3.07157997	         -2.23340786	        -62.98006555	          4.06236098	          2.16317653	         10.31630116	          0.55941511	          4.31097599	         -9.98138109	          6.06253895	          5.77290242	        -14.13298876	         -4.40234224	         -0.53504939	          0.01445256	          0.15871770	          0.17534843	          0.00999999	          0.00999999	          0.00999999	          0.21503484	          0.00999999	          0.07247658	          0.05119278	          0.00999999	          0.00999999	          0.00999999	          0.16706873	          0.00999999	          0.01000985	          0.00999999	          0.11226483	          0.01033267	          0.05877596	          0.11771314	          0.08159044	          0.00999999	          0.00999999	          0.00999999	          0.16543330	          0.08746496	          0.03654866	
          2.13511319	         -5.01514977	         -1.27854560	          2.12094632	          2.64453876	          1.02622463	          0.00166642	         28.54021575	          2.97842401	         -2.53149982	        -61.63534903	          4.48117665	          1.82229386	          9.57953455	          0.43944598	          4.59675152	        -10.00043765	          6.22779843	          6.62542345	        -14.36461512	         -4.34320108	         -0.70958658	          0.01202188	          0.16328349	          0.17623742	          0.00999999	          0.00999999	          0.00999999	          0.17886945	          0.00999999	          0.06982714	          0.05004290	          0.00999999	          0.00999999	          0.00999999	          0.17081666	          0.00999999	          0.01724555	          0.00999999	          0.10512350	          0.00999999	          0.05944244	          0.14545724	          0.07535126	          0.00999999	          0.00999999	          0.00999999	          0.17476654	          0.09662249	          0.03645682	
          2.14724451	         -5.01341012	         -1.37463209	          2.51365542	          2.65739241	          1.02687126	          0.00150881	         29.73091823	          2.84270099	         -2.77683903	        -59.92775765	          4.86936734	          1.52274359	          8.83560916	          0.33678212	          4.87144960	        -10.01402557	          6.41017701	          7.46189914	        -14.59029725	         -4.29329563	         -0.88037642	          0.00999999	          0.16619288	          0.17442432	          0.00999999	          0.00999999	          0.00999999	          0.14878650	          0.00999999	          0.06914603	          0.04931269	          0.01108099	          0.00999999	          0.00999999	          0.17410163	          0.00999999	          0.02391804	          0.01449451	          0.09917620	          0.00999999	          0.05928467	          0.16879314	          0.07076186	          0.00999999	          0.00999999	          0.00999999	          0.18410424	          0.10560849	          0.04136372	
          2.15937584	         -5.01194383	         -1.44214150	          2.90523326	          2.67030829	          1.02735118	          0.00133631	         30.73680596	          2.66984399	         -2.95622292	        -57.85001244	          5.21592370	          1.25787399	          8.08866402	          0.25573062	          5.13399671	        -10.03585737	          6.62461022	          8.26644557	        -14.80844514	         -4.25755836	         -1.04862334	          0.00999999	          0.16474903	          0.17032879	          0.00999999	          0.00999999	          0.00999999	          0.12376301	          0.01911999	          0.07575323	          0.04818059	          0.01202188	          0.00999999	          0.00999999	          0.17594061	          0.00999999	          0.03095162	          0.01953840	          0.09468166	          0.00999999	          0.05871847	          0.18733562	          0.06694749	          0.00999999	          0.00999999	          0.00999999	          0.19356069	          0.11486732	          0.04989924	
          2.17150716	         -5.01084158	         -1.47827169	          3.29613824	          2.68331297	          1.02763050	          0.00114987	         31.54230750	          2.46095852	         -3.07045911	        -55.39940850	          5.50366590	          1.02727395	          7.34187285	          0.19980766	          5.38439730	        -10.07751540	          6.87934904	          9.03381025	        -15.01631208	         -4.24048246	         -1.21454320	          0.00999999	          0.16347428	          0.16576027	          0.00999999	          0.00999999	          0.00999999	          0.10294807	          0.04274129	          0.09072235	          0.04604483	          0.01000000	          0.00999999	          0.00999999	          0.17598580	          0.00999999	          0.04266709	          0.01662403	          0.09059772	          0.00999999	          0.05838471	          0.20125301	          0.06235331	          0.00999999	          0.00999999	          0.00999999	          0.20326260	          0.12477020	          0.05988606	
          2.18363849	         -5.01039331	         -1.48102162	          3.68628656	          2.69643422	          1.02767437	          0.00094732	         32.13626483	          2.21150881	         -3.13942731	        -52.58144400	          5.71372168	          0.83464233	          6.59845312	          0.17189194	          5.62193377	        -10.14976302	          7.17790658	          9.76886443	        -15.21030166	         -4.24546150	         -1.37602484	          0.00999999	          0.16494793	          0.16326660	          0.00999999	          0.00999999	          0.00999999	          0.08563386	          0.06328512	          0.11078154	          0.04306489	          0.00999999	          0.00999999	          0.00999999	          0.17505335	          0.00999999	          0.04858011	          0.02257957	          0.08788569	          0.00999999	          0.05803700	          0.21145448	          0.06110447	          0.00999999	          0.00999999	          0.00999999	          0.21326670	          0.13556006	          0.07003406	
          2.19576981	         -5.01147464	         -1.45124143	          4.07484508	          2.70969064	          1.02745055	          0.00072993	         32.51663798	          1.92265747	         -3.17919308	        -49.40684150	          5.83757763	          0.68119267	          5.86060574	          0.17148615	          5.84185154	        -10.25847678	          7.52102629	         10.48235174	        -15.38762555	         -4.27258111	         -1.53184549	          0.00999999	          0.17167711	          0.16381440	          0.00999999	          0.00999999	          0.00999999	          0.07123163	          0.07969687	          0.13332676	          0.03929990	          0.00999999	          0.00999999	          0.00999999	          0.17420589	          0.00999999	          0.05126101	          0.03194916	          0.08592943	          0.00999999	          0.05803808	          0.21841480	          0.06208032	          0.00999999	          0.00999999	          0.00999999	          0.22363799	          0.14755669	          0.07925015	
          2.20790114	         -5.01531918	         -1.39325464	          4.46030878	          2.72309092	          1.02693060	          0.00050045	         32.69280463	          1.60320885	         -3.19432618	        -45.89930312	          5.89008639	          0.56160842	          5.12936968	          0.19428394	          6.03883419	        -10.40500587	          7.90825708	         11.18780264	        -15.54660477	         -4.31722410	         -1.68161818	          0.00999999	          0.18114738	          0.16706047	          0.00999999	          0.00999999	          0.00999999	          0.05925162	          0.09253422	          0.15654824	          0.03488662	          0.00999999	          0.00999999	          0.00999999	          0.17443712	          0.00999999	          0.04608173	          0.04024703	          0.08727206	          0.01405635	          0.05859876	          0.22220411	          0.06411013	          0.00999999	          0.00999999	          0.00999999	          0.23445171	          0.16099041	          0.08687099	
          2.22003246	         -5.02306994	         -1.31372413	          4.84052832	          2.73664154	          1.02609253	          0.00025860	         32.68431794	          1.26590596	         -3.17963776	        -42.10169596	          5.89890618	          0.46511548	          4.40191412	          0.23330223	          6.20649651	        -10.58270114	          8.33702321	         11.89913860	        -15.68571323	         -4.37064651	         -1.82521776	          0.00999999	          0.19291215	          0.17010991	          0.00999999	          0.00999999	          0.00999999	          0.04928645	          0.10426664	          0.17886224	          0.03107298	          0.00999999	          0.00999999	          0.00999999	          0.17559661	          0.00999999	          0.03833153	          0.04625845	          0.09060758	          0.01938163	          0.05952416	          0.22301676	          0.06618438	          0.00999999	          0.00999999	          0.00999999	          0.24580164	          0.17594484	          0.09242088	
          2.23216379	         -5.03542221	         -1.22080020	          5.21298981	          2.75035025	          1.02492540	          0.00000235	         32.51814876	          0.92360476	         -3.12723643	        -38.07626106	          5.88867758	          0.38327394	          3.67250033	          0.27958281	          6.34080421	        -10.77972212	          8.80189597	         12.62932592	        -15.80342064	         -4.42163217	         -1.96231564	          0.00999999	          0.20677442	          0.17110999	          0.00999999	          0.00999999	          0.00999999	          0.04099727	          0.11653348	          0.19791861	          0.02712364	          0.00999999	          0.00999999	          0.00999999	          0.17700116	          0.00999999	          0.03188478	          0.04692960	          0.09296849	          0.02234382	          0.06094366	          0.22078100	          0.06895163	          0.00999999	          0.00999999	          0.00999999	          0.25780720	          0.19245924	          0.09533176	
          2.24429511	         -5.05240559	         -1.12321075	          5.57504576	          2.76422813	          1.02343337	         -0.00027187	         32.22477737	          0.58614095	         -3.03521194	        -33.89826647	          5.87390656	          0.31346053	          2.93442766	          0.32343338	          6.44007937	        -10.98306198	          9.29357046	         13.39050405	        -15.89812857	         -4.45798876	         -2.09172829	          0.00999999	          0.22282201	          0.17253577	          0.00999999	          0.00999999	          0.00999999	          0.03410219	          0.12677905	          0.20928139	          0.02256189	          0.00999999	          0.00999999	          0.00999999	          0.17847141	          0.00999999	          0.02652228	          0.03903680	          0.09064391	          0.02088768	          0.06307198	          0.21581387	          0.07389549	          0.00999999	          0.00999999	          0.00999999	          0.27040766	          0.21018313	          0.09533724	
          2.25642644	         -5.07335526	         -1.02994702	          5.92418472	          2.77829121	          1.02163755	         -0.00057010	         31.83394260	          0.26050455	         -2.90983359	        -29.64691372	          5.86269551	          0.25542338	          2.18197719	          0.35497820	          6.50611457	        -11.18257456	          9.80045851	         14.19206541	        -15.96792542	         -4.46692309	         -2.21088891	          0.00999999	          0.22951765	          0.16670963	          0.00999999	          0.00999999	          0.00999999	          0.02836675	          0.12256335	          0.19672287	          0.02208107	          0.00999999	          0.00999999	          0.00999999	          0.17957833	          0.00999999	          0.02206166	          0.03247144	          0.09125406	          0.01737471	          0.06144382	          0.21298684	          0.07451770	          0.00999999	          0.00999999	          0.00999999	          0.28346013	          0.22835634	          0.09353083	
          2.26855776	         -5.09706967	         -0.94711072	          6.25903384	          2.79256648	          1.01957659	         -0.00089066	         31.36694045	         -0.04859913	         -2.75403160	        -25.38934537	          5.85482491	          0.20898586	          1.40955696	          0.36658797	          6.54741781	        -11.36990283	         10.30687625	         15.03954594	        -16.01024495	         -4.44098437	         -2.31888170	          0.00999999	          0.23340250	          0.15911934	          0.00999999	          0.00999999	          0.00999999	          0.02359592	          0.10243093	          0.17269968	          0.01895703	          0.00999999	          0.00999999	          0.00999999	          0.18058030	          0.00999999	          0.01835124	          0.02701026	          0.09615634	          0.01445256	          0.05733257	          0.21306296	          0.06890342	          0.00999999	          0.00999999	          0.00999999	          0.29687833	          0.24700774	          0.08953206	
          2.28068909	         -5.12242103	         -0.88064325	          6.57931024	          2.80708785	          1.01730163	         -0.00122418	         30.83972145	         -0.33489651	         -2.55808154	        -21.18597379	          5.84820551	          0.17319437	          0.61216188	          0.35042782	          6.57274713	        -11.53567783	         10.78521776	         15.94718163	        -16.02165493	         -4.37483244	         -2.41592623	          0.00999999	          0.24027428	          0.15456393	          0.00999999	          0.00999999	          0.00999999	          0.01962747	          0.08520370	          0.15598716	          0.02425823	          0.00999999	          0.00999999	          0.00999999	          0.18223176	          0.00999999	          0.01526486	          0.02246757	          0.10203441	          0.01202188	          0.05282764	          0.21288805	          0.06116902	          0.00999999	          0.00999999	          0.00999999	          0.31035247	          0.26554101	          0.07580517	
          2.29282041	         -5.14831447	         -0.83465913	          6.88528744	          2.82188606	          1.01487927	         -0.00156127	         30.26989079	         -0.59528251	         -2.31751027	        -17.10660012	          5.84308771	          0.14714195	         -0.21734744	          0.30080054	          6.58482115	        -11.66315310	         11.19465642	         16.93909175	        -16.00009083	         -4.26521823	         -2.50348393	          0.01180985	          0.25088503	          0.14833006	          0.00999999	          0.01226005	          0.00999999	          0.01632644	          0.07087382	          0.14319979	          0.02398079	          0.01000000	          0.00999999	          0.00999999	          0.18472119	          0.00999999	          0.01269756	          0.01868889	          0.10375018	          0.00999999	          0.04803466	          0.21128791	          0.05454235	          0.00999999	          0.00999999	          0.00999999	          0.32344208	          0.28293549	          0.06305597	
          2.30495174	         -5.17390792	         -0.81300756	          7.17506774	          2.83698669	          1.01237957	         -0.00189115	         29.67918125	         -0.82521003	         -2.04524768	        -13.23678324	          5.85312482	          0.12974751	         -1.08397842	          0.21306107	          6.58095409	        -11.74286682	         11.51819318	         18.01123548	        -15.94407439	         -4.10902476	         -2.58195636	          0.01477768	          0.26646841	          0.14493713	          0.00999999	          0.01793178	          0.00999999	          0.01358060	          0.05895398	          0.13568940	          0.02091404	          0.01253329	          0.00999999	          0.00999999	          0.18619265	          0.00999999	          0.01056203	          0.01554572	          0.09784508	          0.00999999	          0.04437646	          0.20877287	          0.04981534	          0.00999999	          0.00999999	          0.00999999	          0.33568346	          0.29816412	          0.05245097	
          2.31708306	         -5.19830982	         -0.81700754	          7.44510692	          2.85240814	          1.00986356	         -0.00220558	         29.08547762	         -1.01884780	         -1.77245556	         -9.64476108	          5.89241592	          0.12053136	         -1.98771753	          0.08645650	          6.55574909	        -11.77521998	         11.74165835	         19.15545996	        -15.85352965	         -3.90506227	         -2.65145664	          0.01229232	          0.27992442	          0.14427109	          0.00999999	          0.02217136	          0.00999999	          0.01129656	          0.04903887	          0.13002005	          0.01739663	          0.01799800	          0.00999999	          0.00999999	          0.18688639	          0.00999999	          0.00999999	          0.01293118	          0.09167125	          0.00999999	          0.03882931	          0.20982570	          0.04603670	          0.00999999	          0.00999999	          0.00999999	          0.34662768	          0.31041908	          0.04362956	
          2.32921439	         -5.22077420	         -0.84550897	          7.69128780	          2.86816449	          1.00737651	         -0.00249782	         28.50139666	         -1.16999119	         -1.53068464	         -6.37026072	          5.96149753	          0.11905065	         -2.92721820	         -0.07668356	          6.50244965	        -11.76260173	         11.84947465	         20.36714812	        -15.72927556	         -3.65464531	         -2.71149136	          0.01022495	          0.28681732	          0.14425661	          0.01098024	          0.02368341	          0.02013479	          0.00999999	          0.04079133	          0.13226620	          0.01447080	          0.02258233	          0.00999999	          0.00999999	          0.18679805	          0.00999999	          0.00999999	          0.01075637	          0.08620121	          0.00999999	          0.03229885	          0.21564334	          0.03892032	          0.00999999	          0.00999999	          0.00999999	          0.35572987	          0.31893667	          0.03629177	
          2.34134571	         -5.24032258	         -0.89563609	          7.91085645	          2.88426879	          1.00494742	         -0.00276371	         27.93963932	         -1.27324096	         -1.33807106	         -3.45404173	          6.04272190	          0.12522573	         -3.89860470	         -0.27168245	          6.42002509	        -11.71412466	         11.83075912	         21.64296234	        -15.57238063	         -3.36088420	         -2.76209886	          0.01469277	          0.29421694	          0.13684226	          0.01625529	          0.02773038	          0.04363394	          0.00999999	          0.03393088	          0.14777041	          0.01203705	          0.02345497	          0.00999999	          0.00999999	          0.18566885	          0.00999999	          0.00999999	          0.00999999	          0.07700494	          0.00999999	          0.02686670	          0.23284063	          0.03237455	          0.00999999	          0.00999999	          0.00999999	          0.36254700	          0.32324048	          0.03018808	
          2.35347704	         -5.25542855	         -0.96245614	          8.10118880	          2.90073577	          1.00259138	         -0.00299884	         27.41409070	         -1.32363792	         -1.19265665	         -0.95197583	          6.10415630	          0.13851206	         -4.89283282	         -0.49081674	          6.30822851	        -11.65193700	         11.68138265	         22.98073198	        -15.38364539	         -3.02929112	         -2.80512811	          0.01932127	          0.29876047	          0.12051642	          0.02739000	          0.04065946	          0.06159798	          0.07566562	          0.02822426	          0.15565752	          0.01737470	          0.02010411	          0.01345242	          0.01000001	          0.18682668	          0.00999999	          0.00999999	          0.00999999	          0.06592106	          0.00999999	          0.02234816	          0.25826930	          0.02692967	          0.00999999	          0.00999999	          0.00999999	          0.36659547	          0.32310148	          0.02511093	
          2.36560836	         -5.26426616	         -1.04049934	          8.25903595	          2.91758439	          1.00031012	         -0.00319456	         26.94011935	         -1.31545771	         -1.08686008	          1.06450557	          6.11821732	          0.15657229	         -5.89657800	         -0.72538241	          6.16515770	        -11.60860582	         11.40350715	         24.37859544	        -15.16267205	         -2.66681116	         -2.84396157	          0.02853744	          0.29523795	          0.10506699	          0.03797545	          0.05323450	          0.07414434	          0.18206621	          0.02347739	          0.15216816	          0.01445256	          0.01672292	          0.02668768	          0.00999999	          0.19355099	          0.00999999	          0.00999999	          0.00999999	          0.05623364	          0.00999999	          0.01858956	          0.28405363	          0.02240054	          0.01000000	          0.00999999	          0.00999999	          0.36745694	          0.31879371	          0.02088768	
          2.37773969	         -5.26491322	         -1.12195133	          8.38128109	          2.93483792	          0.99809312	         -0.00334261	         26.53301198	         -1.24749437	         -1.01427677	          2.51569753	          6.09233406	          0.17564769	         -6.89460810	         -0.96392625	          5.98548140	        -11.62221736	         11.00318800	         25.83479024	        -14.90825985	         -2.28354812	         -2.88168715	          0.02751030	          0.27627093	          0.09166141	          0.04750604	          0.06356445	          0.07965907	          0.27739276	          0.01952887	          0.13484817	          0.01202188	          0.01391040	          0.04094774	          0.00999999	          0.19921469	          0.00999999	          0.00999999	          0.00999999	          0.05661561	          0.00999999	          0.01546309	          0.30125851	          0.01863313	          0.02958302	          0.00999999	          0.00999999	          0.36475294	          0.31025912	          0.01737471	
          2.38987101	         -5.25581862	         -1.19897266	          8.46768721	          2.95252908	          0.99591666	         -0.00343574	         26.19021977	         -1.12234164	         -0.97464562	          3.36455715	          6.04436692	          0.19306566	         -7.86820077	         -1.19483244	          5.76205652	        -11.73754287	         10.48941073	         27.34951455	        -14.61738897	         -1.89085998	         -2.92143200	          0.02288351	          0.25683783	          0.07624544	          0.05348798	          0.07627468	          0.08058818	          0.34281986	          0.01624443	          0.11216888	          0.00999999	          0.01157089	          0.04886094	          0.01202187	          0.20763818	          0.00999999	          0.00999999	          0.00999999	          0.05050625	          0.00999999	          0.01286245	          0.31106796	          0.02169805	          0.04821476	          0.00999999	          0.00999999	          0.35819078	          0.29775085	          0.01445256	
          2.40200234	         -5.23572500	         -1.25689676	          8.51583030	          2.97070231	          0.99374155	         -0.00346398	         25.89050852	         -0.94778133	         -0.99033678	          3.62093885	          5.98919076	          0.21263461	         -8.80322894	         -1.39941040	          5.49102366	        -11.99358556	          9.86911053	         28.92244186	        -14.28607279	         -1.50899140	         -2.96531467	          0.01903487	          0.24524234	          0.06342219	          0.05291966	          0.07906331	          0.08302453	          0.37155796	          0.01351238	          0.09330389	          0.00999999	          0.00999999	          0.06176425	          0.00999999	          0.20229914	          0.00999999	          0.00999999	          0.00999999	          0.04201191	          0.00999999	          0.01069920	          0.31043973	          0.02511094	          0.04010582	          0.00999999	          0.00999999	          0.34747596	          0.28219965	          0.01202188	
          2.41413366	         -5.20394932	         -1.28459209	          8.52169529	          2.98938934	          0.99152061	         -0.00342561	         25.61169534	         -0.73332545	         -1.07683224	          3.30275288	          5.71667954	          0.23399501	         -9.69309659	         -1.56334756	          5.17148096	        -12.41266502	          9.14964414	         30.54419860	        -13.91055006	         -1.15229690	         -3.01329792	          0.01583351	          0.22799435	          0.05275560	          0.05492471	          0.08545331	          0.07721680	          0.33600566	          0.01123982	          0.07761168	          0.00999999	          0.00999999	          0.05137650	          0.01564749	          0.22087678	          0.00999999	          0.00999999	          0.00999999	          0.03494619	          0.00999999	          0.02306948	          0.29801970	          0.02088768	          0.03336067	          0.00999999	          0.00999999	          0.33280415	          0.26163736	          0.00999999	
