/vscmnt/brussel_pixiu_data/_data_brussel/112/vsc11236/PredSimResults/SUBJ11opt3D/weighted-trackIG/worker_05.mot
version=1
nRows=200
nColumns=50
inDegrees=yes
endheader
                time	         pelvis_tilt	         pelvis_list	     pelvis_rotation	           pelvis_tx	           pelvis_ty	           pelvis_tz	       hip_flexion_r	     hip_adduction_r	      hip_rotation_r	        knee_angle_r	       ankle_angle_r	         mtp_angle_r	       hip_flexion_l	     hip_adduction_l	      hip_rotation_l	        knee_angle_l	       ankle_angle_l	         mtp_angle_l	    lumbar_extension	      lumbar_bending	     lumbar_rotation	 ercspn_r/activation	 intobl_r/activation	 extobl_r/activation	    abd_r/activation	    add_r/activation	hamstrings_r/activation	bifemsh_r/activation	glut_max_r/activation	iliopsoas_r/activation	rect_fem_r/activation	  vasti_r/activation	gastroc_r/activation	 soleus_r/activation	tib_ant_r/activation	 ercspn_l/activation	 intobl_l/activation	 extobl_l/activation	    abd_l/activation	    add_l/activation	hamstrings_l/activation	bifemsh_l/activation	glut_max_l/activation	iliopsoas_l/activation	rect_fem_l/activation	  vasti_l/activation	gastroc_l/activation	 soleus_l/activation	tib_ant_l/activation	
          0.00000000	         -2.14680978	         -1.66322204	          7.41830441	          0.00000000	          0.94363668	         -0.00404506	         29.71078432	         -0.83759152	         -3.01279499	         -9.86880568	          1.12713529	          0.25000980	        -13.12371004	         -3.59392431	          0.48214930	        -13.31482184	         13.36758858	         29.57240917	        -13.81235552	         -2.60788321	         -3.35980131	          0.02649886	          0.24277856	          0.06518111	          0.00999999	          0.24780877	          0.03143382	          0.07407444	          0.05683824	          0.10586473	          0.04277144	          0.02224449	          0.00999999	          0.00999999	          0.40167689	          0.00999999	          0.00999999	          0.00999999	          0.04455707	          0.00999999	          0.01916326	          0.27552733	          0.03547613	          0.17278878	          0.00999999	          0.00999999	          0.16170801	          0.34747336	          0.01245369	
          0.01472220	         -2.32966292	         -1.80217981	          7.40446373	          0.01899624	          0.94130481	         -0.00237783	         29.44861113	         -0.48627132	         -3.15814648	        -10.96492284	          0.66428932	          0.20441504	        -13.52534562	         -3.93473621	         -0.06236704	        -14.28963115	         12.65008334	         31.47290377	        -13.24572286	         -1.99075545	         -3.60469562	          0.02127790	          0.22899417	          0.05233875	          0.00999999	          0.19898405	          0.04719566	          0.05947987	          0.08056989	          0.08500664	          0.03434436	          0.01786175	          0.01245369	          0.01245369	          0.44135946	          0.01000000	          0.00999999	          0.00999999	          0.03577818	          0.02761936	          0.03880177	          0.24318012	          0.02848642	          0.13874493	          0.00999999	          0.00999999	          0.13031082	          0.32634523	          0.00999999	
          0.02944440	         -2.48983272	         -1.96762848	          7.35959892	          0.03833968	          0.93932835	         -0.00063139	         29.11838303	         -0.12011235	         -3.33647163	        -12.00611086	          0.01586710	          0.20028300	        -13.76493006	         -4.30905899	         -0.62721296	        -15.60092986	         11.74895723	         33.47682691	        -12.65168468	         -1.33301790	         -3.84318459	          0.01708561	          0.18387641	          0.04202667	          0.02859634	          0.18747369	          0.05700406	          0.04776080	          0.10234354	          0.06825814	          0.02757764	          0.02345823	          0.00999999	          0.00999999	          0.50987719	          0.01854490	          0.00999999	          0.00999999	          0.02872896	          0.02217764	          0.04770015	          0.19893841	          0.02287386	          0.11140860	          0.00999999	          0.00999999	          0.10463623	          0.29845866	          0.00999999	
          0.04416660	         -2.62869754	         -2.13754382	          7.27637921	          0.05769328	          0.93789068	          0.00120657	         28.83709627	          0.23548797	         -3.62558384	        -13.12161632	         -0.76939671	          0.16391245	        -13.75929129	         -4.69334999	         -1.21552484	        -17.34348301	         10.61059518	         35.58356370	        -12.07195620	         -0.66326796	         -4.06878878	          0.01915152	          0.14764801	          0.03374633	          0.05754192	          0.21813805	          0.06630496	          0.03835069	          0.08217923	          0.05480953	          0.02214413	          0.11982863	          0.00999999	          0.00999999	          0.57280615	          0.03580376	          0.00999999	          0.00999999	          0.02306861	          0.05151687	          0.05734528	          0.15974241	          0.01836712	          0.08945823	          0.00999999	          0.00999999	          0.08402019	          0.26644283	          0.00999999	
          0.05888881	         -2.74759422	         -2.30181371	          7.15634325	          0.07685598	          0.93717121	          0.00311517	         28.58215984	          0.57548790	         -3.98440477	        -14.33410558	         -1.28407010	          0.10610009	        -13.44528804	         -5.07996694	         -1.82322108	        -19.58614781	          9.18728345	         37.72944618	        -11.52685931	          0.00448581	         -4.27714798	          0.02203882	          0.11855755	          0.02709743	          0.07952737	          0.23341741	          0.07054921	          0.03079461	          0.10997535	          0.04401064	          0.01778117	          0.19131434	          0.00999999	          0.00999999	          0.59185988	          0.05969262	          0.00999999	          0.00999999	          0.01852350	          0.11570213	          0.07045609	          0.12826904	          0.01474832	          0.07183265	          0.00999999	          0.00999999	          0.06746604	          0.21394672	          0.00999999	
          0.07361101	         -2.84927831	         -2.45247144	          6.99820780	          0.09556539	          0.93736796	          0.00505535	         28.31423568	          0.90331928	         -4.34695329	        -15.60713402	         -1.24701562	          0.05686240	        -12.75011040	         -5.46277815	         -2.44465222	        -22.40943116	          7.48582318	         39.68083477	        -11.04217886	          0.66267049	         -4.46095959	          0.01840319	          0.09519865	          0.02175854	          0.09041939	          0.24677314	          0.07578037	          0.02472728	          0.12141211	          0.03533940	          0.01427782	          0.24416331	          0.00999999	          0.00999999	          0.54556896	          0.07089718	          0.00999999	          0.00999999	          0.01487389	          0.17927984	          0.08612152	          0.11269397	          0.01184252	          0.05767977	          0.00999999	          0.00999999	          0.05417349	          0.17179370	          0.00999999	
          0.08833321	         -2.93601705	         -2.57661332	          6.80307259	          0.11362628	          0.93854277	          0.00698216	         27.96379533	          1.22472145	         -4.62235502	        -16.79336796	         -0.68002394	          0.08250240	        -11.63560719	         -5.83384198	         -3.08148047	        -25.84220566	          5.58837201	         41.02533886	        -10.63660097	          1.29986708	         -4.61629983	          0.01477728	          0.07644206	          0.01747154	          0.09269357	          0.24968212	          0.07684148	          0.01985537	          0.13497232	          0.02837663	          0.01146472	          0.29391363	          0.00999999	          0.00999999	          0.45054627	          0.07714509	          0.00999999	          0.00999999	          0.01194335	          0.24565230	          0.09424242	          0.09255335	          0.00999999	          0.04631537	          0.00999999	          0.00999999	          0.04349992	          0.13794591	          0.00999999	
          0.10305541	         -3.00878852	         -2.65020089	          6.56964566	          0.13095406	          0.94068492	          0.00884758	         27.42587902	          1.53284859	         -4.74651326	        -17.66727538	          0.19260885	          0.26529185	        -10.10337272	         -6.18270514	         -3.74916390	        -29.88884137	          3.73178400	         41.07068329	        -10.31891029	          1.89268248	         -4.73922011	          0.01186578	          0.06138100	          0.01402920	          0.09371605	          0.23281656	          0.07929860	          0.01931500	          0.11837182	          0.02278570	          0.00999999	          0.30687338	          0.00999999	          0.00999999	          0.36392069	          0.06384451	          0.00999999	          0.00999999	          0.00999999	          0.26676561	          0.09328142	          0.07431795	          0.00999999	          0.03719004	          0.00999999	          0.00999999	          0.03492931	          0.11076700	          0.00999999	
          0.11777761	         -3.06700762	         -2.64333579	          6.29100544	          0.14757601	          0.94366216	          0.01061252	         26.63556988	          1.79809381	         -4.72226656	        -18.06352253	          1.00437440	          0.55010850	         -8.21758310	         -6.48969105	         -4.42241837	        -34.38415248	          1.75118639	         39.96490672	        -10.08796950	          2.41128012	         -4.82228270	          0.00999999	          0.04928736	          0.01126508	          0.08955941	          0.22783388	          0.08102960	          0.01550945	          0.09899935	          0.01829633	          0.00999999	          0.29484388	          0.00999999	          0.00999999	          0.30263093	          0.05126549	          0.00999999	          0.02179814	          0.00999999	          0.27709099	          0.07842588	          0.07166191	          0.00999999	          0.02986265	          0.00999999	          0.00999999	          0.02804734	          0.08894305	          0.00999999	
          0.13249981	         -3.10821623	         -2.53577482	          5.96151953	          0.16355183	          0.94724743	          0.01226113	         25.61677171	          1.99056416	         -4.56370125	        -18.02765414	          1.68778846	          0.88631955	         -6.07436394	         -6.73424656	         -5.05844031	        -39.08836276	         -0.50096883	         37.94882536	         -9.94066089	          2.83386391	         -4.86304891	          0.00999999	          0.03957648	          0.00999999	          0.08146979	          0.22518930	          0.08012113	          0.01245369	          0.08264179	          0.01469148	          0.00999999	          0.26258077	          0.00999999	          0.00999999	          0.26049995	          0.04285893	          0.00999999	          0.04024245	          0.00999999	          0.27288960	          0.06297396	          0.07957611	          0.00999999	          0.02397893	          0.00999999	          0.00999999	          0.02252129	          0.07141897	          0.00999999	
          0.14722201	         -3.12871719	         -2.32301189	          5.57873502	          0.17894797	          0.95118414	          0.01379668	         24.44338840	          2.09237626	         -4.28228322	        -17.70355764	          2.25852807	          1.22114346	         -3.77102752	         -6.89843199	         -5.59097915	        -43.79111453	         -2.98392097	         35.07641866	         -9.87256176	          3.15249293	         -4.86270429	          0.00999999	          0.03177889	          0.00999999	          0.07858156	          0.19523589	          0.07695371	          0.00999999	          0.06635923	          0.01179688	          0.00999999	          0.22426752	          0.00999999	          0.00999999	          0.22985121	          0.05920200	          0.02759554	          0.06161768	          0.00999999	          0.22419954	          0.05056646	          0.07307286	          0.00999999	          0.01925447	          0.00999999	          0.00999999	          0.01808401	          0.05734759	          0.03448199	
          0.16194422	         -3.12415647	         -2.01953352	          5.14768872	          0.19383825	          0.95519713	          0.01523013	         23.19580051	          2.10305779	         -3.90081515	        -17.24328744	          2.74239587	          1.53571225	         -1.40151617	         -6.96864765	         -5.96772939	        -48.37224751	         -5.21306480	         30.92727070	         -9.87551888	          3.37377390	         -4.82422583	          0.00999999	          0.02551763	          0.00999999	          0.07039432	          0.15676938	          0.07001468	          0.00999999	          0.06550724	          0.00999999	          0.00999999	          0.19900657	          0.00999999	          0.00999999	          0.20577908	          0.09445941	          0.05929820	          0.09454318	          0.00999999	          0.18002644	          0.04060356	          0.05906369	          0.00999999	          0.02060125	          0.00999999	          0.00999999	          0.01452099	          0.04604864	          0.16789403	
          0.17666642	         -3.09147011	         -1.64979057	          4.67100679	          0.20828157	          0.95903265	          0.01653626	         21.93456367	          2.03300328	         -3.44982512	        -16.75826494	          3.16939782	          1.84245624	          0.92814143	         -6.90320684	         -6.20419085	        -52.72629728	         -6.21446905	         25.74568798	         -9.94127052	          3.51613498	         -4.74477570	          0.00999999	          0.02049000	          0.00999999	          0.06471816	          0.12588177	          0.06495462	          0.00999999	          0.06406695	          0.00999999	          0.00999999	          0.18456605	          0.00999999	          0.00999999	          0.18467862	          0.10328864	          0.08542949	          0.10885914	          0.00999999	          0.14455659	          0.03260361	          0.08070615	          0.00999999	          0.06503456	          0.00999999	          0.00999999	          0.02754192	          0.03697587	          0.21805850	
          0.19138862	         -3.03091706	         -1.23735477	          4.15832271	          0.22233780	          0.96261485	          0.01768901	         20.68424993	          1.89656600	         -2.94998560	        -16.29272786	          3.56198595	          2.15311532	          3.14859221	         -6.68455885	         -6.38981672	        -56.60988781	         -5.78891640	         21.32008262	        -10.06015302	          3.60052170	         -4.62607627	          0.00999999	          0.01645294	          0.00999999	          0.06533525	          0.10107981	          0.06211249	          0.00999999	          0.05814117	          0.00999999	          0.00999999	          0.17872202	          0.00999999	          0.00999999	          0.16657094	          0.10239403	          0.09335714	          0.10693140	          0.00999999	          0.13275907	          0.02617986	          0.10469156	          0.00999999	          0.08164068	          0.00999999	          0.00999999	          0.02211545	          0.02969067	          0.21658133	
          0.20611082	         -2.94330142	         -0.79613979	          3.62134176	          0.23610296	          0.96596907	          0.01870771	         19.43398777	          1.70415483	         -2.41827051	        -15.83391016	          3.93222539	          2.47241831	          5.25045237	         -6.34602807	         -6.56432217	        -59.92528606	         -4.95366794	         17.68259409	        -10.21761755	          3.63679829	         -4.47501643	          0.00999999	          0.01321129	          0.00999999	          0.06279385	          0.08116448	          0.05887741	          0.00999999	          0.05574308	          0.00999999	          0.00999999	          0.17581374	          0.00999999	          0.00999999	          0.14818945	          0.09593608	          0.10093880	          0.10716355	          0.00999999	          0.14007785	          0.02102175	          0.14473969	          0.00999999	          0.09628355	          0.00999999	          0.00999999	          0.01775814	          0.02384084	          0.20169621	
          0.22083302	         -2.82982986	         -0.33711199	          3.06644260	          0.24966142	          0.96911084	          0.01959226	         18.16882570	          1.46371065	         -1.86952487	        -15.36015637	          4.28446400	          2.80392935	          7.22278976	         -5.90822186	         -6.74299163	        -62.62896500	         -4.02704341	         14.66583605	        -10.40074265	          3.63651949	         -4.29382263	          0.00999999	          0.01060832	          0.00999999	          0.06253808	          0.06517298	          0.05616795	          0.00999999	          0.05460215	          0.00999999	          0.00999999	          0.17321726	          0.00999999	          0.00999999	          0.12727680	          0.08786046	          0.11592446	          0.10926277	          0.00999999	          0.14792753	          0.01687992	          0.20388243	          0.00999999	          0.10863975	          0.02160572	          0.00999999	          0.01425932	          0.01914358	          0.19070968	
          0.23555522	         -2.69233652	          0.12919750	          2.50094858	          0.26306404	          0.97205076	          0.02034520	         16.87883826	          1.18314292	         -1.31627595	        -14.85315797	          4.61391932	          3.15131635	          9.06324252	         -5.39145930	         -6.93071549	        -64.71297161	         -3.05903614	         12.15927481	        -10.60185091	          3.60998443	         -4.08438613	          0.00999999	          0.00999999	          0.00999999	          0.06372796	          0.05233223	          0.05423447	          0.00999999	          0.05350040	          0.00999999	          0.00999999	          0.16929582	          0.00999999	          0.00999999	          0.10220000	          0.08097422	          0.13590624	          0.11335882	          0.00999999	          0.15587967	          0.01355414	          0.29195737	          0.00999999	          0.11962042	          0.03746487	          0.00999999	          0.01144987	          0.01537180	          0.18382595	
          0.25027743	         -2.53309245	          0.59250807	          1.93324930	          0.27632836	          0.97479518	          0.02097515	         15.56002490	          0.87092418	         -0.77026941	        -14.29677453	          4.88989837	          3.53274944	         10.78180765	         -4.81802963	         -7.12531178	        -66.20311874	         -2.06623994	         10.07547933	        -10.81817995	          3.56571757	         -3.84898977	          0.00999999	          0.00999999	          0.00999999	          0.06650818	          0.04202143	          0.05190325	          0.00999999	          0.05137413	          0.00999999	          0.00999999	          0.16079621	          0.00999999	          0.02123140	          0.08715195	          0.07691507	          0.15486490	          0.11905418	          0.00999999	          0.16685441	          0.01088363	          0.41082492	          0.00999999	          0.13354841	          0.03960537	          0.00999999	          0.00999999	          0.01234316	          0.18042522	
          0.26499963	         -2.35472243	          1.04256350	          1.37078740	          0.28943957	          0.97734879	          0.02149065	         14.21621083	          0.53658969	         -0.24129700	        -13.68456593	          5.08225559	          3.97419686	         12.40217814	         -4.20955064	         -7.31710926	        -67.16854818	         -1.08194839	          8.34236800	        -11.05098532	          3.51206035	         -3.58973265	          0.00999999	          0.00999999	          0.00999999	          0.07019412	          0.03374212	          0.04862203	          0.00999999	          0.04892813	          0.00999999	          0.00999999	          0.14913952	          0.00999999	          0.03404948	          0.07310940	          0.07623420	          0.17352050	          0.12522813	          0.00999999	          0.17678614	          0.00999999	          0.55747274	          0.00999999	          0.14960939	          0.03180210	          0.00999999	          0.00999999	          0.00999999	          0.18186991	
          0.27972183	         -2.16005932	          1.46982295	          0.82015296	          0.30236666	          0.97970461	          0.02190037	         12.85923472	          0.18997539	          0.26137161	        -13.03587459	          5.22460506	          4.47360096	         13.95811100	         -3.58726213	         -7.49346720	        -67.71970639	         -0.13712610	          6.90066923	        -11.30322789	          3.45626603	         -3.30899225	          0.00999999	          0.00999999	          0.00999999	          0.07455034	          0.02709405	          0.04496562	          0.00999999	          0.04463992	          0.00999999	          0.00999999	          0.13532734	          0.00999999	          0.04521580	          0.05870497	          0.07399668	          0.19171621	          0.13397119	          0.00999999	          0.18596422	          0.00999999	          0.72354908	          0.00999999	          0.16468240	          0.02553626	          0.00999999	          0.00999999	          0.00999999	          0.19158610	
          0.29444403	         -1.95235534	          1.86587435	          0.28736438	          0.31507278	          0.98184301	          0.02221432	         11.50464271	         -0.15884502	          0.73022164	        -12.37653855	          5.35031934	          5.01519520	         15.48796862	         -2.97216523	         -7.64297806	        -67.98712846	          0.74613446	          5.69822742	        -11.57859778	          3.40407573	         -3.01016334	          0.00999999	          0.00999999	          0.00999999	          0.07936939	          0.02175583	          0.04066988	          0.00999999	          0.04030769	          0.00999999	          0.00999999	          0.11570707	          0.00999999	          0.05549271	          0.04713858	          0.07054684	          0.20442850	          0.14434080	          0.00999999	          0.19276979	          0.00999999	          0.86048262	          0.00999999	          0.17719925	          0.02050496	          0.00999999	          0.00999999	          0.00999999	          0.20313328	
          0.30916623	         -1.73509305	          2.22456089	         -0.22336266	          0.32753066	          0.98373929	          0.02244318	         10.17252149	         -0.50072898	          1.16012753	        -11.74089669	          5.48740076	          5.57973892	         17.02181469	         -2.38271856	         -7.75941938	        -68.08560906	          1.59934106	          4.69466129	        -11.87957207	          3.35928827	         -2.69785913	          0.00999999	          0.00999999	          0.00999999	          0.08421565	          0.01746937	          0.03582029	          0.00999999	          0.03633851	          0.00999999	          0.00999999	          0.09290979	          0.00999999	          0.06514595	          0.03785106	          0.06571720	          0.20993634	          0.15537086	          0.00999999	          0.19425591	          0.00999999	          0.92958932	          0.00999999	          0.18602897	          0.02086113	          0.00999999	          0.00999999	          0.00999999	          0.21701547	
          0.32388843	         -1.51184675	          2.54195212	         -0.71020745	          0.33973606	          0.98537866	          0.02259672	          8.88148631	         -0.82777764	          1.54954681	        -11.15985521	          5.64932027	          6.15379777	         18.57171623	         -1.83373290	         -7.84280241	        -68.07734683	          2.42639983	          3.85821762	        -12.20572271	          3.32475300	         -2.37760873	          0.00999999	          0.00999999	          0.00999999	          0.08935995	          0.01402745	          0.03086952	          0.00999999	          0.03073238	          0.00999999	          0.00999999	          0.07460416	          0.00999999	          0.07460219	          0.03154883	          0.05589464	          0.21208163	          0.16644287	          0.00999999	          0.19347492	          0.00999999	          0.96446562	          0.00999999	          0.19137091	          0.03326734	          0.00999999	          0.00999999	          0.00999999	          0.23325253	
          0.33861063	         -1.28633131	          2.81562059	         -1.17321706	          0.35170848	          0.98675986	          0.02268107	          7.64060255	         -1.13354940	          1.89991727	        -10.64808690	          5.84321750	          6.72671269	         20.13272584	         -1.33597520	         -7.89629902	        -67.97452989	          3.22068341	          3.16076409	        -12.55390755	          3.30361470	         -2.05491799	          0.00999999	          0.00999999	          0.00999999	          0.09397554	          0.01126368	          0.02614990	          0.00999999	          0.02495767	          0.00999999	          0.00999999	          0.05990522	          0.00999999	          0.08431478	          0.03115782	          0.04488196	          0.20795003	          0.17635549	          0.00999999	          0.18579499	          0.00999999	          0.92207662	          0.00999999	          0.19414989	          0.05062522	          0.00999999	          0.00999999	          0.00999999	          0.25228157	
          0.35333284	         -1.06216148	          3.04442392	         -1.61430438	          0.36349881	          0.98789808	          0.02270150	          6.44769446	         -1.41338208	          2.21393496	        -10.20301143	          6.07079718	          7.28928575	         21.67672173	         -0.89662446	         -7.92551310	        -67.72614266	          3.97671725	          2.57996069	        -12.91695609	          3.29924070	         -1.73526059	          0.00999999	          0.00999999	          0.00999999	          0.09856799	          0.00999999	          0.02220153	          0.00999999	          0.02053084	          0.00999999	          0.00999999	          0.04810234	          0.00999999	          0.09435037	          0.03453817	          0.03603905	          0.19637858	          0.18389754	          0.00999999	          0.15754022	          0.00999999	          0.74040374	          0.00999999	          0.19605676	          0.06665859	          0.00999999	          0.00999999	          0.00999999	          0.27462141	
          0.36805504	         -0.84282444	          3.22715716	         -2.03647209	          0.37518772	          0.98882748	          0.02266594	          5.29324069	         -1.66311904	          2.49301805	         -9.80912900	          6.31318328	          7.84732362	         23.14756484	         -0.52148475	         -7.93666909	        -67.20379901	          4.68580400	          2.09598711	        -13.28329277	          3.31625312	         -1.42439724	          0.00999999	          0.00999999	          0.00999999	          0.10293620	          0.00999999	          0.02059182	          0.08965210	          0.02129166	          0.00999999	          0.00999999	          0.03862494	          0.02101308	          0.10441667	          0.03653956	          0.02893843	          0.18859566	          0.18779044	          0.00999999	          0.12650073	          0.00999999	          0.59452510	          0.00999999	          0.19799569	          0.07835367	          0.00999999	          0.00999999	          0.00999999	          0.29929578	
          0.38277724	         -0.63172174	          3.36316625	         -2.44178143	          0.38683726	          0.98957403	          0.02258281	          4.18183068	         -1.87892147	          2.73747376	         -9.47377153	          6.55248265	          8.41981275	         24.49330029	         -0.21400356	         -7.92908236	        -66.29152283	          5.34412098	          1.69036112	        -13.64294273	          3.35832183	         -1.12731907	          0.00999999	          0.00999999	          0.00999999	          0.10573031	          0.00999999	          0.02148839	          0.15321789	          0.02131236	          0.00999999	          0.00999999	          0.03101483	          0.03512135	          0.11420425	          0.03521059	          0.02323681	          0.18503798	          0.18882768	          0.00999999	          0.10157682	          0.00999999	          0.47738832	          0.00999999	          0.19989880	          0.08558674	          0.00999999	          0.00999999	          0.00999999	          0.32619914	
          0.39749944	         -0.43199985	          3.45220762	         -2.83114104	          0.39849624	          0.99014905	          0.02245885	          3.11686010	         -2.05762297	          2.94925058	         -9.20233646	          6.78273615	          9.02062740	         25.67532619	          0.02559531	         -7.89402758	        -64.91644827	          5.94003861	          1.34737164	        -13.98743952	          3.42790698	         -0.84719595	          0.00999999	          0.01260859	          0.01033542	          0.10755546	          0.00999999	          0.02375116	          0.20179723	          0.02046892	          0.00999999	          0.00999999	          0.02490411	          0.04757040	          0.12362069	          0.03100744	          0.01865856	          0.18624907	          0.18832592	          0.00999999	          0.08156357	          0.00999999	          0.38333050	          0.00999999	          0.20246544	          0.08984162	          0.00999999	          0.00999999	          0.00999999	          0.35454759	
          0.41222164	         -0.24652021	          3.49366470	         -3.20508210	          0.41020378	          0.99054967	          0.02229804	          2.09738595	         -2.19633408	          3.13133886	         -8.99499560	          7.01211466	          9.65149751	         26.66720206	          0.19922976	         -7.81680809	        -63.04322803	          6.45156566	          1.05401326	        -14.31013731	          3.52756276	         -0.58513996	          0.00999999	          0.02637813	          0.01478926	          0.10996265	          0.00999999	          0.02479272	          0.23781907	          0.01694058	          0.00999999	          0.00999999	          0.01999736	          0.05672455	          0.13285220	          0.02771000	          0.01498234	          0.19036714	          0.18807464	          0.00999999	          0.06549344	          0.00999999	          0.30780450	          0.00999999	          0.20627156	          0.09199088	          0.00999999	          0.00999999	          0.00999999	          0.38139202	
          0.42694384	         -0.07783640	          3.48626420	         -3.56499334	          0.42198330	          0.99075825	          0.02209945	          1.12194346	         -2.29223008	          3.28827918	         -8.85076475	          7.25312540	         10.30662608	         27.45549205	          0.30979683	         -7.67847679	        -60.67031265	          6.84455551	          0.80268101	        -14.60796186	          3.66104759	         -0.33973513	          0.00999999	          0.03881612	          0.02103380	          0.11127606	          0.00999999	          0.02656558	          0.26484052	          0.01404188	          0.00999999	          0.00999999	          0.01605736	          0.06273701	          0.14221866	          0.02421752	          0.01203044	          0.19783339	          0.18881404	          0.00999999	          0.05258954	          0.00999999	          0.24715907	          0.00999999	          0.21293715	          0.09215505	          0.00999999	          0.00999999	          0.00999999	          0.40215357	
          0.44166604	          0.07182340	          3.43087929	         -3.91228990	          0.43384909	          0.99074737	          0.02186121	          0.18752009	         -2.34514104	          3.42114257	         -8.76488478	          7.51671917	         10.97941610	         28.03789209	          0.36320814	         -7.45623410	        -57.81993735	          7.07486237	          0.59355745	        -14.87996316	          3.82878803	         -0.10786824	          0.00999999	          0.04323052	          0.03360686	          0.11239349	          0.00999999	          0.02839958	          0.28657248	          0.01349447	          0.00999999	          0.00999999	          0.01289365	          0.06561327	          0.15183392	          0.02238641	          0.00999999	          0.20532455	          0.19068296	          0.00999999	          0.04222805	          0.00999999	          0.19846236	          0.00999999	          0.22642983	          0.09227308	          0.01408362	          0.00999999	          0.00999999	          0.41081365	
          0.45638825	          0.20030484	          3.33090420	         -4.24763858	          0.44581202	          0.99048591	          0.02157865	         -0.71041729	         -2.35808820	          3.52899905	         -8.72972952	          7.81530879	         11.65951919	         28.41915267	          0.36794591	         -7.12496699	        -54.52126985	          7.08829871	          0.43116668	        -15.12591854	          4.02792456	          0.11473598	          0.00999999	          0.05171498	          0.04345011	          0.11422885	          0.00999999	          0.02926406	          0.30504949	          0.01245369	          0.00999999	          0.00999999	          0.01035327	          0.06509606	          0.16205477	          0.02297365	          0.00999999	          0.20834435	          0.19285148	          0.00999999	          0.03390803	          0.00999999	          0.15936015	          0.02621538	          0.24870715	          0.09259023	          0.01447947	          0.00999999	          0.00999999	          0.40180153	
          0.47111045	          0.30546134	          3.19023767	         -4.57206695	          0.45788942	          0.98993804	          0.02124951	         -1.57715351	         -2.33489274	          3.61430439	         -8.73718744	          8.16245334	         12.33357085	         28.61082203	          0.32580540	         -6.67578600	        -50.82131316	          6.83535109	          0.31642049	        -15.34404075	          4.25503506	          0.32966731	          0.00999999	          0.07024508	          0.04761935	          0.11556139	          0.00999999	          0.02863527	          0.32141803	          0.01000000	          0.00999999	          0.00999999	          0.00999999	          0.05987526	          0.17323302	          0.02788336	          0.00999999	          0.20712227	          0.19625763	          0.00999999	          0.02722727	          0.00999999	          0.12796209	          0.06206408	          0.27772295	          0.09217511	          0.01386015	          0.00999999	          0.00999999	          0.37891454	
          0.48583265	          0.38505596	          3.01239698	         -4.88743566	          0.47010770	          0.98906579	          0.02087619	         -2.41937648	         -2.27915357	          3.68004626	         -8.77715981	          8.57083330	         12.98705330	         28.62904790	          0.23012304	         -6.12370417	        -46.78208148	          6.31135909	          0.23959999	        -15.53068526	          4.50716044	          0.53478875	          0.00999999	          0.07911526	          0.05794448	          0.11723729	          0.00999999	          0.02758863	          0.33593703	          0.00999999	          0.00999999	          0.00999999	          0.00999999	          0.04807829	          0.18557768	          0.03610802	          0.00999999	          0.20994673	          0.20219505	          0.00999999	          0.02186280	          0.00999999	          0.10275026	          0.10053299	          0.31350541	          0.09298147	          0.01368964	          0.00999999	          0.00999999	          0.35329920	
          0.50055485	          0.43674299	          2.80409604	         -5.19415789	          0.48248786	          0.98782897	          0.02045934	         -3.24483431	         -2.19795131	          3.72337263	         -8.83560734	          9.04750515	         13.61198284	         28.50344511	          0.07644804	         -5.49123835	        -42.49416786	          5.59875336	          0.18395745	        -15.68315560	          4.77700142	          0.72768345	          0.00999999	          0.08463596	          0.06878046	          0.11822970	          0.00999999	          0.02873496	          0.34779045	          0.01136343	          0.00999999	          0.00999999	          0.00999999	          0.03860562	          0.19938272	          0.04830384	          0.00999999	          0.22172994	          0.20926657	          0.00999999	          0.01790124	          0.00999999	          0.08250581	          0.13701609	          0.35370104	          0.09584799	          0.01436678	          0.00999999	          0.00999999	          0.33298162	
          0.51527705	          0.45841513	          2.57528195	         -5.49065650	          0.49503579	          0.98619656	          0.01999692	         -4.05848125	         -2.10147239	          3.74226882	         -8.90049108	          9.59012459	         14.21223737	         28.28113768	         -0.13410851	         -4.80148890	        -38.08514910	          4.83368872	          0.13694629	        -15.80158840	          5.05204897	          0.90713338	          0.00999999	          0.07073248	          0.08125509	          0.11337204	          0.00999999	          0.03256659	          0.35714402	          0.01451698	          0.00999999	          0.00999999	          0.00999999	          0.03099932	          0.21481237	          0.06076118	          0.00999999	          0.23875178	          0.21750335	          0.00999999	          0.03048719	          0.00999999	          0.06625003	          0.16763360	          0.39427733	          0.10164607	          0.01558188	          0.00999999	          0.00999999	          0.31942409	
          0.52999925	          0.44856705	          2.33829630	         -5.77362886	          0.50774214	          0.98416189	          0.01948146	         -4.85879770	         -2.00207169	          3.73856270	         -8.96994090	         10.19389902	         14.79446741	         28.02143587	         -0.39253551	         -4.08096501	        -33.70726141	          4.12537593	          0.09753780	        -15.88898063	          5.31590608	          1.07398710	          0.00999999	          0.05679635	          0.08872671	          0.10448048	          0.00999999	          0.03711613	          0.36490484	          0.01844224	          0.00999999	          0.00999999	          0.00999999	          0.02489165	          0.23185648	          0.07503136	          0.00999999	          0.26131037	          0.22366644	          0.00999999	          0.05081018	          0.00999999	          0.05319707	          0.19464565	          0.43209360	          0.11355043	          0.01759005	          0.00999999	          0.00999999	          0.31151957	
          0.54472146	          0.40655525	          2.10377253	         -6.03877014	          0.52058973	          0.98174902	          0.01890198	         -5.63939318	         -1.91005447	          3.71440959	         -9.05025440	         10.84876550	         15.36620920	         27.78538172	         -0.68711496	         -3.37070946	        -29.51407048	          3.52139465	          0.06972053	        -15.95033140	          5.55363880	          1.23035921	          0.00999999	          0.04560601	          0.09058500	          0.09389207	          0.00999999	          0.04156793	          0.37223519	          0.02272409	          0.00999999	          0.00999999	          0.00999999	          0.01998736	          0.25048175	          0.09086801	          0.00999999	          0.28784845	          0.22706711	          0.00999999	          0.06959626	          0.00999999	          0.04271587	          0.21483955	          0.46321107	          0.13345295	          0.02038884	          0.00999999	          0.00999999	          0.30766606	
          0.55944366	          0.33256815	          1.88021435	         -6.28139213	          0.53356372	          0.97900945	          0.01824681	         -6.39306117	         -1.83320051	          3.66912722	         -9.14892332	         11.53582422	         15.93867428	         27.62771726	         -1.00360718	         -2.72584938	        -25.64429279	          3.02469650	          0.05490028	        -15.99082924	          5.75247453	          1.37881469	          0.00999999	          0.03662045	          0.08698692	          0.08430991	          0.00999999	          0.04537479	          0.38030669	          0.02615513	          0.00999999	          0.00999999	          0.00999999	          0.01604933	          0.27042380	          0.10734115	          0.00999999	          0.31577520	          0.22814042	          0.00999999	          0.07932080	          0.00999999	          0.03429974	          0.22459062	          0.48331316	          0.16256291	          0.02413943	          0.00999999	          0.00999999	          0.30647516	
          0.57416586	          0.22747749	          1.67437637	         -6.49731911	          0.54665990	          0.97601326	          0.01750698	         -7.11475492	         -1.77725032	          3.59971719	         -9.27034508	         12.22929274	         16.52634814	         27.59079091	         -1.32462638	         -2.19996667	        -22.21064167	          2.62143455	          0.05197598	        -16.01424813	          5.90127624	          1.52189355	          0.00999999	          0.02940527	          0.07790524	          0.07584345	          0.00999999	          0.04840959	          0.38990151	          0.02792623	          0.00999999	          0.00999999	          0.00999999	          0.01288720	          0.29119252	          0.12228514	          0.00999999	          0.34410490	          0.22748392	          0.00999999	          0.08070858	          0.00999999	          0.02754181	          0.22064992	          0.48849289	          0.19819258	          0.02934797	          0.00999999	          0.00999999	          0.30704819	
          0.58888806	          0.09277316	          1.49218507	         -6.68384691	          0.55989148	          0.97283991	          0.01668041	         -7.80275964	         -1.74694370	          3.50467736	         -9.41410554	         12.89472907	         17.15264864	         27.69794099	         -1.62987502	         -1.82437610	        -19.28694156	          2.29551574	          0.05812952	        -16.02165493	          5.98911774	          1.66160812	          0.00999999	          0.02361168	          0.06255590	          0.06571563	          0.00999999	          0.05116835	          0.40075130	          0.02768236	          0.00999999	          0.00999999	          0.00999999	          0.01034809	          0.31192563	          0.11175889	          0.00999999	          0.37226588	          0.22379631	          0.00999999	          0.08318792	          0.00999999	          0.02211536	          0.20196888	          0.47569992	          0.23205112	          0.03596043	          0.00999999	          0.00999999	          0.30933468	
          0.60361026	         -0.06954687	          1.33991738	         -6.84045098	          0.57329736	          0.96957408	          0.01577148	         -8.45905395	         -1.74785981	          3.38704289	         -9.57582995	         13.49470364	         17.84629966	         27.94540169	         -1.89659083	         -1.59712472	        -16.88998478	          2.03888567	          0.06929247	        -16.00997958	          6.00436610	          1.79973393	          0.00999999	          0.01895957	          0.05023077	          0.05623211	          0.00999999	          0.05360607	          0.41121192	          0.02335781	          0.00999999	          0.00999999	          0.00999999	          0.00999999	          0.33145046	          0.08973951	          0.00999999	          0.39545631	          0.21733506	          0.00999999	          0.09226509	          0.00999999	          0.01775807	          0.16553638	          0.44990930	          0.24410955	          0.04857596	          0.00999999	          0.00999999	          0.31379699	
          0.61833246	         -0.25786115	          1.22940614	         -6.96922008	          0.58693977	          0.96629101	          0.01478230	         -9.08453527	         -1.79248625	          3.24935740	         -9.75593701	         14.00493104	         18.62802462	         28.30088352	         -2.09625607	         -1.48539145	        -14.96696595	          1.84973190	          0.08212012	        -15.97109057	          5.93110771	          1.93792752	          0.00999999	          0.01522404	          0.04033401	          0.05020374	          0.00999999	          0.05294987	          0.41831784	          0.01875572	          0.02062385	          0.00999999	          0.00999999	          0.02890973	          0.34898098	          0.07205851	          0.00999999	          0.40012799	          0.21054843	          0.00999999	          0.10024908	          0.00999999	          0.01425927	          0.13292145	          0.41377126	          0.24748059	          0.05858817	          0.00999999	          0.00999999	          0.31809484	
          0.63305466	         -0.46967441	          1.16386082	         -7.07508368	          0.60089647	          0.96305607	          0.01371447	         -9.67886416	         -1.88452712	          3.08651287	         -9.96122291	         14.39982254	         19.52444218	         28.71138587	         -2.21447838	         -1.45964112	        -13.42399844	          1.71889015	          0.09528666	        -15.89635165	          5.76609025	          2.07927792	          0.00999999	          0.01222451	          0.03238717	          0.04943614	          0.00999999	          0.05204430	          0.42034640	          0.01925337	          0.07089609	          0.00999999	          0.00999999	          0.07093968	          0.36352369	          0.05786112	          0.00999999	          0.39686798	          0.20125721	          0.00999999	          0.10788951	          0.00999999	          0.01144982	          0.10673249	          0.37375422	          0.19872053	          0.06867124	          0.00999999	          0.00999999	          0.32366939	
          0.64777687	         -0.70131662	          1.14436772	         -7.16359122	          0.61525363	          0.95992314	          0.01256837	        -10.23768780	         -2.02524873	          2.88573375	        -10.21076505	         14.66314219	         20.55809728	         29.11414332	         -2.24367645	         -1.50749544	        -12.15285785	          1.64077127	          0.10721192	        -15.77684434	          5.51054522	          2.22548380	          0.00999999	          0.00999999	          0.02600606	          0.05111256	          0.00999999	          0.05105756	          0.41538906	          0.02217813	          0.12697594	          0.00999999	          0.00999999	          0.10947061	          0.37432219	          0.04646099	          0.00999999	          0.39181926	          0.19207324	          0.00999999	          0.11259978	          0.00999999	          0.00999999	          0.08570344	          0.33228944	          0.15956746	          0.07468558	          0.00999999	          0.00999999	          0.32898827	
          0.66249907	         -0.94773300	          1.16762255	         -7.23879116	          0.63009016	          0.95692524	          0.01134669	        -10.75774490	         -2.21139741	          2.63878798	        -10.52750793	         14.79128436	         21.73523597	         29.45788254	         -2.18436544	         -1.62090375	        -11.08043565	          1.61148623	          0.11940592	        -15.60632617	          5.17044387	          2.37791426	          0.00999999	          0.00999999	          0.02088220	          0.05439925	          0.00999999	          0.04877112	          0.40440826	          0.02267300	          0.15470655	          0.00999999	          0.00999999	          0.13970046	          0.38099086	          0.03730698	          0.00999999	          0.38797810	          0.17873573	          0.00999999	          0.11716886	          0.00999999	          0.00999999	          0.06881765	          0.29320106	          0.12812856	          0.06663686	          0.00999999	          0.00999999	          0.33245363	
          0.67722127	         -1.20246169	          1.22894070	         -7.30250969	          0.64547092	          0.95406753	          0.01005164	        -11.24248976	         -2.43886448	          2.33985355	        -10.92521074	         14.78482586	         23.05396889	         29.72148063	         -2.04076563	         -1.79183226	        -10.21662893	          1.62207053	          0.13389667	        -15.38125615	          4.75279072	          2.53866635	          0.00999999	          0.00999999	          0.01676787	          0.05929240	          0.00999999	          0.04504718	          0.38780604	          0.02458281	          0.16240336	          0.00999999	          0.00999999	          0.16075705	          0.38335049	          0.02995654	          0.00999999	          0.38259190	          0.15678893	          0.00999999	          0.12200360	          0.00999999	          0.00999999	          0.05525880	          0.25465072	          0.10288392	          0.05350768	          0.00999999	          0.00999999	          0.33649536	
          0.69194347	         -1.45780867	          1.32090589	         -7.35467135	          0.66147133	          0.95133373	          0.00868263	        -11.70746640	         -2.70096878	          1.97415373	        -11.40014501	         14.64217002	         24.50831298	         29.89212631	         -1.82066991	         -2.01441327	         -9.59968577	          1.66242016	          0.14944179	        -15.09672275	          4.26858884	          2.71299774	          0.00999999	          0.00999999	          0.01346416	          0.06708744	          0.00999999	          0.03701387	          0.36557538	          0.03232912	          0.17743945	          0.00999999	          0.00999999	          0.17285912	          0.38124772	          0.02405433	          0.01301302	          0.35934731	          0.12589746	          0.00999999	          0.12979253	          0.00999999	          0.00999999	          0.04437139	          0.20447796	          0.08261314	          0.04296528	          0.00999999	          0.00999999	          0.34482613	
          0.70666567	         -1.70531923	          1.43184624	         -7.39391831	          0.67819407	          0.94869808	          0.00723093	        -12.17611886	         -2.98751189	          1.52955465	        -11.93988318	         14.35814468	         26.08750864	         29.94493438	         -1.53551979	         -2.29569839	         -9.25164155	          1.69452396	          0.17369662	        -14.74343294	          3.73698324	          2.90749572	          0.00999999	          0.00999999	          0.01081138	          0.06910564	          0.00999999	          0.02972118	          0.34116554	          0.03515906	          0.17814124	          0.00999999	          0.00999999	          0.17688184	          0.37439807	          0.01931500	          0.01720318	          0.33399065	          0.10109241	          0.00999999	          0.14849782	          0.01429640	          0.09854851	          0.03562908	          0.16419053	          0.06633622	          0.03450001	          0.00999999	          0.00999999	          0.33526464	
          0.72138787	         -1.93720545	          1.54885233	         -7.41584573	          0.69570925	          0.94613232	          0.00568055	        -12.65522950	         -3.28774792	          1.02227048	        -12.56018339	         13.93423341	         27.77649313	         29.87833205	         -1.19815742	         -2.64921701	         -9.27012566	          1.55189426	          0.19953052	        -14.31528135	          3.17932712	          3.12369674	          0.00999999	          0.00999999	          0.00999999	          0.05549004	          0.00999999	          0.02386534	          0.31063183	          0.04418091	          0.20167360	          0.00999999	          0.00999999	          0.17338628	          0.36325659	          0.01550945	          0.03300089	          0.30234914	          0.08117460	          0.00999999	          0.18432352	          0.03174022	          0.09225009	          0.02860923	          0.13184076	          0.05326627	          0.02770262	          0.01245369	          0.00999999	          0.37042256	
          0.73611007	         -2.14680978	          1.66322204	         -7.41830441	          0.71402677	          0.94363668	          0.00404506	        -13.12371004	         -3.59392431	          0.48214930	        -13.31482184	         13.36758858	         29.57240917	         29.71078432	         -0.83759152	         -3.01279499	         -9.86880568	          1.12713529	          0.25000980	        -13.81235552	          2.60788321	          3.35980131	          0.00999999	          0.00999999	          0.00999999	          0.04455707	          0.00999999	          0.01916326	          0.27552733	          0.03547613	          0.17278878	          0.00999999	          0.00999999	          0.16170801	          0.34747336	          0.01245369	          0.02649886	          0.24277856	          0.06518111	          0.00999999	          0.24780877	          0.03143382	          0.07407444	          0.05683824	          0.10586473	          0.04277144	          0.02224449	          0.00999999	          0.00999999	          0.40167689	
          0.75083228	         -2.32966292	          1.80217981	         -7.40446373	          0.73302301	          0.94130481	          0.00237783	        -13.52534562	         -3.93473621	         -0.06236704	        -14.28963115	         12.65008334	         31.47290377	         29.44861113	         -0.48627132	         -3.15814648	        -10.96492284	          0.66428932	          0.20441504	        -13.24572286	          1.99075545	          3.60469562	          0.01000000	          0.00999999	          0.00999999	          0.03577818	          0.02761936	          0.03880177	          0.24318012	          0.02848642	          0.13874493	          0.00999999	          0.00999999	          0.13031082	          0.32634523	          0.00999999	          0.02127790	          0.22899417	          0.05233875	          0.00999999	          0.19898405	          0.04719566	          0.05947987	          0.08056989	          0.08500664	          0.03434436	          0.01786175	          0.01245369	          0.01245369	          0.44135946	
          0.76555448	         -2.48983272	          1.96762848	         -7.35959892	          0.75236645	          0.93932835	          0.00063139	        -13.76493006	         -4.30905899	         -0.62721296	        -15.60092986	         11.74895723	         33.47682691	         29.11838303	         -0.12011235	         -3.33647163	        -12.00611086	          0.01586710	          0.20028300	        -12.65168468	          1.33301790	          3.84318459	          0.01854490	          0.00999999	          0.00999999	          0.02872896	          0.02217764	          0.04770015	          0.19893841	          0.02287386	          0.11140860	          0.00999999	          0.00999999	          0.10463623	          0.29845866	          0.00999999	          0.01708561	          0.18387641	          0.04202667	          0.02859634	          0.18747369	          0.05700406	          0.04776080	          0.10234354	          0.06825814	          0.02757764	          0.02345823	          0.00999999	          0.00999999	          0.50987719	
          0.78027668	         -2.62869754	          2.13754382	         -7.27637921	          0.77172005	          0.93789068	         -0.00120657	        -13.75929129	         -4.69334999	         -1.21552484	        -17.34348301	         10.61059518	         35.58356370	         28.83709627	          0.23548797	         -3.62558384	        -13.12161632	         -0.76939671	          0.16391245	        -12.07195620	          0.66326796	          4.06878878	          0.03580376	          0.00999999	          0.00999999	          0.02306861	          0.05151687	          0.05734528	          0.15974241	          0.01836712	          0.08945823	          0.00999999	          0.00999999	          0.08402019	          0.26644283	          0.00999999	          0.01915152	          0.14764801	          0.03374633	          0.05754192	          0.21813805	          0.06630496	          0.03835069	          0.08217923	          0.05480953	          0.02214413	          0.11982863	          0.00999999	          0.00999999	          0.57280615	
          0.79499888	         -2.74759422	          2.30181371	         -7.15634325	          0.79088275	          0.93717121	         -0.00311517	        -13.44528804	         -5.07996694	         -1.82322108	        -19.58614781	          9.18728345	         37.72944618	         28.58215984	          0.57548790	         -3.98440477	        -14.33410558	         -1.28407010	          0.10610009	        -11.52685931	         -0.00448581	          4.27714798	          0.05969262	          0.00999999	          0.00999999	          0.01852350	          0.11570213	          0.07045609	          0.12826904	          0.01474832	          0.07183265	          0.00999999	          0.00999999	          0.06746604	          0.21394672	          0.00999999	          0.02203882	          0.11855755	          0.02709743	          0.07952737	          0.23341741	          0.07054921	          0.03079461	          0.10997535	          0.04401064	          0.01778117	          0.19131434	          0.00999999	          0.00999999	          0.59185988	
          0.80972108	         -2.84927831	          2.45247144	         -6.99820780	          0.80959216	          0.93736796	         -0.00505535	        -12.75011040	         -5.46277815	         -2.44465222	        -22.40943116	          7.48582318	         39.68083477	         28.31423568	          0.90331928	         -4.34695329	        -15.60713402	         -1.24701562	          0.05686240	        -11.04217886	         -0.66267049	          4.46095959	          0.07089718	          0.00999999	          0.00999999	          0.01487389	          0.17927984	          0.08612152	          0.11269397	          0.01184252	          0.05767977	          0.00999999	          0.00999999	          0.05417349	          0.17179370	          0.00999999	          0.01840319	          0.09519865	          0.02175854	          0.09041939	          0.24677314	          0.07578037	          0.02472728	          0.12141211	          0.03533940	          0.01427782	          0.24416331	          0.00999999	          0.00999999	          0.54556896	
          0.82444328	         -2.93601705	          2.57661332	         -6.80307259	          0.82765305	          0.93854277	         -0.00698216	        -11.63560719	         -5.83384198	         -3.08148047	        -25.84220566	          5.58837201	         41.02533886	         27.96379533	          1.22472145	         -4.62235502	        -16.79336796	         -0.68002394	          0.08250240	        -10.63660097	         -1.29986708	          4.61629983	          0.07714509	          0.00999999	          0.00999999	          0.01194335	          0.24565230	          0.09424242	          0.09255335	          0.00999999	          0.04631537	          0.00999999	          0.00999999	          0.04349992	          0.13794591	          0.00999999	          0.01477728	          0.07644206	          0.01747154	          0.09269357	          0.24968212	          0.07684148	          0.01985537	          0.13497232	          0.02837663	          0.01146472	          0.29391363	          0.00999999	          0.00999999	          0.45054627	
          0.83916548	         -3.00878852	          2.65020089	         -6.56964566	          0.84498083	          0.94068492	         -0.00884758	        -10.10337272	         -6.18270514	         -3.74916390	        -29.88884137	          3.73178400	         41.07068329	         27.42587902	          1.53284859	         -4.74651326	        -17.66727538	          0.19260885	          0.26529185	        -10.31891029	         -1.89268248	          4.73922011	          0.06384451	          0.00999999	          0.00999999	          0.00999999	          0.26676561	          0.09328142	          0.07431795	          0.00999999	          0.03719004	          0.00999999	          0.00999999	          0.03492931	          0.11076700	          0.00999999	          0.01186578	          0.06138100	          0.01402920	          0.09371605	          0.23281656	          0.07929860	          0.01931500	          0.11837182	          0.02278570	          0.00999999	          0.30687338	          0.00999999	          0.00999999	          0.36392069	
          0.85388769	         -3.06700762	          2.64333579	         -6.29100544	          0.86160279	          0.94366216	         -0.01061252	         -8.21758310	         -6.48969105	         -4.42241837	        -34.38415248	          1.75118639	         39.96490672	         26.63556988	          1.79809381	         -4.72226656	        -18.06352253	          1.00437440	          0.55010850	        -10.08796950	         -2.41128012	          4.82228270	          0.05126549	          0.00999999	          0.02179814	          0.00999999	          0.27709099	          0.07842588	          0.07166191	          0.00999999	          0.02986265	          0.00999999	          0.00999999	          0.02804734	          0.08894305	          0.00999999	          0.00999999	          0.04928736	          0.01126508	          0.08955941	          0.22783388	          0.08102960	          0.01550945	          0.09899935	          0.01829633	          0.00999999	          0.29484388	          0.00999999	          0.00999999	          0.30263093	
          0.86860989	         -3.10821623	          2.53577482	         -5.96151953	          0.87757861	          0.94724743	         -0.01226113	         -6.07436394	         -6.73424656	         -5.05844031	        -39.08836276	         -0.50096883	         37.94882536	         25.61677171	          1.99056416	         -4.56370125	        -18.02765414	          1.68778846	          0.88631955	         -9.94066089	         -2.83386391	          4.86304891	          0.04285893	          0.00999999	          0.04024245	          0.00999999	          0.27288960	          0.06297396	          0.07957611	          0.00999999	          0.02397893	          0.00999999	          0.00999999	          0.02252129	          0.07141897	          0.00999999	          0.00999999	          0.03957648	          0.00999999	          0.08146979	          0.22518930	          0.08012113	          0.01245369	          0.08264179	          0.01469148	          0.00999999	          0.26258077	          0.00999999	          0.00999999	          0.26049995	
          0.88333209	         -3.12871719	          2.32301189	         -5.57873502	          0.89297475	          0.95118414	         -0.01379668	         -3.77102752	         -6.89843199	         -5.59097915	        -43.79111453	         -2.98392097	         35.07641866	         24.44338840	          2.09237626	         -4.28228322	        -17.70355764	          2.25852807	          1.22114346	         -9.87256176	         -3.15249293	          4.86270429	          0.05920200	          0.02759554	          0.06161768	          0.00999999	          0.22419954	          0.05056646	          0.07307286	          0.00999999	          0.01925447	          0.00999999	          0.00999999	          0.01808401	          0.05734759	          0.03448199	          0.00999999	          0.03177889	          0.00999999	          0.07858156	          0.19523589	          0.07695371	          0.00999999	          0.06635923	          0.01179688	          0.00999999	          0.22426752	          0.00999999	          0.00999999	          0.22985121	
          0.89805429	         -3.12415647	          2.01953352	         -5.14768872	          0.90786502	          0.95519713	         -0.01523013	         -1.40151617	         -6.96864765	         -5.96772939	        -48.37224751	         -5.21306480	         30.92727070	         23.19580051	          2.10305779	         -3.90081515	        -17.24328744	          2.74239587	          1.53571225	         -9.87551888	         -3.37377390	          4.82422583	          0.09445941	          0.05929820	          0.09454318	          0.00999999	          0.18002644	          0.04060356	          0.05906369	          0.00999999	          0.02060125	          0.00999999	          0.00999999	          0.01452099	          0.04604864	          0.16789403	          0.00999999	          0.02551763	          0.00999999	          0.07039432	          0.15676938	          0.07001468	          0.00999999	          0.06550724	          0.00999999	          0.00999999	          0.19900657	          0.00999999	          0.00999999	          0.20577908	
          0.91277649	         -3.09147011	          1.64979057	         -4.67100679	          0.92230834	          0.95903265	         -0.01653626	          0.92814143	         -6.90320684	         -6.20419085	        -52.72629728	         -6.21446905	         25.74568798	         21.93456367	          2.03300328	         -3.44982512	        -16.75826494	          3.16939782	          1.84245624	         -9.94127052	         -3.51613498	          4.74477570	          0.10328864	          0.08542949	          0.10885914	          0.00999999	          0.14455659	          0.03260361	          0.08070615	          0.00999999	          0.06503456	          0.00999999	          0.00999999	          0.02754192	          0.03697587	          0.21805850	          0.00999999	          0.02049000	          0.00999999	          0.06471816	          0.12588177	          0.06495462	          0.00999999	          0.06406695	          0.00999999	          0.00999999	          0.18456605	          0.00999999	          0.00999999	          0.18467862	
          0.92749869	         -3.03091706	          1.23735477	         -4.15832271	          0.93636457	          0.96261485	         -0.01768901	          3.14859221	         -6.68455885	         -6.38981672	        -56.60988781	         -5.78891640	         21.32008262	         20.68424993	          1.89656600	         -2.94998560	        -16.29272786	          3.56198595	          2.15311532	        -10.06015302	         -3.60052170	          4.62607627	          0.10239403	          0.09335714	          0.10693140	          0.00999999	          0.13275907	          0.02617986	          0.10469156	          0.00999999	          0.08164068	          0.00999999	          0.00999999	          0.02211545	          0.02969067	          0.21658133	          0.00999999	          0.01645294	          0.00999999	          0.06533525	          0.10107981	          0.06211249	          0.00999999	          0.05814117	          0.00999999	          0.00999999	          0.17872202	          0.00999999	          0.00999999	          0.16657094	
          0.94222090	         -2.94330142	          0.79613979	         -3.62134176	          0.95012973	          0.96596907	         -0.01870771	          5.25045237	         -6.34602807	         -6.56432217	        -59.92528606	         -4.95366794	         17.68259409	         19.43398777	          1.70415483	         -2.41827051	        -15.83391016	          3.93222539	          2.47241831	        -10.21761755	         -3.63679829	          4.47501643	          0.09593608	          0.10093880	          0.10716355	          0.00999999	          0.14007785	          0.02102175	          0.14473969	          0.00999999	          0.09628355	          0.00999999	          0.00999999	          0.01775814	          0.02384084	          0.20169621	          0.00999999	          0.01321129	          0.00999999	          0.06279385	          0.08116448	          0.05887741	          0.00999999	          0.05574308	          0.00999999	          0.00999999	          0.17581374	          0.00999999	          0.00999999	          0.14818945	
          0.95694310	         -2.82982986	          0.33711199	         -3.06644260	          0.96368819	          0.96911084	         -0.01959226	          7.22278976	         -5.90822186	         -6.74299163	        -62.62896500	         -4.02704341	         14.66583605	         18.16882570	          1.46371065	         -1.86952487	        -15.36015637	          4.28446400	          2.80392935	        -10.40074265	         -3.63651949	          4.29382263	          0.08786046	          0.11592446	          0.10926277	          0.00999999	          0.14792753	          0.01687992	          0.20388243	          0.00999999	          0.10863975	          0.02160572	          0.00999999	          0.01425932	          0.01914358	          0.19070968	          0.00999999	          0.01060832	          0.00999999	          0.06253808	          0.06517298	          0.05616795	          0.00999999	          0.05460215	          0.00999999	          0.00999999	          0.17321726	          0.00999999	          0.00999999	          0.12727680	
          0.97166530	         -2.69233652	         -0.12919750	         -2.50094858	          0.97709081	          0.97205076	         -0.02034520	          9.06324252	         -5.39145930	         -6.93071549	        -64.71297161	         -3.05903614	         12.15927481	         16.87883826	          1.18314292	         -1.31627595	        -14.85315797	          4.61391932	          3.15131635	        -10.60185091	         -3.60998443	          4.08438613	          0.08097422	          0.13590624	          0.11335882	          0.00999999	          0.15587967	          0.01355414	          0.29195737	          0.00999999	          0.11962042	          0.03746487	          0.00999999	          0.01144987	          0.01537180	          0.18382595	          0.00999999	          0.00999999	          0.00999999	          0.06372796	          0.05233223	          0.05423447	          0.00999999	          0.05350040	          0.00999999	          0.00999999	          0.16929582	          0.00999999	          0.00999999	          0.10220000	
          0.98638750	         -2.53309245	         -0.59250807	         -1.93324930	          0.99035514	          0.97479518	         -0.02097515	         10.78180765	         -4.81802963	         -7.12531178	        -66.20311874	         -2.06623994	         10.07547933	         15.56002490	          0.87092418	         -0.77026941	        -14.29677453	          4.88989837	          3.53274944	        -10.81817995	         -3.56571757	          3.84898977	          0.07691507	          0.15486490	          0.11905418	          0.00999999	          0.16685441	          0.01088363	          0.41082492	          0.00999999	          0.13354841	          0.03960537	          0.00999999	          0.00999999	          0.01234316	          0.18042522	          0.00999999	          0.00999999	          0.00999999	          0.06650818	          0.04202143	          0.05190325	          0.00999999	          0.05137413	          0.00999999	          0.00999999	          0.16079621	          0.00999999	          0.02123140	          0.08715195	
          1.00110970	         -2.35472243	         -1.04256350	         -1.37078740	          1.00346634	          0.97734879	         -0.02149065	         12.40217814	         -4.20955064	         -7.31710926	        -67.16854818	         -1.08194839	          8.34236800	         14.21621083	          0.53658969	         -0.24129700	        -13.68456593	          5.08225559	          3.97419686	        -11.05098532	         -3.51206035	          3.58973265	          0.07623420	          0.17352050	          0.12522813	          0.00999999	          0.17678614	          0.00999999	          0.55747274	          0.00999999	          0.14960939	          0.03180210	          0.00999999	          0.00999999	          0.00999999	          0.18186991	          0.00999999	          0.00999999	          0.00999999	          0.07019412	          0.03374212	          0.04862203	          0.00999999	          0.04892813	          0.00999999	          0.00999999	          0.14913952	          0.00999999	          0.03404948	          0.07310940	
          1.01583190	         -2.16005932	         -1.46982295	         -0.82015296	          1.01639343	          0.97970461	         -0.02190037	         13.95811100	         -3.58726213	         -7.49346720	        -67.71970639	         -0.13712610	          6.90066923	         12.85923472	          0.18997539	          0.26137161	        -13.03587459	          5.22460506	          4.47360096	        -11.30322789	         -3.45626603	          3.30899225	          0.07399668	          0.19171621	          0.13397119	          0.00999999	          0.18596422	          0.00999999	          0.72354908	          0.00999999	          0.16468240	          0.02553626	          0.00999999	          0.00999999	          0.00999999	          0.19158610	          0.00999999	          0.00999999	          0.00999999	          0.07455034	          0.02709405	          0.04496562	          0.00999999	          0.04463992	          0.00999999	          0.00999999	          0.13532734	          0.00999999	          0.04521580	          0.05870497	
          1.03055410	         -1.95235534	         -1.86587435	         -0.28736438	          1.02909955	          0.98184301	         -0.02221432	         15.48796862	         -2.97216523	         -7.64297806	        -67.98712846	          0.74613446	          5.69822742	         11.50464271	         -0.15884502	          0.73022164	        -12.37653855	          5.35031934	          5.01519520	        -11.57859778	         -3.40407573	          3.01016334	          0.07054684	          0.20442850	          0.14434080	          0.00999999	          0.19276979	          0.00999999	          0.86048262	          0.00999999	          0.17719925	          0.02050496	          0.00999999	          0.00999999	          0.00999999	          0.20313328	          0.00999999	          0.00999999	          0.00999999	          0.07936939	          0.02175583	          0.04066988	          0.00999999	          0.04030769	          0.00999999	          0.00999999	          0.11570707	          0.00999999	          0.05549271	          0.04713858	
          1.04527631	         -1.73509305	         -2.22456089	          0.22336266	          1.04155743	          0.98373929	         -0.02244318	         17.02181469	         -2.38271856	         -7.75941938	        -68.08560906	          1.59934106	          4.69466129	         10.17252149	         -0.50072898	          1.16012753	        -11.74089669	          5.48740076	          5.57973892	        -11.87957207	         -3.35928827	          2.69785913	          0.06571720	          0.20993634	          0.15537086	          0.00999999	          0.19425591	          0.00999999	          0.92958932	          0.00999999	          0.18602897	          0.02086113	          0.00999999	          0.00999999	          0.00999999	          0.21701547	          0.00999999	          0.00999999	          0.00999999	          0.08421565	          0.01746937	          0.03582029	          0.00999999	          0.03633851	          0.00999999	          0.00999999	          0.09290979	          0.00999999	          0.06514595	          0.03785106	
          1.05999851	         -1.51184675	         -2.54195212	          0.71020745	          1.05376284	          0.98537866	         -0.02259672	         18.57171623	         -1.83373290	         -7.84280241	        -68.07734683	          2.42639983	          3.85821762	          8.88148631	         -0.82777764	          1.54954681	        -11.15985521	          5.64932027	          6.15379777	        -12.20572271	         -3.32475300	          2.37760873	          0.05589464	          0.21208163	          0.16644287	          0.00999999	          0.19347492	          0.00999999	          0.96446562	          0.00999999	          0.19137091	          0.03326734	          0.00999999	          0.00999999	          0.00999999	          0.23325253	          0.00999999	          0.00999999	          0.00999999	          0.08935995	          0.01402745	          0.03086952	          0.00999999	          0.03073238	          0.00999999	          0.00999999	          0.07460416	          0.00999999	          0.07460219	          0.03154883	
          1.07472071	         -1.28633131	         -2.81562059	          1.17321706	          1.06573525	          0.98675986	         -0.02268107	         20.13272584	         -1.33597520	         -7.89629902	        -67.97452989	          3.22068341	          3.16076409	          7.64060255	         -1.13354940	          1.89991727	        -10.64808690	          5.84321750	          6.72671269	        -12.55390755	         -3.30361470	          2.05491799	          0.04488196	          0.20795003	          0.17635549	          0.00999999	          0.18579499	          0.00999999	          0.92207662	          0.00999999	          0.19414989	          0.05062522	          0.00999999	          0.00999999	          0.00999999	          0.25228157	          0.00999999	          0.00999999	          0.00999999	          0.09397554	          0.01126368	          0.02614990	          0.00999999	          0.02495767	          0.00999999	          0.00999999	          0.05990522	          0.00999999	          0.08431478	          0.03115782	
          1.08944291	         -1.06216148	         -3.04442392	          1.61430438	          1.07752558	          0.98789808	         -0.02270150	         21.67672173	         -0.89662446	         -7.92551310	        -67.72614266	          3.97671725	          2.57996069	          6.44769446	         -1.41338208	          2.21393496	        -10.20301143	          6.07079718	          7.28928575	        -12.91695609	         -3.29924070	          1.73526059	          0.03603905	          0.19637858	          0.18389754	          0.00999999	          0.15754022	          0.00999999	          0.74040374	          0.00999999	          0.19605676	          0.06665859	          0.00999999	          0.00999999	          0.00999999	          0.27462141	          0.00999999	          0.00999999	          0.00999999	          0.09856799	          0.00999999	          0.02220153	          0.00999999	          0.02053084	          0.00999999	          0.00999999	          0.04810234	          0.00999999	          0.09435037	          0.03453817	
          1.10416511	         -0.84282444	         -3.22715716	          2.03647209	          1.08921449	          0.98882748	         -0.02266594	         23.14756484	         -0.52148475	         -7.93666909	        -67.20379901	          4.68580400	          2.09598711	          5.29324069	         -1.66311904	          2.49301805	         -9.80912900	          6.31318328	          7.84732362	        -13.28329277	         -3.31625312	          1.42439724	          0.02893843	          0.18859566	          0.18779044	          0.00999999	          0.12650073	          0.00999999	          0.59452510	          0.00999999	          0.19799569	          0.07835367	          0.00999999	          0.00999999	          0.00999999	          0.29929578	          0.00999999	          0.00999999	          0.00999999	          0.10293620	          0.00999999	          0.02059182	          0.08965210	          0.02129166	          0.00999999	          0.00999999	          0.03862494	          0.02101308	          0.10441667	          0.03653956	
          1.11888731	         -0.63172174	         -3.36316625	          2.44178143	          1.10086403	          0.98957403	         -0.02258281	         24.49330029	         -0.21400356	         -7.92908236	        -66.29152283	          5.34412098	          1.69036112	          4.18183068	         -1.87892147	          2.73747376	         -9.47377153	          6.55248265	          8.41981275	        -13.64294273	         -3.35832183	          1.12731907	          0.02323681	          0.18503798	          0.18882768	          0.00999999	          0.10157682	          0.00999999	          0.47738832	          0.00999999	          0.19989880	          0.08558674	          0.00999999	          0.00999999	          0.00999999	          0.32619914	          0.00999999	          0.00999999	          0.00999999	          0.10573031	          0.00999999	          0.02148839	          0.15321789	          0.02131236	          0.00999999	          0.00999999	          0.03101483	          0.03512135	          0.11420425	          0.03521059	
          1.13360951	         -0.43199985	         -3.45220762	          2.83114104	          1.11252302	          0.99014905	         -0.02245885	         25.67532619	          0.02559531	         -7.89402758	        -64.91644827	          5.94003861	          1.34737164	          3.11686010	         -2.05762297	          2.94925058	         -9.20233646	          6.78273615	          9.02062740	        -13.98743952	         -3.42790698	          0.84719595	          0.01865856	          0.18624907	          0.18832592	          0.00999999	          0.08156357	          0.00999999	          0.38333050	          0.00999999	          0.20246544	          0.08984162	          0.00999999	          0.00999999	          0.00999999	          0.35454759	          0.00999999	          0.01260859	          0.01033542	          0.10755546	          0.00999999	          0.02375116	          0.20179723	          0.02046892	          0.00999999	          0.00999999	          0.02490411	          0.04757040	          0.12362069	          0.03100744	
          1.14833172	         -0.24652021	         -3.49366470	          3.20508210	          1.12423055	          0.99054967	         -0.02229804	         26.66720206	          0.19922976	         -7.81680809	        -63.04322803	          6.45156566	          1.05401326	          2.09738595	         -2.19633408	          3.13133886	         -8.99499560	          7.01211466	          9.65149751	        -14.31013731	         -3.52756276	          0.58513996	          0.01498234	          0.19036714	          0.18807464	          0.00999999	          0.06549344	          0.00999999	          0.30780450	          0.00999999	          0.20627156	          0.09199088	          0.00999999	          0.00999999	          0.00999999	          0.38139202	          0.00999999	          0.02637813	          0.01478926	          0.10996265	          0.00999999	          0.02479272	          0.23781907	          0.01694058	          0.00999999	          0.00999999	          0.01999736	          0.05672455	          0.13285220	          0.02771000	
          1.16305392	         -0.07783640	         -3.48626420	          3.56499334	          1.13601008	          0.99075825	         -0.02209945	         27.45549205	          0.30979683	         -7.67847679	        -60.67031265	          6.84455551	          0.80268101	          1.12194346	         -2.29223008	          3.28827918	         -8.85076475	          7.25312540	         10.30662608	        -14.60796186	         -3.66104759	          0.33973513	          0.01203044	          0.19783339	          0.18881404	          0.00999999	          0.05258954	          0.00999999	          0.24715907	          0.00999999	          0.21293715	          0.09215505	          0.00999999	          0.00999999	          0.00999999	          0.40215357	          0.00999999	          0.03881612	          0.02103380	          0.11127606	          0.00999999	          0.02656558	          0.26484052	          0.01404188	          0.00999999	          0.00999999	          0.01605736	          0.06273701	          0.14221866	          0.02421752	
          1.17777612	          0.07182340	         -3.43087929	          3.91228990	          1.14787586	          0.99074737	         -0.02186121	         28.03789209	          0.36320814	         -7.45623410	        -57.81993735	          7.07486237	          0.59355745	          0.18752009	         -2.34514104	          3.42114257	         -8.76488478	          7.51671917	         10.97941610	        -14.87996316	         -3.82878803	          0.10786824	          0.00999999	          0.20532455	          0.19068296	          0.00999999	          0.04222805	          0.00999999	          0.19846236	          0.00999999	          0.22642983	          0.09227308	          0.01408362	          0.00999999	          0.00999999	          0.41081365	          0.00999999	          0.04323052	          0.03360686	          0.11239349	          0.00999999	          0.02839958	          0.28657248	          0.01349447	          0.00999999	          0.00999999	          0.01289365	          0.06561327	          0.15183392	          0.02238641	
          1.19249832	          0.20030484	         -3.33090420	          4.24763858	          1.15983879	          0.99048591	         -0.02157865	         28.41915267	          0.36794591	         -7.12496699	        -54.52126985	          7.08829871	          0.43116668	         -0.71041729	         -2.35808820	          3.52899905	         -8.72972952	          7.81530879	         11.65951919	        -15.12591854	         -4.02792456	         -0.11473598	          0.00999999	          0.20834435	          0.19285148	          0.00999999	          0.03390803	          0.00999999	          0.15936015	          0.02621538	          0.24870715	          0.09259023	          0.01447947	          0.00999999	          0.00999999	          0.40180153	          0.00999999	          0.05171498	          0.04345011	          0.11422885	          0.00999999	          0.02926406	          0.30504949	          0.01245369	          0.00999999	          0.00999999	          0.01035327	          0.06509606	          0.16205477	          0.02297365	
          1.20722052	          0.30546134	         -3.19023767	          4.57206695	          1.17191619	          0.98993804	         -0.02124951	         28.61082203	          0.32580540	         -6.67578600	        -50.82131316	          6.83535109	          0.31642049	         -1.57715351	         -2.33489274	          3.61430439	         -8.73718744	          8.16245334	         12.33357085	        -15.34404075	         -4.25503506	         -0.32966731	          0.00999999	          0.20712227	          0.19625763	          0.00999999	          0.02722727	          0.00999999	          0.12796209	          0.06206408	          0.27772295	          0.09217511	          0.01386015	          0.00999999	          0.00999999	          0.37891454	          0.00999999	          0.07024508	          0.04761935	          0.11556139	          0.00999999	          0.02863527	          0.32141803	          0.01000000	          0.00999999	          0.00999999	          0.00999999	          0.05987526	          0.17323302	          0.02788336	
          1.22194272	          0.38505596	         -3.01239698	          4.88743566	          1.18413447	          0.98906579	         -0.02087619	         28.62904790	          0.23012304	         -6.12370417	        -46.78208148	          6.31135909	          0.23959999	         -2.41937648	         -2.27915357	          3.68004626	         -8.77715981	          8.57083330	         12.98705330	        -15.53068526	         -4.50716044	         -0.53478875	          0.00999999	          0.20994673	          0.20219505	          0.00999999	          0.02186280	          0.00999999	          0.10275026	          0.10053299	          0.31350541	          0.09298147	          0.01368964	          0.00999999	          0.00999999	          0.35329920	          0.00999999	          0.07911526	          0.05794448	          0.11723729	          0.00999999	          0.02758863	          0.33593703	          0.00999999	          0.00999999	          0.00999999	          0.00999999	          0.04807829	          0.18557768	          0.03610802	
          1.23666492	          0.43674299	         -2.80409604	          5.19415789	          1.19651463	          0.98782897	         -0.02045934	         28.50344511	          0.07644804	         -5.49123835	        -42.49416786	          5.59875336	          0.18395745	         -3.24483431	         -2.19795131	          3.72337263	         -8.83560734	          9.04750515	         13.61198284	        -15.68315560	         -4.77700142	         -0.72768345	          0.00999999	          0.22172994	          0.20926657	          0.00999999	          0.01790124	          0.00999999	          0.08250581	          0.13701609	          0.35370104	          0.09584799	          0.01436678	          0.00999999	          0.00999999	          0.33298162	          0.00999999	          0.08463596	          0.06878046	          0.11822970	          0.00999999	          0.02873496	          0.34779045	          0.01136343	          0.00999999	          0.00999999	          0.00999999	          0.03860562	          0.19938272	          0.04830384	
          1.25138713	          0.45841513	         -2.57528195	          5.49065650	          1.20906257	          0.98619656	         -0.01999692	         28.28113768	         -0.13410851	         -4.80148890	        -38.08514910	          4.83368872	          0.13694629	         -4.05848125	         -2.10147239	          3.74226882	         -8.90049108	          9.59012459	         14.21223737	        -15.80158840	         -5.05204897	         -0.90713338	          0.00999999	          0.23875178	          0.21750335	          0.00999999	          0.03048719	          0.00999999	          0.06625003	          0.16763360	          0.39427733	          0.10164607	          0.01558188	          0.00999999	          0.00999999	          0.31942409	          0.00999999	          0.07073248	          0.08125509	          0.11337204	          0.00999999	          0.03256659	          0.35714402	          0.01451698	          0.00999999	          0.00999999	          0.00999999	          0.03099932	          0.21481237	          0.06076118	
          1.26610933	          0.44856705	         -2.33829630	          5.77362886	          1.22176891	          0.98416189	         -0.01948146	         28.02143587	         -0.39253551	         -4.08096501	        -33.70726141	          4.12537593	          0.09753780	         -4.85879770	         -2.00207169	          3.73856270	         -8.96994090	         10.19389902	         14.79446741	        -15.88898063	         -5.31590608	         -1.07398710	          0.00999999	          0.26131037	          0.22366644	          0.00999999	          0.05081018	          0.00999999	          0.05319707	          0.19464565	          0.43209360	          0.11355043	          0.01759005	          0.00999999	          0.00999999	          0.31151957	          0.00999999	          0.05679635	          0.08872671	          0.10448048	          0.00999999	          0.03711613	          0.36490484	          0.01844224	          0.00999999	          0.00999999	          0.00999999	          0.02489165	          0.23185648	          0.07503136	
          1.28083153	          0.40655525	         -2.10377253	          6.03877014	          1.23461650	          0.98174902	         -0.01890198	         27.78538172	         -0.68711496	         -3.37070946	        -29.51407048	          3.52139465	          0.06972053	         -5.63939318	         -1.91005447	          3.71440959	         -9.05025440	         10.84876550	         15.36620920	        -15.95033140	         -5.55363880	         -1.23035921	          0.00999999	          0.28784845	          0.22706711	          0.00999999	          0.06959626	          0.00999999	          0.04271587	          0.21483955	          0.46321107	          0.13345295	          0.02038884	          0.00999999	          0.00999999	          0.30766606	          0.00999999	          0.04560601	          0.09058500	          0.09389207	          0.00999999	          0.04156793	          0.37223519	          0.02272409	          0.00999999	          0.00999999	          0.00999999	          0.01998736	          0.25048175	          0.09086801	
          1.29555373	          0.33256815	         -1.88021435	          6.28139213	          1.24759049	          0.97900945	         -0.01824681	         27.62771726	         -1.00360718	         -2.72584938	        -25.64429279	          3.02469650	          0.05490028	         -6.39306117	         -1.83320051	          3.66912722	         -9.14892332	         11.53582422	         15.93867428	        -15.99082924	         -5.75247453	         -1.37881469	          0.00999999	          0.31577520	          0.22814042	          0.00999999	          0.07932080	          0.00999999	          0.03429974	          0.22459062	          0.48331316	          0.16256291	          0.02413943	          0.00999999	          0.00999999	          0.30647516	          0.00999999	          0.03662045	          0.08698692	          0.08430991	          0.00999999	          0.04537479	          0.38030669	          0.02615513	          0.00999999	          0.00999999	          0.00999999	          0.01604933	          0.27042380	          0.10734115	
          1.31027593	          0.22747749	         -1.67437637	          6.49731911	          1.26068667	          0.97601326	         -0.01750698	         27.59079091	         -1.32462638	         -2.19996667	        -22.21064167	          2.62143455	          0.05197598	         -7.11475492	         -1.77725032	          3.59971719	         -9.27034508	         12.22929274	         16.52634814	        -16.01424813	         -5.90127624	         -1.52189355	          0.00999999	          0.34410490	          0.22748392	          0.00999999	          0.08070858	          0.00999999	          0.02754181	          0.22064992	          0.48849289	          0.19819258	          0.02934797	          0.00999999	          0.00999999	          0.30704819	          0.00999999	          0.02940527	          0.07790524	          0.07584345	          0.00999999	          0.04840959	          0.38990151	          0.02792623	          0.00999999	          0.00999999	          0.00999999	          0.01288720	          0.29119252	          0.12228514	
          1.32499813	          0.09277316	         -1.49218507	          6.68384691	          1.27391826	          0.97283991	         -0.01668041	         27.69794099	         -1.62987502	         -1.82437610	        -19.28694156	          2.29551574	          0.05812952	         -7.80275964	         -1.74694370	          3.50467736	         -9.41410554	         12.89472907	         17.15264864	        -16.02165493	         -5.98911774	         -1.66160812	          0.00999999	          0.37226588	          0.22379631	          0.00999999	          0.08318792	          0.00999999	          0.02211536	          0.20196888	          0.47569992	          0.23205112	          0.03596043	          0.00999999	          0.00999999	          0.30933468	          0.00999999	          0.02361168	          0.06255590	          0.06571563	          0.00999999	          0.05116835	          0.40075130	          0.02768236	          0.00999999	          0.00999999	          0.00999999	          0.01034809	          0.31192563	          0.11175889	
          1.33972034	         -0.06954687	         -1.33991738	          6.84045098	          1.28732414	          0.96957408	         -0.01577148	         27.94540169	         -1.89659083	         -1.59712472	        -16.88998478	          2.03888567	          0.06929247	         -8.45905395	         -1.74785981	          3.38704289	         -9.57582995	         13.49470364	         17.84629966	        -16.00997958	         -6.00436610	         -1.79973393	          0.00999999	          0.39545631	          0.21733506	          0.00999999	          0.09226509	          0.00999999	          0.01775807	          0.16553638	          0.44990930	          0.24410955	          0.04857596	          0.00999999	          0.00999999	          0.31379699	          0.00999999	          0.01895957	          0.05023077	          0.05623211	          0.00999999	          0.05360607	          0.41121192	          0.02335781	          0.00999999	          0.00999999	          0.00999999	          0.00999999	          0.33145046	          0.08973951	
          1.35444254	         -0.25786115	         -1.22940614	          6.96922008	          1.30096654	          0.96629101	         -0.01478230	         28.30088352	         -2.09625607	         -1.48539145	        -14.96696595	          1.84973190	          0.08212012	         -9.08453527	         -1.79248625	          3.24935740	         -9.75593701	         14.00493104	         18.62802462	        -15.97109057	         -5.93110771	         -1.93792752	          0.00999999	          0.40012799	          0.21054843	          0.00999999	          0.10024908	          0.00999999	          0.01425927	          0.13292145	          0.41377126	          0.24748059	          0.05858817	          0.00999999	          0.00999999	          0.31809484	          0.00999999	          0.01522404	          0.04033401	          0.05020374	          0.00999999	          0.05294987	          0.41831784	          0.01875572	          0.02062385	          0.00999999	          0.00999999	          0.02890973	          0.34898098	          0.07205851	
          1.36916474	         -0.46967441	         -1.16386082	          7.07508368	          1.31492324	          0.96305607	         -0.01371447	         28.71138587	         -2.21447838	         -1.45964112	        -13.42399844	          1.71889015	          0.09528666	         -9.67886416	         -1.88452712	          3.08651287	         -9.96122291	         14.39982254	         19.52444218	        -15.89635165	         -5.76609025	         -2.07927792	          0.00999999	          0.39686798	          0.20125721	          0.00999999	          0.10788951	          0.00999999	          0.01144982	          0.10673249	          0.37375422	          0.19872053	          0.06867124	          0.00999999	          0.00999999	          0.32366939	          0.00999999	          0.01222451	          0.03238717	          0.04943614	          0.00999999	          0.05204430	          0.42034640	          0.01925337	          0.07089609	          0.00999999	          0.00999999	          0.07093968	          0.36352369	          0.05786112	
          1.38388694	         -0.70131662	         -1.14436772	          7.16359122	          1.32928040	          0.95992314	         -0.01256837	         29.11414332	         -2.24367645	         -1.50749544	        -12.15285785	          1.64077127	          0.10721192	        -10.23768780	         -2.02524873	          2.88573375	        -10.21076505	         14.66314219	         20.55809728	        -15.77684434	         -5.51054522	         -2.22548380	          0.00999999	          0.39181926	          0.19207324	          0.00999999	          0.11259978	          0.00999999	          0.00999999	          0.08570344	          0.33228944	          0.15956746	          0.07468558	          0.00999999	          0.00999999	          0.32898827	          0.00999999	          0.00999999	          0.02600606	          0.05111256	          0.00999999	          0.05105756	          0.41538906	          0.02217813	          0.12697594	          0.00999999	          0.00999999	          0.10947061	          0.37432219	          0.04646099	
          1.39860914	         -0.94773300	         -1.16762255	          7.23879116	          1.34411693	          0.95692524	         -0.01134669	         29.45788254	         -2.18436544	         -1.62090375	        -11.08043565	          1.61148623	          0.11940592	        -10.75774490	         -2.21139741	          2.63878798	        -10.52750793	         14.79128436	         21.73523597	        -15.60632617	         -5.17044387	         -2.37791426	          0.00999999	          0.38797810	          0.17873573	          0.00999999	          0.11716886	          0.00999999	          0.00999999	          0.06881765	          0.29320106	          0.12812856	          0.06663686	          0.00999999	          0.00999999	          0.33245363	          0.00999999	          0.00999999	          0.02088220	          0.05439925	          0.00999999	          0.04877112	          0.40440826	          0.02267300	          0.15470655	          0.00999999	          0.00999999	          0.13970046	          0.38099086	          0.03730698	
          1.41333134	         -1.20246169	         -1.22894070	          7.30250969	          1.35949769	          0.95406753	         -0.01005164	         29.72148063	         -2.04076563	         -1.79183226	        -10.21662893	          1.62207053	          0.13389667	        -11.24248976	         -2.43886448	          2.33985355	        -10.92521074	         14.78482586	         23.05396889	        -15.38125615	         -4.75279072	         -2.53866635	          0.00999999	          0.38259190	          0.15678893	          0.00999999	          0.12200360	          0.00999999	          0.00999999	          0.05525880	          0.25465072	          0.10288392	          0.05350768	          0.00999999	          0.00999999	          0.33649536	          0.00999999	          0.00999999	          0.01676787	          0.05929240	          0.00999999	          0.04504718	          0.38780604	          0.02458281	          0.16240336	          0.00999999	          0.00999999	          0.16075705	          0.38335049	          0.02995654	
          1.42805354	         -1.45780867	         -1.32090589	          7.35467135	          1.37549810	          0.95133373	         -0.00868263	         29.89212631	         -1.82066991	         -2.01441327	         -9.59968577	          1.66242016	          0.14944179	        -11.70746640	         -2.70096878	          1.97415373	        -11.40014501	         14.64217002	         24.50831298	        -15.09672275	         -4.26858884	         -2.71299774	          0.01301302	          0.35934731	          0.12589746	          0.00999999	          0.12979253	          0.00999999	          0.00999999	          0.04437139	          0.20447796	          0.08261314	          0.04296528	          0.00999999	          0.00999999	          0.34482613	          0.00999999	          0.00999999	          0.01346416	          0.06708744	          0.00999999	          0.03701387	          0.36557538	          0.03232912	          0.17743945	          0.00999999	          0.00999999	          0.17285912	          0.38124772	          0.02405433	
          1.44277575	         -1.70531923	         -1.43184624	          7.39391831	          1.39222084	          0.94869808	         -0.00723093	         29.94493438	         -1.53551979	         -2.29569839	         -9.25164155	          1.69452396	          0.17369662	        -12.17611886	         -2.98751189	          1.52955465	        -11.93988318	         14.35814468	         26.08750864	        -14.74343294	         -3.73698324	         -2.90749572	          0.01720318	          0.33399065	          0.10109241	          0.00999999	          0.14849782	          0.01429640	          0.09854851	          0.03562908	          0.16419053	          0.06633622	          0.03450001	          0.00999999	          0.00999999	          0.33526464	          0.00999999	          0.00999999	          0.01081138	          0.06910564	          0.00999999	          0.02972118	          0.34116554	          0.03515906	          0.17814124	          0.00999999	          0.00999999	          0.17688184	          0.37439807	          0.01931500	
          1.45749795	         -1.93720545	         -1.54885233	          7.41584573	          1.40973603	          0.94613232	         -0.00568055	         29.87833205	         -1.19815742	         -2.64921701	         -9.27012566	          1.55189426	          0.19953052	        -12.65522950	         -3.28774792	          1.02227048	        -12.56018339	         13.93423341	         27.77649313	        -14.31528135	         -3.17932712	         -3.12369674	          0.03300089	          0.30234914	          0.08117460	          0.00999999	          0.18432352	          0.03174022	          0.09225009	          0.02860923	          0.13184076	          0.05326627	          0.02770262	          0.01245369	          0.00999999	          0.37042256	          0.00999999	          0.00999999	          0.00999999	          0.05549004	          0.00999999	          0.02386534	          0.31063183	          0.04418091	          0.20167360	          0.00999999	          0.00999999	          0.17338628	          0.36325659	          0.01550945	
          1.47222015	         -2.14680978	         -1.66322204	          7.41830441	          1.42805354	          0.94363668	         -0.00404506	         29.71078432	         -0.83759152	         -3.01279499	         -9.86880568	          1.12713529	          0.25000980	        -13.12371004	         -3.59392431	          0.48214930	        -13.31482184	         13.36758858	         29.57240917	        -13.81235552	         -2.60788321	         -3.35980131	          0.02649886	          0.24277856	          0.06518111	          0.00999999	          0.24780877	          0.03143382	          0.07407444	          0.05683824	          0.10586473	          0.04277144	          0.02224449	          0.00999999	          0.00999999	          0.40167689	          0.00999999	          0.00999999	          0.00999999	          0.04455707	          0.00999999	          0.01916326	          0.27552733	          0.03547613	          0.17278878	          0.00999999	          0.00999999	          0.16170801	          0.34747336	          0.01245369	
          1.48694235	         -2.32966292	         -1.80217981	          7.40446373	          1.44704978	          0.94130481	         -0.00237783	         29.44861113	         -0.48627132	         -3.15814648	        -10.96492284	          0.66428932	          0.20441504	        -13.52534562	         -3.93473621	         -0.06236704	        -14.28963115	         12.65008334	         31.47290377	        -13.24572286	         -1.99075545	         -3.60469562	          0.02127790	          0.22899417	          0.05233875	          0.00999999	          0.19898405	          0.04719566	          0.05947987	          0.08056989	          0.08500664	          0.03434436	          0.01786175	          0.01245369	          0.01245369	          0.44135946	          0.01000000	          0.00999999	          0.00999999	          0.03577818	          0.02761936	          0.03880177	          0.24318012	          0.02848642	          0.13874493	          0.00999999	          0.00999999	          0.13031082	          0.32634523	          0.00999999	
          1.50166455	         -2.48983272	         -1.96762848	          7.35959892	          1.46639322	          0.93932835	         -0.00063139	         29.11838303	         -0.12011235	         -3.33647163	        -12.00611086	          0.01586710	          0.20028300	        -13.76493006	         -4.30905899	         -0.62721296	        -15.60092986	         11.74895723	         33.47682691	        -12.65168468	         -1.33301790	         -3.84318459	          0.01708561	          0.18387641	          0.04202667	          0.02859634	          0.18747369	          0.05700406	          0.04776080	          0.10234354	          0.06825814	          0.02757764	          0.02345823	          0.00999999	          0.00999999	          0.50987719	          0.01854490	          0.00999999	          0.00999999	          0.02872896	          0.02217764	          0.04770015	          0.19893841	          0.02287386	          0.11140860	          0.00999999	          0.00999999	          0.10463623	          0.29845866	          0.00999999	
          1.51638675	         -2.62869754	         -2.13754382	          7.27637921	          1.48574682	          0.93789068	          0.00120657	         28.83709627	          0.23548797	         -3.62558384	        -13.12161632	         -0.76939671	          0.16391245	        -13.75929129	         -4.69334999	         -1.21552484	        -17.34348301	         10.61059518	         35.58356370	        -12.07195620	         -0.66326796	         -4.06878878	          0.01915152	          0.14764801	          0.03374633	          0.05754192	          0.21813805	          0.06630496	          0.03835069	          0.08217923	          0.05480953	          0.02214413	          0.11982863	          0.00999999	          0.00999999	          0.57280615	          0.03580376	          0.00999999	          0.00999999	          0.02306861	          0.05151687	          0.05734528	          0.15974241	          0.01836712	          0.08945823	          0.00999999	          0.00999999	          0.08402019	          0.26644283	          0.00999999	
          1.53110895	         -2.74759422	         -2.30181371	          7.15634325	          1.50490952	          0.93717121	          0.00311517	         28.58215984	          0.57548790	         -3.98440477	        -14.33410558	         -1.28407010	          0.10610009	        -13.44528804	         -5.07996694	         -1.82322108	        -19.58614781	          9.18728345	         37.72944618	        -11.52685931	          0.00448581	         -4.27714798	          0.02203882	          0.11855755	          0.02709743	          0.07952737	          0.23341741	          0.07054921	          0.03079461	          0.10997535	          0.04401064	          0.01778117	          0.19131434	          0.00999999	          0.00999999	          0.59185988	          0.05969262	          0.00999999	          0.00999999	          0.01852350	          0.11570213	          0.07045609	          0.12826904	          0.01474832	          0.07183265	          0.00999999	          0.00999999	          0.06746604	          0.21394672	          0.00999999	
          1.54583116	         -2.84927831	         -2.45247144	          6.99820780	          1.52361893	          0.93736796	          0.00505535	         28.31423568	          0.90331928	         -4.34695329	        -15.60713402	         -1.24701562	          0.05686240	        -12.75011040	         -5.46277815	         -2.44465222	        -22.40943116	          7.48582318	         39.68083477	        -11.04217886	          0.66267049	         -4.46095959	          0.01840319	          0.09519865	          0.02175854	          0.09041939	          0.24677314	          0.07578037	          0.02472728	          0.12141211	          0.03533940	          0.01427782	          0.24416331	          0.00999999	          0.00999999	          0.54556896	          0.07089718	          0.00999999	          0.00999999	          0.01487389	          0.17927984	          0.08612152	          0.11269397	          0.01184252	          0.05767977	          0.00999999	          0.00999999	          0.05417349	          0.17179370	          0.00999999	
          1.56055336	         -2.93601705	         -2.57661332	          6.80307259	          1.54167982	          0.93854277	          0.00698216	         27.96379533	          1.22472145	         -4.62235502	        -16.79336796	         -0.68002394	          0.08250240	        -11.63560719	         -5.83384198	         -3.08148047	        -25.84220566	          5.58837201	         41.02533886	        -10.63660097	          1.29986708	         -4.61629983	          0.01477728	          0.07644206	          0.01747154	          0.09269357	          0.24968212	          0.07684148	          0.01985537	          0.13497232	          0.02837663	          0.01146472	          0.29391363	          0.00999999	          0.00999999	          0.45054627	          0.07714509	          0.00999999	          0.00999999	          0.01194335	          0.24565230	          0.09424242	          0.09255335	          0.00999999	          0.04631537	          0.00999999	          0.00999999	          0.04349992	          0.13794591	          0.00999999	
          1.57527556	         -3.00878852	         -2.65020089	          6.56964566	          1.55900760	          0.94068492	          0.00884758	         27.42587902	          1.53284859	         -4.74651326	        -17.66727538	          0.19260885	          0.26529185	        -10.10337272	         -6.18270514	         -3.74916390	        -29.88884137	          3.73178400	         41.07068329	        -10.31891029	          1.89268248	         -4.73922011	          0.01186578	          0.06138100	          0.01402920	          0.09371605	          0.23281656	          0.07929860	          0.01931500	          0.11837182	          0.02278570	          0.00999999	          0.30687338	          0.00999999	          0.00999999	          0.36392069	          0.06384451	          0.00999999	          0.00999999	          0.00999999	          0.26676561	          0.09328142	          0.07431795	          0.00999999	          0.03719004	          0.00999999	          0.00999999	          0.03492931	          0.11076700	          0.00999999	
          1.58999776	         -3.06700762	         -2.64333579	          6.29100544	          1.57562956	          0.94366216	          0.01061252	         26.63556988	          1.79809381	         -4.72226656	        -18.06352253	          1.00437440	          0.55010850	         -8.21758310	         -6.48969105	         -4.42241837	        -34.38415248	          1.75118639	         39.96490672	        -10.08796950	          2.41128012	         -4.82228270	          0.00999999	          0.04928736	          0.01126508	          0.08955941	          0.22783388	          0.08102960	          0.01550945	          0.09899935	          0.01829633	          0.00999999	          0.29484388	          0.00999999	          0.00999999	          0.30263093	          0.05126549	          0.00999999	          0.02179814	          0.00999999	          0.27709099	          0.07842588	          0.07166191	          0.00999999	          0.02986265	          0.00999999	          0.00999999	          0.02804734	          0.08894305	          0.00999999	
          1.60471996	         -3.10821623	         -2.53577482	          5.96151953	          1.59160538	          0.94724743	          0.01226113	         25.61677171	          1.99056416	         -4.56370125	        -18.02765414	          1.68778846	          0.88631955	         -6.07436394	         -6.73424656	         -5.05844031	        -39.08836276	         -0.50096883	         37.94882536	         -9.94066089	          2.83386391	         -4.86304891	          0.00999999	          0.03957648	          0.00999999	          0.08146979	          0.22518930	          0.08012113	          0.01245369	          0.08264179	          0.01469148	          0.00999999	          0.26258077	          0.00999999	          0.00999999	          0.26049995	          0.04285893	          0.00999999	          0.04024245	          0.00999999	          0.27288960	          0.06297396	          0.07957611	          0.00999999	          0.02397893	          0.00999999	          0.00999999	          0.02252129	          0.07141897	          0.00999999	
          1.61944216	         -3.12871719	         -2.32301189	          5.57873502	          1.60700152	          0.95118414	          0.01379668	         24.44338840	          2.09237626	         -4.28228322	        -17.70355764	          2.25852807	          1.22114346	         -3.77102752	         -6.89843199	         -5.59097915	        -43.79111453	         -2.98392097	         35.07641866	         -9.87256176	          3.15249293	         -4.86270429	          0.00999999	          0.03177889	          0.00999999	          0.07858156	          0.19523589	          0.07695371	          0.00999999	          0.06635923	          0.01179688	          0.00999999	          0.22426752	          0.00999999	          0.00999999	          0.22985121	          0.05920200	          0.02759554	          0.06161768	          0.00999999	          0.22419954	          0.05056646	          0.07307286	          0.00999999	          0.01925447	          0.00999999	          0.00999999	          0.01808401	          0.05734759	          0.03448199	
          1.63416437	         -3.12415647	         -2.01953352	          5.14768872	          1.62189180	          0.95519713	          0.01523013	         23.19580051	          2.10305779	         -3.90081515	        -17.24328744	          2.74239587	          1.53571225	         -1.40151617	         -6.96864765	         -5.96772939	        -48.37224751	         -5.21306480	         30.92727070	         -9.87551888	          3.37377390	         -4.82422583	          0.00999999	          0.02551763	          0.00999999	          0.07039432	          0.15676938	          0.07001468	          0.00999999	          0.06550724	          0.00999999	          0.00999999	          0.19900657	          0.00999999	          0.00999999	          0.20577908	          0.09445941	          0.05929820	          0.09454318	          0.00999999	          0.18002644	          0.04060356	          0.05906369	          0.00999999	          0.02060125	          0.00999999	          0.00999999	          0.01452099	          0.04604864	          0.16789403	
          1.64888657	         -3.09147011	         -1.64979057	          4.67100679	          1.63633512	          0.95903265	          0.01653626	         21.93456367	          2.03300328	         -3.44982512	        -16.75826494	          3.16939782	          1.84245624	          0.92814143	         -6.90320684	         -6.20419085	        -52.72629728	         -6.21446905	         25.74568798	         -9.94127052	          3.51613498	         -4.74477570	          0.00999999	          0.02049000	          0.00999999	          0.06471816	          0.12588177	          0.06495462	          0.00999999	          0.06406695	          0.00999999	          0.00999999	          0.18456605	          0.00999999	          0.00999999	          0.18467862	          0.10328864	          0.08542949	          0.10885914	          0.00999999	          0.14455659	          0.03260361	          0.08070615	          0.00999999	          0.06503456	          0.00999999	          0.00999999	          0.02754192	          0.03697587	          0.21805850	
          1.66360877	         -3.03091706	         -1.23735477	          4.15832271	          1.65039134	          0.96261485	          0.01768901	         20.68424993	          1.89656600	         -2.94998560	        -16.29272786	          3.56198595	          2.15311532	          3.14859221	         -6.68455885	         -6.38981672	        -56.60988781	         -5.78891640	         21.32008262	        -10.06015302	          3.60052170	         -4.62607627	          0.00999999	          0.01645294	          0.00999999	          0.06533525	          0.10107981	          0.06211249	          0.00999999	          0.05814117	          0.00999999	          0.00999999	          0.17872202	          0.00999999	          0.00999999	          0.16657094	          0.10239403	          0.09335714	          0.10693140	          0.00999999	          0.13275907	          0.02617986	          0.10469156	          0.00999999	          0.08164068	          0.00999999	          0.00999999	          0.02211545	          0.02969067	          0.21658133	
          1.67833097	         -2.94330142	         -0.79613979	          3.62134176	          1.66415650	          0.96596907	          0.01870771	         19.43398777	          1.70415483	         -2.41827051	        -15.83391016	          3.93222539	          2.47241831	          5.25045237	         -6.34602807	         -6.56432217	        -59.92528606	         -4.95366794	         17.68259409	        -10.21761755	          3.63679829	         -4.47501643	          0.00999999	          0.01321129	          0.00999999	          0.06279385	          0.08116448	          0.05887741	          0.00999999	          0.05574308	          0.00999999	          0.00999999	          0.17581374	          0.00999999	          0.00999999	          0.14818945	          0.09593608	          0.10093880	          0.10716355	          0.00999999	          0.14007785	          0.02102175	          0.14473969	          0.00999999	          0.09628355	          0.00999999	          0.00999999	          0.01775814	          0.02384084	          0.20169621	
          1.69305317	         -2.82982986	         -0.33711199	          3.06644260	          1.67771496	          0.96911084	          0.01959226	         18.16882570	          1.46371065	         -1.86952487	        -15.36015637	          4.28446400	          2.80392935	          7.22278976	         -5.90822186	         -6.74299163	        -62.62896500	         -4.02704341	         14.66583605	        -10.40074265	          3.63651949	         -4.29382263	          0.00999999	          0.01060832	          0.00999999	          0.06253808	          0.06517298	          0.05616795	          0.00999999	          0.05460215	          0.00999999	          0.00999999	          0.17321726	          0.00999999	          0.00999999	          0.12727680	          0.08786046	          0.11592446	          0.10926277	          0.00999999	          0.14792753	          0.01687992	          0.20388243	          0.00999999	          0.10863975	          0.02160572	          0.00999999	          0.01425932	          0.01914358	          0.19070968	
          1.70777537	         -2.69233652	          0.12919750	          2.50094858	          1.69111759	          0.97205076	          0.02034520	         16.87883826	          1.18314292	         -1.31627595	        -14.85315797	          4.61391932	          3.15131635	          9.06324252	         -5.39145930	         -6.93071549	        -64.71297161	         -3.05903614	         12.15927481	        -10.60185091	          3.60998443	         -4.08438613	          0.00999999	          0.00999999	          0.00999999	          0.06372796	          0.05233223	          0.05423447	          0.00999999	          0.05350040	          0.00999999	          0.00999999	          0.16929582	          0.00999999	          0.00999999	          0.10220000	          0.08097422	          0.13590624	          0.11335882	          0.00999999	          0.15587967	          0.01355414	          0.29195737	          0.00999999	          0.11962042	          0.03746487	          0.00999999	          0.01144987	          0.01537180	          0.18382595	
          1.72249757	         -2.53309245	          0.59250807	          1.93324930	          1.70438191	          0.97479518	          0.02097515	         15.56002490	          0.87092418	         -0.77026941	        -14.29677453	          4.88989837	          3.53274944	         10.78180765	         -4.81802963	         -7.12531178	        -66.20311874	         -2.06623994	         10.07547933	        -10.81817995	          3.56571757	         -3.84898977	          0.00999999	          0.00999999	          0.00999999	          0.06650818	          0.04202143	          0.05190325	          0.00999999	          0.05137413	          0.00999999	          0.00999999	          0.16079621	          0.00999999	          0.02123140	          0.08715195	          0.07691507	          0.15486490	          0.11905418	          0.00999999	          0.16685441	          0.01088363	          0.41082492	          0.00999999	          0.13354841	          0.03960537	          0.00999999	          0.00999999	          0.01234316	          0.18042522	
          1.73721978	         -2.35472243	          1.04256350	          1.37078740	          1.71749312	          0.97734879	          0.02149065	         14.21621083	          0.53658969	         -0.24129700	        -13.68456593	          5.08225559	          3.97419686	         12.40217814	         -4.20955064	         -7.31710926	        -67.16854818	         -1.08194839	          8.34236800	        -11.05098532	          3.51206035	         -3.58973265	          0.00999999	          0.00999999	          0.00999999	          0.07019412	          0.03374212	          0.04862203	          0.00999999	          0.04892813	          0.00999999	          0.00999999	          0.14913952	          0.00999999	          0.03404948	          0.07310940	          0.07623420	          0.17352050	          0.12522813	          0.00999999	          0.17678614	          0.00999999	          0.55747274	          0.00999999	          0.14960939	          0.03180210	          0.00999999	          0.00999999	          0.00999999	          0.18186991	
          1.75194198	         -2.16005932	          1.46982295	          0.82015296	          1.73042021	          0.97970461	          0.02190037	         12.85923472	          0.18997539	          0.26137161	        -13.03587459	          5.22460506	          4.47360096	         13.95811100	         -3.58726213	         -7.49346720	        -67.71970639	         -0.13712610	          6.90066923	        -11.30322789	          3.45626603	         -3.30899225	          0.00999999	          0.00999999	          0.00999999	          0.07455034	          0.02709405	          0.04496562	          0.00999999	          0.04463992	          0.00999999	          0.00999999	          0.13532734	          0.00999999	          0.04521580	          0.05870497	          0.07399668	          0.19171621	          0.13397119	          0.00999999	          0.18596422	          0.00999999	          0.72354908	          0.00999999	          0.16468240	          0.02553626	          0.00999999	          0.00999999	          0.00999999	          0.19158610	
          1.76666418	         -1.95235534	          1.86587435	          0.28736438	          1.74312632	          0.98184301	          0.02221432	         11.50464271	         -0.15884502	          0.73022164	        -12.37653855	          5.35031934	          5.01519520	         15.48796862	         -2.97216523	         -7.64297806	        -67.98712846	          0.74613446	          5.69822742	        -11.57859778	          3.40407573	         -3.01016334	          0.00999999	          0.00999999	          0.00999999	          0.07936939	          0.02175583	          0.04066988	          0.00999999	          0.04030769	          0.00999999	          0.00999999	          0.11570707	          0.00999999	          0.05549271	          0.04713858	          0.07054684	          0.20442850	          0.14434080	          0.00999999	          0.19276979	          0.00999999	          0.86048262	          0.00999999	          0.17719925	          0.02050496	          0.00999999	          0.00999999	          0.00999999	          0.20313328	
          1.78138638	         -1.73509305	          2.22456089	         -0.22336266	          1.75558420	          0.98373929	          0.02244318	         10.17252149	         -0.50072898	          1.16012753	        -11.74089669	          5.48740076	          5.57973892	         17.02181469	         -2.38271856	         -7.75941938	        -68.08560906	          1.59934106	          4.69466129	        -11.87957207	          3.35928827	         -2.69785913	          0.00999999	          0.00999999	          0.00999999	          0.08421565	          0.01746937	          0.03582029	          0.00999999	          0.03633851	          0.00999999	          0.00999999	          0.09290979	          0.00999999	          0.06514595	          0.03785106	          0.06571720	          0.20993634	          0.15537086	          0.00999999	          0.19425591	          0.00999999	          0.92958932	          0.00999999	          0.18602897	          0.02086113	          0.00999999	          0.00999999	          0.00999999	          0.21701547	
          1.79610858	         -1.51184675	          2.54195212	         -0.71020745	          1.76778961	          0.98537866	          0.02259672	          8.88148631	         -0.82777764	          1.54954681	        -11.15985521	          5.64932027	          6.15379777	         18.57171623	         -1.83373290	         -7.84280241	        -68.07734683	          2.42639983	          3.85821762	        -12.20572271	          3.32475300	         -2.37760873	          0.00999999	          0.00999999	          0.00999999	          0.08935995	          0.01402745	          0.03086952	          0.00999999	          0.03073238	          0.00999999	          0.00999999	          0.07460416	          0.00999999	          0.07460219	          0.03154883	          0.05589464	          0.21208163	          0.16644287	          0.00999999	          0.19347492	          0.00999999	          0.96446562	          0.00999999	          0.19137091	          0.03326734	          0.00999999	          0.00999999	          0.00999999	          0.23325253	
          1.81083078	         -1.28633131	          2.81562059	         -1.17321706	          1.77976202	          0.98675986	          0.02268107	          7.64060255	         -1.13354940	          1.89991727	        -10.64808690	          5.84321750	          6.72671269	         20.13272584	         -1.33597520	         -7.89629902	        -67.97452989	          3.22068341	          3.16076409	        -12.55390755	          3.30361470	         -2.05491799	          0.00999999	          0.00999999	          0.00999999	          0.09397554	          0.01126368	          0.02614990	          0.00999999	          0.02495767	          0.00999999	          0.00999999	          0.05990522	          0.00999999	          0.08431478	          0.03115782	          0.04488196	          0.20795003	          0.17635549	          0.00999999	          0.18579499	          0.00999999	          0.92207662	          0.00999999	          0.19414989	          0.05062522	          0.00999999	          0.00999999	          0.00999999	          0.25228157	
          1.82555298	         -1.06216148	          3.04442392	         -1.61430438	          1.79155235	          0.98789808	          0.02270150	          6.44769446	         -1.41338208	          2.21393496	        -10.20301143	          6.07079718	          7.28928575	         21.67672173	         -0.89662446	         -7.92551310	        -67.72614266	          3.97671725	          2.57996069	        -12.91695609	          3.29924070	         -1.73526059	          0.00999999	          0.00999999	          0.00999999	          0.09856799	          0.00999999	          0.02220153	          0.00999999	          0.02053084	          0.00999999	          0.00999999	          0.04810234	          0.00999999	          0.09435037	          0.03453817	          0.03603905	          0.19637858	          0.18389754	          0.00999999	          0.15754022	          0.00999999	          0.74040374	          0.00999999	          0.19605676	          0.06665859	          0.00999999	          0.00999999	          0.00999999	          0.27462141	
          1.84027519	         -0.84282444	          3.22715716	         -2.03647209	          1.80324126	          0.98882748	          0.02266594	          5.29324069	         -1.66311904	          2.49301805	         -9.80912900	          6.31318328	          7.84732362	         23.14756484	         -0.52148475	         -7.93666909	        -67.20379901	          4.68580400	          2.09598711	        -13.28329277	          3.31625312	         -1.42439724	          0.00999999	          0.00999999	          0.00999999	          0.10293620	          0.00999999	          0.02059182	          0.08965210	          0.02129166	          0.00999999	          0.00999999	          0.03862494	          0.02101308	          0.10441667	          0.03653956	          0.02893843	          0.18859566	          0.18779044	          0.00999999	          0.12650073	          0.00999999	          0.59452510	          0.00999999	          0.19799569	          0.07835367	          0.00999999	          0.00999999	          0.00999999	          0.29929578	
          1.85499739	         -0.63172174	          3.36316625	         -2.44178143	          1.81489081	          0.98957403	          0.02258281	          4.18183068	         -1.87892147	          2.73747376	         -9.47377153	          6.55248265	          8.41981275	         24.49330029	         -0.21400356	         -7.92908236	        -66.29152283	          5.34412098	          1.69036112	        -13.64294273	          3.35832183	         -1.12731907	          0.00999999	          0.00999999	          0.00999999	          0.10573031	          0.00999999	          0.02148839	          0.15321789	          0.02131236	          0.00999999	          0.00999999	          0.03101483	          0.03512135	          0.11420425	          0.03521059	          0.02323681	          0.18503798	          0.18882768	          0.00999999	          0.10157682	          0.00999999	          0.47738832	          0.00999999	          0.19989880	          0.08558674	          0.00999999	          0.00999999	          0.00999999	          0.32619914	
          1.86971959	         -0.43199985	          3.45220762	         -2.83114104	          1.82654979	          0.99014905	          0.02245885	          3.11686010	         -2.05762297	          2.94925058	         -9.20233646	          6.78273615	          9.02062740	         25.67532619	          0.02559531	         -7.89402758	        -64.91644827	          5.94003861	          1.34737164	        -13.98743952	          3.42790698	         -0.84719595	          0.00999999	          0.01260859	          0.01033542	          0.10755546	          0.00999999	          0.02375116	          0.20179723	          0.02046892	          0.00999999	          0.00999999	          0.02490411	          0.04757040	          0.12362069	          0.03100744	          0.01865856	          0.18624907	          0.18832592	          0.00999999	          0.08156357	          0.00999999	          0.38333050	          0.00999999	          0.20246544	          0.08984162	          0.00999999	          0.00999999	          0.00999999	          0.35454759	
          1.88444179	         -0.24652021	          3.49366470	         -3.20508210	          1.83825732	          0.99054967	          0.02229804	          2.09738595	         -2.19633408	          3.13133886	         -8.99499560	          7.01211466	          9.65149751	         26.66720206	          0.19922976	         -7.81680809	        -63.04322803	          6.45156566	          1.05401326	        -14.31013731	          3.52756276	         -0.58513996	          0.00999999	          0.02637813	          0.01478926	          0.10996265	          0.00999999	          0.02479272	          0.23781907	          0.01694058	          0.00999999	          0.00999999	          0.01999736	          0.05672455	          0.13285220	          0.02771000	          0.01498234	          0.19036714	          0.18807464	          0.00999999	          0.06549344	          0.00999999	          0.30780450	          0.00999999	          0.20627156	          0.09199088	          0.00999999	          0.00999999	          0.00999999	          0.38139202	
          1.89916399	         -0.07783640	          3.48626420	         -3.56499334	          1.85003685	          0.99075825	          0.02209945	          1.12194346	         -2.29223008	          3.28827918	         -8.85076475	          7.25312540	         10.30662608	         27.45549205	          0.30979683	         -7.67847679	        -60.67031265	          6.84455551	          0.80268101	        -14.60796186	          3.66104759	         -0.33973513	          0.00999999	          0.03881612	          0.02103380	          0.11127606	          0.00999999	          0.02656558	          0.26484052	          0.01404188	          0.00999999	          0.00999999	          0.01605736	          0.06273701	          0.14221866	          0.02421752	          0.01203044	          0.19783339	          0.18881404	          0.00999999	          0.05258954	          0.00999999	          0.24715907	          0.00999999	          0.21293715	          0.09215505	          0.00999999	          0.00999999	          0.00999999	          0.40215357	
          1.91388619	          0.07182340	          3.43087929	         -3.91228990	          1.86190263	          0.99074737	          0.02186121	          0.18752009	         -2.34514104	          3.42114257	         -8.76488478	          7.51671917	         10.97941610	         28.03789209	          0.36320814	         -7.45623410	        -57.81993735	          7.07486237	          0.59355745	        -14.87996316	          3.82878803	         -0.10786824	          0.00999999	          0.04323052	          0.03360686	          0.11239349	          0.00999999	          0.02839958	          0.28657248	          0.01349447	          0.00999999	          0.00999999	          0.01289365	          0.06561327	          0.15183392	          0.02238641	          0.00999999	          0.20532455	          0.19068296	          0.00999999	          0.04222805	          0.00999999	          0.19846236	          0.00999999	          0.22642983	          0.09227308	          0.01408362	          0.00999999	          0.00999999	          0.41081365	
          1.92860839	          0.20030484	          3.33090420	         -4.24763858	          1.87386556	          0.99048591	          0.02157865	         -0.71041729	         -2.35808820	          3.52899905	         -8.72972952	          7.81530879	         11.65951919	         28.41915267	          0.36794591	         -7.12496699	        -54.52126985	          7.08829871	          0.43116668	        -15.12591854	          4.02792456	          0.11473598	          0.00999999	          0.05171498	          0.04345011	          0.11422885	          0.00999999	          0.02926406	          0.30504949	          0.01245369	          0.00999999	          0.00999999	          0.01035327	          0.06509606	          0.16205477	          0.02297365	          0.00999999	          0.20834435	          0.19285148	          0.00999999	          0.03390803	          0.00999999	          0.15936015	          0.02621538	          0.24870715	          0.09259023	          0.01447947	          0.00999999	          0.00999999	          0.40180153	
          1.94333060	          0.30546134	          3.19023767	         -4.57206695	          1.88594297	          0.98993804	          0.02124951	         -1.57715351	         -2.33489274	          3.61430439	         -8.73718744	          8.16245334	         12.33357085	         28.61082203	          0.32580540	         -6.67578600	        -50.82131316	          6.83535109	          0.31642049	        -15.34404075	          4.25503506	          0.32966731	          0.00999999	          0.07024508	          0.04761935	          0.11556139	          0.00999999	          0.02863527	          0.32141803	          0.01000000	          0.00999999	          0.00999999	          0.00999999	          0.05987526	          0.17323302	          0.02788336	          0.00999999	          0.20712227	          0.19625763	          0.00999999	          0.02722727	          0.00999999	          0.12796209	          0.06206408	          0.27772295	          0.09217511	          0.01386015	          0.00999999	          0.00999999	          0.37891454	
          1.95805280	          0.38505596	          3.01239698	         -4.88743566	          1.89816124	          0.98906579	          0.02087619	         -2.41937648	         -2.27915357	          3.68004626	         -8.77715981	          8.57083330	         12.98705330	         28.62904790	          0.23012304	         -6.12370417	        -46.78208148	          6.31135909	          0.23959999	        -15.53068526	          4.50716044	          0.53478875	          0.00999999	          0.07911526	          0.05794448	          0.11723729	          0.00999999	          0.02758863	          0.33593703	          0.00999999	          0.00999999	          0.00999999	          0.00999999	          0.04807829	          0.18557768	          0.03610802	          0.00999999	          0.20994673	          0.20219505	          0.00999999	          0.02186280	          0.00999999	          0.10275026	          0.10053299	          0.31350541	          0.09298147	          0.01368964	          0.00999999	          0.00999999	          0.35329920	
          1.97277500	          0.43674299	          2.80409604	         -5.19415789	          1.91054140	          0.98782897	          0.02045934	         -3.24483431	         -2.19795131	          3.72337263	         -8.83560734	          9.04750515	         13.61198284	         28.50344511	          0.07644804	         -5.49123835	        -42.49416786	          5.59875336	          0.18395745	        -15.68315560	          4.77700142	          0.72768345	          0.00999999	          0.08463596	          0.06878046	          0.11822970	          0.00999999	          0.02873496	          0.34779045	          0.01136343	          0.00999999	          0.00999999	          0.00999999	          0.03860562	          0.19938272	          0.04830384	          0.00999999	          0.22172994	          0.20926657	          0.00999999	          0.01790124	          0.00999999	          0.08250581	          0.13701609	          0.35370104	          0.09584799	          0.01436678	          0.00999999	          0.00999999	          0.33298162	
          1.98749720	          0.45841513	          2.57528195	         -5.49065650	          1.92308934	          0.98619656	          0.01999692	         -4.05848125	         -2.10147239	          3.74226882	         -8.90049108	          9.59012459	         14.21223737	         28.28113768	         -0.13410851	         -4.80148890	        -38.08514910	          4.83368872	          0.13694629	        -15.80158840	          5.05204897	          0.90713338	          0.00999999	          0.07073248	          0.08125509	          0.11337204	          0.00999999	          0.03256659	          0.35714402	          0.01451698	          0.00999999	          0.00999999	          0.00999999	          0.03099932	          0.21481237	          0.06076118	          0.00999999	          0.23875178	          0.21750335	          0.00999999	          0.03048719	          0.00999999	          0.06625003	          0.16763360	          0.39427733	          0.10164607	          0.01558188	          0.00999999	          0.00999999	          0.31942409	
          2.00221940	          0.44856705	          2.33829630	         -5.77362886	          1.93579568	          0.98416189	          0.01948146	         -4.85879770	         -2.00207169	          3.73856270	         -8.96994090	         10.19389902	         14.79446741	         28.02143587	         -0.39253551	         -4.08096501	        -33.70726141	          4.12537593	          0.09753780	        -15.88898063	          5.31590608	          1.07398710	          0.00999999	          0.05679635	          0.08872671	          0.10448048	          0.00999999	          0.03711613	          0.36490484	          0.01844224	          0.00999999	          0.00999999	          0.00999999	          0.02489165	          0.23185648	          0.07503136	          0.00999999	          0.26131037	          0.22366644	          0.00999999	          0.05081018	          0.00999999	          0.05319707	          0.19464565	          0.43209360	          0.11355043	          0.01759005	          0.00999999	          0.00999999	          0.31151957	
          2.01694160	          0.40655525	          2.10377253	         -6.03877014	          1.94864327	          0.98174902	          0.01890198	         -5.63939318	         -1.91005447	          3.71440959	         -9.05025440	         10.84876550	         15.36620920	         27.78538172	         -0.68711496	         -3.37070946	        -29.51407048	          3.52139465	          0.06972053	        -15.95033140	          5.55363880	          1.23035921	          0.00999999	          0.04560601	          0.09058500	          0.09389207	          0.00999999	          0.04156793	          0.37223519	          0.02272409	          0.00999999	          0.00999999	          0.00999999	          0.01998736	          0.25048175	          0.09086801	          0.00999999	          0.28784845	          0.22706711	          0.00999999	          0.06959626	          0.00999999	          0.04271587	          0.21483955	          0.46321107	          0.13345295	          0.02038884	          0.00999999	          0.00999999	          0.30766606	
          2.03166381	          0.33256815	          1.88021435	         -6.28139213	          1.96161726	          0.97900945	          0.01824681	         -6.39306117	         -1.83320051	          3.66912722	         -9.14892332	         11.53582422	         15.93867428	         27.62771726	         -1.00360718	         -2.72584938	        -25.64429279	          3.02469650	          0.05490028	        -15.99082924	          5.75247453	          1.37881469	          0.00999999	          0.03662045	          0.08698692	          0.08430991	          0.00999999	          0.04537479	          0.38030669	          0.02615513	          0.00999999	          0.00999999	          0.00999999	          0.01604933	          0.27042380	          0.10734115	          0.00999999	          0.31577520	          0.22814042	          0.00999999	          0.07932080	          0.00999999	          0.03429974	          0.22459062	          0.48331316	          0.16256291	          0.02413943	          0.00999999	          0.00999999	          0.30647516	
          2.04638601	          0.22747749	          1.67437637	         -6.49731911	          1.97471344	          0.97601326	          0.01750698	         -7.11475492	         -1.77725032	          3.59971719	         -9.27034508	         12.22929274	         16.52634814	         27.59079091	         -1.32462638	         -2.19996667	        -22.21064167	          2.62143455	          0.05197598	        -16.01424813	          5.90127624	          1.52189355	          0.00999999	          0.02940527	          0.07790524	          0.07584345	          0.00999999	          0.04840959	          0.38990151	          0.02792623	          0.00999999	          0.00999999	          0.00999999	          0.01288720	          0.29119252	          0.12228514	          0.00999999	          0.34410490	          0.22748392	          0.00999999	          0.08070858	          0.00999999	          0.02754181	          0.22064992	          0.48849289	          0.19819258	          0.02934797	          0.00999999	          0.00999999	          0.30704819	
          2.06110821	          0.09277316	          1.49218507	         -6.68384691	          1.98794503	          0.97283991	          0.01668041	         -7.80275964	         -1.74694370	          3.50467736	         -9.41410554	         12.89472907	         17.15264864	         27.69794099	         -1.62987502	         -1.82437610	        -19.28694156	          2.29551574	          0.05812952	        -16.02165493	          5.98911774	          1.66160812	          0.00999999	          0.02361168	          0.06255590	          0.06571563	          0.00999999	          0.05116835	          0.40075130	          0.02768236	          0.00999999	          0.00999999	          0.00999999	          0.01034809	          0.31192563	          0.11175889	          0.00999999	          0.37226588	          0.22379631	          0.00999999	          0.08318792	          0.00999999	          0.02211536	          0.20196888	          0.47569992	          0.23205112	          0.03596043	          0.00999999	          0.00999999	          0.30933468	
          2.07583041	         -0.06954687	          1.33991738	         -6.84045098	          2.00135091	          0.96957408	          0.01577148	         -8.45905395	         -1.74785981	          3.38704289	         -9.57582995	         13.49470364	         17.84629966	         27.94540169	         -1.89659083	         -1.59712472	        -16.88998478	          2.03888567	          0.06929247	        -16.00997958	          6.00436610	          1.79973393	          0.00999999	          0.01895957	          0.05023077	          0.05623211	          0.00999999	          0.05360607	          0.41121192	          0.02335781	          0.00999999	          0.00999999	          0.00999999	          0.00999999	          0.33145046	          0.08973951	          0.00999999	          0.39545631	          0.21733506	          0.00999999	          0.09226509	          0.00999999	          0.01775807	          0.16553638	          0.44990930	          0.24410955	          0.04857596	          0.00999999	          0.00999999	          0.31379699	
          2.09055261	         -0.25786115	          1.22940614	         -6.96922008	          2.01499331	          0.96629101	          0.01478230	         -9.08453527	         -1.79248625	          3.24935740	         -9.75593701	         14.00493104	         18.62802462	         28.30088352	         -2.09625607	         -1.48539145	        -14.96696595	          1.84973190	          0.08212012	        -15.97109057	          5.93110771	          1.93792752	          0.00999999	          0.01522404	          0.04033401	          0.05020374	          0.00999999	          0.05294987	          0.41831784	          0.01875572	          0.02062385	          0.00999999	          0.00999999	          0.02890973	          0.34898098	          0.07205851	          0.00999999	          0.40012799	          0.21054843	          0.00999999	          0.10024908	          0.00999999	          0.01425927	          0.13292145	          0.41377126	          0.24748059	          0.05858817	          0.00999999	          0.00999999	          0.31809484	
          2.10527481	         -0.46967441	          1.16386082	         -7.07508368	          2.02895001	          0.96305607	          0.01371447	         -9.67886416	         -1.88452712	          3.08651287	         -9.96122291	         14.39982254	         19.52444218	         28.71138587	         -2.21447838	         -1.45964112	        -13.42399844	          1.71889015	          0.09528666	        -15.89635165	          5.76609025	          2.07927792	          0.00999999	          0.01222451	          0.03238717	          0.04943614	          0.00999999	          0.05204430	          0.42034640	          0.01925337	          0.07089609	          0.00999999	          0.00999999	          0.07093968	          0.36352369	          0.05786112	          0.00999999	          0.39686798	          0.20125721	          0.00999999	          0.10788951	          0.00999999	          0.01144982	          0.10673249	          0.37375422	          0.19872053	          0.06867124	          0.00999999	          0.00999999	          0.32366939	
          2.11999701	         -0.70131662	          1.14436772	         -7.16359122	          2.04330717	          0.95992314	          0.01256837	        -10.23768780	         -2.02524873	          2.88573375	        -10.21076505	         14.66314219	         20.55809728	         29.11414332	         -2.24367645	         -1.50749544	        -12.15285785	          1.64077127	          0.10721192	        -15.77684434	          5.51054522	          2.22548380	          0.00999999	          0.00999999	          0.02600606	          0.05111256	          0.00999999	          0.05105756	          0.41538906	          0.02217813	          0.12697594	          0.00999999	          0.00999999	          0.10947061	          0.37432219	          0.04646099	          0.00999999	          0.39181926	          0.19207324	          0.00999999	          0.11259978	          0.00999999	          0.00999999	          0.08570344	          0.33228944	          0.15956746	          0.07468558	          0.00999999	          0.00999999	          0.32898827	
          2.13471922	         -0.94773300	          1.16762255	         -7.23879116	          2.05814371	          0.95692524	          0.01134669	        -10.75774490	         -2.21139741	          2.63878798	        -10.52750793	         14.79128436	         21.73523597	         29.45788254	         -2.18436544	         -1.62090375	        -11.08043565	          1.61148623	          0.11940592	        -15.60632617	          5.17044387	          2.37791426	          0.00999999	          0.00999999	          0.02088220	          0.05439925	          0.00999999	          0.04877112	          0.40440826	          0.02267300	          0.15470655	          0.00999999	          0.00999999	          0.13970046	          0.38099086	          0.03730698	          0.00999999	          0.38797810	          0.17873573	          0.00999999	          0.11716886	          0.00999999	          0.00999999	          0.06881765	          0.29320106	          0.12812856	          0.06663686	          0.00999999	          0.00999999	          0.33245363	
          2.14944142	         -1.20246169	          1.22894070	         -7.30250969	          2.07352446	          0.95406753	          0.01005164	        -11.24248976	         -2.43886448	          2.33985355	        -10.92521074	         14.78482586	         23.05396889	         29.72148063	         -2.04076563	         -1.79183226	        -10.21662893	          1.62207053	          0.13389667	        -15.38125615	          4.75279072	          2.53866635	          0.00999999	          0.00999999	          0.01676787	          0.05929240	          0.00999999	          0.04504718	          0.38780604	          0.02458281	          0.16240336	          0.00999999	          0.00999999	          0.16075705	          0.38335049	          0.02995654	          0.00999999	          0.38259190	          0.15678893	          0.00999999	          0.12200360	          0.00999999	          0.00999999	          0.05525880	          0.25465072	          0.10288392	          0.05350768	          0.00999999	          0.00999999	          0.33649536	
          2.16416362	         -1.45780867	          1.32090589	         -7.35467135	          2.08952488	          0.95133373	          0.00868263	        -11.70746640	         -2.70096878	          1.97415373	        -11.40014501	         14.64217002	         24.50831298	         29.89212631	         -1.82066991	         -2.01441327	         -9.59968577	          1.66242016	          0.14944179	        -15.09672275	          4.26858884	          2.71299774	          0.00999999	          0.00999999	          0.01346416	          0.06708744	          0.00999999	          0.03701387	          0.36557538	          0.03232912	          0.17743945	          0.00999999	          0.00999999	          0.17285912	          0.38124772	          0.02405433	          0.01301302	          0.35934731	          0.12589746	          0.00999999	          0.12979253	          0.00999999	          0.00999999	          0.04437139	          0.20447796	          0.08261314	          0.04296528	          0.00999999	          0.00999999	          0.34482613	
          2.17888582	         -1.70531923	          1.43184624	         -7.39391831	          2.10624761	          0.94869808	          0.00723093	        -12.17611886	         -2.98751189	          1.52955465	        -11.93988318	         14.35814468	         26.08750864	         29.94493438	         -1.53551979	         -2.29569839	         -9.25164155	          1.69452396	          0.17369662	        -14.74343294	          3.73698324	          2.90749572	          0.00999999	          0.00999999	          0.01081138	          0.06910564	          0.00999999	          0.02972118	          0.34116554	          0.03515906	          0.17814124	          0.00999999	          0.00999999	          0.17688184	          0.37439807	          0.01931500	          0.01720318	          0.33399065	          0.10109241	          0.00999999	          0.14849782	          0.01429640	          0.09854851	          0.03562908	          0.16419053	          0.06633622	          0.03450001	          0.00999999	          0.00999999	          0.33526464	
          2.19360802	         -1.93720545	          1.54885233	         -7.41584573	          2.12376280	          0.94613232	          0.00568055	        -12.65522950	         -3.28774792	          1.02227048	        -12.56018339	         13.93423341	         27.77649313	         29.87833205	         -1.19815742	         -2.64921701	         -9.27012566	          1.55189426	          0.19953052	        -14.31528135	          3.17932712	          3.12369674	          0.00999999	          0.00999999	          0.00999999	          0.05549004	          0.00999999	          0.02386534	          0.31063183	          0.04418091	          0.20167360	          0.00999999	          0.00999999	          0.17338628	          0.36325659	          0.01550945	          0.03300089	          0.30234914	          0.08117460	          0.00999999	          0.18432352	          0.03174022	          0.09225009	          0.02860923	          0.13184076	          0.05326627	          0.02770262	          0.01245369	          0.00999999	          0.37042256	
          2.20833022	         -2.14680978	          1.66322204	         -7.41830441	          2.14208032	          0.94363668	          0.00404506	        -13.12371004	         -3.59392431	          0.48214930	        -13.31482184	         13.36758858	         29.57240917	         29.71078432	         -0.83759152	         -3.01279499	         -9.86880568	          1.12713529	          0.25000980	        -13.81235552	          2.60788321	          3.35980131	          0.00999999	          0.00999999	          0.00999999	          0.04455707	          0.00999999	          0.01916326	          0.27552733	          0.03547613	          0.17278878	          0.00999999	          0.00999999	          0.16170801	          0.34747336	          0.01245369	          0.02649886	          0.24277856	          0.06518111	          0.00999999	          0.24780877	          0.03143382	          0.07407444	          0.05683824	          0.10586473	          0.04277144	          0.02224449	          0.00999999	          0.00999999	          0.40167689	
          2.22305242	         -2.32966292	          1.80217981	         -7.40446373	          2.16107655	          0.94130481	          0.00237783	        -13.52534562	         -3.93473621	         -0.06236704	        -14.28963115	         12.65008334	         31.47290377	         29.44861113	         -0.48627132	         -3.15814648	        -10.96492284	          0.66428932	          0.20441504	        -13.24572286	          1.99075545	          3.60469562	          0.01000000	          0.00999999	          0.00999999	          0.03577818	          0.02761936	          0.03880177	          0.24318012	          0.02848642	          0.13874493	          0.00999999	          0.00999999	          0.13031082	          0.32634523	          0.00999999	          0.02127790	          0.22899417	          0.05233875	          0.00999999	          0.19898405	          0.04719566	          0.05947987	          0.08056989	          0.08500664	          0.03434436	          0.01786175	          0.01245369	          0.01245369	          0.44135946	
          2.23777463	         -2.48983272	          1.96762848	         -7.35959892	          2.18042000	          0.93932835	          0.00063139	        -13.76493006	         -4.30905899	         -0.62721296	        -15.60092986	         11.74895723	         33.47682691	         29.11838303	         -0.12011235	         -3.33647163	        -12.00611086	          0.01586710	          0.20028300	        -12.65168468	          1.33301790	          3.84318459	          0.01854490	          0.00999999	          0.00999999	          0.02872896	          0.02217764	          0.04770015	          0.19893841	          0.02287386	          0.11140860	          0.00999999	          0.00999999	          0.10463623	          0.29845866	          0.00999999	          0.01708561	          0.18387641	          0.04202667	          0.02859634	          0.18747369	          0.05700406	          0.04776080	          0.10234354	          0.06825814	          0.02757764	          0.02345823	          0.00999999	          0.00999999	          0.50987719	
          2.25249683	         -2.62869754	          2.13754382	         -7.27637921	          2.19977360	          0.93789068	         -0.00120657	        -13.75929129	         -4.69334999	         -1.21552484	        -17.34348301	         10.61059518	         35.58356370	         28.83709627	          0.23548797	         -3.62558384	        -13.12161632	         -0.76939671	          0.16391245	        -12.07195620	          0.66326796	          4.06878878	          0.03580376	          0.00999999	          0.00999999	          0.02306861	          0.05151687	          0.05734528	          0.15974241	          0.01836712	          0.08945823	          0.00999999	          0.00999999	          0.08402019	          0.26644283	          0.00999999	          0.01915152	          0.14764801	          0.03374633	          0.05754192	          0.21813805	          0.06630496	          0.03835069	          0.08217923	          0.05480953	          0.02214413	          0.11982863	          0.00999999	          0.00999999	          0.57280615	
          2.26721903	         -2.74759422	          2.30181371	         -7.15634325	          2.21893630	          0.93717121	         -0.00311517	        -13.44528804	         -5.07996694	         -1.82322108	        -19.58614781	          9.18728345	         37.72944618	         28.58215984	          0.57548790	         -3.98440477	        -14.33410558	         -1.28407010	          0.10610009	        -11.52685931	         -0.00448581	          4.27714798	          0.05969262	          0.00999999	          0.00999999	          0.01852350	          0.11570213	          0.07045609	          0.12826904	          0.01474832	          0.07183265	          0.00999999	          0.00999999	          0.06746604	          0.21394672	          0.00999999	          0.02203882	          0.11855755	          0.02709743	          0.07952737	          0.23341741	          0.07054921	          0.03079461	          0.10997535	          0.04401064	          0.01778117	          0.19131434	          0.00999999	          0.00999999	          0.59185988	
          2.28194123	         -2.84927831	          2.45247144	         -6.99820780	          2.23764571	          0.93736796	         -0.00505535	        -12.75011040	         -5.46277815	         -2.44465222	        -22.40943116	          7.48582318	         39.68083477	         28.31423568	          0.90331928	         -4.34695329	        -15.60713402	         -1.24701562	          0.05686240	        -11.04217886	         -0.66267049	          4.46095959	          0.07089718	          0.00999999	          0.00999999	          0.01487389	          0.17927984	          0.08612152	          0.11269397	          0.01184252	          0.05767977	          0.00999999	          0.00999999	          0.05417349	          0.17179370	          0.00999999	          0.01840319	          0.09519865	          0.02175854	          0.09041939	          0.24677314	          0.07578037	          0.02472728	          0.12141211	          0.03533940	          0.01427782	          0.24416331	          0.00999999	          0.00999999	          0.54556896	
          2.29666343	         -2.93601705	          2.57661332	         -6.80307259	          2.25570659	          0.93854277	         -0.00698216	        -11.63560719	         -5.83384198	         -3.08148047	        -25.84220566	          5.58837201	         41.02533886	         27.96379533	          1.22472145	         -4.62235502	        -16.79336796	         -0.68002394	          0.08250240	        -10.63660097	         -1.29986708	          4.61629983	          0.07714509	          0.00999999	          0.00999999	          0.01194335	          0.24565230	          0.09424242	          0.09255335	          0.00999999	          0.04631537	          0.00999999	          0.00999999	          0.04349992	          0.13794591	          0.00999999	          0.01477728	          0.07644206	          0.01747154	          0.09269357	          0.24968212	          0.07684148	          0.01985537	          0.13497232	          0.02837663	          0.01146472	          0.29391363	          0.00999999	          0.00999999	          0.45054627	
          2.31138563	         -3.00878852	          2.65020089	         -6.56964566	          2.27303437	          0.94068492	         -0.00884758	        -10.10337272	         -6.18270514	         -3.74916390	        -29.88884137	          3.73178400	         41.07068329	         27.42587902	          1.53284859	         -4.74651326	        -17.66727538	          0.19260885	          0.26529185	        -10.31891029	         -1.89268248	          4.73922011	          0.06384451	          0.00999999	          0.00999999	          0.00999999	          0.26676561	          0.09328142	          0.07431795	          0.00999999	          0.03719004	          0.00999999	          0.00999999	          0.03492931	          0.11076700	          0.00999999	          0.01186578	          0.06138100	          0.01402920	          0.09371605	          0.23281656	          0.07929860	          0.01931500	          0.11837182	          0.02278570	          0.00999999	          0.30687338	          0.00999999	          0.00999999	          0.36392069	
          2.32610783	         -3.06700762	          2.64333579	         -6.29100544	          2.28965633	          0.94366216	         -0.01061252	         -8.21758310	         -6.48969105	         -4.42241837	        -34.38415248	          1.75118639	         39.96490672	         26.63556988	          1.79809381	         -4.72226656	        -18.06352253	          1.00437440	          0.55010850	        -10.08796950	         -2.41128012	          4.82228270	          0.05126549	          0.00999999	          0.02179814	          0.00999999	          0.27709099	          0.07842588	          0.07166191	          0.00999999	          0.02986265	          0.00999999	          0.00999999	          0.02804734	          0.08894305	          0.00999999	          0.00999999	          0.04928736	          0.01126508	          0.08955941	          0.22783388	          0.08102960	          0.01550945	          0.09899935	          0.01829633	          0.00999999	          0.29484388	          0.00999999	          0.00999999	          0.30263093	
          2.34083004	         -3.10821623	          2.53577482	         -5.96151953	          2.30563215	          0.94724743	         -0.01226113	         -6.07436394	         -6.73424656	         -5.05844031	        -39.08836276	         -0.50096883	         37.94882536	         25.61677171	          1.99056416	         -4.56370125	        -18.02765414	          1.68778846	          0.88631955	         -9.94066089	         -2.83386391	          4.86304891	          0.04285893	          0.00999999	          0.04024245	          0.00999999	          0.27288960	          0.06297396	          0.07957611	          0.00999999	          0.02397893	          0.00999999	          0.00999999	          0.02252129	          0.07141897	          0.00999999	          0.00999999	          0.03957648	          0.00999999	          0.08146979	          0.22518930	          0.08012113	          0.01245369	          0.08264179	          0.01469148	          0.00999999	          0.26258077	          0.00999999	          0.00999999	          0.26049995	
          2.35555224	         -3.12871719	          2.32301189	         -5.57873502	          2.32102829	          0.95118414	         -0.01379668	         -3.77102752	         -6.89843199	         -5.59097915	        -43.79111453	         -2.98392097	         35.07641866	         24.44338840	          2.09237626	         -4.28228322	        -17.70355764	          2.25852807	          1.22114346	         -9.87256176	         -3.15249293	          4.86270429	          0.05920200	          0.02759554	          0.06161768	          0.00999999	          0.22419954	          0.05056646	          0.07307286	          0.00999999	          0.01925447	          0.00999999	          0.00999999	          0.01808401	          0.05734759	          0.03448199	          0.00999999	          0.03177889	          0.00999999	          0.07858156	          0.19523589	          0.07695371	          0.00999999	          0.06635923	          0.01179688	          0.00999999	          0.22426752	          0.00999999	          0.00999999	          0.22985121	
          2.37027444	         -3.12415647	          2.01953352	         -5.14768872	          2.33591857	          0.95519713	         -0.01523013	         -1.40151617	         -6.96864765	         -5.96772939	        -48.37224751	         -5.21306480	         30.92727070	         23.19580051	          2.10305779	         -3.90081515	        -17.24328744	          2.74239587	          1.53571225	         -9.87551888	         -3.37377390	          4.82422583	          0.09445941	          0.05929820	          0.09454318	          0.00999999	          0.18002644	          0.04060356	          0.05906369	          0.00999999	          0.02060125	          0.00999999	          0.00999999	          0.01452099	          0.04604864	          0.16789403	          0.00999999	          0.02551763	          0.00999999	          0.07039432	          0.15676938	          0.07001468	          0.00999999	          0.06550724	          0.00999999	          0.00999999	          0.19900657	          0.00999999	          0.00999999	          0.20577908	
          2.38499664	         -3.09147011	          1.64979057	         -4.67100679	          2.35036189	          0.95903265	         -0.01653626	          0.92814143	         -6.90320684	         -6.20419085	        -52.72629728	         -6.21446905	         25.74568798	         21.93456367	          2.03300328	         -3.44982512	        -16.75826494	          3.16939782	          1.84245624	         -9.94127052	         -3.51613498	          4.74477570	          0.10328864	          0.08542949	          0.10885914	          0.00999999	          0.14455659	          0.03260361	          0.08070615	          0.00999999	          0.06503456	          0.00999999	          0.00999999	          0.02754192	          0.03697587	          0.21805850	          0.00999999	          0.02049000	          0.00999999	          0.06471816	          0.12588177	          0.06495462	          0.00999999	          0.06406695	          0.00999999	          0.00999999	          0.18456605	          0.00999999	          0.00999999	          0.18467862	
          2.39971884	         -3.03091706	          1.23735477	         -4.15832271	          2.36441812	          0.96261485	         -0.01768901	          3.14859221	         -6.68455885	         -6.38981672	        -56.60988781	         -5.78891640	         21.32008262	         20.68424993	          1.89656600	         -2.94998560	        -16.29272786	          3.56198595	          2.15311532	        -10.06015302	         -3.60052170	          4.62607627	          0.10239403	          0.09335714	          0.10693140	          0.00999999	          0.13275907	          0.02617986	          0.10469156	          0.00999999	          0.08164068	          0.00999999	          0.00999999	          0.02211545	          0.02969067	          0.21658133	          0.00999999	          0.01645294	          0.00999999	          0.06533525	          0.10107981	          0.06211249	          0.00999999	          0.05814117	          0.00999999	          0.00999999	          0.17872202	          0.00999999	          0.00999999	          0.16657094	
          2.41444104	         -2.94330142	          0.79613979	         -3.62134176	          2.37818328	          0.96596907	         -0.01870771	          5.25045237	         -6.34602807	         -6.56432217	        -59.92528606	         -4.95366794	         17.68259409	         19.43398777	          1.70415483	         -2.41827051	        -15.83391016	          3.93222539	          2.47241831	        -10.21761755	         -3.63679829	          4.47501643	          0.09593608	          0.10093880	          0.10716355	          0.00999999	          0.14007785	          0.02102175	          0.14473969	          0.00999999	          0.09628355	          0.00999999	          0.00999999	          0.01775814	          0.02384084	          0.20169621	          0.00999999	          0.01321129	          0.00999999	          0.06279385	          0.08116448	          0.05887741	          0.00999999	          0.05574308	          0.00999999	          0.00999999	          0.17581374	          0.00999999	          0.00999999	          0.14818945	
          2.42916325	         -2.82982986	          0.33711199	         -3.06644260	          2.39174173	          0.96911084	         -0.01959226	          7.22278976	         -5.90822186	         -6.74299163	        -62.62896500	         -4.02704341	         14.66583605	         18.16882570	          1.46371065	         -1.86952487	        -15.36015637	          4.28446400	          2.80392935	        -10.40074265	         -3.63651949	          4.29382263	          0.08786046	          0.11592446	          0.10926277	          0.00999999	          0.14792753	          0.01687992	          0.20388243	          0.00999999	          0.10863975	          0.02160572	          0.00999999	          0.01425932	          0.01914358	          0.19070968	          0.00999999	          0.01060832	          0.00999999	          0.06253808	          0.06517298	          0.05616795	          0.00999999	          0.05460215	          0.00999999	          0.00999999	          0.17321726	          0.00999999	          0.00999999	          0.12727680	
          2.44388545	         -2.69233652	         -0.12919750	         -2.50094858	          2.40514436	          0.97205076	         -0.02034520	          9.06324252	         -5.39145930	         -6.93071549	        -64.71297161	         -3.05903614	         12.15927481	         16.87883826	          1.18314292	         -1.31627595	        -14.85315797	          4.61391932	          3.15131635	        -10.60185091	         -3.60998443	          4.08438613	          0.08097422	          0.13590624	          0.11335882	          0.00999999	          0.15587967	          0.01355414	          0.29195737	          0.00999999	          0.11962042	          0.03746487	          0.00999999	          0.01144987	          0.01537180	          0.18382595	          0.00999999	          0.00999999	          0.00999999	          0.06372796	          0.05233223	          0.05423447	          0.00999999	          0.05350040	          0.00999999	          0.00999999	          0.16929582	          0.00999999	          0.00999999	          0.10220000	
          2.45860765	         -2.53309245	         -0.59250807	         -1.93324930	          2.41840868	          0.97479518	         -0.02097515	         10.78180765	         -4.81802963	         -7.12531178	        -66.20311874	         -2.06623994	         10.07547933	         15.56002490	          0.87092418	         -0.77026941	        -14.29677453	          4.88989837	          3.53274944	        -10.81817995	         -3.56571757	          3.84898977	          0.07691507	          0.15486490	          0.11905418	          0.00999999	          0.16685441	          0.01088363	          0.41082492	          0.00999999	          0.13354841	          0.03960537	          0.00999999	          0.00999999	          0.01234316	          0.18042522	          0.00999999	          0.00999999	          0.00999999	          0.06650818	          0.04202143	          0.05190325	          0.00999999	          0.05137413	          0.00999999	          0.00999999	          0.16079621	          0.00999999	          0.02123140	          0.08715195	
          2.47332985	         -2.35472243	         -1.04256350	         -1.37078740	          2.43151989	          0.97734879	         -0.02149065	         12.40217814	         -4.20955064	         -7.31710926	        -67.16854818	         -1.08194839	          8.34236800	         14.21621083	          0.53658969	         -0.24129700	        -13.68456593	          5.08225559	          3.97419686	        -11.05098532	         -3.51206035	          3.58973265	          0.07623420	          0.17352050	          0.12522813	          0.00999999	          0.17678614	          0.00999999	          0.55747274	          0.00999999	          0.14960939	          0.03180210	          0.00999999	          0.00999999	          0.00999999	          0.18186991	          0.00999999	          0.00999999	          0.00999999	          0.07019412	          0.03374212	          0.04862203	          0.00999999	          0.04892813	          0.00999999	          0.00999999	          0.14913952	          0.00999999	          0.03404948	          0.07310940	
          2.48805205	         -2.16005932	         -1.46982295	         -0.82015296	          2.44444698	          0.97970461	         -0.02190037	         13.95811100	         -3.58726213	         -7.49346720	        -67.71970639	         -0.13712610	          6.90066923	         12.85923472	          0.18997539	          0.26137161	        -13.03587459	          5.22460506	          4.47360096	        -11.30322789	         -3.45626603	          3.30899225	          0.07399668	          0.19171621	          0.13397119	          0.00999999	          0.18596422	          0.00999999	          0.72354908	          0.00999999	          0.16468240	          0.02553626	          0.00999999	          0.00999999	          0.00999999	          0.19158610	          0.00999999	          0.00999999	          0.00999999	          0.07455034	          0.02709405	          0.04496562	          0.00999999	          0.04463992	          0.00999999	          0.00999999	          0.13532734	          0.00999999	          0.04521580	          0.05870497	
          2.50277425	         -1.95235534	         -1.86587435	         -0.28736438	          2.45715309	          0.98184301	         -0.02221432	         15.48796862	         -2.97216523	         -7.64297806	        -67.98712846	          0.74613446	          5.69822742	         11.50464271	         -0.15884502	          0.73022164	        -12.37653855	          5.35031934	          5.01519520	        -11.57859778	         -3.40407573	          3.01016334	          0.07054684	          0.20442850	          0.14434080	          0.00999999	          0.19276979	          0.00999999	          0.86048262	          0.00999999	          0.17719925	          0.02050496	          0.00999999	          0.00999999	          0.00999999	          0.20313328	          0.00999999	          0.00999999	          0.00999999	          0.07936939	          0.02175583	          0.04066988	          0.00999999	          0.04030769	          0.00999999	          0.00999999	          0.11570707	          0.00999999	          0.05549271	          0.04713858	
          2.51749645	         -1.73509305	         -2.22456089	          0.22336266	          2.46961097	          0.98373929	         -0.02244318	         17.02181469	         -2.38271856	         -7.75941938	        -68.08560906	          1.59934106	          4.69466129	         10.17252149	         -0.50072898	          1.16012753	        -11.74089669	          5.48740076	          5.57973892	        -11.87957207	         -3.35928827	          2.69785913	          0.06571720	          0.20993634	          0.15537086	          0.00999999	          0.19425591	          0.00999999	          0.92958932	          0.00999999	          0.18602897	          0.02086113	          0.00999999	          0.00999999	          0.00999999	          0.21701547	          0.00999999	          0.00999999	          0.00999999	          0.08421565	          0.01746937	          0.03582029	          0.00999999	          0.03633851	          0.00999999	          0.00999999	          0.09290979	          0.00999999	          0.06514595	          0.03785106	
          2.53221866	         -1.51184675	         -2.54195212	          0.71020745	          2.48181638	          0.98537866	         -0.02259672	         18.57171623	         -1.83373290	         -7.84280241	        -68.07734683	          2.42639983	          3.85821762	          8.88148631	         -0.82777764	          1.54954681	        -11.15985521	          5.64932027	          6.15379777	        -12.20572271	         -3.32475300	          2.37760873	          0.05589464	          0.21208163	          0.16644287	          0.00999999	          0.19347492	          0.00999999	          0.96446562	          0.00999999	          0.19137091	          0.03326734	          0.00999999	          0.00999999	          0.00999999	          0.23325253	          0.00999999	          0.00999999	          0.00999999	          0.08935995	          0.01402745	          0.03086952	          0.00999999	          0.03073238	          0.00999999	          0.00999999	          0.07460416	          0.00999999	          0.07460219	          0.03154883	
          2.54694086	         -1.28633131	         -2.81562059	          1.17321706	          2.49378879	          0.98675986	         -0.02268107	         20.13272584	         -1.33597520	         -7.89629902	        -67.97452989	          3.22068341	          3.16076409	          7.64060255	         -1.13354940	          1.89991727	        -10.64808690	          5.84321750	          6.72671269	        -12.55390755	         -3.30361470	          2.05491799	          0.04488196	          0.20795003	          0.17635549	          0.00999999	          0.18579499	          0.00999999	          0.92207662	          0.00999999	          0.19414989	          0.05062522	          0.00999999	          0.00999999	          0.00999999	          0.25228157	          0.00999999	          0.00999999	          0.00999999	          0.09397554	          0.01126368	          0.02614990	          0.00999999	          0.02495767	          0.00999999	          0.00999999	          0.05990522	          0.00999999	          0.08431478	          0.03115782	
          2.56166306	         -1.06216148	         -3.04442392	          1.61430438	          2.50557912	          0.98789808	         -0.02270150	         21.67672173	         -0.89662446	         -7.92551310	        -67.72614266	          3.97671725	          2.57996069	          6.44769446	         -1.41338208	          2.21393496	        -10.20301143	          6.07079718	          7.28928575	        -12.91695609	         -3.29924070	          1.73526059	          0.03603905	          0.19637858	          0.18389754	          0.00999999	          0.15754022	          0.00999999	          0.74040374	          0.00999999	          0.19605676	          0.06665859	          0.00999999	          0.00999999	          0.00999999	          0.27462141	          0.00999999	          0.00999999	          0.00999999	          0.09856799	          0.00999999	          0.02220153	          0.00999999	          0.02053084	          0.00999999	          0.00999999	          0.04810234	          0.00999999	          0.09435037	          0.03453817	
          2.57638526	         -0.84282444	         -3.22715716	          2.03647209	          2.51726803	          0.98882748	         -0.02266594	         23.14756484	         -0.52148475	         -7.93666909	        -67.20379901	          4.68580400	          2.09598711	          5.29324069	         -1.66311904	          2.49301805	         -9.80912900	          6.31318328	          7.84732362	        -13.28329277	         -3.31625312	          1.42439724	          0.02893843	          0.18859566	          0.18779044	          0.00999999	          0.12650073	          0.00999999	          0.59452510	          0.00999999	          0.19799569	          0.07835367	          0.00999999	          0.00999999	          0.00999999	          0.29929578	          0.00999999	          0.00999999	          0.00999999	          0.10293620	          0.00999999	          0.02059182	          0.08965210	          0.02129166	          0.00999999	          0.00999999	          0.03862494	          0.02101308	          0.10441667	          0.03653956	
          2.59110746	         -0.63172174	         -3.36316625	          2.44178143	          2.52891758	          0.98957403	         -0.02258281	         24.49330029	         -0.21400356	         -7.92908236	        -66.29152283	          5.34412098	          1.69036112	          4.18183068	         -1.87892147	          2.73747376	         -9.47377153	          6.55248265	          8.41981275	        -13.64294273	         -3.35832183	          1.12731907	          0.02323681	          0.18503798	          0.18882768	          0.00999999	          0.10157682	          0.00999999	          0.47738832	          0.00999999	          0.19989880	          0.08558674	          0.00999999	          0.00999999	          0.00999999	          0.32619914	          0.00999999	          0.00999999	          0.00999999	          0.10573031	          0.00999999	          0.02148839	          0.15321789	          0.02131236	          0.00999999	          0.00999999	          0.03101483	          0.03512135	          0.11420425	          0.03521059	
          2.60582966	         -0.43199985	         -3.45220762	          2.83114104	          2.54057656	          0.99014905	         -0.02245885	         25.67532619	          0.02559531	         -7.89402758	        -64.91644827	          5.94003861	          1.34737164	          3.11686010	         -2.05762297	          2.94925058	         -9.20233646	          6.78273615	          9.02062740	        -13.98743952	         -3.42790698	          0.84719595	          0.01865856	          0.18624907	          0.18832592	          0.00999999	          0.08156357	          0.00999999	          0.38333050	          0.00999999	          0.20246544	          0.08984162	          0.00999999	          0.00999999	          0.00999999	          0.35454759	          0.00999999	          0.01260859	          0.01033542	          0.10755546	          0.00999999	          0.02375116	          0.20179723	          0.02046892	          0.00999999	          0.00999999	          0.02490411	          0.04757040	          0.12362069	          0.03100744	
          2.62055186	         -0.24652021	         -3.49366470	          3.20508210	          2.55228409	          0.99054967	         -0.02229804	         26.66720206	          0.19922976	         -7.81680809	        -63.04322803	          6.45156566	          1.05401326	          2.09738595	         -2.19633408	          3.13133886	         -8.99499560	          7.01211466	          9.65149751	        -14.31013731	         -3.52756276	          0.58513996	          0.01498234	          0.19036714	          0.18807464	          0.00999999	          0.06549344	          0.00999999	          0.30780450	          0.00999999	          0.20627156	          0.09199088	          0.00999999	          0.00999999	          0.00999999	          0.38139202	          0.00999999	          0.02637813	          0.01478926	          0.10996265	          0.00999999	          0.02479272	          0.23781907	          0.01694058	          0.00999999	          0.00999999	          0.01999736	          0.05672455	          0.13285220	          0.02771000	
          2.63527407	         -0.07783640	         -3.48626420	          3.56499334	          2.56406362	          0.99075825	         -0.02209945	         27.45549205	          0.30979683	         -7.67847679	        -60.67031265	          6.84455551	          0.80268101	          1.12194346	         -2.29223008	          3.28827918	         -8.85076475	          7.25312540	         10.30662608	        -14.60796186	         -3.66104759	          0.33973513	          0.01203044	          0.19783339	          0.18881404	          0.00999999	          0.05258954	          0.00999999	          0.24715907	          0.00999999	          0.21293715	          0.09215505	          0.00999999	          0.00999999	          0.00999999	          0.40215357	          0.00999999	          0.03881612	          0.02103380	          0.11127606	          0.00999999	          0.02656558	          0.26484052	          0.01404188	          0.00999999	          0.00999999	          0.01605736	          0.06273701	          0.14221866	          0.02421752	
          2.64999627	          0.07182340	         -3.43087929	          3.91228990	          2.57592940	          0.99074737	         -0.02186121	         28.03789209	          0.36320814	         -7.45623410	        -57.81993735	          7.07486237	          0.59355745	          0.18752009	         -2.34514104	          3.42114257	         -8.76488478	          7.51671917	         10.97941610	        -14.87996316	         -3.82878803	          0.10786824	          0.00999999	          0.20532455	          0.19068296	          0.00999999	          0.04222805	          0.00999999	          0.19846236	          0.00999999	          0.22642983	          0.09227308	          0.01408362	          0.00999999	          0.00999999	          0.41081365	          0.00999999	          0.04323052	          0.03360686	          0.11239349	          0.00999999	          0.02839958	          0.28657248	          0.01349447	          0.00999999	          0.00999999	          0.01289365	          0.06561327	          0.15183392	          0.02238641	
          2.66471847	          0.20030484	         -3.33090420	          4.24763858	          2.58789234	          0.99048591	         -0.02157865	         28.41915267	          0.36794591	         -7.12496699	        -54.52126985	          7.08829871	          0.43116668	         -0.71041729	         -2.35808820	          3.52899905	         -8.72972952	          7.81530879	         11.65951919	        -15.12591854	         -4.02792456	         -0.11473598	          0.00999999	          0.20834435	          0.19285148	          0.00999999	          0.03390803	          0.00999999	          0.15936015	          0.02621538	          0.24870715	          0.09259023	          0.01447947	          0.00999999	          0.00999999	          0.40180153	          0.00999999	          0.05171498	          0.04345011	          0.11422885	          0.00999999	          0.02926406	          0.30504949	          0.01245369	          0.00999999	          0.00999999	          0.01035327	          0.06509606	          0.16205477	          0.02297365	
          2.67944067	          0.30546134	         -3.19023767	          4.57206695	          2.59996974	          0.98993804	         -0.02124951	         28.61082203	          0.32580540	         -6.67578600	        -50.82131316	          6.83535109	          0.31642049	         -1.57715351	         -2.33489274	          3.61430439	         -8.73718744	          8.16245334	         12.33357085	        -15.34404075	         -4.25503506	         -0.32966731	          0.00999999	          0.20712227	          0.19625763	          0.00999999	          0.02722727	          0.00999999	          0.12796209	          0.06206408	          0.27772295	          0.09217511	          0.01386015	          0.00999999	          0.00999999	          0.37891454	          0.00999999	          0.07024508	          0.04761935	          0.11556139	          0.00999999	          0.02863527	          0.32141803	          0.01000000	          0.00999999	          0.00999999	          0.00999999	          0.05987526	          0.17323302	          0.02788336	
          2.69416287	          0.38505596	         -3.01239698	          4.88743566	          2.61218802	          0.98906579	         -0.02087619	         28.62904790	          0.23012304	         -6.12370417	        -46.78208148	          6.31135909	          0.23959999	         -2.41937648	         -2.27915357	          3.68004626	         -8.77715981	          8.57083330	         12.98705330	        -15.53068526	         -4.50716044	         -0.53478875	          0.00999999	          0.20994673	          0.20219505	          0.00999999	          0.02186280	          0.00999999	          0.10275026	          0.10053299	          0.31350541	          0.09298147	          0.01368964	          0.00999999	          0.00999999	          0.35329920	          0.00999999	          0.07911526	          0.05794448	          0.11723729	          0.00999999	          0.02758863	          0.33593703	          0.00999999	          0.00999999	          0.00999999	          0.00999999	          0.04807829	          0.18557768	          0.03610802	
          2.70888507	          0.43674299	         -2.80409604	          5.19415789	          2.62456817	          0.98782897	         -0.02045934	         28.50344511	          0.07644804	         -5.49123835	        -42.49416786	          5.59875336	          0.18395745	         -3.24483431	         -2.19795131	          3.72337263	         -8.83560734	          9.04750515	         13.61198284	        -15.68315560	         -4.77700142	         -0.72768345	          0.00999999	          0.22172994	          0.20926657	          0.00999999	          0.01790124	          0.00999999	          0.08250581	          0.13701609	          0.35370104	          0.09584799	          0.01436678	          0.00999999	          0.00999999	          0.33298162	          0.00999999	          0.08463596	          0.06878046	          0.11822970	          0.00999999	          0.02873496	          0.34779045	          0.01136343	          0.00999999	          0.00999999	          0.00999999	          0.03860562	          0.19938272	          0.04830384	
          2.72360728	          0.45841513	         -2.57528195	          5.49065650	          2.63711611	          0.98619656	         -0.01999692	         28.28113768	         -0.13410851	         -4.80148890	        -38.08514910	          4.83368872	          0.13694629	         -4.05848125	         -2.10147239	          3.74226882	         -8.90049108	          9.59012459	         14.21223737	        -15.80158840	         -5.05204897	         -0.90713338	          0.00999999	          0.23875178	          0.21750335	          0.00999999	          0.03048719	          0.00999999	          0.06625003	          0.16763360	          0.39427733	          0.10164607	          0.01558188	          0.00999999	          0.00999999	          0.31942409	          0.00999999	          0.07073248	          0.08125509	          0.11337204	          0.00999999	          0.03256659	          0.35714402	          0.01451698	          0.00999999	          0.00999999	          0.00999999	          0.03099932	          0.21481237	          0.06076118	
          2.73832948	          0.44856705	         -2.33829630	          5.77362886	          2.64982245	          0.98416189	         -0.01948146	         28.02143587	         -0.39253551	         -4.08096501	        -33.70726141	          4.12537593	          0.09753780	         -4.85879770	         -2.00207169	          3.73856270	         -8.96994090	         10.19389902	         14.79446741	        -15.88898063	         -5.31590608	         -1.07398710	          0.00999999	          0.26131037	          0.22366644	          0.00999999	          0.05081018	          0.00999999	          0.05319707	          0.19464565	          0.43209360	          0.11355043	          0.01759005	          0.00999999	          0.00999999	          0.31151957	          0.00999999	          0.05679635	          0.08872671	          0.10448048	          0.00999999	          0.03711613	          0.36490484	          0.01844224	          0.00999999	          0.00999999	          0.00999999	          0.02489165	          0.23185648	          0.07503136	
          2.75305168	          0.40655525	         -2.10377253	          6.03877014	          2.66267005	          0.98174902	         -0.01890198	         27.78538172	         -0.68711496	         -3.37070946	        -29.51407048	          3.52139465	          0.06972053	         -5.63939318	         -1.91005447	          3.71440959	         -9.05025440	         10.84876550	         15.36620920	        -15.95033140	         -5.55363880	         -1.23035921	          0.00999999	          0.28784845	          0.22706711	          0.00999999	          0.06959626	          0.00999999	          0.04271587	          0.21483955	          0.46321107	          0.13345295	          0.02038884	          0.00999999	          0.00999999	          0.30766606	          0.00999999	          0.04560601	          0.09058500	          0.09389207	          0.00999999	          0.04156793	          0.37223519	          0.02272409	          0.00999999	          0.00999999	          0.00999999	          0.01998736	          0.25048175	          0.09086801	
          2.76777388	          0.33256815	         -1.88021435	          6.28139213	          2.67564403	          0.97900945	         -0.01824681	         27.62771726	         -1.00360718	         -2.72584938	        -25.64429279	          3.02469650	          0.05490028	         -6.39306117	         -1.83320051	          3.66912722	         -9.14892332	         11.53582422	         15.93867428	        -15.99082924	         -5.75247453	         -1.37881469	          0.00999999	          0.31577520	          0.22814042	          0.00999999	          0.07932080	          0.00999999	          0.03429974	          0.22459062	          0.48331316	          0.16256291	          0.02413943	          0.00999999	          0.00999999	          0.30647516	          0.00999999	          0.03662045	          0.08698692	          0.08430991	          0.00999999	          0.04537479	          0.38030669	          0.02615513	          0.00999999	          0.00999999	          0.00999999	          0.01604933	          0.27042380	          0.10734115	
          2.78249608	          0.22747749	         -1.67437637	          6.49731911	          2.68874021	          0.97601326	         -0.01750698	         27.59079091	         -1.32462638	         -2.19996667	        -22.21064167	          2.62143455	          0.05197598	         -7.11475492	         -1.77725032	          3.59971719	         -9.27034508	         12.22929274	         16.52634814	        -16.01424813	         -5.90127624	         -1.52189355	          0.00999999	          0.34410490	          0.22748392	          0.00999999	          0.08070858	          0.00999999	          0.02754181	          0.22064992	          0.48849289	          0.19819258	          0.02934797	          0.00999999	          0.00999999	          0.30704819	          0.00999999	          0.02940527	          0.07790524	          0.07584345	          0.00999999	          0.04840959	          0.38990151	          0.02792623	          0.00999999	          0.00999999	          0.00999999	          0.01288720	          0.29119252	          0.12228514	
          2.79721828	          0.09277316	         -1.49218507	          6.68384691	          2.70197180	          0.97283991	         -0.01668041	         27.69794099	         -1.62987502	         -1.82437610	        -19.28694156	          2.29551574	          0.05812952	         -7.80275964	         -1.74694370	          3.50467736	         -9.41410554	         12.89472907	         17.15264864	        -16.02165493	         -5.98911774	         -1.66160812	          0.00999999	          0.37226588	          0.22379631	          0.00999999	          0.08318792	          0.00999999	          0.02211536	          0.20196888	          0.47569992	          0.23205112	          0.03596043	          0.00999999	          0.00999999	          0.30933468	          0.00999999	          0.02361168	          0.06255590	          0.06571563	          0.00999999	          0.05116835	          0.40075130	          0.02768236	          0.00999999	          0.00999999	          0.00999999	          0.01034809	          0.31192563	          0.11175889	
          2.81194048	         -0.06954687	         -1.33991738	          6.84045098	          2.71537768	          0.96957408	         -0.01577148	         27.94540169	         -1.89659083	         -1.59712472	        -16.88998478	          2.03888567	          0.06929247	         -8.45905395	         -1.74785981	          3.38704289	         -9.57582995	         13.49470364	         17.84629966	        -16.00997958	         -6.00436610	         -1.79973393	          0.00999999	          0.39545631	          0.21733506	          0.00999999	          0.09226509	          0.00999999	          0.01775807	          0.16553638	          0.44990930	          0.24410955	          0.04857596	          0.00999999	          0.00999999	          0.31379699	          0.00999999	          0.01895957	          0.05023077	          0.05623211	          0.00999999	          0.05360607	          0.41121192	          0.02335781	          0.00999999	          0.00999999	          0.00999999	          0.00999999	          0.33145046	          0.08973951	
          2.82666269	         -0.25786115	         -1.22940614	          6.96922008	          2.72902008	          0.96629101	         -0.01478230	         28.30088352	         -2.09625607	         -1.48539145	        -14.96696595	          1.84973190	          0.08212012	         -9.08453527	         -1.79248625	          3.24935740	         -9.75593701	         14.00493104	         18.62802462	        -15.97109057	         -5.93110771	         -1.93792752	          0.00999999	          0.40012799	          0.21054843	          0.00999999	          0.10024908	          0.00999999	          0.01425927	          0.13292145	          0.41377126	          0.24748059	          0.05858817	          0.00999999	          0.00999999	          0.31809484	          0.00999999	          0.01522404	          0.04033401	          0.05020374	          0.00999999	          0.05294987	          0.41831784	          0.01875572	          0.02062385	          0.00999999	          0.00999999	          0.02890973	          0.34898098	          0.07205851	
          2.84138489	         -0.46967441	         -1.16386082	          7.07508368	          2.74297679	          0.96305607	         -0.01371447	         28.71138587	         -2.21447838	         -1.45964112	        -13.42399844	          1.71889015	          0.09528666	         -9.67886416	         -1.88452712	          3.08651287	         -9.96122291	         14.39982254	         19.52444218	        -15.89635165	         -5.76609025	         -2.07927792	          0.00999999	          0.39686798	          0.20125721	          0.00999999	          0.10788951	          0.00999999	          0.01144982	          0.10673249	          0.37375422	          0.19872053	          0.06867124	          0.00999999	          0.00999999	          0.32366939	          0.00999999	          0.01222451	          0.03238717	          0.04943614	          0.00999999	          0.05204430	          0.42034640	          0.01925337	          0.07089609	          0.00999999	          0.00999999	          0.07093968	          0.36352369	          0.05786112	
          2.85610709	         -0.70131662	         -1.14436772	          7.16359122	          2.75733394	          0.95992314	         -0.01256837	         29.11414332	         -2.24367645	         -1.50749544	        -12.15285785	          1.64077127	          0.10721192	        -10.23768780	         -2.02524873	          2.88573375	        -10.21076505	         14.66314219	         20.55809728	        -15.77684434	         -5.51054522	         -2.22548380	          0.00999999	          0.39181926	          0.19207324	          0.00999999	          0.11259978	          0.00999999	          0.00999999	          0.08570344	          0.33228944	          0.15956746	          0.07468558	          0.00999999	          0.00999999	          0.32898827	          0.00999999	          0.00999999	          0.02600606	          0.05111256	          0.00999999	          0.05105756	          0.41538906	          0.02217813	          0.12697594	          0.00999999	          0.00999999	          0.10947061	          0.37432219	          0.04646099	
          2.87082929	         -0.94773300	         -1.16762255	          7.23879116	          2.77217048	          0.95692524	         -0.01134669	         29.45788254	         -2.18436544	         -1.62090375	        -11.08043565	          1.61148623	          0.11940592	        -10.75774490	         -2.21139741	          2.63878798	        -10.52750793	         14.79128436	         21.73523597	        -15.60632617	         -5.17044387	         -2.37791426	          0.00999999	          0.38797810	          0.17873573	          0.00999999	          0.11716886	          0.00999999	          0.00999999	          0.06881765	          0.29320106	          0.12812856	          0.06663686	          0.00999999	          0.00999999	          0.33245363	          0.00999999	          0.00999999	          0.02088220	          0.05439925	          0.00999999	          0.04877112	          0.40440826	          0.02267300	          0.15470655	          0.00999999	          0.00999999	          0.13970046	          0.38099086	          0.03730698	
          2.88555149	         -1.20246169	         -1.22894070	          7.30250969	          2.78755123	          0.95406753	         -0.01005164	         29.72148063	         -2.04076563	         -1.79183226	        -10.21662893	          1.62207053	          0.13389667	        -11.24248976	         -2.43886448	          2.33985355	        -10.92521074	         14.78482586	         23.05396889	        -15.38125615	         -4.75279072	         -2.53866635	          0.00999999	          0.38259190	          0.15678893	          0.00999999	          0.12200360	          0.00999999	          0.00999999	          0.05525880	          0.25465072	          0.10288392	          0.05350768	          0.00999999	          0.00999999	          0.33649536	          0.00999999	          0.00999999	          0.01676787	          0.05929240	          0.00999999	          0.04504718	          0.38780604	          0.02458281	          0.16240336	          0.00999999	          0.00999999	          0.16075705	          0.38335049	          0.02995654	
          2.90027369	         -1.45780867	         -1.32090589	          7.35467135	          2.80355165	          0.95133373	         -0.00868263	         29.89212631	         -1.82066991	         -2.01441327	         -9.59968577	          1.66242016	          0.14944179	        -11.70746640	         -2.70096878	          1.97415373	        -11.40014501	         14.64217002	         24.50831298	        -15.09672275	         -4.26858884	         -2.71299774	          0.01301302	          0.35934731	          0.12589746	          0.00999999	          0.12979253	          0.00999999	          0.00999999	          0.04437139	          0.20447796	          0.08261314	          0.04296528	          0.00999999	          0.00999999	          0.34482613	          0.00999999	          0.00999999	          0.01346416	          0.06708744	          0.00999999	          0.03701387	          0.36557538	          0.03232912	          0.17743945	          0.00999999	          0.00999999	          0.17285912	          0.38124772	          0.02405433	
          2.91499589	         -1.70531923	         -1.43184624	          7.39391831	          2.82027438	          0.94869808	         -0.00723093	         29.94493438	         -1.53551979	         -2.29569839	         -9.25164155	          1.69452396	          0.17369662	        -12.17611886	         -2.98751189	          1.52955465	        -11.93988318	         14.35814468	         26.08750864	        -14.74343294	         -3.73698324	         -2.90749572	          0.01720318	          0.33399065	          0.10109241	          0.00999999	          0.14849782	          0.01429640	          0.09854851	          0.03562908	          0.16419053	          0.06633622	          0.03450001	          0.00999999	          0.00999999	          0.33526464	          0.00999999	          0.00999999	          0.01081138	          0.06910564	          0.00999999	          0.02972118	          0.34116554	          0.03515906	          0.17814124	          0.00999999	          0.00999999	          0.17688184	          0.37439807	          0.01931500	
          2.92971810	         -1.93720545	         -1.54885233	          7.41584573	          2.83778957	          0.94613232	         -0.00568055	         29.87833205	         -1.19815742	         -2.64921701	         -9.27012566	          1.55189426	          0.19953052	        -12.65522950	         -3.28774792	          1.02227048	        -12.56018339	         13.93423341	         27.77649313	        -14.31528135	         -3.17932712	         -3.12369674	          0.03300089	          0.30234914	          0.08117460	          0.00999999	          0.18432352	          0.03174022	          0.09225009	          0.02860923	          0.13184076	          0.05326627	          0.02770262	          0.01245369	          0.00999999	          0.37042256	          0.00999999	          0.00999999	          0.00999999	          0.05549004	          0.00999999	          0.02386534	          0.31063183	          0.04418091	          0.20167360	          0.00999999	          0.00999999	          0.17338628	          0.36325659	          0.01550945	
