/vscmnt/brussel_pixiu_data/_data_brussel/112/vsc11236/PredSimResults/SUBJ10_Falisse2022/SUBJ10_Falisse2022_11471746.mot
version=1
nRows=200
nColumns=124
inDegrees=yes
endheader
                time	         pelvis_tilt	         pelvis_list	     pelvis_rotation	           pelvis_tx	           pelvis_ty	           pelvis_tz	       hip_flexion_r	     hip_adduction_r	      hip_rotation_r	        knee_angle_r	       ankle_angle_r	    subtalar_angle_r	         mtp_angle_r	       hip_flexion_l	     hip_adduction_l	      hip_rotation_l	        knee_angle_l	       ankle_angle_l	    subtalar_angle_l	         mtp_angle_l	    lumbar_extension	      lumbar_bending	     lumbar_rotation	          arm_flex_r	           arm_add_r	           arm_rot_r	        elbow_flex_r	          arm_flex_l	           arm_add_l	           arm_rot_l	        elbow_flex_l	glut_med1_r/activation	glut_med2_r/activation	glut_med3_r/activation	glut_min1_r/activation	glut_min2_r/activation	glut_min3_r/activation	semimem_r/activation	semiten_r/activation	bifemlh_r/activation	bifemsh_r/activation	    sar_r/activation	add_long_r/activation	add_brev_r/activation	add_mag1_r/activation	add_mag2_r/activation	add_mag3_r/activation	    tfl_r/activation	   pect_r/activation	   grac_r/activation	glut_max1_r/activation	glut_max2_r/activation	glut_max3_r/activation	iliacus_r/activation	  psoas_r/activation	quad_fem_r/activation	    gem_r/activation	   peri_r/activation	rect_fem_r/activation	vas_med_r/activation	vas_int_r/activation	vas_lat_r/activation	med_gas_r/activation	lat_gas_r/activation	 soleus_r/activation	tib_post_r/activation	flex_dig_r/activation	flex_hal_r/activation	tib_ant_r/activation	per_brev_r/activation	per_long_r/activation	per_tert_r/activation	ext_dig_r/activation	ext_hal_r/activation	glut_med1_l/activation	glut_med2_l/activation	glut_med3_l/activation	glut_min1_l/activation	glut_min2_l/activation	glut_min3_l/activation	semimem_l/activation	semiten_l/activation	bifemlh_l/activation	bifemsh_l/activation	    sar_l/activation	add_long_l/activation	add_brev_l/activation	add_mag1_l/activation	add_mag2_l/activation	add_mag3_l/activation	    tfl_l/activation	   pect_l/activation	   grac_l/activation	glut_max1_l/activation	glut_max2_l/activation	glut_max3_l/activation	iliacus_l/activation	  psoas_l/activation	quad_fem_l/activation	    gem_l/activation	   peri_l/activation	rect_fem_l/activation	vas_med_l/activation	vas_int_l/activation	vas_lat_l/activation	med_gas_l/activation	lat_gas_l/activation	 soleus_l/activation	tib_post_l/activation	flex_dig_l/activation	flex_hal_l/activation	tib_ant_l/activation	per_brev_l/activation	per_long_l/activation	per_tert_l/activation	ext_dig_l/activation	ext_hal_l/activation	 ercspn_r/activation	 ercspn_l/activation	 intobl_r/activation	 intobl_l/activation	 extobl_r/activation	 extobl_l/activation	
          0.00000000	         -6.50749375	         -1.59991896	          3.15542188	          0.00000000	          0.82397645	         -0.00434140	         34.17933316	          3.63719871	          2.49920373	        -12.22793050	         14.37710842	         -5.95823482	          0.23701491	        -14.62585560	          1.62694692	         10.13181604	         -9.01239907	          2.67210550	         -1.93141647	         31.25022225	         -2.93730195	          0.34024966	         -1.36050662	        -26.98208177	        -14.21437686	          8.96452026	         25.56896546	         28.54755206	        -13.53015466	         19.38548175	         59.14601521	          0.01885322	          0.01000156	          0.04557877	          0.01002529	          0.01000239	          0.01562679	          0.12669754	          0.03416846	          0.03360168	          0.01000445	          0.01406666	          0.02354378	          0.09823611	          0.13734713	          0.08209704	          0.04011566	          0.01001116	          0.01667728	          0.06602171	          0.01186073	          0.02283411	          0.03374211	          0.01667959	          0.01667986	          0.12406048	          0.01729532	          0.01974322	          0.01406628	          0.07111805	          0.07443643	          0.07155655	          0.01000019	          0.01000051	          0.01000083	          0.02139958	          0.01406654	          0.01407392	          0.30225027	          0.26396192	          0.16602915	          0.11332899	          0.35248599	          0.16771222	          0.11230734	          0.07322839	          0.05701148	          0.16185097	          0.12906065	          0.10140965	          0.02299042	          0.01186963	          0.01390716	          0.02593624	          0.06340633	          0.04923371	          0.02316133	          0.01565795	          0.01317952	          0.01001412	          0.19117248	          0.02091772	          0.01678781	          0.01729217	          0.01189966	          0.01200325	          0.23839340	          0.32237905	          0.01978293	          0.01978533	          0.07913560	          0.09057048	          0.01000062	          0.01000071	          0.01000098	          0.15790480	          0.22518339	          0.26698549	          0.27189455	          0.33975613	          0.34930395	          0.01000086	          0.01000008	          0.01000003	          0.01000028	          0.01000014	          0.01000162	          0.03704240	          0.01000015	          0.01761864	          0.01406574	          0.06946604	          0.01000037	
          0.01115673	         -6.49168478	         -1.85988168	          3.42227098	          0.01592420	          0.82253517	         -0.00412824	         33.30270410	          4.00139213	          2.77153913	        -12.54303278	         13.65931844	         -6.33325767	          0.22579813	        -14.37710786	          1.37282895	          9.66372262	        -11.40763032	          2.47201469	         -1.35101198	         32.10345557	         -2.81504635	          0.79861306	         -1.40994112	        -28.08052293	        -14.17468041	          9.25426585	         25.40255951	         28.52097410	        -13.53981787	         19.37711246	         60.82980367	          0.14496491	          0.01000047	          0.24124787	          0.01000257	          0.01000105	          0.17737654	          0.10683254	          0.02881212	          0.03875246	          0.01669638	          0.01186154	          0.01985266	          0.08283392	          0.11581259	          0.06922537	          0.03382636	          0.01000279	          0.01406932	          0.05576841	          0.01000183	          0.01925482	          0.02845249	          0.01406445	          0.01406468	          0.11129361	          0.01458606	          0.14182687	          0.01186085	          0.05996751	          0.06276560	          0.06033723	          0.01526359	          0.01407196	          0.01476428	          0.01804434	          0.01186112	          0.01186734	          0.33782239	          0.24168177	          0.13999756	          0.12973626	          0.44992743	          0.14141680	          0.20261720	          0.06174688	          0.04807261	          0.14311213	          0.10882529	          0.08550959	          0.01939008	          0.01000916	          0.01172712	          0.02186971	          0.05346490	          0.07408997	          0.01953058	          0.01320418	          0.01113121	          0.01004467	          0.16119854	          0.01763942	          0.01415604	          0.01458208	          0.01003616	          0.01012260	          0.20101552	          0.27183300	          0.01668120	          0.01668339	          0.06672789	          0.07636992	          0.01000725	          0.01000571	          0.01000174	          0.13314677	          0.18987671	          0.25425398	          0.23148945	          0.28648757	          0.29690209	          0.01000009	          0.01000100	          0.01024374	          0.01000048	          0.01000014	          0.01000056	          0.03438780	          0.01606323	          0.02345786	          0.01186037	          0.05857441	          0.01000008	
          0.02231346	         -6.47461653	         -2.11251451	          3.67064618	          0.03184817	          0.82112814	         -0.00388508	         32.40152775	          4.34903562	          3.05534658	        -12.83585058	         12.92289622	         -6.70843316	          0.22867604	        -14.00761384	          1.11931832	          9.19443262	        -13.99171127	          2.23143503	         -0.76375354	         32.61943156	         -2.70066476	          1.25587693	         -1.45263509	        -28.94300651	        -14.11790948	          9.74381413	         24.89214946	         28.39648644	        -13.54672512	         19.32539104	         62.33051419	          0.19133456	          0.20810373	          0.29121974	          0.09839907	          0.14250565	          0.14956835	          0.09008218	          0.04560188	          0.03267673	          0.01407943	          0.01000205	          0.01674008	          0.06984647	          0.09765499	          0.07637807	          0.05191362	          0.01000062	          0.01186474	          0.05121288	          0.13518101	          0.09300656	          0.05983217	          0.01185932	          0.01185950	          0.12548136	          0.01232897	          0.11959207	          0.01000123	          0.06014106	          0.06886062	          0.07298717	          0.01287041	          0.01186563	          0.01244938	          0.01521516	          0.01000148	          0.01000671	          0.42804074	          0.28474688	          0.14982904	          0.40903390	          0.47339099	          0.28225607	          0.20218750	          0.05206557	          0.04053528	          0.17261760	          0.09176267	          0.07210253	          0.02743942	          0.01000185	          0.01000238	          0.01844079	          0.04508219	          0.10279086	          0.01646886	          0.01113498	          0.01001128	          0.01075775	          0.13592436	          0.01487459	          0.01193695	          0.01229733	          0.01001878	          0.01000609	          0.16949815	          0.22921216	          0.01406580	          0.01406784	          0.05626559	          0.07806866	          0.02210175	          0.02017769	          0.01550219	          0.11227057	          0.16010579	          0.23141464	          0.22155111	          0.24157092	          0.25295024	          0.01000020	          0.01000140	          0.01000101	          0.01000089	          0.01000028	          0.01000114	          0.06326643	          0.03947566	          0.01978123	          0.01000078	          0.04939048	          0.01000006	
          0.03347019	         -6.45738373	         -2.35276978	          3.89878606	          0.04764019	          0.81998003	         -0.00360639	         31.55998743	          4.70556863	          3.34346546	        -13.18060139	         12.07346625	         -7.07316441	          0.22315737	        -13.51171791	          0.86603168	          8.73622812	        -16.73374115	          1.91250109	         -0.16917721	         32.67447937	         -2.59918483	          1.70562830	         -1.48977511	        -29.54271057	        -14.03884092	         10.38711455	         24.07633149	         28.18916686	        -13.54304204	         19.25220421	         63.57530786	          0.24963889	          0.28037106	          0.32811062	          0.08302091	          0.12019730	          0.15188400	          0.07595813	          0.04541294	          0.03192318	          0.01187213	          0.01000094	          0.01411556	          0.05889535	          0.08234442	          0.07093165	          0.06372704	          0.01000092	          0.01000846	          0.04318417	          0.17729978	          0.12045020	          0.07207615	          0.01000017	          0.01000022	          0.10774451	          0.01253584	          0.10084172	          0.01000016	          0.12073123	          0.12307594	          0.11449022	          0.01085247	          0.01000526	          0.01049744	          0.01286778	          0.01056514	          0.01001725	          0.48669668	          0.29436640	          0.15296791	          0.43484843	          0.51101065	          0.28047940	          0.19141373	          0.04390219	          0.03417973	          0.15990991	          0.07737529	          0.06079757	          0.03550765	          0.01000239	          0.01000284	          0.01554950	          0.03801380	          0.09288501	          0.08234573	          0.01001607	          0.01008537	          0.02221678	          0.11461283	          0.05797590	          0.01006628	          0.01037101	          0.01000404	          0.01000359	          0.14292240	          0.19327381	          0.01186046	          0.01186239	          0.04744369	          0.06582829	          0.02972650	          0.02680990	          0.02691364	          0.09466757	          0.13500267	          0.19520439	          0.19569389	          0.20369541	          0.21329069	          0.01000014	          0.01228341	          0.01406649	          0.01000074	          0.01000019	          0.01000074	          0.07106225	          0.06153751	          0.01667977	          0.01000003	          0.04164651	          0.01000005	
          0.04462692	         -6.44070915	         -2.57954383	          4.10462579	          0.06324263	          0.81925316	         -0.00329803	         30.78697892	          5.07422343	          3.63514102	        -13.61042609	         11.21237996	         -7.43642786	          0.21604464	        -12.88584841	          0.61502936	          8.28655293	        -19.61398735	          1.49150801	          0.42382473	         32.17544363	         -2.50878486	          2.14499366	         -1.52210278	        -29.88867686	        -13.93949503	         11.10442412	         23.05248900	         27.89896827	        -13.52600309	         19.17711307	         64.53300471	          0.28084506	          0.30034317	          0.32704104	          0.07000728	          0.10135271	          0.12807151	          0.06404863	          0.04043613	          0.03138303	          0.01001098	          0.01000108	          0.01190277	          0.04966180	          0.07097232	          0.08831314	          0.07603710	          0.01000089	          0.01001644	          0.03641708	          0.20262273	          0.13642338	          0.08306529	          0.01000028	          0.01000028	          0.09573861	          0.01057604	          0.08503118	          0.01000032	          0.16927680	          0.16895271	          0.15151351	          0.01000012	          0.01000026	          0.01000005	          0.01085029	          0.01000077	          0.01000074	          0.51614439	          0.28374416	          0.14413075	          0.43926341	          0.52628259	          0.27750561	          0.16140212	          0.03701876	          0.02882068	          0.13483937	          0.06524370	          0.05126513	          0.04382076	          0.01000134	          0.01000111	          0.01311157	          0.03205368	          0.07832272	          0.18469383	          0.01000283	          0.01001057	          0.03911953	          0.09664273	          0.04889076	          0.01000129	          0.01000204	          0.01000139	          0.01000106	          0.12051349	          0.16297025	          0.01000093	          0.01000285	          0.04000499	          0.05550708	          0.02815145	          0.02485603	          0.03305260	          0.07982456	          0.11383550	          0.16459812	          0.16501109	          0.17175812	          0.17984892	          0.01000011	          0.01185902	          0.01186118	          0.01000103	          0.01000034	          0.01000068	          0.07351124	          0.07527007	          0.01406458	          0.01000004	          0.03511672	          0.01000005	
          0.05578365	         -6.42490281	         -2.79200714	          4.28625944	          0.07863179	          0.81900100	         -0.00296553	         30.05647723	          5.45187023	          3.93275969	        -14.09290173	         10.39719064	         -7.79550753	          0.20770016	        -12.11731448	          0.36826716	          7.84243992	        -22.62975344	          0.93214959	          1.00924938	         31.11887226	         -2.42737797	          2.57127890	         -1.54979066	        -30.01403080	        -13.82828871	         11.80384546	         21.94727348	         27.52422760	        -13.50141583	         19.11947642	         65.21171724	          0.30384757	          0.29482741	          0.30038073	          0.05903489	          0.08546283	          0.10799211	          0.05400646	          0.04613549	          0.03466257	          0.01000157	          0.01000111	          0.01003725	          0.04187654	          0.07285894	          0.10389042	          0.08658469	          0.01000072	          0.01001322	          0.03489453	          0.22002326	          0.14852168	          0.09316530	          0.01000025	          0.01000026	          0.08266174	          0.01004494	          0.07169944	          0.01000021	          0.18960965	          0.18867311	          0.16818412	          0.01000005	          0.01000010	          0.01000001	          0.01000003	          0.01000019	          0.01000018	          0.49882556	          0.23925685	          0.12153341	          0.37828578	          0.53414763	          0.23399769	          0.13609580	          0.03121460	          0.02430188	          0.11369798	          0.05501422	          0.04322731	          0.05216328	          0.01000345	          0.01000197	          0.01105596	          0.02702804	          0.06604294	          0.26333771	          0.02386699	          0.01819460	          0.03300043	          0.08149018	          0.04122682	          0.01000258	          0.01000215	          0.01000126	          0.01000110	          0.10161808	          0.13741801	          0.01000016	          0.01000074	          0.03373264	          0.04680418	          0.02986790	          0.03299282	          0.02788035	          0.06730880	          0.09598715	          0.13879063	          0.13913890	          0.14482818	          0.15165039	          0.01000462	          0.01000033	          0.01000155	          0.01000102	          0.07529848	          0.01000530	          0.07204090	          0.08544623	          0.01185943	          0.01000005	          0.02961075	          0.01000005	
          0.06694039	         -6.40976177	         -2.98948884	          4.44246819	          0.09380074	          0.81918706	         -0.00261346	         29.34378926	          5.83437049	          4.23950438	        -14.59530074	          9.66546084	         -8.14821368	          0.20001116	        -11.19859252	          0.12803519	          7.40896623	        -25.77700953	          0.22809874	          1.58393482	         29.50991327	         -2.35316847	          2.98194768	         -1.57297408	        -29.95848382	        -13.71786875	         12.40840195	         20.87694633	         27.06581338	        -13.47843771	         19.09250951	         65.63961734	          0.33258998	          0.30397993	          0.28820366	          0.05324991	          0.07206517	          0.09106148	          0.04553891	          0.04330559	          0.03435115	          0.01000282	          0.01000120	          0.01000900	          0.06374707	          0.09432469	          0.11051283	          0.09381609	          0.01000082	          0.01003036	          0.05092009	          0.23586820	          0.15783125	          0.09810185	          0.01000033	          0.01000033	          0.06970258	          0.01000747	          0.06045801	          0.01000025	          0.22150242	          0.22031485	          0.19409088	          0.01000043	          0.01000114	          0.01000019	          0.01441280	          0.02281560	          0.01610196	          0.52182870	          0.20174363	          0.10247813	          0.31897414	          0.45039832	          0.19730970	          0.11475725	          0.02632050	          0.02049166	          0.09587127	          0.04638861	          0.03644980	          0.06066621	          0.01000130	          0.01009127	          0.01000019	          0.02279038	          0.05568831	          0.30125553	          0.16758140	          0.04641096	          0.02782686	          0.06871343	          0.03476374	          0.01000180	          0.01591963	          0.01979270	          0.02346719	          0.08568531	          0.11587213	          0.01000724	          0.01002107	          0.02844389	          0.03946595	          0.02518561	          0.02782047	          0.02350932	          0.05675540	          0.08093726	          0.11702952	          0.11732321	          0.12212056	          0.12787310	          0.04265158	          0.01000753	          0.01870451	          0.01000074	          0.13900831	          0.01000097	          0.06990023	          0.09231107	          0.01000008	          0.01000021	          0.02496806	          0.01000005	
          0.07809712	         -6.39531511	         -3.17138600	          4.57221475	          0.10873168	          0.81974959	         -0.00225079	         28.61729692	          6.21589036	          4.56168920	        -15.07190180	          9.07383095	         -8.49603993	          0.19234747	        -10.11832208	         -0.10228831	          6.99532895	        -29.06001776	         -0.61065107	          2.15508514	         27.36594912	         -2.28656311	          3.37518776	         -1.59107151	        -29.74742440	        -13.62092538	         12.87731285	         19.91188262	         26.52856613	        -13.46190846	         19.09803177	         65.84326266	          0.36184217	          0.31405479	          0.27349860	          0.04825202	          0.06077155	          0.07678700	          0.03840058	          0.04764085	          0.03688839	          0.01000121	          0.01000088	          0.01000308	          0.05375605	          0.09147799	          0.11961365	          0.09874706	          0.01000071	          0.01001396	          0.04313182	          0.24594641	          0.16321972	          0.10092979	          0.01000022	          0.01000023	          0.05877548	          0.01001212	          0.05097909	          0.01000021	          0.23947924	          0.23859622	          0.20854032	          0.01000047	          0.01000131	          0.01000054	          0.01887339	          0.01923918	          0.01357856	          0.52344556	          0.17011218	          0.08641057	          0.26896208	          0.37978176	          0.16637555	          0.09676439	          0.02219375	          0.01727885	          0.08083965	          0.03911545	          0.03073495	          0.06868940	          0.01000829	          0.02482277	          0.01000022	          0.01921718	          0.05423543	          0.33773947	          0.14130724	          0.03913509	          0.02346399	          0.05794012	          0.02931594	          0.01000265	          0.01343422	          0.01669044	          0.01978800	          0.07225066	          0.09770446	          0.03654952	          0.01001612	          0.02398447	          0.03327817	          0.02123676	          0.02345850	          0.01982329	          0.04785668	          0.06824706	          0.09868036	          0.09892802	          0.10297329	          0.10782385	          0.11067740	          0.06794794	          0.04123539	          0.02870902	          0.19529564	          0.08786966	          0.06665527	          0.09930900	          0.01000006	          0.01717313	          0.02105331	          0.01000005	
          0.08925385	         -6.38187452	         -3.33753807	          4.67689315	          0.12339780	          0.82061465	         -0.00188253	         27.85413856	          6.59052376	          4.90239826	        -15.48105523	          8.62810633	         -8.82743230	          0.18726487	         -8.88152782	         -0.32094472	          6.60149156	        -32.45089103	         -1.51948748	          2.71508588	         24.69086602	         -2.22959877	          3.74742139	         -1.60348298	        -29.39130038	        -13.54525653	         13.20553412	         19.07623679	         25.92287848	        -13.45274488	         19.13149912	         65.84330830	          0.38936175	          0.33038258	          0.27939550	          0.04867965	          0.05125264	          0.06475777	          0.03792470	          0.05119643	          0.03927946	          0.01000124	          0.01000089	          0.01000299	          0.04533921	          0.08644661	          0.11864252	          0.10147133	          0.01000070	          0.01001387	          0.04195688	          0.25311270	          0.16553884	          0.10156077	          0.01000022	          0.01000023	          0.04956129	          0.01001355	          0.04298642	          0.01000021	          0.25273862	          0.25239292	          0.21888749	          0.01000029	          0.01000069	          0.01000020	          0.01702160	          0.01622480	          0.01145219	          0.51947155	          0.14344025	          0.07286226	          0.22679152	          0.33820378	          0.14628441	          0.08159265	          0.01871406	          0.01456990	          0.06816494	          0.03298280	          0.02591627	          0.07428682	          0.01000187	          0.02093283	          0.01000030	          0.01620453	          0.07613773	          0.28478538	          0.11915177	          0.03299936	          0.01978510	          0.07708801	          0.03761967	          0.01000382	          0.01133250	          0.01407395	          0.01668551	          0.06092248	          0.08238536	          0.05963912	          0.01003512	          0.02777753	          0.02806059	          0.01790704	          0.01978043	          0.01671519	          0.04035320	          0.05754657	          0.08320817	          0.08341703	          0.08682816	          0.09091815	          0.18498427	          0.12726482	          0.05545306	          0.39195987	          0.28555317	          0.21988351	          0.06378213	          0.10833873	          0.01000007	          0.03317990	          0.01775235	          0.01000006	
          0.10041058	         -6.36969710	         -3.48899944	          4.75991875	          0.13778267	          0.82168861	         -0.00151153	         27.04150627	          6.95412279	          5.26130013	        -15.79583520	          8.31770929	         -9.13655039	          0.18413352	         -7.52072678	         -0.52129676	          6.22565189	        -35.86980355	         -2.32379367	          3.23246276	         21.63525794	         -2.18339886	          4.09443180	         -1.60946418	        -28.89435081	        -13.49402729	         13.41249693	         18.36254615	         25.26143250	        -13.44975694	         19.18588500	         65.65814442	          0.40509768	          0.33612305	          0.28393826	          0.05375797	          0.04322703	          0.05461235	          0.03768981	          0.05565823	          0.04036002	          0.01000137	          0.01000076	          0.01000526	          0.05972380	          0.10465002	          0.12873264	          0.10026338	          0.01000062	          0.01001794	          0.04774273	          0.25434916	          0.16339645	          0.10051074	          0.01000020	          0.01000021	          0.04179136	          0.01000563	          0.03624696	          0.01000018	          0.25818723	          0.25870729	          0.22277176	          0.01000018	          0.01000042	          0.01000007	          0.02158504	          0.01368415	          0.01000802	          0.49723980	          0.12095026	          0.06143821	          0.19123297	          0.29666191	          0.14112734	          0.06879970	          0.01577998	          0.01667704	          0.05747758	          0.02781191	          0.02185334	          0.07546021	          0.02503177	          0.02784422	          0.01788168	          0.05279334	          0.09876980	          0.24013396	          0.10047001	          0.02782557	          0.01668302	          0.14803588	          0.13841555	          0.07301453	          0.01167827	          0.01186766	          0.01406945	          0.05137089	          0.06992134	          0.08591894	          0.04358037	          0.02343377	          0.02366110	          0.01509939	          0.01667905	          0.01409441	          0.03402621	          0.04852386	          0.07016189	          0.07376196	          0.07321508	          0.07666344	          0.17761728	          0.10731096	          0.04675859	          0.33050445	          0.27675854	          0.18540806	          0.05643848	          0.10945503	          0.01000007	          0.03372896	          0.01496896	          0.01000007	
          0.11156731	         -6.35922961	         -3.62730521	          4.82187088	          0.15187668	          0.82291494	         -0.00114343	         26.17816511	          7.30420171	          5.63697200	        -16.00778535	          8.11883175	         -9.41933672	          0.18270579	         -6.06240426	         -0.69264422	          5.87096970	        -39.18710736	         -2.80298316	          3.69627829	         18.78072947	         -2.14964262	          4.41600244	         -1.60849957	        -28.24905246	        -13.46705818	         13.52676518	         17.73432369	         24.55022043	        -13.45010478	         19.24678252	         65.30075116	          0.42384841	          0.33837270	          0.27604767	          0.05680146	          0.05371328	          0.05394134	          0.04483841	          0.06244329	          0.04635514	          0.01000062	          0.01000073	          0.01000163	          0.05036079	          0.08825131	          0.12827345	          0.10498355	          0.01000057	          0.01000829	          0.04026040	          0.25167763	          0.15971453	          0.10322767	          0.01000016	          0.01000017	          0.03523954	          0.01001582	          0.03056418	          0.01000020	          0.25287188	          0.25418626	          0.21764168	          0.01000054	          0.01000120	          0.01000823	          0.02658773	          0.01154138	          0.01001387	          0.46634104	          0.10198652	          0.05180535	          0.16124973	          0.25624229	          0.11901539	          0.05801259	          0.01330594	          0.01406234	          0.08639081	          0.02345454	          0.01842725	          0.06366600	          0.02110799	          0.02347945	          0.02370881	          0.08508151	          0.09947956	          0.20248353	          0.08471735	          0.02346297	          0.01406732	          0.15893193	          0.16219879	          0.06156843	          0.01000247	          0.01000724	          0.01186355	          0.06029549	          0.06409173	          0.07244775	          0.03674800	          0.01975981	          0.06314261	          0.01273196	          0.01406394	          0.01188454	          0.05503508	          0.07026132	          0.05916115	          0.06219687	          0.06173604	          0.06464358	          0.18975200	          0.09048563	          0.03942731	          0.27868441	          0.32139405	          0.15633807	          0.05556959	          0.10219499	          0.01000008	          0.04750618	          0.01262198	          0.01000008	
          0.12272404	         -6.35085297	         -3.75210844	          4.86745235	          0.16568963	          0.82428249	         -0.00077575	         25.26543901	          7.63646866	          6.02813185	        -16.11561278	          8.00517914	         -9.67160708	          0.18339253	         -4.51343873	         -0.84052196	          5.53010089	        -42.31486054	         -2.87879499	          4.07709858	         16.30754376	         -2.12934324	          4.70950484	         -1.60042893	        -27.44671981	        -13.45442221	         13.56679461	         17.14559978	         23.79351235	        -13.45080294	         19.30568395	         64.77589698	          0.43702837	          0.33600836	          0.26542170	          0.06028025	          0.04530935	          0.04549911	          0.04860433	          0.06961377	          0.04947974	          0.01000180	          0.01000071	          0.01000346	          0.04247100	          0.09579559	          0.13176626	          0.10316650	          0.01000054	          0.01001369	          0.03397196	          0.24521422	          0.15136200	          0.09881350	          0.01000017	          0.01000018	          0.02971473	          0.01000583	          0.02577243	          0.01000014	          0.23854749	          0.24159180	          0.20602799	          0.01000010	          0.01000023	          0.01000004	          0.04125921	          0.01000600	          0.01000200	          0.41326407	          0.08599613	          0.04368285	          0.13596767	          0.21606681	          0.11121091	          0.04891680	          0.01121987	          0.01185776	          0.07284622	          0.01977777	          0.01553831	          0.05368460	          0.05016264	          0.02359725	          0.02936280	          0.07174469	          0.10129514	          0.18404866	          0.07143459	          0.01978443	          0.01186176	          0.17767824	          0.16949431	          0.08864109	          0.01000476	          0.01000128	          0.01000361	          0.05084283	          0.05516729	          0.06108872	          0.03098695	          0.01666188	          0.09168460	          0.01073573	          0.01185887	          0.01002117	          0.04640627	          0.05924521	          0.04988522	          0.05244535	          0.05205709	          0.05450836	          0.17699672	          0.07629876	          0.03324567	          0.23499124	          0.34422904	          0.14188459	          0.05558087	          0.09565560	          0.01000008	          0.04497409	          0.01064301	          0.01000009	
          0.13388077	         -6.34442186	         -3.86283370	          4.89789027	          0.17924384	          0.82576918	         -0.00041204	         24.30929359	          7.94770670	          6.43306886	        -16.12680085	          7.94609185	         -9.89282523	          0.18714411	         -2.87579611	         -0.96706144	          5.20252066	        -45.23979188	         -2.63673664	          4.38965221	         14.15648090	         -2.12183450	          4.97558312	         -1.58457883	        -26.48618553	        -13.45026825	         13.54191236	         16.56585837	         22.99127104	        -13.45064118	         19.35299089	         64.09374077	          0.45062266	          0.33512110	          0.25515224	          0.07331736	          0.05474561	          0.04736159	          0.05172413	          0.07202011	          0.05144296	          0.01000085	          0.01000069	          0.01000216	          0.03581279	          0.08079307	          0.12972514	          0.10329621	          0.01000055	          0.01000975	          0.02864671	          0.23619224	          0.14237066	          0.09628654	          0.01000016	          0.01000016	          0.02505610	          0.01000760	          0.02173203	          0.01000017	          0.22897835	          0.23287588	          0.19719833	          0.01000019	          0.01000044	          0.01000012	          0.06331565	          0.02051110	          0.01002168	          0.34846814	          0.07251295	          0.03683394	          0.11464951	          0.18218969	          0.09377468	          0.04124717	          0.01000042	          0.01000035	          0.09535993	          0.01667860	          0.01310238	          0.04526832	          0.04634418	          0.01989896	          0.03461115	          0.07478313	          0.09680622	          0.16530408	          0.06023443	          0.01668265	          0.01000207	          0.18550741	          0.17803349	          0.08790698	          0.01000219	          0.01000076	          0.01000025	          0.04880860	          0.05120493	          0.05151065	          0.02612898	          0.01404965	          0.11112663	          0.01000007	          0.01000007	          0.01000004	          0.03913314	          0.04995637	          0.04206368	          0.04560957	          0.04389591	          0.04596230	          0.16303561	          0.06433588	          0.02803309	          0.19814692	          0.34758913	          0.14319407	          0.05322633	          0.08999416	          0.01000009	          0.04649987	          0.01000013	          0.01000010	
          0.14503750	         -6.33983981	         -3.95869442	          4.91388540	          0.19256442	          0.82735083	         -0.00005307	         23.30922855	          8.23387517	          6.84866962	        -16.04037697	          7.93093054	        -10.08318440	          0.19894783	         -1.15796881	         -1.07544204	          4.88681064	        -47.94122529	         -2.11569783	          4.63225667	         12.28764072	         -2.12624575	          5.21432381	         -1.56096965	        -25.37003893	        -13.44970909	         13.45722419	         15.97643877	         22.14367418	        -13.45010643	         19.38166313	         63.26524597	          0.45999554	          0.33299764	          0.24587788	          0.09110507	          0.06212121	          0.05068231	          0.05369545	          0.07352025	          0.05234498	          0.01000084	          0.01000070	          0.01000233	          0.03019822	          0.06813432	          0.12612965	          0.10141805	          0.01000057	          0.01001012	          0.02415596	          0.22473789	          0.13150377	          0.09197239	          0.01000016	          0.01000017	          0.02112786	          0.01000610	          0.01832523	          0.01000017	          0.21691756	          0.22165083	          0.18637125	          0.01000049	          0.01000109	          0.01282939	          0.07465339	          0.02217529	          0.01756888	          0.29383157	          0.06114398	          0.03105913	          0.09667384	          0.15362414	          0.07907206	          0.03478008	          0.01000051	          0.01000037	          0.10926851	          0.01406650	          0.01104864	          0.03817176	          0.03907830	          0.01677996	          0.04324364	          0.07585434	          0.08915943	          0.16542514	          0.05079033	          0.01406726	          0.01000029	          0.19226235	          0.17383470	          0.10217149	          0.01000184	          0.01000059	          0.01000025	          0.04524200	          0.04733562	          0.04343432	          0.02203272	          0.01184714	          0.11954558	          0.01000009	          0.01000009	          0.01000006	          0.03299754	          0.04212378	          0.03546848	          0.03886833	          0.03701450	          0.03875617	          0.14566839	          0.05424868	          0.02363780	          0.16707957	          0.34441055	          0.17383381	          0.05019201	          0.08457772	          0.01000010	          0.04272513	          0.01000018	          0.01000012	
          0.15619423	         -6.33703351	         -4.03898772	          4.91504692	          0.20567411	          0.82900385	          0.00029960	         22.26293091	          8.49106021	          7.27184065	        -15.85121922	          7.93861620	        -10.24177851	          0.22790375	          0.63186501	         -1.16731716	          4.58270836	        -50.40278952	         -1.37039182	          4.81025357	         10.66336056	         -2.14189254	          5.42652152	         -1.52977539	        -24.10363107	        -13.45014447	         13.31770963	         15.37026602	         21.25179595	        -13.44976203	         19.38620171	         62.29901589	          0.46552171	          0.32813359	          0.24003924	          0.10712809	          0.08572500	          0.07173304	          0.05458420	          0.07386182	          0.05226736	          0.01000078	          0.01000069	          0.01000179	          0.02546377	          0.05745558	          0.11402523	          0.09820223	          0.01000059	          0.01000836	          0.02036909	          0.21126700	          0.11972036	          0.08617058	          0.01000015	          0.01000016	          0.01781553	          0.01000643	          0.01545284	          0.01000018	          0.20236139	          0.20791652	          0.17350316	          0.01000035	          0.01000080	          0.01917710	          0.08579259	          0.02076787	          0.01695082	          0.24776152	          0.05155765	          0.02618993	          0.08151664	          0.12953741	          0.06667471	          0.02932700	          0.01000047	          0.01000033	          0.14037395	          0.01186936	          0.01000170	          0.03218788	          0.03295132	          0.01414965	          0.04891827	          0.07654396	          0.08292191	          0.15236567	          0.04282698	          0.01186205	          0.01000032	          0.19667748	          0.16977636	          0.10808046	          0.01000145	          0.01000046	          0.01000021	          0.04330718	          0.04516745	          0.03662428	          0.01857878	          0.01000095	          0.11805137	          0.01000010	          0.01000010	          0.01000007	          0.02782387	          0.03551922	          0.02990735	          0.03277427	          0.03121147	          0.03267978	          0.13046076	          0.04574306	          0.01993165	          0.14088344	          0.33637101	          0.19667154	          0.04809765	          0.08027144	          0.01000011	          0.04038250	          0.01000018	          0.01000013	
          0.16735096	         -6.33580911	         -4.10299024	          4.90099028	          0.21859538	          0.83069963	          0.00064502	         21.17082362	          8.71591029	          7.69929108	        -15.55855305	          7.94318366	        -10.36904407	          0.28364904	          2.48482458	         -1.24481457	          4.29042709	        -52.61592654	         -0.44312783	          4.92711643	          9.25215358	         -2.16783792	          5.61280285	         -1.49129256	        -22.69598062	        -13.45033208	         13.12945975	         14.75083091	         20.31788534	        -13.44971714	         19.36107986	         61.20221084	          0.46872663	          0.32204724	          0.23578205	          0.12769872	          0.10311557	          0.09347352	          0.05360085	          0.07178300	          0.05044960	          0.01000066	          0.01000069	          0.01000166	          0.02147157	          0.04844972	          0.09922164	          0.09320959	          0.01000063	          0.01000764	          0.01717588	          0.19632997	          0.10790914	          0.08021147	          0.01000015	          0.01000016	          0.01502258	          0.01000607	          0.01303133	          0.01000020	          0.18744350	          0.19352472	          0.16021676	          0.01000033	          0.01000074	          0.02772311	          0.09437385	          0.01753605	          0.01432507	          0.20891483	          0.04347470	          0.02208589	          0.06873600	          0.10922725	          0.05622114	          0.02472894	          0.01000048	          0.01000032	          0.16220377	          0.01026960	          0.01000237	          0.02714220	          0.02778494	          0.01193164	          0.05629597	          0.07597780	          0.07917894	          0.13556317	          0.03611221	          0.01000323	          0.01000028	          0.19781605	          0.16398889	          0.11538570	          0.01000115	          0.01000036	          0.01000018	          0.04099857	          0.04351451	          0.03088199	          0.01566653	          0.01000117	          0.10740616	          0.01000011	          0.01000011	          0.01000008	          0.02346137	          0.02995017	          0.02521815	          0.02763562	          0.02631808	          0.02755604	          0.11691879	          0.03857108	          0.01680661	          0.12037677	          0.32585236	          0.21761214	          0.04597163	          0.07675410	          0.01000011	          0.03606705	          0.01000018	          0.01000015	
          0.17850770	         -6.33588473	         -4.15000319	          4.87090891	          0.23135146	          0.83240673	          0.00098198	         20.03427508	          8.90571341	          8.12736769	        -15.16473927	          7.92741553	        -10.46641979	          0.37063619	          4.39130550	         -1.30958726	          4.00983981	        -54.57958647	          0.62631580	          4.98747274	          8.02590121	         -2.20280443	          5.77388978	         -1.44591247	        -21.15867494	        -13.45017979	         12.89874007	         14.12907236	         19.34434097	        -13.44978888	         19.30066928	         59.98148044	          0.46779344	          0.31262365	          0.23268043	          0.14158281	          0.12691744	          0.11641794	          0.05114001	          0.06821024	          0.04749935	          0.01000060	          0.01000071	          0.01000131	          0.01810527	          0.04085504	          0.08367550	          0.08737638	          0.01000069	          0.01000633	          0.01448331	          0.18088444	          0.09695202	          0.07402141	          0.01000015	          0.01000015	          0.01266762	          0.01000667	          0.01099187	          0.01000022	          0.17210325	          0.17850233	          0.14660889	          0.01000023	          0.01000051	          0.03697603	          0.10280759	          0.01503858	          0.01446194	          0.17615894	          0.03665944	          0.02160761	          0.05795928	          0.09210154	          0.04740658	          0.02085186	          0.01000045	          0.01000031	          0.17289647	          0.01705479	          0.01000227	          0.02288760	          0.02342857	          0.01006149	          0.06374979	          0.07799631	          0.07614159	          0.11764015	          0.03045024	          0.01000155	          0.01000024	          0.19902115	          0.16063212	          0.11826775	          0.01000092	          0.01000029	          0.01000016	          0.04083620	          0.04352028	          0.02604004	          0.01321125	          0.01000113	          0.09056635	          0.01000013	          0.01000013	          0.01000009	          0.01978286	          0.02525430	          0.02126418	          0.02330266	          0.02219196	          0.02323567	          0.10694137	          0.03252361	          0.01417156	          0.11702846	          0.30825012	          0.23111602	          0.04362078	          0.07416294	          0.01000012	          0.03198670	          0.01000018	          0.01000017	
          0.18966443	         -6.33695260	         -4.17957868	          4.82380983	          0.24396610	          0.83409406	          0.00130961	         18.85494145	          9.05863841	          8.55228137	        -14.67421251	          7.88344753	        -10.53679940	          0.49157258	          6.34052739	         -1.36270732	          3.74120982	        -56.29670629	          1.80689901	          4.99459343	          6.96025243	         -2.24526745	          5.91055748	         -1.39413430	        -19.50506670	        -13.44992018	         12.62979651	         13.52135921	         18.33391131	        -13.44980819	         19.20094311	         58.64277829	          0.46395052	          0.30239826	          0.23035981	          0.15288911	          0.14298206	          0.14121866	          0.04958911	          0.06413690	          0.04523402	          0.01000053	          0.01000076	          0.01000122	          0.01526677	          0.03445079	          0.07056041	          0.08191473	          0.01000081	          0.01000601	          0.01221297	          0.16622094	          0.08664008	          0.06716360	          0.01000016	          0.01000016	          0.01068221	          0.01000679	          0.01001334	          0.01000028	          0.15614297	          0.16253688	          0.13254444	          0.01000041	          0.01000096	          0.04672015	          0.11199119	          0.02055141	          0.02699882	          0.14853887	          0.03091453	          0.02838861	          0.04887224	          0.07766096	          0.03997401	          0.01758281	          0.01000045	          0.01000031	          0.16987771	          0.02097563	          0.01000252	          0.01930008	          0.01975523	          0.01000107	          0.07385472	          0.08092760	          0.07499935	          0.10319082	          0.02567602	          0.01000130	          0.01000021	          0.19568274	          0.16026504	          0.11049290	          0.01000075	          0.01000024	          0.01000014	          0.04063364	          0.04354516	          0.02195726	          0.01114209	          0.01000122	          0.07636647	          0.01000015	          0.01000015	          0.01000011	          0.01668111	          0.02129469	          0.01793015	          0.01964907	          0.01871277	          0.01959270	          0.10004690	          0.02742435	          0.01194968	          0.12732418	          0.29021359	          0.23801117	          0.04095451	          0.07227507	          0.01000012	          0.02736013	          0.01000018	          0.01000019	
          0.20082116	         -6.33873138	         -4.19173112	          4.75859187	          0.25646257	          0.83573434	          0.00162708	         17.63471047	          9.17379025	          8.97012396	        -14.09265083	          7.80916656	        -10.58421697	          0.66316579	          8.32085784	         -1.40475115	          3.48449648	        -57.76967733	          3.06870055	          4.95163436	          6.03407957	         -2.29358293	          6.02392672	         -1.33656684	        -17.74937634	        -13.44975674	         12.32441828	         12.94745404	         17.28981292	        -13.44981482	         19.06107303	         57.19118975	          0.45765329	          0.29099541	          0.22551458	          0.16255836	          0.16202999	          0.16158045	          0.04754124	          0.06058490	          0.04316205	          0.01000053	          0.01000081	          0.01000099	          0.01287337	          0.02905051	          0.05950015	          0.07887975	          0.01000089	          0.01000504	          0.01029891	          0.15362240	          0.07961287	          0.06360299	          0.01000016	          0.01000016	          0.01000205	          0.01000767	          0.01459766	          0.01000032	          0.14330670	          0.14949128	          0.12128216	          0.02346930	          0.01000066	          0.05325971	          0.11798606	          0.02254494	          0.03158946	          0.12524937	          0.02606922	          0.03432150	          0.04120999	          0.06548453	          0.03370682	          0.01482797	          0.01000041	          0.01000025	          0.14342686	          0.03449244	          0.01000219	          0.01627509	          0.01665783	          0.01000075	          0.08672539	          0.08468976	          0.07743090	          0.09528208	          0.02165036	          0.01000109	          0.01000019	          0.19267474	          0.16465393	          0.09317149	          0.01000056	          0.01000019	          0.01000012	          0.04281376	          0.04531581	          0.01851463	          0.01000388	          0.01000084	          0.06439298	          0.01000017	          0.01000017	          0.01000013	          0.01406569	          0.01795591	          0.01511887	          0.01656833	          0.01577910	          0.01652093	          0.09522014	          0.02312469	          0.01007631	          0.14771124	          0.27237164	          0.24431557	          0.03795956	          0.07070868	          0.01000014	          0.02307067	          0.01000018	          0.01000021	
          0.21197789	         -6.34101956	         -4.18670847	          4.67424760	          0.26886050	          0.83730614	          0.00193362	         16.37619846	          9.25087816	          9.37749191	        -13.42694984	          7.70594475	        -10.61173520	          0.90965454	         10.32178429	         -1.43560337	          3.23903749	        -59.00133633	          4.38243938	          4.86204924	          5.22904586	         -2.34644425	          6.11516954	         -1.27379928	        -15.90595127	        -13.44972901	         11.98445522	         12.42972691	         16.21630081	        -13.44979421	         18.88342977	         55.63039074	          0.44877927	          0.27875466	          0.21912715	          0.18291834	          0.17870696	          0.18258233	          0.04507750	          0.05620629	          0.04079381	          0.01000048	          0.01000082	          0.01000090	          0.01085544	          0.02449689	          0.05017339	          0.07580064	          0.01000098	          0.01000458	          0.01000209	          0.14209587	          0.07329132	          0.06008765	          0.01000016	          0.01000016	          0.01000219	          0.01000711	          0.03976081	          0.01000039	          0.13207653	          0.13770012	          0.11167216	          0.05153823	          0.01000050	          0.05820199	          0.12464372	          0.02261725	          0.03575325	          0.10561145	          0.02219718	          0.04272871	          0.03474917	          0.05521726	          0.02842227	          0.01541237	          0.01000042	          0.01000024	          0.12093982	          0.02908736	          0.01000234	          0.01372457	          0.01404609	          0.01000046	          0.10078641	          0.08642531	          0.07965171	          0.08544652	          0.01825589	          0.01000090	          0.01000018	          0.18639727	          0.16531262	          0.07856384	          0.01000046	          0.01000016	          0.01000011	          0.04383051	          0.04661357	          0.01561178	          0.01000383	          0.01000075	          0.05429682	          0.01000021	          0.01000020	          0.01000015	          0.01186035	          0.01514062	          0.01274838	          0.01397065	          0.01330547	          0.01393084	          0.09369654	          0.01949926	          0.01000033	          0.16795721	          0.25519501	          0.24350207	          0.03528411	          0.06960636	          0.01000015	          0.01945381	          0.01000017	          0.01000025	
          0.22313462	         -6.34365917	         -4.16505372	          4.57020697	          0.28117727	          0.83879233	          0.00222875	         15.08311123	          9.29029340	          9.77200061	        -12.68533714	          7.57273311	        -10.62034349	          1.24067144	         12.33257873	         -1.45535084	          3.00461000	        -59.99391535	          5.71783668	          4.72873689	          4.52918313	         -2.40267850	          6.18549637	         -1.20644540	        -13.99006608	        -13.44973729	         11.61282324	         11.99386661	         15.11838725	        -13.44972354	         18.67332253	         53.96341108	          0.43798490	          0.26531522	          0.21201111	          0.18983704	          0.19478653	          0.19912651	          0.04233144	          0.05053890	          0.03798761	          0.01000044	          0.01000088	          0.01000075	          0.01000111	          0.02065721	          0.04230851	          0.07122939	          0.01000118	          0.01000395	          0.01000207	          0.13089959	          0.06701179	          0.05535687	          0.01000016	          0.01000016	          0.01000207	          0.01000826	          0.06627712	          0.01000057	          0.12113336	          0.12606141	          0.10258994	          0.07662340	          0.01000132	          0.06303722	          0.13075343	          0.02808645	          0.04305994	          0.08905258	          0.02871792	          0.04907686	          0.02930132	          0.04655979	          0.02396627	          0.01299686	          0.01000039	          0.01000023	          0.10197789	          0.02452758	          0.01000211	          0.01157465	          0.01184387	          0.01000031	          0.11216811	          0.08977983	          0.08131959	          0.08289004	          0.01539367	          0.01000083	          0.01000017	          0.17881222	          0.16513320	          0.06624616	          0.01000039	          0.01000014	          0.01000010	          0.04438071	          0.04717307	          0.01316410	          0.01000430	          0.01000079	          0.04578368	          0.01000026	          0.01000026	          0.01000019	          0.01000085	          0.01276676	          0.01074956	          0.01178030	          0.01121999	          0.01174705	          0.09428361	          0.01906745	          0.01000239	          0.18463151	          0.24181555	          0.24868286	          0.03242027	          0.06819317	          0.01000015	          0.01640454	          0.01000017	          0.01000026	
          0.23429135	         -6.34654272	         -4.12741252	          4.44631025	          0.29342943	          0.84017767	          0.00251175	         13.75891274	          9.29279661	         10.15276077	        -11.87544913	          7.40766730	        -10.60990864	          1.65171992	         14.34163623	         -1.46374540	          2.78105274	        -60.74832528	          7.04702812	          4.55495939	          3.92082972	         -2.46124406	          6.23604071	         -1.13511694	        -12.01835088	        -13.44982211	         11.21520735	         11.66902681	         14.00103837	        -13.44974453	         18.43814447	         52.19448435	          0.42458872	          0.25245177	          0.20555579	          0.20492291	          0.21117402	          0.21692816	          0.03837196	          0.04492243	          0.03464618	          0.01000047	          0.01000096	          0.01000069	          0.01000131	          0.01741964	          0.03567656	          0.06733634	          0.01000139	          0.01000365	          0.01000194	          0.12154591	          0.06247356	          0.05204986	          0.01000017	          0.01000017	          0.01000169	          0.01000861	          0.09373708	          0.01000067	          0.11202223	          0.11620601	          0.09496621	          0.09983671	          0.03768199	          0.06417603	          0.13530850	          0.02503059	          0.04258548	          0.07508999	          0.03411069	          0.05558335	          0.02470779	          0.03925974	          0.02020901	          0.01095929	          0.01000040	          0.01000024	          0.08598887	          0.02068238	          0.01000218	          0.01000446	          0.01000020	          0.01000022	          0.12076640	          0.09114164	          0.08441706	          0.07921088	          0.01298026	          0.01000074	          0.01000016	          0.17163896	          0.16301227	          0.05585964	          0.01000036	          0.01000013	          0.01000010	          0.04512981	          0.04841178	          0.01110029	          0.01000493	          0.01000085	          0.03860545	          0.01000035	          0.01000034	          0.01000026	          0.01000012	          0.01076512	          0.01000002	          0.01000023	          0.01000122	          0.01000089	          0.10462554	          0.02327394	          0.01000340	          0.22171648	          0.23219436	          0.25366413	          0.02957748	          0.06688365	          0.01000015	          0.01385088	          0.01000017	          0.01000030	
          0.24544808	         -6.34959200	         -4.07451175	          4.30273299	          0.30563239	          0.84144876	          0.00278229	         12.40792194	          9.25940263	         10.51903050	        -11.00646955	          7.21031226	        -10.57975047	          2.13618970	         16.33681978	         -1.46103867	          2.56861307	        -61.26465660	          8.34128106	          4.34380888	          3.39147033	         -2.52125446	          6.26778322	         -1.06036162	        -10.00824384	        -13.45004347	         10.80170020	         11.48601175	         12.86873007	        -13.44990956	         18.18558163	         50.32948046	          0.40924984	          0.24014472	          0.19984641	          0.21765588	          0.22967083	          0.23451134	          0.03393221	          0.03850434	          0.03087056	          0.01000044	          0.01000098	          0.01000057	          0.01000100	          0.01468984	          0.03008431	          0.06202858	          0.01000170	          0.01000308	          0.01000163	          0.11384567	          0.05880150	          0.04763501	          0.01000016	          0.01000017	          0.01000169	          0.01000924	          0.11978161	          0.01000107	          0.10338614	          0.10748681	          0.08871654	          0.12348483	          0.07392838	          0.06495033	          0.14050060	          0.02636827	          0.04585371	          0.06331661	          0.04314919	          0.06003582	          0.02083455	          0.03310428	          0.01704090	          0.01000108	          0.01000038	          0.01000025	          0.07250673	          0.01743993	          0.01000199	          0.01000419	          0.01000022	          0.01000016	          0.12265552	          0.09490979	          0.08826280	          0.07380129	          0.01094541	          0.01000071	          0.01000016	          0.16335356	          0.16045842	          0.04710158	          0.01000032	          0.01000013	          0.01000010	          0.04622494	          0.05050024	          0.01000064	          0.01000602	          0.01000092	          0.03255364	          0.01000050	          0.01000049	          0.01000037	          0.01000010	          0.01000017	          0.01000003	          0.01000030	          0.01000140	          0.01000103	          0.11937859	          0.03849587	          0.01000123	          0.25481243	          0.22586539	          0.25985260	          0.02719923	          0.06536723	          0.01000015	          0.01263103	          0.01000016	          0.01000032	
          0.25660481	         -6.35277130	         -4.00702661	          4.14014823	          0.31780190	          0.84259395	          0.00304034	         11.03418759	          9.19144626	         10.86994994	        -10.08821913	          6.98660204	        -10.53005054	          2.68739760	         18.30399026	         -1.44803193	          2.36841639	        -61.53806496	          9.57717325	          4.09825909	          2.93042395	         -2.58182955	          6.28136228	         -0.98259653	         -7.97794200	        -13.45030820	         10.38696841	         11.47589783	         11.72504358	        -13.45028991	         17.92341689	         48.37671658	          0.39151154	          0.22748598	          0.19397755	          0.22757386	          0.24300111	          0.24544085	          0.03097265	          0.03288677	          0.02816032	          0.01000049	          0.01000122	          0.01000053	          0.01000089	          0.01238845	          0.02536884	          0.05721724	          0.01000237	          0.01000291	          0.01000156	          0.10800339	          0.05500264	          0.04337729	          0.01000019	          0.01000019	          0.01000162	          0.01001130	          0.13851371	          0.01000186	          0.09542896	          0.09848636	          0.08185108	          0.14720231	          0.10596734	          0.06545916	          0.14546788	          0.03053232	          0.05009531	          0.05338918	          0.05002655	          0.06425509	          0.01756871	          0.02791394	          0.01436961	          0.01000046	          0.01000033	          0.01000028	          0.06113844	          0.01470582	          0.01000177	          0.01000316	          0.01000019	          0.01000013	          0.10342703	          0.11017424	          0.09391581	          0.06929959	          0.01000096	          0.01000060	          0.01000014	          0.15555196	          0.16581934	          0.03971667	          0.01000029	          0.01000012	          0.01000010	          0.05007028	          0.05452690	          0.01000183	          0.01054408	          0.01000154	          0.03001916	          0.01000048	          0.01000047	          0.01000035	          0.01000010	          0.01000021	          0.01000003	          0.01000025	          0.01000129	          0.01000092	          0.13408434	          0.05721769	          0.01000256	          0.27451677	          0.22122009	          0.26465937	          0.02417748	          0.06326355	          0.01000016	          0.01199339	          0.01000016	          0.01000038	
          0.26776154	         -6.35614116	         -3.92575165	          3.95948162	          0.32995388	          0.84360430	          0.00328618	          9.64143233	          9.09055798	         11.20454605	         -9.12995050	          6.74267752	        -10.46076240	          3.29783337	         20.22528866	         -1.42558581	          2.18245465	        -61.55004567	         10.73507104	          3.82172971	          2.52796416	         -2.64222507	          6.27733883	         -0.90219392	         -5.94557835	        -13.45050177	          9.99037315	         11.66801432	         10.57218510	        -13.45078180	         17.65808994	         46.34702743	          0.37212790	          0.21370416	          0.18575769	          0.23035391	          0.24927923	          0.25294781	          0.02892305	          0.02842166	          0.02615806	          0.01000049	          0.01000128	          0.01000047	          0.01000082	          0.01044942	          0.02139284	          0.05266639	          0.01000294	          0.01000262	          0.01000149	          0.10153720	          0.05144746	          0.04048425	          0.01000019	          0.01000020	          0.01000150	          0.01001214	          0.15365268	          0.01000290	          0.08752100	          0.09008719	          0.07538548	          0.17076982	          0.13685465	          0.06563403	          0.15026802	          0.03650019	          0.05458996	          0.04501829	          0.05330675	          0.06716964	          0.01481511	          0.02353740	          0.01211735	          0.01000041	          0.01000032	          0.01000027	          0.05155258	          0.01240044	          0.01000156	          0.01000249	          0.01000018	          0.01000010	          0.08721082	          0.12132009	          0.10314776	          0.07440978	          0.01000128	          0.01000058	          0.01000013	          0.14816936	          0.16907929	          0.03348962	          0.01000027	          0.01000012	          0.01000010	          0.05413391	          0.05876865	          0.01000200	          0.05070381	          0.01000144	          0.02903479	          0.01000058	          0.01000057	          0.01000044	          0.01000009	          0.01000019	          0.01000002	          0.01000026	          0.01000125	          0.01000091	          0.14745749	          0.07495588	          0.01000174	          0.28881448	          0.21846794	          0.26523836	          0.02111739	          0.06110024	          0.01000016	          0.01143342	          0.01000016	          0.01000041	
          0.27891827	         -6.35979654	         -3.83157193	          3.76176956	          0.34210200	          0.84447037	          0.00351957	          8.23377022	          8.95856182	         11.52164967	         -8.14077894	          6.48170253	        -10.37208798	          3.96009589	         22.08384905	         -1.39378326	          2.01093952	        -61.28454843	         11.79773048	          3.51813795	          2.17534098	         -2.70198938	          6.25635714	         -0.81949896	         -3.92805436	        -13.45081878	          9.63488246	         12.08799292	          9.41128217	        -13.45138350	         17.39518140	         44.25445052	          0.35201452	          0.20081784	          0.17700799	          0.23324025	          0.25330494	          0.25697574	          0.02677860	          0.02470091	          0.02404472	          0.01000056	          0.01000153	          0.01000045	          0.01000078	          0.01000911	          0.01804045	          0.04819473	          0.01000420	          0.01000252	          0.01000151	          0.09573162	          0.04836692	          0.03682404	          0.01000021	          0.01000022	          0.01000151	          0.01001343	          0.16664804	          0.01000500	          0.07988127	          0.08199373	          0.06891158	          0.19437026	          0.16693151	          0.06563940	          0.15493078	          0.04350530	          0.05961800	          0.03795988	          0.05346612	          0.06924171	          0.01249362	          0.01984707	          0.01021887	          0.01000033	          0.01000030	          0.01000028	          0.04346969	          0.01045673	          0.01000138	          0.01000188	          0.01000016	          0.01000009	          0.07353705	          0.13027339	          0.11131491	          0.08368830	          0.01000125	          0.01000055	          0.01000013	          0.14118767	          0.16762526	          0.02823889	          0.01000025	          0.01000011	          0.01000010	          0.05766828	          0.06270824	          0.01000228	          0.09042370	          0.01000161	          0.02846002	          0.01000077	          0.01000077	          0.01000058	          0.01000009	          0.01000019	          0.01000003	          0.01000024	          0.01000118	          0.01000088	          0.16012150	          0.08877673	          0.01180047	          0.29686672	          0.21703414	          0.26440445	          0.01817271	          0.05919285	          0.01000017	          0.01154047	          0.01000016	          0.01000049	
          0.29007501	         -6.36383135	         -3.72543509	          3.54823022	          0.35425788	          0.84518208	          0.00374035	          6.81565799	          8.79736176	         11.82025001	         -7.12992804	          6.20551429	        -10.26387242	          4.66797608	         23.86463258	         -1.35236688	          1.85396871	        -60.73281207	         12.74947529	          3.19190757	          1.86537722	         -2.76083936	          6.21896393	         -0.73480639	         -1.94024557	        -13.45161320	          9.34514528	         12.75510826	          8.24256331	        -13.45216242	         17.13922536	         42.11547399	          0.33166989	          0.18880017	          0.16894869	          0.24012579	          0.25732444	          0.25694487	          0.02515202	          0.02143034	          0.02216608	          0.01000064	          0.01000179	          0.01000041	          0.01000073	          0.01001020	          0.01521412	          0.04291067	          0.01000738	          0.01000235	          0.01000151	          0.09096045	          0.04611355	          0.03284160	          0.01000023	          0.01000024	          0.01000141	          0.01001458	          0.17566977	          0.01000659	          0.07232520	          0.07391497	          0.06265611	          0.21783879	          0.19643746	          0.06568034	          0.15940538	          0.05151274	          0.06498307	          0.03200816	          0.05132826	          0.07051316	          0.01053735	          0.01673537	          0.01000449	          0.01000026	          0.01000029	          0.01000031	          0.03665412	          0.01000128	          0.01000127	          0.01000140	          0.01000014	          0.01000008	          0.06200717	          0.13889575	          0.11887735	          0.09354672	          0.01000134	          0.01000056	          0.01000013	          0.13467733	          0.16223533	          0.02381142	          0.01000025	          0.01000012	          0.01000012	          0.06100284	          0.06673930	          0.01150559	          0.11623349	          0.01000221	          0.02795485	          0.01000152	          0.01000150	          0.01000111	          0.01000009	          0.01000018	          0.01000003	          0.01000026	          0.01000121	          0.01000090	          0.17232608	          0.09601182	          0.01730875	          0.29742935	          0.21654235	          0.26004276	          0.01547605	          0.05751099	          0.01000018	          0.01229283	          0.01000016	          0.01000056	
          0.30123174	         -6.36832539	         -3.60829825	          3.32022450	          0.36643174	          0.84572957	          0.00394861	          5.39176954	          8.60912611	         12.09925248	         -6.10712547	          5.91665080	        -10.13638312	          5.41675261	         25.55434443	         -1.30095276	          1.71193948	        -59.89239958	         13.57683470	          2.84763659	          1.59316850	         -2.81854548	          6.16557276	         -0.64835980	          0.00619737	        -13.45320773	          9.14416805	         13.67905090	          7.06528081	        -13.45313017	         16.89303968	         39.94860703	          0.31266931	          0.17702334	          0.15879296	          0.24084421	          0.25781425	          0.25448644	          0.02436675	          0.01898995	          0.02097716	          0.01000066	          0.01000190	          0.01000038	          0.01000069	          0.01000915	          0.01283190	          0.04021133	          0.01000840	          0.01000217	          0.01000147	          0.08659613	          0.04439079	          0.03048574	          0.01000024	          0.01000024	          0.01000130	          0.01001469	          0.18042936	          0.01001266	          0.06296035	          0.06355652	          0.05505874	          0.24117621	          0.22556903	          0.06599594	          0.16390605	          0.06029716	          0.07025160	          0.02698962	          0.04572979	          0.07069548	          0.01000723	          0.01411157	          0.01000539	          0.01000026	          0.01000029	          0.01000031	          0.03090717	          0.01000153	          0.01000118	          0.01000102	          0.01000013	          0.01000007	          0.05228505	          0.14856999	          0.12734922	          0.10923215	          0.01000156	          0.01000060	          0.01000014	          0.12837783	          0.15685955	          0.02007814	          0.01000025	          0.01000013	          0.01000013	          0.06523491	          0.07131688	          0.02344798	          0.12335193	          0.01000192	          0.02716049	          0.01000870	          0.01000945	          0.01000500	          0.01000009	          0.01000019	          0.01000003	          0.01000029	          0.01000134	          0.01000100	          0.18322470	          0.09872634	          0.02588039	          0.28945300	          0.21668274	          0.25291863	          0.01324016	          0.05614513	          0.01000017	          0.01293306	          0.01000016	          0.01000058	
          0.31238847	         -6.37332544	         -3.48113608	          3.07911672	          0.37863226	          0.84610382	          0.00414388	          3.96797021	          8.39653201	         12.35750413	         -5.08454251	          5.61909197	         -9.99040307	          6.20327096	         27.14175483	         -1.23849958	          1.58388979	        -58.76556185	         14.27036302	          2.49020877	          1.35652393	         -2.87488238	          6.09670744	         -0.56037146	          1.90436877	        -13.45559612	          9.04860280	         14.85580887	          5.87753143	        -13.45425803	         16.65755294	         37.77478138	          0.29433787	          0.16641606	          0.14873516	          0.24291595	          0.25527443	          0.24990536	          0.02552467	          0.01779032	          0.02083766	          0.01000075	          0.01000229	          0.01000038	          0.01000071	          0.01000864	          0.01082617	          0.03436267	          0.01726403	          0.01000218	          0.01000153	          0.08316145	          0.04319016	          0.02996380	          0.01000026	          0.01000027	          0.01000133	          0.01001498	          0.18502579	          0.01001499	          0.05309171	          0.05359463	          0.04642910	          0.26419559	          0.25425059	          0.06647840	          0.16812035	          0.06872001	          0.07506885	          0.02275795	          0.03859299	          0.06996965	          0.01000843	          0.01189922	          0.01000443	          0.01000026	          0.01000030	          0.01000031	          0.02606130	          0.01000143	          0.01000115	          0.01000065	          0.01000013	          0.01000007	          0.04408727	          0.16154375	          0.13622972	          0.12404710	          0.01000158	          0.01000060	          0.01000015	          0.12197146	          0.15121985	          0.01693022	          0.01000025	          0.01000013	          0.01000013	          0.07067227	          0.07672896	          0.03835988	          0.12181886	          0.01000184	          0.02601847	          0.01097718	          0.01125735	          0.01001642	          0.01000009	          0.01000020	          0.01000004	          0.01000038	          0.01000163	          0.01000119	          0.19274813	          0.09891742	          0.03657125	          0.27385832	          0.21753389	          0.24241983	          0.01131243	          0.05491008	          0.01000018	          0.01431891	          0.01000016	          0.01000069	
          0.32354520	         -6.37886926	         -3.34487898	          2.82644966	          0.39086653	          0.84629732	          0.00432547	          2.55068134	          8.16245975	         12.59382532	         -4.07536991	          5.31792839	         -9.82724409	          7.02533083	         28.61786159	         -1.16376098	          1.46856535	        -57.35640121	         14.82656448	          2.12450558	          1.15490022	         -2.92968982	          6.01280015	         -0.47098067	          3.75263132	        -13.45805810	          9.06694103	         16.26572404	          4.67666110	        -13.45552885	         16.43192354	         35.61683956	          0.27674586	          0.15697526	          0.14014859	          0.23998586	          0.25042038	          0.24554782	          0.02846555	          0.02146245	          0.02212185	          0.01000086	          0.01000251	          0.01000036	          0.01000069	          0.01000798	          0.01001756	          0.02897840	          0.05268785	          0.01000207	          0.01000156	          0.08047406	          0.04304926	          0.02528189	          0.01000028	          0.01000028	          0.01000123	          0.01001466	          0.19038244	          0.01000339	          0.04476835	          0.04519252	          0.03915041	          0.28671214	          0.28231579	          0.06699573	          0.17220756	          0.07682498	          0.07966177	          0.01918978	          0.03254670	          0.06786578	          0.01000678	          0.01003391	          0.01000485	          0.01000026	          0.01000030	          0.01000033	          0.02197523	          0.01000133	          0.01000111	          0.01000036	          0.01000013	          0.01000007	          0.03717483	          0.17436430	          0.14438701	          0.13832301	          0.01000193	          0.01000067	          0.01000016	          0.11617552	          0.14266768	          0.01427590	          0.01000026	          0.01000014	          0.01000015	          0.07653399	          0.08282404	          0.05445755	          0.11606413	          0.01000175	          0.02454822	          0.01073030	          0.01095247	          0.01000749	          0.01000012	          0.01000024	          0.01000005	          0.01000034	          0.01000165	          0.01000124	          0.20064627	          0.10001303	          0.04642950	          0.25261304	          0.21937028	          0.22882547	          0.01000308	          0.05358106	          0.01000019	          0.01667987	          0.01000016	          0.01000073	
          0.33470193	         -6.38499005	         -3.20032383	          2.56402110	          0.40314030	          0.84630381	          0.00449228	          1.14599222	          7.90981236	         12.80689465	         -3.09232816	          5.01974174	         -9.64881636	          7.88060729	         29.97703235	         -1.07547687	          1.36469088	        -55.67356711	         15.24953917	          1.75533115	          0.98716285	         -2.98286462	          5.91408359	         -0.38011648	          5.55347461	        -13.45976540	          9.20329528	         17.87699734	          3.45940867	        -13.45660976	         16.21142938	         33.49918141	          0.26109197	          0.14815452	          0.13257699	          0.23801889	          0.24795329	          0.24550774	          0.03132724	          0.02654977	          0.02247194	          0.01000106	          0.01000253	          0.01000035	          0.01000070	          0.01000768	          0.01002314	          0.02443604	          0.09174668	          0.01000201	          0.01000168	          0.07671636	          0.04242508	          0.02132059	          0.01000028	          0.01000029	          0.01000122	          0.01001453	          0.19949695	          0.01000141	          0.03774958	          0.03810731	          0.03301250	          0.30845558	          0.30954107	          0.06763133	          0.17631835	          0.08555007	          0.08391591	          0.01618108	          0.02744717	          0.06393119	          0.01000678	          0.01000103	          0.01000364	          0.01000028	          0.01000033	          0.01000035	          0.01852983	          0.01000137	          0.01000113	          0.01000020	          0.01000014	          0.01000007	          0.03134619	          0.18622528	          0.15100830	          0.15087113	          0.01000242	          0.01000077	          0.01000019	          0.11151941	          0.13000756	          0.01203783	          0.01000028	          0.01000016	          0.01000017	          0.08337716	          0.08969966	          0.06938703	          0.10935978	          0.01000164	          0.02276361	          0.01000900	          0.01001029	          0.01000225	          0.01000013	          0.01000028	          0.01000006	          0.01000059	          0.01000233	          0.01000175	          0.20833784	          0.10202010	          0.05586042	          0.22826092	          0.22292030	          0.21291011	          0.01000045	          0.05250414	          0.01000021	          0.02040816	          0.01000015	          0.01167085	
          0.34585866	         -6.39171411	         -3.04822571	          2.29384951	          0.41545939	          0.84611820	          0.00464326	         -0.24163289	          7.64114032	         12.99554498	         -2.14519995	          4.73103376	         -9.45611652	          8.76646612	         31.21676366	         -0.97287057	          1.27152511	        -53.73068418	         15.55169681	          1.38585275	          0.84944638	         -3.03428523	          5.80054903	         -0.28758685	          7.31127846	        -13.46037507	          9.45868941	         19.65238902	          2.22227210	        -13.45677248	         15.98679703	         31.44606831	          0.24926308	          0.14248730	          0.13096661	          0.24126000	          0.25400939	          0.24951803	          0.03342890	          0.02807033	          0.02135816	          0.01000243	          0.01000571	          0.01000038	          0.01000069	          0.01000650	          0.01001711	          0.02060535	          0.12736497	          0.01000220	          0.01000204	          0.07148740	          0.03664812	          0.01797872	          0.01000042	          0.01000043	          0.01000140	          0.01002221	          0.20700426	          0.01000086	          0.03183115	          0.03213284	          0.02783681	          0.32896485	          0.33504240	          0.06833819	          0.17991720	          0.09216447	          0.08676026	          0.01364417	          0.02314553	          0.06020113	          0.01000549	          0.01000154	          0.01000541	          0.01000029	          0.01000034	          0.01000037	          0.01562468	          0.01000135	          0.01000114	          0.01000013	          0.01000015	          0.01000007	          0.02643144	          0.19966365	          0.15419456	          0.15251360	          0.01000272	          0.01000082	          0.01000020	          0.10741996	          0.12098766	          0.01015088	          0.01000029	          0.01000017	          0.01000018	          0.09086785	          0.09675729	          0.07735296	          0.10140443	          0.01000170	          0.02130157	          0.01000394	          0.01000438	          0.01000131	          0.01000016	          0.01000033	          0.01000009	          0.01000055	          0.01000239	          0.01000186	          0.21553506	          0.10588344	          0.06362894	          0.20885613	          0.22800150	          0.19735300	          0.01000050	          0.05126665	          0.01000020	          0.02444724	          0.01000015	          0.01562004	
          0.35701539	         -6.39909419	         -2.88902289	          2.01794388	          0.42782930	          0.84573740	          0.00477871	         -1.60928093	          7.35822339	         13.15877351	         -1.24083472	          4.45703402	         -9.24906454	          9.68103659	         32.33725330	         -0.85647034	          1.18945041	        -51.54680222	         15.75240340	          1.01648620	          0.73548274	         -3.08407701	          5.67156118	         -0.19347386	          9.03076952	        -13.45991995	          9.82984665	         21.55506184	          0.96178672	        -13.45575224	         15.74703966	         29.48104799	          0.24252822	          0.14112262	          0.13191848	          0.25446941	          0.26613197	          0.25732781	          0.03353191	          0.02678373	          0.01989781	          0.02652105	          0.01001289	          0.01000037	          0.01000065	          0.01000556	          0.01001509	          0.01737523	          0.16022305	          0.01000213	          0.01000212	          0.06920256	          0.03452804	          0.01516078	          0.01000049	          0.01000050	          0.01000132	          0.01002622	          0.21552535	          0.01000071	          0.02684067	          0.02709512	          0.02347263	          0.34798049	          0.35867628	          0.06984748	          0.18345326	          0.09928539	          0.08913314	          0.01150515	          0.01952049	          0.05859722	          0.01000613	          0.01000158	          0.01000566	          0.01000031	          0.01000038	          0.01000042	          0.01317509	          0.01000139	          0.01000120	          0.01000010	          0.01000016	          0.01000008	          0.02228727	          0.20751394	          0.15343736	          0.14657565	          0.01000373	          0.01000098	          0.01000023	          0.10351591	          0.10684267	          0.01000142	          0.01000033	          0.01000019	          0.01000022	          0.09852863	          0.10374857	          0.08131972	          0.09229888	          0.01000177	          0.01994631	          0.01000359	          0.01000418	          0.01000113	          0.01000017	          0.01000035	          0.01000010	          0.01000064	          0.01000267	          0.01000213	          0.22278270	          0.11010658	          0.07081601	          0.19196451	          0.23466727	          0.18168204	          0.01000046	          0.04993700	          0.01000020	          0.02688604	          0.01000015	          0.01953941	
          0.36817212	         -6.40715102	         -2.72251208	          1.73783005	          0.44025646	          0.84516138	          0.00489886	         -2.95253400	          7.06264016	         13.29509190	         -0.38946970	          4.20343991	         -9.02748392	         10.62439630	         33.34057060	         -0.72746077	          1.11939763	        -49.14742561	         15.87301095	          0.64666063	          0.63936455	         -3.13229679	          5.52607318	         -0.09798129	         10.71604233	        -13.45859082	         10.30765736	         23.55106079	         -0.32562406	        -13.45378316	         15.48142242	         27.62701659	          0.23897612	          0.14398831	          0.13430671	          0.27479871	          0.28005532	          0.26673798	          0.03277701	          0.02259600	          0.01823469	          0.06693024	          0.01001166	          0.01000035	          0.01000063	          0.01000486	          0.01001402	          0.01465163	          0.19084694	          0.01000202	          0.01000202	          0.07138179	          0.03764675	          0.01278489	          0.01000053	          0.01000053	          0.01000123	          0.01002121	          0.22371208	          0.01000075	          0.02263269	          0.02284731	          0.01979276	          0.36566620	          0.38079589	          0.07245816	          0.18751889	          0.10705702	          0.09263738	          0.01000073	          0.01853065	          0.05717758	          0.01000727	          0.01000165	          0.01000513	          0.01000034	          0.01000042	          0.01000047	          0.01110977	          0.01000153	          0.01000132	          0.01000008	          0.01000017	          0.01000008	          0.01879287	          0.20764271	          0.14919160	          0.13755753	          0.01000424	          0.01000109	          0.01000026	          0.10029711	          0.09214002	          0.01000176	          0.01000036	          0.01000021	          0.01000025	          0.10590709	          0.11018499	          0.08393518	          0.08209791	          0.01000191	          0.01865686	          0.01000336	          0.01000426	          0.01000096	          0.01000018	          0.01000037	          0.01000012	          0.01000072	          0.01000289	          0.01000236	          0.22953946	          0.11404606	          0.07728245	          0.17767937	          0.24226891	          0.16663938	          0.01000038	          0.04879036	          0.01000020	          0.02776404	          0.01000015	          0.02295039	
          0.37932885	         -6.41583216	         -2.54781317	          1.45455380	          0.45274926	          0.84439502	          0.00500346	         -4.26421688	          6.75619625	         13.40261292	          0.39302684	          3.97758318	         -8.79129208	         11.59700796	         34.22986994	         -0.58690918	          1.06230816	        -46.56247629	         15.93341134	          0.27572680	          0.55737841	         -3.17869804	          5.36266928	         -0.00136998	         12.36956722	        -13.45664432	         10.87906637	         25.61105325	         -1.64378377	        -13.45142435	         15.17949781	         25.90656541	          0.23718031	          0.14741501	          0.13819608	          0.29102340	          0.29398048	          0.27555821	          0.03254304	          0.01905576	          0.01538396	          0.10776721	          0.01019200	          0.01000033	          0.01000058	          0.01000408	          0.01001227	          0.01235516	          0.21857944	          0.01000194	          0.01000189	          0.07205869	          0.03423006	          0.01078211	          0.01000060	          0.01000060	          0.01000109	          0.01002010	          0.23067184	          0.01000078	          0.01908452	          0.01926557	          0.01668992	          0.38182341	          0.40131939	          0.07575446	          0.19171267	          0.11541755	          0.09629438	          0.01000084	          0.01784835	          0.05469397	          0.01000640	          0.01000139	          0.01000455	          0.01000038	          0.01000048	          0.01000055	          0.01000137	          0.01000164	          0.01000146	          0.01000008	          0.01000018	          0.01000009	          0.01584637	          0.20262981	          0.14468466	          0.12797355	          0.01000560	          0.01000132	          0.01000032	          0.09621484	          0.08024181	          0.01000156	          0.01000042	          0.01000025	          0.01000030	          0.11361838	          0.11608977	          0.08750931	          0.07123374	          0.01000209	          0.01763823	          0.01000475	          0.01000703	          0.01000101	          0.01000018	          0.01000036	          0.01000014	          0.01000072	          0.01000296	          0.01000247	          0.23564145	          0.11778842	          0.08299373	          0.16543907	          0.25055822	          0.15252967	          0.01000041	          0.04821548	          0.01000019	          0.02919484	          0.01000015	          0.02659232	
          0.39048558	         -6.42504224	         -2.36381534	          1.16902363	          0.46531964	          0.84344913	          0.00509225	         -5.53760592	          6.44037233	         13.47956887	          1.09162706	          3.78506706	         -8.53949514	         12.59903599	         35.00919937	         -0.43554037	          1.01915068	        -43.82433189	         15.95092517	         -0.09698194	          0.48750014	         -3.22263332	          5.17959858	          0.09607068	         13.99095777	        -13.45444844	         11.52873490	         27.71199881	         -2.99744492	        -13.44978797	         14.82965372	         24.34452002	          0.23641094	          0.14830512	          0.14034143	          0.30520352	          0.30551849	          0.28362707	          0.02858738	          0.01606941	          0.01297370	          0.14445651	          0.04805003	          0.01000035	          0.01000058	          0.01000361	          0.01001101	          0.01041912	          0.24344495	          0.01000205	          0.01000206	          0.06349759	          0.02891399	          0.01000379	          0.01000086	          0.01000078	          0.01000121	          0.01002649	          0.23653793	          0.01000076	          0.01609271	          0.01624548	          0.01407364	          0.39628478	          0.42019578	          0.08031274	          0.19633593	          0.12504125	          0.10115254	          0.01000236	          0.01506676	          0.05162178	          0.01001292	          0.01000508	          0.01001238	          0.01000039	          0.01000050	          0.01000056	          0.01000195	          0.01000171	          0.01000151	          0.01000008	          0.01000019	          0.01000009	          0.01336188	          0.17829255	          0.14136343	          0.11592974	          0.01000585	          0.01000135	          0.01000033	          0.08978638	          0.07358167	          0.01000166	          0.01000043	          0.01000026	          0.01000032	          0.12146595	          0.12094017	          0.09321038	          0.06031061	          0.01000224	          0.01706005	          0.01000235	          0.01000295	          0.01000073	          0.01000018	          0.01000038	          0.01000015	          0.01000085	          0.01000333	          0.01000280	          0.24154218	          0.12227859	          0.08814219	          0.15302871	          0.25926400	          0.14008093	          0.01000037	          0.04797985	          0.01000018	          0.03072869	          0.01000015	          0.03166380	
          0.40164231	         -6.43468210	         -2.16946032	          0.88202688	          0.47798335	          0.84234180	          0.00516522	         -6.76624379	          6.11639957	         13.52441722	          1.69177467	          3.63022570	         -8.26986762	         13.62946366	         35.68173187	         -0.27364857	          0.99111975	        -40.96380597	         15.94013523	         -0.47211392	          0.42826898	         -3.26311744	          4.97501881	          0.19399785	         15.57602020	        -13.45223096	         12.23683473	         29.83883873	         -4.39273130	        -13.45122473	         14.42238430	         22.97006467	          0.23618103	          0.14836288	          0.14080377	          0.31646583	          0.31649562	          0.29097561	          0.02410929	          0.01355110	          0.01094082	          0.17323291	          0.09483418	          0.01000040	          0.01000060	          0.01000326	          0.01001000	          0.01000250	          0.26697846	          0.01000241	          0.01000237	          0.05363592	          0.02439275	          0.01000336	          0.01000364	          0.01394719	          0.01000128	          0.01003361	          0.23984375	          0.01000079	          0.01357013	          0.01369908	          0.01186772	          0.40897364	          0.43766601	          0.08822861	          0.20226197	          0.13790289	          0.11119845	          0.01394782	          0.01712221	          0.04788888	          0.01018899	          0.02117988	          0.01014934	          0.01000041	          0.01000053	          0.01000062	          0.01000192	          0.01000177	          0.01000160	          0.01000007	          0.01000020	          0.01000009	          0.01126700	          0.15033903	          0.13825964	          0.10559325	          0.01000472	          0.01000134	          0.01000035	          0.08341636	          0.06230556	          0.01000163	          0.01000046	          0.01000028	          0.01000033	          0.12647480	          0.12290983	          0.09798406	          0.05086419	          0.01000248	          0.01689657	          0.01000199	          0.01000237	          0.01000068	          0.01000021	          0.01000043	          0.01000020	          0.01000078	          0.01000307	          0.01000275	          0.24713773	          0.12686885	          0.09322139	          0.14091784	          0.26854767	          0.13007627	          0.01000038	          0.04821422	          0.01000017	          0.03254216	          0.01000014	          0.03622281	
          0.41279905	         -6.44460268	         -1.96368859	          0.59432728	          0.49075936	          0.84109443	          0.00522238	         -7.94393149	          5.78543030	         13.53531777	          2.17929617	          3.51626458	         -7.98032257	         14.68623379	         36.25049149	         -0.10115676	          0.97920034	        -38.01316625	         15.91383958	         -0.85025768	          0.37839131	         -3.29884660	          4.74704045	          0.29210131	         17.11713887	        -13.45051014	         12.98231886	         31.98366048	         -5.83679438	        -13.46033549	         13.95849962	         21.81741418	          0.23713937	          0.15035191	          0.14224580	          0.33153252	          0.32753407	          0.29466778	          0.02033257	          0.01142865	          0.01000275	          0.18528103	          0.10587886	          0.01000038	          0.01000057	          0.01000284	          0.01000924	          0.01000345	          0.28783196	          0.01000223	          0.01000229	          0.06172842	          0.02641047	          0.01000417	          0.01000415	          0.04274265	          0.01000130	          0.01003947	          0.24103686	          0.01000084	          0.01144358	          0.01155262	          0.01000856	          0.41931449	          0.45305659	          0.09937919	          0.20915114	          0.15345700	          0.12474515	          0.02486568	          0.03106404	          0.04222875	          0.02064501	          0.03177380	          0.01101242	          0.01000049	          0.01000065	          0.01000076	          0.01000227	          0.01000207	          0.01000188	          0.01000007	          0.01000022	          0.01000010	          0.01000035	          0.12676761	          0.12678216	          0.10565740	          0.01000931	          0.01000196	          0.01000047	          0.07400531	          0.05257238	          0.01000157	          0.01000058	          0.01000036	          0.01000046	          0.12561151	          0.12063556	          0.09972171	          0.04289288	          0.01000276	          0.01656294	          0.01000452	          0.01000699	          0.01000097	          0.01000015	          0.01000032	          0.01000015	          0.01000146	          0.01000479	          0.01000403	          0.25329022	          0.13189426	          0.09803719	          0.13166069	          0.27728866	          0.12468421	          0.01000025	          0.04738778	          0.01000016	          0.03348390	          0.01000013	          0.04301733	
          0.42395578	         -6.45467652	         -1.74533498	          0.30631286	          0.50366551	          0.83973087	          0.00526354	         -9.06232590	          5.44863537	         13.51005600	          2.53762137	          3.44118133	         -7.66887234	         15.77277178	         36.71869960	          0.08252479	          0.98391156	        -35.01104043	         15.88298817	         -1.23196896	          0.33669749	         -3.32894115	          4.49388242	          0.39002256	         18.60568282	        -13.44979802	         13.74523709	         34.14134884	         -7.33681726	        -13.48241524	         13.44600496	         20.92193139	          0.23761457	          0.15446424	          0.14619447	          0.34096550	          0.33084639	          0.29507255	          0.01715122	          0.01000543	          0.01000436	          0.18162832	          0.11179053	          0.01000036	          0.01000054	          0.01000243	          0.01000829	          0.01000319	          0.30121394	          0.01000215	          0.01000210	          0.05903367	          0.02276284	          0.01000384	          0.01000658	          0.09452260	          0.01000116	          0.01003072	          0.24169701	          0.01000084	          0.01000351	          0.01000454	          0.01000356	          0.42665273	          0.46565257	          0.11311144	          0.21681861	          0.17013565	          0.14073269	          0.03323381	          0.03872850	          0.03739449	          0.03101058	          0.03833947	          0.01922972	          0.01000061	          0.01000078	          0.01000091	          0.01000262	          0.01000234	          0.01000215	          0.01000007	          0.01000023	          0.01000011	          0.01000033	          0.10689184	          0.11529172	          0.11725933	          0.01031918	          0.01000382	          0.01000073	          0.06240461	          0.04435355	          0.01000139	          0.01000073	          0.01000048	          0.01000069	          0.11361684	          0.10922748	          0.09657645	          0.03616998	          0.01000317	          0.01652765	          0.01201422	          0.01250124	          0.01000480	          0.01000019	          0.01000037	          0.01000034	          0.01000063	          0.01000276	          0.01000264	          0.26179805	          0.13671240	          0.10104333	          0.14088869	          0.28783192	          0.12920345	          0.01000025	          0.04671518	          0.01000016	          0.03332472	          0.01000013	          0.05153710	
          0.43511251	         -6.46478488	         -1.51339919	          0.01789311	          0.51672143	          0.83828226	          0.00528862	        -10.11100727	          5.10735970	         13.44648714	          2.74755327	          3.39708322	         -7.33310793	         16.89909071	         37.08580290	          0.27872336	          1.00570094	        -32.00610789	         15.85882313	         -1.61746957	          0.30238787	         -3.35242538	          4.21408255	          0.48722481	         20.03149313	        -13.44978576	         14.50459934	         36.30812997	         -8.89831018	        -13.52138219	         12.89765564	         20.31201669	          0.23828372	          0.15469773	          0.14494351	          0.33879775	          0.32803122	          0.29516554	          0.01446739	          0.01000474	          0.01000250	          0.16914350	          0.12030620	          0.01000040	          0.01000057	          0.01000233	          0.01000827	          0.01000322	          0.31399177	          0.01000240	          0.01000231	          0.05005194	          0.01929470	          0.01000406	          0.02029671	          0.15097177	          0.01000122	          0.01002815	          0.24121358	          0.01000103	          0.01000442	          0.01000576	          0.01000365	          0.43016981	          0.47478401	          0.12873224	          0.22482391	          0.18940118	          0.15948558	          0.03451967	          0.03298843	          0.03153316	          0.03300091	          0.03493729	          0.02655046	          0.01000073	          0.01000097	          0.01000116	          0.01000308	          0.01000278	          0.01000250	          0.01000007	          0.01000023	          0.01000011	          0.01000028	          0.09013236	          0.10510620	          0.10687988	          0.06597970	          0.01000537	          0.01000101	          0.05262112	          0.03741731	          0.01000125	          0.01000092	          0.01000062	          0.01000097	          0.09580441	          0.09210347	          0.08330051	          0.03050077	          0.01000275	          0.01879662	          0.01564958	          0.01609329	          0.01174842	          0.01000011	          0.01000024	          0.01000015	          0.01000072	          0.01000259	          0.01000232	          0.27348542	          0.14188963	          0.10525319	          0.16542763	          0.29787018	          0.14455497	          0.01000021	          0.04709132	          0.01000015	          0.03274684	          0.01000012	          0.06057275	
          0.44626924	         -6.47480281	         -1.26758140	         -0.27118125	          0.52994986	          0.83678947	          0.00529762	        -11.07882439	          4.76318820	         13.34312700	          2.78899872	          3.37355423	         -6.96962407	         18.07557989	         37.34629998	          0.48938544	          1.04489802	        -29.05549900	         15.85088325	         -2.00692670	          0.27463779	         -3.36790943	          3.90691085	          0.58308447	         21.38258919	        -13.44974193	         15.24100832	         38.48045616	        -10.52359883	        -13.57894317	         12.33046968	         20.00482206	          0.24203012	          0.15812863	          0.14634507	          0.33425373	          0.32779332	          0.29448254	          0.02023525	          0.01000627	          0.01000247	          0.14274006	          0.12653324	          0.01000042	          0.01000058	          0.01000216	          0.01000793	          0.01000318	          0.32220853	          0.01000249	          0.01000253	          0.04898659	          0.01900545	          0.01000444	          0.04959466	          0.20701922	          0.01000136	          0.01003815	          0.23753929	          0.01000073	          0.01000339	          0.01000442	          0.01000286	          0.42918705	          0.48030329	          0.14629282	          0.23599093	          0.21418108	          0.18556462	          0.03180137	          0.02781672	          0.02658928	          0.02782835	          0.02946002	          0.02782007	          0.01000118	          0.01000141	          0.01000152	          0.01000507	          0.01000408	          0.01000347	          0.01000008	          0.01000027	          0.01000013	          0.01000025	          0.07600059	          0.08864398	          0.10277068	          0.08195871	          0.04039055	          0.01000231	          0.04437113	          0.03156761	          0.01000130	          0.01000141	          0.01000099	          0.01000168	          0.08078342	          0.07766275	          0.07397136	          0.02572037	          0.01000429	          0.01668023	          0.01503055	          0.01536748	          0.01396966	          0.01000007	          0.01000016	          0.01000008	          0.01000099	          0.01000316	          0.01000247	          0.28030386	          0.14669993	          0.10933338	          0.17647105	          0.30484191	          0.15000370	          0.01000018	          0.04616788	          0.01000015	          0.03333764	          0.01000011	          0.07132019	
          0.45742597	         -6.48470585	         -1.00796943	         -0.56088335	          0.54336908	          0.83529513	          0.00529048	        -11.95547911	          4.41788543	         13.19815180	          2.64408390	          3.36158850	         -6.57759664	         19.30656095	         37.49724134	          0.71638936	          1.10169409	        -26.21187673	         15.86475583	         -2.40028592	          0.25291848	         -3.37484229	          3.57190609	          0.67710508	         22.64710574	        -13.44976218	         15.94140218	         40.65444724	        -12.21038480	        -13.65464103	         11.75972781	         20.00554400	          0.24538826	          0.16427526	          0.15010012	          0.33934849	          0.33021926	          0.29190568	          0.02807678	          0.01336387	          0.01012915	          0.12036022	          0.12949982	          0.01000039	          0.01000055	          0.01000189	          0.01000715	          0.01000309	          0.32786662	          0.01000231	          0.01000272	          0.05226027	          0.02249818	          0.01000479	          0.08521195	          0.26166010	          0.01000140	          0.01005845	          0.23129220	          0.01000046	          0.01000237	          0.01000308	          0.01000203	          0.42320737	          0.48116999	          0.16611288	          0.24632688	          0.23925394	          0.21201356	          0.02681550	          0.02345565	          0.02242050	          0.02346572	          0.02484114	          0.02346036	          0.01000161	          0.01000188	          0.01000203	          0.01000634	          0.01000493	          0.01000413	          0.01000010	          0.01000036	          0.01000018	          0.01000029	          0.06408456	          0.07730227	          0.10288312	          0.08576368	          0.05495484	          0.01204355	          0.03741453	          0.02664123	          0.01000143	          0.01000216	          0.01000172	          0.01007541	          0.06811750	          0.06548612	          0.06602333	          0.02168952	          0.01000425	          0.01406544	          0.01267440	          0.01295851	          0.01178168	          0.01000015	          0.01000029	          0.01000021	          0.01000036	          0.01000176	          0.01000167	          0.28034339	          0.14929119	          0.11168788	          0.17801241	          0.31040485	          0.14849930	          0.01000014	          0.04357307	          0.01000015	          0.03465774	          0.01000011	          0.08419588	
          0.46858270	         -6.49456519	         -0.73503047	         -0.85078168	          0.55699054	          0.83383504	          0.00526672	        -12.73195455	          4.07325344	         13.00990616	          2.29789878	          3.35418545	         -6.15706540	         20.59035977	         37.53923684	          0.96085885	          1.17651531	        -23.50393026	         15.90039911	         -2.79700824	          0.23685622	         -3.37385253	          3.20892109	          0.76889335	         23.81411682	        -13.45093959	         16.59716753	         42.82620541	        -13.94989082	        -13.74602607	         11.20057248	         20.30198997	          0.24693016	          0.16947655	          0.15104629	          0.34042063	          0.32526806	          0.28478017	          0.02367864	          0.01406531	          0.01223596	          0.10148901	          0.11136196	          0.01000035	          0.01000052	          0.01000169	          0.01000683	          0.01000381	          0.33264874	          0.01000200	          0.01000277	          0.05159352	          0.02423644	          0.01000597	          0.11961798	          0.31266179	          0.01000112	          0.01002750	          0.22571650	          0.01000023	          0.01000175	          0.01000224	          0.01000153	          0.41162710	          0.47653078	          0.18792047	          0.25643092	          0.26339165	          0.24027895	          0.02261116	          0.01977848	          0.01890549	          0.01978687	          0.02094637	          0.01978257	          0.01000166	          0.01000196	          0.01000218	          0.01000603	          0.01000479	          0.01000404	          0.01000077	          0.01000244	          0.01000101	          0.01000209	          0.05403684	          0.07983692	          0.10523881	          0.08207780	          0.05591258	          0.01757970	          0.03154858	          0.02251014	          0.01125894	          0.01000232	          0.01000191	          0.01297868	          0.05743742	          0.05521862	          0.05984780	          0.01829099	          0.01000340	          0.01186040	          0.01068745	          0.01092701	          0.01000048	          0.01000012	          0.01000029	          0.01000008	          0.01000185	          0.01000424	          0.01000320	          0.28110921	          0.15444979	          0.11690786	          0.16791396	          0.31426181	          0.14935073	          0.01000008	          0.03992676	          0.01000018	          0.03676395	          0.01000011	          0.09552623	
          0.47973943	         -6.50429923	         -0.45024261	         -1.14027745	          0.57082564	          0.83243446	          0.00522533	        -13.40015624	          3.73154530	         12.77761301	          1.73685327	          3.34478280	         -5.70746432	         21.92220018	         37.47327270	          1.22323264	          1.26997708	        -20.94729132	         15.94743940	         -3.19664450	          0.22562426	         -3.36531391	          2.81898940	          0.85817597	         24.87282669	        -13.45574363	         17.20387507	         44.99284996	        -15.72630232	        -13.84823831	         10.66823877	         20.85881643	          0.24604767	          0.17388860	          0.15204505	          0.32366892	          0.31295945	          0.27619952	          0.01996668	          0.01186084	          0.01031865	          0.08557655	          0.10297382	          0.01000039	          0.01000057	          0.01000167	          0.01000673	          0.01000369	          0.33527110	          0.01000235	          0.01000220	          0.04431798	          0.02068206	          0.01000560	          0.18065210	          0.35805135	          0.01000129	          0.01002885	          0.21782549	          0.01000411	          0.01000403	          0.01000522	          0.01000366	          0.39493075	          0.46716721	          0.21074545	          0.26674219	          0.28920923	          0.26988659	          0.01906597	          0.01667855	          0.01667959	          0.01668471	          0.01766223	          0.01668114	          0.01000074	          0.01000118	          0.01000154	          0.01000314	          0.01000304	          0.01000302	          0.04178666	          0.01000107	          0.01000056	          0.01000150	          0.04556451	          0.06732743	          0.08885497	          0.07731581	          0.05891833	          0.02982299	          0.02660232	          0.01902742	          0.01001480	          0.01000114	          0.01000097	          0.02184377	          0.04843184	          0.04656092	          0.05284941	          0.01542578	          0.01000531	          0.01000318	          0.01000101	          0.01000108	          0.01000081	          0.01000024	          0.01000046	          0.01000020	          0.01000050	          0.01000217	          0.01000198	          0.27701735	          0.15698124	          0.11870482	          0.16723856	          0.31803783	          0.14572390	          0.01000014	          0.04414918	          0.01000013	          0.03233685	          0.01000010	          0.09989087	
          0.49089616	         -6.51316074	         -0.15544012	         -1.42965803	          0.58489269	          0.83110974	          0.00516639	        -13.94615069	          3.39589434	         12.50269489	          0.93524876	          3.32927405	         -5.22826942	         23.29794565	         37.30438207	          1.50444480	          1.38314183	        -18.59860612	         15.98857098	         -3.59806123	          0.21886842	         -3.34730340	          2.40385850	          0.94390913	         25.81334961	        -13.46497436	         17.75797733	         47.14716586	        -17.51850338	        -13.95397439	         10.17785685	         21.61630918	          0.23008022	          0.16760484	          0.14525690	          0.29324732	          0.28837862	          0.25384356	          0.01683665	          0.01000551	          0.01000268	          0.07215901	          0.08966077	          0.01000037	          0.01000057	          0.01000162	          0.01000678	          0.01000448	          0.33997188	          0.01000211	          0.01000217	          0.04789398	          0.02484860	          0.01000859	          0.24736425	          0.40076803	          0.01000144	          0.01005435	          0.20804445	          0.05617388	          0.01000395	          0.01000490	          0.01000382	          0.37164734	          0.45022032	          0.23069552	          0.27706535	          0.31493435	          0.29814555	          0.01607664	          0.01406403	          0.01406484	          0.01406891	          0.01489301	          0.01406597	          0.01144355	          0.01000811	          0.01000532	          0.01005392	          0.01001810	          0.01001090	          0.09559210	          0.01000210	          0.01000117	          0.01000072	          0.03842054	          0.05677402	          0.07845560	          0.07265938	          0.06424421	          0.04124162	          0.02243158	          0.01606243	          0.01001161	          0.01002601	          0.01707113	          0.03892028	          0.04083823	          0.03926066	          0.04456570	          0.01300943	          0.01000485	          0.01699950	          0.01192382	          0.01238680	          0.01004463	          0.01000013	          0.01000028	          0.01000012	          0.01000064	          0.01000248	          0.01000208	          0.27465760	          0.16255609	          0.12281451	          0.16320455	          0.32127909	          0.14536351	          0.01000008	          0.04393398	          0.01000016	          0.02941179	          0.01000009	          0.10598987	
          0.50205289	         -6.52048041	          0.14639829	         -1.71937209	          0.59921063	          0.82986880	          0.00508733	        -14.36407118	          3.06902244	         12.18534565	         -0.11591244	          3.29436654	         -4.72435931	         24.70694989	         37.03480627	          1.80644454	          1.51588786	        -16.52826651	         15.99918597	         -4.00004315	          0.21587331	         -3.31781131	          1.96734257	          1.02582636	         26.62529409	        -13.47829306	         18.24940449	         49.28082504	        -19.29992914	        -14.05404712	          9.74252012	         22.49767114	          0.21146305	          0.15983027	          0.13374242	          0.24741314	          0.26147390	          0.23055670	          0.01419729	          0.01000193	          0.01000161	          0.06084520	          0.08088952	          0.01000041	          0.01000062	          0.01000165	          0.01000695	          0.01000474	          0.34056109	          0.01000233	          0.01000212	          0.04048495	          0.02096933	          0.01001053	          0.30134543	          0.43232646	          0.01000145	          0.01018717	          0.18564757	          0.09434680	          0.01001436	          0.01001647	          0.01001503	          0.34241362	          0.42758244	          0.24915931	          0.28458226	          0.33569698	          0.32250185	          0.01355601	          0.01185957	          0.01186028	          0.01186324	          0.01255797	          0.01186087	          0.01464421	          0.01001764	          0.01000899	          0.01012577	          0.01002013	          0.01001140	          0.13879309	          0.01000481	          0.01000305	          0.01000083	          0.03239667	          0.04787579	          0.07744505	          0.07440471	          0.06798414	          0.04638233	          0.01891472	          0.01357661	          0.01001566	          0.01801894	          0.03053999	          0.04774898	          0.03443522	          0.03310500	          0.03758546	          0.01097445	          0.01000616	          0.01437273	          0.01547725	          0.01597735	          0.01310881	          0.01000014	          0.01000033	          0.01000014	          0.01000209	          0.01000461	          0.01000371	          0.27212684	          0.17034873	          0.12687671	          0.14905176	          0.32620648	          0.14358295	          0.01000007	          0.04546633	          0.01000017	          0.02577849	          0.01000008	          0.11037727	
          0.51320962	         -6.52556985	          0.45110799	         -2.00956196	          0.61379593	          0.82870487	          0.00498672	        -14.65129873	          2.75348692	         11.82848468	         -1.42212395	          3.23125728	         -4.19887218	         26.13195499	         36.66315078	          2.13053822	          1.66901552	        -14.79875033	         15.95012308	         -4.40119456	          0.21613449	         -3.27490349	          1.51447529	          1.10333231	         27.29915819	        -13.49302754	         18.66252663	         51.38300142	        -21.04002033	        -14.13919563	          9.37654440	         23.41205826	          0.18978535	          0.14485508	          0.11277663	          0.20862932	          0.24204910	          0.20060090	          0.01197180	          0.01000136	          0.01000112	          0.05130530	          0.10072791	          0.01000068	          0.01000090	          0.01000219	          0.01000856	          0.01000395	          0.34004352	          0.01000384	          0.01000380	          0.03415363	          0.01768679	          0.01001175	          0.33579057	          0.45044943	          0.01645630	          0.03910947	          0.15654131	          0.13402910	          0.01001339	          0.01001526	          0.01001341	          0.31018304	          0.39721024	          0.26295962	          0.29145835	          0.35699429	          0.34473292	          0.01143061	          0.01000155	          0.01000126	          0.01000354	          0.01058908	          0.01000197	          0.01905016	          0.01001102	          0.01000290	          0.01071506	          0.01002508	          0.01001017	          0.17149168	          0.01000243	          0.02725651	          0.01000106	          0.02731731	          0.04037330	          0.06653521	          0.07796014	          0.07272644	          0.05186139	          0.01594924	          0.01159416	          0.01035932	          0.02323252	          0.03826935	          0.05326610	          0.02903615	          0.02791449	          0.03169933	          0.01000705	          0.01000624	          0.01212193	          0.01874878	          0.01936970	          0.01592868	          0.01000012	          0.01000022	          0.01000006	          0.01000020	          0.01000108	          0.01000095	          0.26815828	          0.17630412	          0.12877312	          0.13601438	          0.33016200	          0.12876133	          0.01000007	          0.04646139	          0.01000019	          0.02173858	          0.01000007	          0.11377533	
          0.52436636	         -6.52770397	          0.75387137	         -2.30014542	          0.62866126	          0.82759177	          0.00486348	        -14.81092393	          2.45050442	         11.43760819	         -2.97829247	          3.13127454	         -3.65464170	         27.54675984	         36.18851192	          2.47722295	          1.84385830	        -13.46524161	         15.80473708	         -4.79893336	          0.21907699	         -3.21685165	          1.05111038	          1.17571495	         27.82812204	        -13.50555874	         18.98240544	         53.43963749	        -22.70625575	        -14.20111865	          9.09716377	         24.26079319	          0.16407912	          0.12214400	          0.09509454	          0.18178915	          0.21526998	          0.16914984	          0.01009555	          0.01000077	          0.01000051	          0.04326117	          0.10575953	          0.01000143	          0.01000076	          0.01000148	          0.01000473	          0.01000159	          0.31887267	          0.01001257	          0.01000519	          0.02880772	          0.01491703	          0.01000191	          0.34933588	          0.45335122	          0.03264008	          0.03299269	          0.13199734	          0.15107043	          0.01000094	          0.01000108	          0.01000098	          0.26338402	          0.36406803	          0.27263515	          0.29328187	          0.36711179	          0.35876652	          0.01000031	          0.01000032	          0.01000017	          0.01000057	          0.01000020	          0.01000161	          0.02471228	          0.01000899	          0.01314538	          0.01000235	          0.01000314	          0.01000736	          0.18734393	          0.04244276	          0.04534348	          0.01000076	          0.02303435	          0.03404560	          0.05610616	          0.06577560	          0.07304306	          0.05792763	          0.01344873	          0.01007311	          0.01001008	          0.01978180	          0.03808598	          0.05383174	          0.02448360	          0.02353780	          0.03538275	          0.01165433	          0.01000525	          0.01023089	          0.02437089	          0.02505590	          0.02120353	          0.01000056	          0.01000118	          0.01067693	          0.01000052	          0.01000134	          0.01000131	          0.26584295	          0.18754896	          0.13204328	          0.11468927	          0.34540604	          0.10857567	          0.01000008	          0.04794934	          0.01000012	          0.02038903	          0.01000007	          0.11129652	
          0.53552309	         -6.52599322	          1.04931800	         -2.58986868	          0.64381556	          0.82647960	          0.00471794	        -14.85203906	          2.16196880	         11.01842217	         -4.77244166	          2.99785876	         -3.09565311	         28.90667245	         35.61311862	          2.84627054	          2.04096300	        -12.57554195	         15.52891786	         -5.19300720	          0.22381929	         -3.14189549	          0.58327750	          1.24233863	         28.20987815	        -13.51377704	         19.20359251	         55.43191528	        -24.26829901	        -14.23449238	          8.92177531	         24.94998949	          0.13835491	          0.10299315	          0.08018468	          0.15328732	          0.18151881	          0.14262901	          0.01000365	          0.01000100	          0.01000102	          0.03647828	          0.08917826	          0.01000077	          0.01000100	          0.01000263	          0.01000929	          0.01000288	          0.26887722	          0.01000384	          0.01002262	          0.02431717	          0.01396176	          0.01182611	          0.32590057	          0.44373500	          0.02782375	          0.02782618	          0.11130145	          0.12738408	          0.01001638	          0.01001846	          0.01001805	          0.22208783	          0.31671272	          0.27779188	          0.28669658	          0.36137258	          0.35966613	          0.01000028	          0.01000032	          0.01000020	          0.01000057	          0.01000022	          0.01000124	          0.02484719	          0.01406594	          0.06372123	          0.01409920	          0.01406603	          0.01322996	          0.17819580	          0.04805645	          0.04725950	          0.01136121	          0.01942292	          0.02871644	          0.06757717	          0.07928485	          0.09338091	          0.05642066	          0.01134033	          0.01011017	          0.09282624	          0.01668120	          0.03211511	          0.04745671	          0.02064485	          0.01984734	          0.02983594	          0.01000977	          0.01007976	          0.01000044	          0.02055056	          0.02112819	          0.01787969	          0.01000003	          0.01000009	          0.01000001	          0.01185948	          0.01185962	          0.01185966	          0.26022584	          0.18617232	          0.14216317	          0.09670751	          0.32710107	          0.09156442	          0.01000008	          0.05209880	          0.01000026	          0.02292914	          0.01000007	          0.09770163	
          0.54667982	         -6.51937870	          1.33208482	         -2.87614606	          0.65925847	          0.82529695	          0.00454748	        -14.78346979	          1.88907582	         10.58113990	         -6.79617225	          2.84483698	         -2.52134345	         30.15986649	         34.94621597	          3.23620236	          2.25913623	        -12.16985210	         15.05655730	         -5.58297869	          0.22925407	         -3.04869262	          0.11744509	          1.30362586	         28.44791391	        -13.51979107	         19.33308986	         57.33851909	        -25.70083826	        -14.23812087	          8.86772784	         25.40454937	          0.13319023	          0.08684482	          0.06761248	          0.19194614	          0.15305870	          0.12026618	          0.01000373	          0.01000047	          0.01000026	          0.03075890	          0.07519630	          0.01002351	          0.01000035	          0.01000056	          0.01000153	          0.01000051	          0.22671996	          0.02480244	          0.01988484	          0.02050564	          0.01177358	          0.01000067	          0.28272154	          0.38232393	          0.02346135	          0.02346374	          0.09385045	          0.10741146	          0.01000017	          0.01000018	          0.01000015	          0.18726648	          0.26705518	          0.27583645	          0.27772338	          0.35720375	          0.35401900	          0.01000007	          0.01000325	          0.01059247	          0.01000061	          0.01000015	          0.01000052	          0.02235882	          0.01186107	          0.05373146	          0.01188921	          0.01186186	          0.01853140	          0.15025636	          0.04052183	          0.03984971	          0.01000074	          0.01637779	          0.02791974	          0.11650132	          0.06685660	          0.07874211	          0.04757481	          0.01000107	          0.01017829	          0.07829450	          0.01406601	          0.02707991	          0.04001615	          0.01740801	          0.01673555	          0.02516213	          0.01000132	          0.01000253	          0.01000017	          0.03954977	          0.03835867	          0.03352953	          0.01185968	          0.01186005	          0.01186043	          0.01000004	          0.01000025	          0.01000030	          0.24854231	          0.18113132	          0.11987354	          0.13440174	          0.41802800	          0.19889746	          0.01000001	          0.04393025	          0.01000001	          0.02089472	          0.01000004	          0.08238293	
          0.55783655	         -6.50749375	          1.59991896	         -3.15542188	          0.67498222	          0.82397645	          0.00434140	        -14.62585560	          1.62694692	         10.13181604	         -9.01239907	          2.67210550	         -1.93141647	         31.25022225	         34.17933316	          3.63719871	          2.49920373	        -12.22793050	         14.37710842	         -5.95823482	          0.23701491	         -2.93730195	         -0.34024966	          1.36050662	         28.54755206	        -13.53015466	         19.38548175	         59.14601521	        -26.98208177	        -14.21437686	          8.96452026	         25.56896546	          0.11230734	          0.07322839	          0.05701148	          0.16185097	          0.12906065	          0.10140965	          0.02299042	          0.01186963	          0.01390716	          0.02593624	          0.06340633	          0.04923371	          0.02316133	          0.01565795	          0.01317952	          0.01001412	          0.19117248	          0.02091772	          0.01678781	          0.01729217	          0.01189966	          0.01200325	          0.23839340	          0.32237905	          0.01978293	          0.01978533	          0.07913560	          0.09057048	          0.01000062	          0.01000071	          0.01000098	          0.15790480	          0.22518339	          0.26698549	          0.27189455	          0.33975613	          0.34930395	          0.01000086	          0.01000008	          0.01000003	          0.01000028	          0.01000014	          0.01000162	          0.01885322	          0.01000156	          0.04557877	          0.01002529	          0.01000239	          0.01562679	          0.12669754	          0.03416846	          0.03360168	          0.01000445	          0.01406666	          0.02354378	          0.09823611	          0.13734713	          0.08209704	          0.04011566	          0.01001116	          0.01667728	          0.06602171	          0.01186073	          0.02283411	          0.03374211	          0.01667959	          0.01667986	          0.12406048	          0.01729532	          0.01974322	          0.01406628	          0.07111805	          0.07443643	          0.07155655	          0.01000019	          0.01000051	          0.01000083	          0.02139958	          0.01406654	          0.01407392	          0.30225027	          0.26396192	          0.16602915	          0.11332899	          0.35248599	          0.16771222	          0.01000015	          0.03704240	          0.01406574	          0.01761864	          0.01000037	          0.06946604	
          0.56899328	         -6.49168478	          1.85988168	         -3.42227098	          0.69090643	          0.82253517	          0.00412824	        -14.37710786	          1.37282895	          9.66372262	        -11.40763032	          2.47201469	         -1.35101198	         32.10345557	         33.30270410	          4.00139213	          2.77153913	        -12.54303278	         13.65931844	         -6.33325767	          0.22579813	         -2.81504635	         -0.79861306	          1.40994112	         28.52097410	        -13.53981787	         19.37711246	         60.82980367	        -28.08052293	        -14.17468041	          9.25426585	         25.40255951	          0.20261720	          0.06174688	          0.04807261	          0.14311213	          0.10882529	          0.08550959	          0.01939008	          0.01000916	          0.01172712	          0.02186971	          0.05346490	          0.07408997	          0.01953058	          0.01320418	          0.01113121	          0.01004467	          0.16119854	          0.01763942	          0.01415604	          0.01458208	          0.01003616	          0.01012260	          0.20101552	          0.27183300	          0.01668120	          0.01668339	          0.06672789	          0.07636992	          0.01000725	          0.01000571	          0.01000174	          0.13314677	          0.18987671	          0.25425398	          0.23148945	          0.28648757	          0.29690209	          0.01000009	          0.01000100	          0.01024374	          0.01000048	          0.01000014	          0.01000056	          0.14496491	          0.01000047	          0.24124787	          0.01000257	          0.01000105	          0.17737654	          0.10683254	          0.02881212	          0.03875246	          0.01669638	          0.01186154	          0.01985266	          0.08283392	          0.11581259	          0.06922537	          0.03382636	          0.01000279	          0.01406932	          0.05576841	          0.01000183	          0.01925482	          0.02845249	          0.01406445	          0.01406468	          0.11129361	          0.01458606	          0.14182687	          0.01186085	          0.05996751	          0.06276560	          0.06033723	          0.01526359	          0.01407196	          0.01476428	          0.01804434	          0.01186112	          0.01186734	          0.33782239	          0.24168177	          0.13999756	          0.12973626	          0.44992743	          0.14141680	          0.01606323	          0.03438780	          0.01186037	          0.02345786	          0.01000008	          0.05857441	
          0.58015001	         -6.47461653	          2.11251451	         -3.67064618	          0.70683040	          0.82112814	          0.00388508	        -14.00761384	          1.11931832	          9.19443262	        -13.99171127	          2.23143503	         -0.76375354	         32.61943156	         32.40152775	          4.34903562	          3.05534658	        -12.83585058	         12.92289622	         -6.70843316	          0.22867604	         -2.70066476	         -1.25587693	          1.45263509	         28.39648644	        -13.54672512	         19.32539104	         62.33051419	        -28.94300651	        -14.11790948	          9.74381413	         24.89214946	          0.20218750	          0.05206557	          0.04053528	          0.17261760	          0.09176267	          0.07210253	          0.02743942	          0.01000185	          0.01000238	          0.01844079	          0.04508219	          0.10279086	          0.01646886	          0.01113498	          0.01001128	          0.01075775	          0.13592436	          0.01487459	          0.01193695	          0.01229733	          0.01001878	          0.01000609	          0.16949815	          0.22921216	          0.01406580	          0.01406784	          0.05626559	          0.07806866	          0.02210175	          0.02017769	          0.01550219	          0.11227057	          0.16010579	          0.23141464	          0.22155111	          0.24157092	          0.25295024	          0.01000020	          0.01000140	          0.01000101	          0.01000089	          0.01000028	          0.01000114	          0.19133456	          0.20810373	          0.29121974	          0.09839907	          0.14250565	          0.14956835	          0.09008218	          0.04560188	          0.03267673	          0.01407943	          0.01000205	          0.01674008	          0.06984647	          0.09765499	          0.07637807	          0.05191362	          0.01000062	          0.01186474	          0.05121288	          0.13518101	          0.09300656	          0.05983217	          0.01185932	          0.01185950	          0.12548136	          0.01232897	          0.11959207	          0.01000123	          0.06014106	          0.06886062	          0.07298717	          0.01287041	          0.01186563	          0.01244938	          0.01521516	          0.01000148	          0.01000671	          0.42804074	          0.28474688	          0.14982904	          0.40903390	          0.47339099	          0.28225607	          0.03947566	          0.06326643	          0.01000078	          0.01978123	          0.01000006	          0.04939048	
          0.59130674	         -6.45738373	          2.35276978	         -3.89878606	          0.72262242	          0.81998003	          0.00360639	        -13.51171791	          0.86603168	          8.73622812	        -16.73374115	          1.91250109	         -0.16917721	         32.67447937	         31.55998743	          4.70556863	          3.34346546	        -13.18060139	         12.07346625	         -7.07316441	          0.22315737	         -2.59918483	         -1.70562830	          1.48977511	         28.18916686	        -13.54304204	         19.25220421	         63.57530786	        -29.54271057	        -14.03884092	         10.38711455	         24.07633149	          0.19141373	          0.04390219	          0.03417973	          0.15990991	          0.07737529	          0.06079757	          0.03550765	          0.01000239	          0.01000284	          0.01554950	          0.03801380	          0.09288501	          0.08234573	          0.01001607	          0.01008537	          0.02221678	          0.11461283	          0.05797590	          0.01006628	          0.01037101	          0.01000404	          0.01000359	          0.14292240	          0.19327381	          0.01186046	          0.01186239	          0.04744369	          0.06582829	          0.02972650	          0.02680990	          0.02691364	          0.09466757	          0.13500267	          0.19520439	          0.19569389	          0.20369541	          0.21329069	          0.01000014	          0.01228341	          0.01406649	          0.01000074	          0.01000019	          0.01000074	          0.24963889	          0.28037106	          0.32811062	          0.08302091	          0.12019730	          0.15188400	          0.07595813	          0.04541294	          0.03192318	          0.01187213	          0.01000094	          0.01411556	          0.05889535	          0.08234442	          0.07093165	          0.06372704	          0.01000092	          0.01000846	          0.04318417	          0.17729978	          0.12045020	          0.07207615	          0.01000017	          0.01000022	          0.10774451	          0.01253584	          0.10084172	          0.01000016	          0.12073123	          0.12307594	          0.11449022	          0.01085247	          0.01000526	          0.01049744	          0.01286778	          0.01056514	          0.01001725	          0.48669668	          0.29436640	          0.15296791	          0.43484843	          0.51101065	          0.28047940	          0.06153751	          0.07106225	          0.01000003	          0.01667977	          0.01000005	          0.04164651	
          0.60246347	         -6.44070915	          2.57954383	         -4.10462579	          0.73822486	          0.81925316	          0.00329803	        -12.88584841	          0.61502936	          8.28655293	        -19.61398735	          1.49150801	          0.42382473	         32.17544363	         30.78697892	          5.07422343	          3.63514102	        -13.61042609	         11.21237996	         -7.43642786	          0.21604464	         -2.50878486	         -2.14499366	          1.52210278	         27.89896827	        -13.52600309	         19.17711307	         64.53300471	        -29.88867686	        -13.93949503	         11.10442412	         23.05248900	          0.16140212	          0.03701876	          0.02882068	          0.13483937	          0.06524370	          0.05126513	          0.04382076	          0.01000134	          0.01000111	          0.01311157	          0.03205368	          0.07832272	          0.18469383	          0.01000283	          0.01001057	          0.03911953	          0.09664273	          0.04889076	          0.01000129	          0.01000204	          0.01000139	          0.01000106	          0.12051349	          0.16297025	          0.01000093	          0.01000285	          0.04000499	          0.05550708	          0.02815145	          0.02485603	          0.03305260	          0.07982456	          0.11383550	          0.16459812	          0.16501109	          0.17175812	          0.17984892	          0.01000011	          0.01185902	          0.01186118	          0.01000103	          0.01000034	          0.01000068	          0.28084506	          0.30034317	          0.32704104	          0.07000728	          0.10135271	          0.12807151	          0.06404863	          0.04043613	          0.03138303	          0.01001098	          0.01000108	          0.01190277	          0.04966180	          0.07097232	          0.08831314	          0.07603710	          0.01000089	          0.01001644	          0.03641708	          0.20262273	          0.13642338	          0.08306529	          0.01000028	          0.01000028	          0.09573861	          0.01057604	          0.08503118	          0.01000032	          0.16927680	          0.16895271	          0.15151351	          0.01000012	          0.01000026	          0.01000005	          0.01085029	          0.01000077	          0.01000074	          0.51614439	          0.28374416	          0.14413075	          0.43926341	          0.52628259	          0.27750561	          0.07527007	          0.07351124	          0.01000004	          0.01406458	          0.01000005	          0.03511672	
          0.61362020	         -6.42490281	          2.79200714	         -4.28625944	          0.75361402	          0.81900100	          0.00296553	        -12.11731448	          0.36826716	          7.84243992	        -22.62975344	          0.93214959	          1.00924938	         31.11887226	         30.05647723	          5.45187023	          3.93275969	        -14.09290173	         10.39719064	         -7.79550753	          0.20770016	         -2.42737797	         -2.57127890	          1.54979066	         27.52422760	        -13.50141583	         19.11947642	         65.21171724	        -30.01403080	        -13.82828871	         11.80384546	         21.94727348	          0.13609580	          0.03121460	          0.02430188	          0.11369798	          0.05501422	          0.04322731	          0.05216328	          0.01000345	          0.01000197	          0.01105596	          0.02702804	          0.06604294	          0.26333771	          0.02386699	          0.01819460	          0.03300043	          0.08149018	          0.04122682	          0.01000258	          0.01000215	          0.01000126	          0.01000110	          0.10161808	          0.13741801	          0.01000016	          0.01000074	          0.03373264	          0.04680418	          0.02986790	          0.03299282	          0.02788035	          0.06730880	          0.09598715	          0.13879063	          0.13913890	          0.14482818	          0.15165039	          0.01000462	          0.01000033	          0.01000155	          0.01000102	          0.07529848	          0.01000530	          0.30384757	          0.29482741	          0.30038073	          0.05903489	          0.08546283	          0.10799211	          0.05400646	          0.04613549	          0.03466257	          0.01000157	          0.01000111	          0.01003725	          0.04187654	          0.07285894	          0.10389042	          0.08658469	          0.01000072	          0.01001322	          0.03489453	          0.22002326	          0.14852168	          0.09316530	          0.01000025	          0.01000026	          0.08266174	          0.01004494	          0.07169944	          0.01000021	          0.18960965	          0.18867311	          0.16818412	          0.01000005	          0.01000010	          0.01000001	          0.01000003	          0.01000019	          0.01000018	          0.49882556	          0.23925685	          0.12153341	          0.37828578	          0.53414763	          0.23399769	          0.08544623	          0.07204090	          0.01000005	          0.01185943	          0.01000005	          0.02961075	
          0.62477693	         -6.40976177	          2.98948884	         -4.44246819	          0.76878297	          0.81918706	          0.00261346	        -11.19859252	          0.12803519	          7.40896623	        -25.77700953	          0.22809874	          1.58393482	         29.50991327	         29.34378926	          5.83437049	          4.23950438	        -14.59530074	          9.66546084	         -8.14821368	          0.20001116	         -2.35316847	         -2.98194768	          1.57297408	         27.06581338	        -13.47843771	         19.09250951	         65.63961734	        -29.95848382	        -13.71786875	         12.40840195	         20.87694633	          0.11475725	          0.02632050	          0.02049166	          0.09587127	          0.04638861	          0.03644980	          0.06066621	          0.01000130	          0.01009127	          0.01000019	          0.02279038	          0.05568831	          0.30125553	          0.16758140	          0.04641096	          0.02782686	          0.06871343	          0.03476374	          0.01000180	          0.01591963	          0.01979270	          0.02346719	          0.08568531	          0.11587213	          0.01000724	          0.01002107	          0.02844389	          0.03946595	          0.02518561	          0.02782047	          0.02350932	          0.05675540	          0.08093726	          0.11702952	          0.11732321	          0.12212056	          0.12787310	          0.04265158	          0.01000753	          0.01870451	          0.01000074	          0.13900831	          0.01000097	          0.33258998	          0.30397993	          0.28820366	          0.05324991	          0.07206517	          0.09106148	          0.04553891	          0.04330559	          0.03435115	          0.01000282	          0.01000120	          0.01000900	          0.06374707	          0.09432469	          0.11051283	          0.09381609	          0.01000082	          0.01003036	          0.05092009	          0.23586820	          0.15783125	          0.09810185	          0.01000033	          0.01000033	          0.06970258	          0.01000747	          0.06045801	          0.01000025	          0.22150242	          0.22031485	          0.19409088	          0.01000043	          0.01000114	          0.01000019	          0.01441280	          0.02281560	          0.01610196	          0.52182870	          0.20174363	          0.10247813	          0.31897414	          0.45039832	          0.19730970	          0.09231107	          0.06990023	          0.01000021	          0.01000008	          0.01000005	          0.02496806	
          0.63593366	         -6.39531511	          3.17138600	         -4.57221475	          0.78371391	          0.81974959	          0.00225079	        -10.11832208	         -0.10228831	          6.99532895	        -29.06001776	         -0.61065107	          2.15508514	         27.36594912	         28.61729692	          6.21589036	          4.56168920	        -15.07190180	          9.07383095	         -8.49603993	          0.19234747	         -2.28656311	         -3.37518776	          1.59107151	         26.52856613	        -13.46190846	         19.09803177	         65.84326266	        -29.74742440	        -13.62092538	         12.87731285	         19.91188262	          0.09676439	          0.02219375	          0.01727885	          0.08083965	          0.03911545	          0.03073495	          0.06868940	          0.01000829	          0.02482277	          0.01000022	          0.01921718	          0.05423543	          0.33773947	          0.14130724	          0.03913509	          0.02346399	          0.05794012	          0.02931594	          0.01000265	          0.01343422	          0.01669044	          0.01978800	          0.07225066	          0.09770446	          0.03654952	          0.01001612	          0.02398447	          0.03327817	          0.02123676	          0.02345850	          0.01982329	          0.04785668	          0.06824706	          0.09868036	          0.09892802	          0.10297329	          0.10782385	          0.11067740	          0.06794794	          0.04123539	          0.02870902	          0.19529564	          0.08786966	          0.36184217	          0.31405479	          0.27349860	          0.04825202	          0.06077155	          0.07678700	          0.03840058	          0.04764085	          0.03688839	          0.01000121	          0.01000088	          0.01000308	          0.05375605	          0.09147799	          0.11961365	          0.09874706	          0.01000071	          0.01001396	          0.04313182	          0.24594641	          0.16321972	          0.10092979	          0.01000022	          0.01000023	          0.05877548	          0.01001212	          0.05097909	          0.01000021	          0.23947924	          0.23859622	          0.20854032	          0.01000047	          0.01000131	          0.01000054	          0.01887339	          0.01923918	          0.01357856	          0.52344556	          0.17011218	          0.08641057	          0.26896208	          0.37978176	          0.16637555	          0.09930900	          0.06665527	          0.01717313	          0.01000006	          0.01000005	          0.02105331	
          0.64709040	         -6.38187452	          3.33753807	         -4.67689315	          0.79838002	          0.82061465	          0.00188253	         -8.88152782	         -0.32094472	          6.60149156	        -32.45089103	         -1.51948748	          2.71508588	         24.69086602	         27.85413856	          6.59052376	          4.90239826	        -15.48105523	          8.62810633	         -8.82743230	          0.18726487	         -2.22959877	         -3.74742139	          1.60348298	         25.92287848	        -13.45274488	         19.13149912	         65.84330830	        -29.39130038	        -13.54525653	         13.20553412	         19.07623679	          0.08159265	          0.01871406	          0.01456990	          0.06816494	          0.03298280	          0.02591627	          0.07428682	          0.01000187	          0.02093283	          0.01000030	          0.01620453	          0.07613773	          0.28478538	          0.11915177	          0.03299936	          0.01978510	          0.07708801	          0.03761967	          0.01000382	          0.01133250	          0.01407395	          0.01668551	          0.06092248	          0.08238536	          0.05963912	          0.01003512	          0.02777753	          0.02806059	          0.01790704	          0.01978043	          0.01671519	          0.04035320	          0.05754657	          0.08320817	          0.08341703	          0.08682816	          0.09091815	          0.18498427	          0.12726482	          0.05545306	          0.39195987	          0.28555317	          0.21988351	          0.38936175	          0.33038258	          0.27939550	          0.04867965	          0.05125264	          0.06475777	          0.03792470	          0.05119643	          0.03927946	          0.01000124	          0.01000089	          0.01000299	          0.04533921	          0.08644661	          0.11864252	          0.10147133	          0.01000070	          0.01001387	          0.04195688	          0.25311270	          0.16553884	          0.10156077	          0.01000022	          0.01000023	          0.04956129	          0.01001355	          0.04298642	          0.01000021	          0.25273862	          0.25239292	          0.21888749	          0.01000029	          0.01000069	          0.01000020	          0.01702160	          0.01622480	          0.01145219	          0.51947155	          0.14344025	          0.07286226	          0.22679152	          0.33820378	          0.14628441	          0.10833873	          0.06378213	          0.03317990	          0.01000007	          0.01000006	          0.01775235	
          0.65824713	         -6.36969710	          3.48899944	         -4.75991875	          0.81276489	          0.82168861	          0.00151153	         -7.52072678	         -0.52129676	          6.22565189	        -35.86980355	         -2.32379367	          3.23246276	         21.63525794	         27.04150627	          6.95412279	          5.26130013	        -15.79583520	          8.31770929	         -9.13655039	          0.18413352	         -2.18339886	         -4.09443180	          1.60946418	         25.26143250	        -13.44975694	         19.18588500	         65.65814442	        -28.89435081	        -13.49402729	         13.41249693	         18.36254615	          0.06879970	          0.01577998	          0.01667704	          0.05747758	          0.02781191	          0.02185334	          0.07546021	          0.02503177	          0.02784422	          0.01788168	          0.05279334	          0.09876980	          0.24013396	          0.10047001	          0.02782557	          0.01668302	          0.14803588	          0.13841555	          0.07301453	          0.01167827	          0.01186766	          0.01406945	          0.05137089	          0.06992134	          0.08591894	          0.04358037	          0.02343377	          0.02366110	          0.01509939	          0.01667905	          0.01409441	          0.03402621	          0.04852386	          0.07016189	          0.07376196	          0.07321508	          0.07666344	          0.17761728	          0.10731096	          0.04675859	          0.33050445	          0.27675854	          0.18540806	          0.40509768	          0.33612305	          0.28393826	          0.05375797	          0.04322703	          0.05461235	          0.03768981	          0.05565823	          0.04036002	          0.01000137	          0.01000076	          0.01000526	          0.05972380	          0.10465002	          0.12873264	          0.10026338	          0.01000062	          0.01001794	          0.04774273	          0.25434916	          0.16339645	          0.10051074	          0.01000020	          0.01000021	          0.04179136	          0.01000563	          0.03624696	          0.01000018	          0.25818723	          0.25870729	          0.22277176	          0.01000018	          0.01000042	          0.01000007	          0.02158504	          0.01368415	          0.01000802	          0.49723980	          0.12095026	          0.06143821	          0.19123297	          0.29666191	          0.14112734	          0.10945503	          0.05643848	          0.03372896	          0.01000007	          0.01000007	          0.01496896	
          0.66940386	         -6.35922961	          3.62730521	         -4.82187088	          0.82685891	          0.82291494	          0.00114343	         -6.06240426	         -0.69264422	          5.87096970	        -39.18710736	         -2.80298316	          3.69627829	         18.78072947	         26.17816511	          7.30420171	          5.63697200	        -16.00778535	          8.11883175	         -9.41933672	          0.18270579	         -2.14964262	         -4.41600244	          1.60849957	         24.55022043	        -13.45010478	         19.24678252	         65.30075116	        -28.24905246	        -13.46705818	         13.52676518	         17.73432369	          0.05801259	          0.01330594	          0.01406234	          0.08639081	          0.02345454	          0.01842725	          0.06366600	          0.02110799	          0.02347945	          0.02370881	          0.08508151	          0.09947956	          0.20248353	          0.08471735	          0.02346297	          0.01406732	          0.15893193	          0.16219879	          0.06156843	          0.01000247	          0.01000724	          0.01186355	          0.06029549	          0.06409173	          0.07244775	          0.03674800	          0.01975981	          0.06314261	          0.01273196	          0.01406394	          0.01188454	          0.05503508	          0.07026132	          0.05916115	          0.06219687	          0.06173604	          0.06464358	          0.18975200	          0.09048563	          0.03942731	          0.27868441	          0.32139405	          0.15633807	          0.42384841	          0.33837270	          0.27604767	          0.05680146	          0.05371328	          0.05394134	          0.04483841	          0.06244329	          0.04635514	          0.01000062	          0.01000073	          0.01000163	          0.05036079	          0.08825131	          0.12827345	          0.10498355	          0.01000057	          0.01000829	          0.04026040	          0.25167763	          0.15971453	          0.10322767	          0.01000016	          0.01000017	          0.03523954	          0.01001582	          0.03056418	          0.01000020	          0.25287188	          0.25418626	          0.21764168	          0.01000054	          0.01000120	          0.01000823	          0.02658773	          0.01154138	          0.01001387	          0.46634104	          0.10198652	          0.05180535	          0.16124973	          0.25624229	          0.11901539	          0.10219499	          0.05556959	          0.04750618	          0.01000008	          0.01000008	          0.01262198	
          0.68056059	         -6.35085297	          3.75210844	         -4.86745235	          0.84067185	          0.82428249	          0.00077575	         -4.51343873	         -0.84052196	          5.53010089	        -42.31486054	         -2.87879499	          4.07709858	         16.30754376	         25.26543901	          7.63646866	          6.02813185	        -16.11561278	          8.00517914	         -9.67160708	          0.18339253	         -2.12934324	         -4.70950484	          1.60042893	         23.79351235	        -13.45080294	         19.30568395	         64.77589698	        -27.44671981	        -13.45442221	         13.56679461	         17.14559978	          0.04891680	          0.01121987	          0.01185776	          0.07284622	          0.01977777	          0.01553831	          0.05368460	          0.05016264	          0.02359725	          0.02936280	          0.07174469	          0.10129514	          0.18404866	          0.07143459	          0.01978443	          0.01186176	          0.17767824	          0.16949431	          0.08864109	          0.01000476	          0.01000128	          0.01000361	          0.05084283	          0.05516729	          0.06108872	          0.03098695	          0.01666188	          0.09168460	          0.01073573	          0.01185887	          0.01002117	          0.04640627	          0.05924521	          0.04988522	          0.05244535	          0.05205709	          0.05450836	          0.17699672	          0.07629876	          0.03324567	          0.23499124	          0.34422904	          0.14188459	          0.43702837	          0.33600836	          0.26542170	          0.06028025	          0.04530935	          0.04549911	          0.04860433	          0.06961377	          0.04947974	          0.01000180	          0.01000071	          0.01000346	          0.04247100	          0.09579559	          0.13176626	          0.10316650	          0.01000054	          0.01001369	          0.03397196	          0.24521422	          0.15136200	          0.09881350	          0.01000017	          0.01000018	          0.02971473	          0.01000583	          0.02577243	          0.01000014	          0.23854749	          0.24159180	          0.20602799	          0.01000010	          0.01000023	          0.01000004	          0.04125921	          0.01000600	          0.01000200	          0.41326407	          0.08599613	          0.04368285	          0.13596767	          0.21606681	          0.11121091	          0.09565560	          0.05558087	          0.04497409	          0.01000008	          0.01000009	          0.01064301	
          0.69171732	         -6.34442186	          3.86283370	         -4.89789027	          0.85422607	          0.82576918	          0.00041204	         -2.87579611	         -0.96706144	          5.20252066	        -45.23979188	         -2.63673664	          4.38965221	         14.15648090	         24.30929359	          7.94770670	          6.43306886	        -16.12680085	          7.94609185	         -9.89282523	          0.18714411	         -2.12183450	         -4.97558312	          1.58457883	         22.99127104	        -13.45064118	         19.35299089	         64.09374077	        -26.48618553	        -13.45026825	         13.54191236	         16.56585837	          0.04124717	          0.01000042	          0.01000035	          0.09535993	          0.01667860	          0.01310238	          0.04526832	          0.04634418	          0.01989896	          0.03461115	          0.07478313	          0.09680622	          0.16530408	          0.06023443	          0.01668265	          0.01000207	          0.18550741	          0.17803349	          0.08790698	          0.01000219	          0.01000076	          0.01000025	          0.04880860	          0.05120493	          0.05151065	          0.02612898	          0.01404965	          0.11112663	          0.01000007	          0.01000007	          0.01000004	          0.03913314	          0.04995637	          0.04206368	          0.04560957	          0.04389591	          0.04596230	          0.16303561	          0.06433588	          0.02803309	          0.19814692	          0.34758913	          0.14319407	          0.45062266	          0.33512110	          0.25515224	          0.07331736	          0.05474561	          0.04736159	          0.05172413	          0.07202011	          0.05144296	          0.01000085	          0.01000069	          0.01000216	          0.03581279	          0.08079307	          0.12972514	          0.10329621	          0.01000055	          0.01000975	          0.02864671	          0.23619224	          0.14237066	          0.09628654	          0.01000016	          0.01000016	          0.02505610	          0.01000760	          0.02173203	          0.01000017	          0.22897835	          0.23287588	          0.19719833	          0.01000019	          0.01000044	          0.01000012	          0.06331565	          0.02051110	          0.01002168	          0.34846814	          0.07251295	          0.03683394	          0.11464951	          0.18218969	          0.09377468	          0.08999416	          0.05322633	          0.04649987	          0.01000009	          0.01000010	          0.01000013	
          0.70287405	         -6.33983981	          3.95869442	         -4.91388540	          0.86754665	          0.82735083	          0.00005307	         -1.15796881	         -1.07544204	          4.88681064	        -47.94122529	         -2.11569783	          4.63225667	         12.28764072	         23.30922855	          8.23387517	          6.84866962	        -16.04037697	          7.93093054	        -10.08318440	          0.19894783	         -2.12624575	         -5.21432381	          1.56096965	         22.14367418	        -13.45010643	         19.38166313	         63.26524597	        -25.37003893	        -13.44970909	         13.45722419	         15.97643877	          0.03478008	          0.01000051	          0.01000037	          0.10926851	          0.01406650	          0.01104864	          0.03817176	          0.03907830	          0.01677996	          0.04324364	          0.07585434	          0.08915943	          0.16542514	          0.05079033	          0.01406726	          0.01000029	          0.19226235	          0.17383470	          0.10217149	          0.01000184	          0.01000059	          0.01000025	          0.04524200	          0.04733562	          0.04343432	          0.02203272	          0.01184714	          0.11954558	          0.01000009	          0.01000009	          0.01000006	          0.03299754	          0.04212378	          0.03546848	          0.03886833	          0.03701450	          0.03875617	          0.14566839	          0.05424868	          0.02363780	          0.16707957	          0.34441055	          0.17383381	          0.45999554	          0.33299764	          0.24587788	          0.09110507	          0.06212121	          0.05068231	          0.05369545	          0.07352025	          0.05234498	          0.01000084	          0.01000070	          0.01000233	          0.03019822	          0.06813432	          0.12612965	          0.10141805	          0.01000057	          0.01001012	          0.02415596	          0.22473789	          0.13150377	          0.09197239	          0.01000016	          0.01000017	          0.02112786	          0.01000610	          0.01832523	          0.01000017	          0.21691756	          0.22165083	          0.18637125	          0.01000049	          0.01000109	          0.01282939	          0.07465339	          0.02217529	          0.01756888	          0.29383157	          0.06114398	          0.03105913	          0.09667384	          0.15362414	          0.07907206	          0.08457772	          0.05019201	          0.04272513	          0.01000010	          0.01000012	          0.01000018	
          0.71403078	         -6.33703351	          4.03898772	         -4.91504692	          0.88065633	          0.82900385	         -0.00029960	          0.63186501	         -1.16731716	          4.58270836	        -50.40278952	         -1.37039182	          4.81025357	         10.66336056	         22.26293091	          8.49106021	          7.27184065	        -15.85121922	          7.93861620	        -10.24177851	          0.22790375	         -2.14189254	         -5.42652152	          1.52977539	         21.25179595	        -13.44976203	         19.38620171	         62.29901589	        -24.10363107	        -13.45014447	         13.31770963	         15.37026602	          0.02932700	          0.01000047	          0.01000033	          0.14037395	          0.01186936	          0.01000170	          0.03218788	          0.03295132	          0.01414965	          0.04891827	          0.07654396	          0.08292191	          0.15236567	          0.04282698	          0.01186205	          0.01000032	          0.19667748	          0.16977636	          0.10808046	          0.01000145	          0.01000046	          0.01000021	          0.04330718	          0.04516745	          0.03662428	          0.01857878	          0.01000095	          0.11805137	          0.01000010	          0.01000010	          0.01000007	          0.02782387	          0.03551922	          0.02990735	          0.03277427	          0.03121147	          0.03267978	          0.13046076	          0.04574306	          0.01993165	          0.14088344	          0.33637101	          0.19667154	          0.46552171	          0.32813359	          0.24003924	          0.10712809	          0.08572500	          0.07173304	          0.05458420	          0.07386182	          0.05226736	          0.01000078	          0.01000069	          0.01000179	          0.02546377	          0.05745558	          0.11402523	          0.09820223	          0.01000059	          0.01000836	          0.02036909	          0.21126700	          0.11972036	          0.08617058	          0.01000015	          0.01000016	          0.01781553	          0.01000643	          0.01545284	          0.01000018	          0.20236139	          0.20791652	          0.17350316	          0.01000035	          0.01000080	          0.01917710	          0.08579259	          0.02076787	          0.01695082	          0.24776152	          0.05155765	          0.02618993	          0.08151664	          0.12953741	          0.06667471	          0.08027144	          0.04809765	          0.04038250	          0.01000011	          0.01000013	          0.01000018	
          0.72518751	         -6.33580911	          4.10299024	         -4.90099028	          0.89357760	          0.83069963	         -0.00064502	          2.48482458	         -1.24481457	          4.29042709	        -52.61592654	         -0.44312783	          4.92711643	          9.25215358	         21.17082362	          8.71591029	          7.69929108	        -15.55855305	          7.94318366	        -10.36904407	          0.28364904	         -2.16783792	         -5.61280285	          1.49129256	         20.31788534	        -13.44971714	         19.36107986	         61.20221084	        -22.69598062	        -13.45033208	         13.12945975	         14.75083091	          0.02472894	          0.01000048	          0.01000032	          0.16220377	          0.01026960	          0.01000237	          0.02714220	          0.02778494	          0.01193164	          0.05629597	          0.07597780	          0.07917894	          0.13556317	          0.03611221	          0.01000323	          0.01000028	          0.19781605	          0.16398889	          0.11538570	          0.01000115	          0.01000036	          0.01000018	          0.04099857	          0.04351451	          0.03088199	          0.01566653	          0.01000117	          0.10740616	          0.01000011	          0.01000011	          0.01000008	          0.02346137	          0.02995017	          0.02521815	          0.02763562	          0.02631808	          0.02755604	          0.11691879	          0.03857108	          0.01680661	          0.12037677	          0.32585236	          0.21761214	          0.46872663	          0.32204724	          0.23578205	          0.12769872	          0.10311557	          0.09347352	          0.05360085	          0.07178300	          0.05044960	          0.01000066	          0.01000069	          0.01000166	          0.02147157	          0.04844972	          0.09922164	          0.09320959	          0.01000063	          0.01000764	          0.01717588	          0.19632997	          0.10790914	          0.08021147	          0.01000015	          0.01000016	          0.01502258	          0.01000607	          0.01303133	          0.01000020	          0.18744350	          0.19352472	          0.16021676	          0.01000033	          0.01000074	          0.02772311	          0.09437385	          0.01753605	          0.01432507	          0.20891483	          0.04347470	          0.02208589	          0.06873600	          0.10922725	          0.05622114	          0.07675410	          0.04597163	          0.03606705	          0.01000011	          0.01000015	          0.01000018	
          0.73634424	         -6.33588473	          4.15000319	         -4.87090891	          0.90633369	          0.83240673	         -0.00098198	          4.39130550	         -1.30958726	          4.00983981	        -54.57958647	          0.62631580	          4.98747274	          8.02590121	         20.03427508	          8.90571341	          8.12736769	        -15.16473927	          7.92741553	        -10.46641979	          0.37063619	         -2.20280443	         -5.77388978	          1.44591247	         19.34434097	        -13.44978888	         19.30066928	         59.98148044	        -21.15867494	        -13.45017979	         12.89874007	         14.12907236	          0.02085186	          0.01000045	          0.01000031	          0.17289647	          0.01705479	          0.01000227	          0.02288760	          0.02342857	          0.01006149	          0.06374979	          0.07799631	          0.07614159	          0.11764015	          0.03045024	          0.01000155	          0.01000024	          0.19902115	          0.16063212	          0.11826775	          0.01000092	          0.01000029	          0.01000016	          0.04083620	          0.04352028	          0.02604004	          0.01321125	          0.01000113	          0.09056635	          0.01000013	          0.01000013	          0.01000009	          0.01978286	          0.02525430	          0.02126418	          0.02330266	          0.02219196	          0.02323567	          0.10694137	          0.03252361	          0.01417156	          0.11702846	          0.30825012	          0.23111602	          0.46779344	          0.31262365	          0.23268043	          0.14158281	          0.12691744	          0.11641794	          0.05114001	          0.06821024	          0.04749935	          0.01000060	          0.01000071	          0.01000131	          0.01810527	          0.04085504	          0.08367550	          0.08737638	          0.01000069	          0.01000633	          0.01448331	          0.18088444	          0.09695202	          0.07402141	          0.01000015	          0.01000015	          0.01266762	          0.01000667	          0.01099187	          0.01000022	          0.17210325	          0.17850233	          0.14660889	          0.01000023	          0.01000051	          0.03697603	          0.10280759	          0.01503858	          0.01446194	          0.17615894	          0.03665944	          0.02160761	          0.05795928	          0.09210154	          0.04740658	          0.07416294	          0.04362078	          0.03198670	          0.01000012	          0.01000017	          0.01000018	
          0.74750097	         -6.33695260	          4.17957868	         -4.82380983	          0.91894832	          0.83409406	         -0.00130961	          6.34052739	         -1.36270732	          3.74120982	        -56.29670629	          1.80689901	          4.99459343	          6.96025243	         18.85494145	          9.05863841	          8.55228137	        -14.67421251	          7.88344753	        -10.53679940	          0.49157258	         -2.24526745	         -5.91055748	          1.39413430	         18.33391131	        -13.44980819	         19.20094311	         58.64277829	        -19.50506670	        -13.44992018	         12.62979651	         13.52135921	          0.01758281	          0.01000045	          0.01000031	          0.16987771	          0.02097563	          0.01000252	          0.01930008	          0.01975523	          0.01000107	          0.07385472	          0.08092760	          0.07499935	          0.10319082	          0.02567602	          0.01000130	          0.01000021	          0.19568274	          0.16026504	          0.11049290	          0.01000075	          0.01000024	          0.01000014	          0.04063364	          0.04354516	          0.02195726	          0.01114209	          0.01000122	          0.07636647	          0.01000015	          0.01000015	          0.01000011	          0.01668111	          0.02129469	          0.01793015	          0.01964907	          0.01871277	          0.01959270	          0.10004690	          0.02742435	          0.01194968	          0.12732418	          0.29021359	          0.23801117	          0.46395052	          0.30239826	          0.23035981	          0.15288911	          0.14298206	          0.14121866	          0.04958911	          0.06413690	          0.04523402	          0.01000053	          0.01000076	          0.01000122	          0.01526677	          0.03445079	          0.07056041	          0.08191473	          0.01000081	          0.01000601	          0.01221297	          0.16622094	          0.08664008	          0.06716360	          0.01000016	          0.01000016	          0.01068221	          0.01000679	          0.01001334	          0.01000028	          0.15614297	          0.16253688	          0.13254444	          0.01000041	          0.01000096	          0.04672015	          0.11199119	          0.02055141	          0.02699882	          0.14853887	          0.03091453	          0.02838861	          0.04887224	          0.07766096	          0.03997401	          0.07227507	          0.04095451	          0.02736013	          0.01000012	          0.01000019	          0.01000018	
          0.75865771	         -6.33873138	          4.19173112	         -4.75859187	          0.93144480	          0.83573434	         -0.00162708	          8.32085784	         -1.40475115	          3.48449648	        -57.76967733	          3.06870055	          4.95163436	          6.03407957	         17.63471047	          9.17379025	          8.97012396	        -14.09265083	          7.80916656	        -10.58421697	          0.66316579	         -2.29358293	         -6.02392672	          1.33656684	         17.28981292	        -13.44981482	         19.06107303	         57.19118975	        -17.74937634	        -13.44975674	         12.32441828	         12.94745404	          0.01482797	          0.01000041	          0.01000025	          0.14342686	          0.03449244	          0.01000219	          0.01627509	          0.01665783	          0.01000075	          0.08672539	          0.08468976	          0.07743090	          0.09528208	          0.02165036	          0.01000109	          0.01000019	          0.19267474	          0.16465393	          0.09317149	          0.01000056	          0.01000019	          0.01000012	          0.04281376	          0.04531581	          0.01851463	          0.01000388	          0.01000084	          0.06439298	          0.01000017	          0.01000017	          0.01000013	          0.01406569	          0.01795591	          0.01511887	          0.01656833	          0.01577910	          0.01652093	          0.09522014	          0.02312469	          0.01007631	          0.14771124	          0.27237164	          0.24431557	          0.45765329	          0.29099541	          0.22551458	          0.16255836	          0.16202999	          0.16158045	          0.04754124	          0.06058490	          0.04316205	          0.01000053	          0.01000081	          0.01000099	          0.01287337	          0.02905051	          0.05950015	          0.07887975	          0.01000089	          0.01000504	          0.01029891	          0.15362240	          0.07961287	          0.06360299	          0.01000016	          0.01000016	          0.01000205	          0.01000767	          0.01459766	          0.01000032	          0.14330670	          0.14949128	          0.12128216	          0.02346930	          0.01000066	          0.05325971	          0.11798606	          0.02254494	          0.03158946	          0.12524937	          0.02606922	          0.03432150	          0.04120999	          0.06548453	          0.03370682	          0.07070868	          0.03795956	          0.02307067	          0.01000014	          0.01000021	          0.01000018	
          0.76981444	         -6.34101956	          4.18670847	         -4.67424760	          0.94384272	          0.83730614	         -0.00193362	         10.32178429	         -1.43560337	          3.23903749	        -59.00133633	          4.38243938	          4.86204924	          5.22904586	         16.37619846	          9.25087816	          9.37749191	        -13.42694984	          7.70594475	        -10.61173520	          0.90965454	         -2.34644425	         -6.11516954	          1.27379928	         16.21630081	        -13.44979421	         18.88342977	         55.63039074	        -15.90595127	        -13.44972901	         11.98445522	         12.42972691	          0.01541237	          0.01000042	          0.01000024	          0.12093982	          0.02908736	          0.01000234	          0.01372457	          0.01404609	          0.01000046	          0.10078641	          0.08642531	          0.07965171	          0.08544652	          0.01825589	          0.01000090	          0.01000018	          0.18639727	          0.16531262	          0.07856384	          0.01000046	          0.01000016	          0.01000011	          0.04383051	          0.04661357	          0.01561178	          0.01000383	          0.01000075	          0.05429682	          0.01000021	          0.01000020	          0.01000015	          0.01186035	          0.01514062	          0.01274838	          0.01397065	          0.01330547	          0.01393084	          0.09369654	          0.01949926	          0.01000033	          0.16795721	          0.25519501	          0.24350207	          0.44877927	          0.27875466	          0.21912715	          0.18291834	          0.17870696	          0.18258233	          0.04507750	          0.05620629	          0.04079381	          0.01000048	          0.01000082	          0.01000090	          0.01085544	          0.02449689	          0.05017339	          0.07580064	          0.01000098	          0.01000458	          0.01000209	          0.14209587	          0.07329132	          0.06008765	          0.01000016	          0.01000016	          0.01000219	          0.01000711	          0.03976081	          0.01000039	          0.13207653	          0.13770012	          0.11167216	          0.05153823	          0.01000050	          0.05820199	          0.12464372	          0.02261725	          0.03575325	          0.10561145	          0.02219718	          0.04272871	          0.03474917	          0.05521726	          0.02842227	          0.06960636	          0.03528411	          0.01945381	          0.01000015	          0.01000025	          0.01000017	
          0.78097117	         -6.34365917	          4.16505372	         -4.57020697	          0.95615949	          0.83879233	         -0.00222875	         12.33257873	         -1.45535084	          3.00461000	        -59.99391535	          5.71783668	          4.72873689	          4.52918313	         15.08311123	          9.29029340	          9.77200061	        -12.68533714	          7.57273311	        -10.62034349	          1.24067144	         -2.40267850	         -6.18549637	          1.20644540	         15.11838725	        -13.44972354	         18.67332253	         53.96341108	        -13.99006608	        -13.44973729	         11.61282324	         11.99386661	          0.01299686	          0.01000039	          0.01000023	          0.10197789	          0.02452758	          0.01000211	          0.01157465	          0.01184387	          0.01000031	          0.11216811	          0.08977983	          0.08131959	          0.08289004	          0.01539367	          0.01000083	          0.01000017	          0.17881222	          0.16513320	          0.06624616	          0.01000039	          0.01000014	          0.01000010	          0.04438071	          0.04717307	          0.01316410	          0.01000430	          0.01000079	          0.04578368	          0.01000026	          0.01000026	          0.01000019	          0.01000085	          0.01276676	          0.01074956	          0.01178030	          0.01121999	          0.01174705	          0.09428361	          0.01906745	          0.01000239	          0.18463151	          0.24181555	          0.24868286	          0.43798490	          0.26531522	          0.21201111	          0.18983704	          0.19478653	          0.19912651	          0.04233144	          0.05053890	          0.03798761	          0.01000044	          0.01000088	          0.01000075	          0.01000111	          0.02065721	          0.04230851	          0.07122939	          0.01000118	          0.01000395	          0.01000207	          0.13089959	          0.06701179	          0.05535687	          0.01000016	          0.01000016	          0.01000207	          0.01000826	          0.06627712	          0.01000057	          0.12113336	          0.12606141	          0.10258994	          0.07662340	          0.01000132	          0.06303722	          0.13075343	          0.02808645	          0.04305994	          0.08905258	          0.02871792	          0.04907686	          0.02930132	          0.04655979	          0.02396627	          0.06819317	          0.03242027	          0.01640454	          0.01000015	          0.01000026	          0.01000017	
          0.79212790	         -6.34654272	          4.12741252	         -4.44631025	          0.96841165	          0.84017767	         -0.00251175	         14.34163623	         -1.46374540	          2.78105274	        -60.74832528	          7.04702812	          4.55495939	          3.92082972	         13.75891274	          9.29279661	         10.15276077	        -11.87544913	          7.40766730	        -10.60990864	          1.65171992	         -2.46124406	         -6.23604071	          1.13511694	         14.00103837	        -13.44974453	         18.43814447	         52.19448435	        -12.01835088	        -13.44982211	         11.21520735	         11.66902681	          0.01095929	          0.01000040	          0.01000024	          0.08598887	          0.02068238	          0.01000218	          0.01000446	          0.01000020	          0.01000022	          0.12076640	          0.09114164	          0.08441706	          0.07921088	          0.01298026	          0.01000074	          0.01000016	          0.17163896	          0.16301227	          0.05585964	          0.01000036	          0.01000013	          0.01000010	          0.04512981	          0.04841178	          0.01110029	          0.01000493	          0.01000085	          0.03860545	          0.01000035	          0.01000034	          0.01000026	          0.01000012	          0.01076512	          0.01000002	          0.01000023	          0.01000122	          0.01000089	          0.10462554	          0.02327394	          0.01000340	          0.22171648	          0.23219436	          0.25366413	          0.42458872	          0.25245177	          0.20555579	          0.20492291	          0.21117402	          0.21692816	          0.03837196	          0.04492243	          0.03464618	          0.01000047	          0.01000096	          0.01000069	          0.01000131	          0.01741964	          0.03567656	          0.06733634	          0.01000139	          0.01000365	          0.01000194	          0.12154591	          0.06247356	          0.05204986	          0.01000017	          0.01000017	          0.01000169	          0.01000861	          0.09373708	          0.01000067	          0.11202223	          0.11620601	          0.09496621	          0.09983671	          0.03768199	          0.06417603	          0.13530850	          0.02503059	          0.04258548	          0.07508999	          0.03411069	          0.05558335	          0.02470779	          0.03925974	          0.02020901	          0.06688365	          0.02957748	          0.01385088	          0.01000015	          0.01000030	          0.01000017	
          0.80328463	         -6.34959200	          4.07451175	         -4.30273299	          0.98061461	          0.84144876	         -0.00278229	         16.33681978	         -1.46103867	          2.56861307	        -61.26465660	          8.34128106	          4.34380888	          3.39147033	         12.40792194	          9.25940263	         10.51903050	        -11.00646955	          7.21031226	        -10.57975047	          2.13618970	         -2.52125446	         -6.26778322	          1.06036162	         12.86873007	        -13.44990956	         18.18558163	         50.32948046	        -10.00824384	        -13.45004347	         10.80170020	         11.48601175	          0.01000108	          0.01000038	          0.01000025	          0.07250673	          0.01743993	          0.01000199	          0.01000419	          0.01000022	          0.01000016	          0.12265552	          0.09490979	          0.08826280	          0.07380129	          0.01094541	          0.01000071	          0.01000016	          0.16335356	          0.16045842	          0.04710158	          0.01000032	          0.01000013	          0.01000010	          0.04622494	          0.05050024	          0.01000064	          0.01000602	          0.01000092	          0.03255364	          0.01000050	          0.01000049	          0.01000037	          0.01000010	          0.01000017	          0.01000003	          0.01000030	          0.01000140	          0.01000103	          0.11937859	          0.03849587	          0.01000123	          0.25481243	          0.22586539	          0.25985260	          0.40924984	          0.24014472	          0.19984641	          0.21765588	          0.22967083	          0.23451134	          0.03393221	          0.03850434	          0.03087056	          0.01000044	          0.01000098	          0.01000057	          0.01000100	          0.01468984	          0.03008431	          0.06202858	          0.01000170	          0.01000308	          0.01000163	          0.11384567	          0.05880150	          0.04763501	          0.01000016	          0.01000017	          0.01000169	          0.01000924	          0.11978161	          0.01000107	          0.10338614	          0.10748681	          0.08871654	          0.12348483	          0.07392838	          0.06495033	          0.14050060	          0.02636827	          0.04585371	          0.06331661	          0.04314919	          0.06003582	          0.02083455	          0.03310428	          0.01704090	          0.06536723	          0.02719923	          0.01263103	          0.01000015	          0.01000032	          0.01000016	
          0.81444136	         -6.35277130	          4.00702661	         -4.14014823	          0.99278412	          0.84259395	         -0.00304034	         18.30399026	         -1.44803193	          2.36841639	        -61.53806496	          9.57717325	          4.09825909	          2.93042395	         11.03418759	          9.19144626	         10.86994994	        -10.08821913	          6.98660204	        -10.53005054	          2.68739760	         -2.58182955	         -6.28136228	          0.98259653	         11.72504358	        -13.45028991	         17.92341689	         48.37671658	         -7.97794200	        -13.45030820	         10.38696841	         11.47589783	          0.01000046	          0.01000033	          0.01000028	          0.06113844	          0.01470582	          0.01000177	          0.01000316	          0.01000019	          0.01000013	          0.10342703	          0.11017424	          0.09391581	          0.06929959	          0.01000096	          0.01000060	          0.01000014	          0.15555196	          0.16581934	          0.03971667	          0.01000029	          0.01000012	          0.01000010	          0.05007028	          0.05452690	          0.01000183	          0.01054408	          0.01000154	          0.03001916	          0.01000048	          0.01000047	          0.01000035	          0.01000010	          0.01000021	          0.01000003	          0.01000025	          0.01000129	          0.01000092	          0.13408434	          0.05721769	          0.01000256	          0.27451677	          0.22122009	          0.26465937	          0.39151154	          0.22748598	          0.19397755	          0.22757386	          0.24300111	          0.24544085	          0.03097265	          0.03288677	          0.02816032	          0.01000049	          0.01000122	          0.01000053	          0.01000089	          0.01238845	          0.02536884	          0.05721724	          0.01000237	          0.01000291	          0.01000156	          0.10800339	          0.05500264	          0.04337729	          0.01000019	          0.01000019	          0.01000162	          0.01001130	          0.13851371	          0.01000186	          0.09542896	          0.09848636	          0.08185108	          0.14720231	          0.10596734	          0.06545916	          0.14546788	          0.03053232	          0.05009531	          0.05338918	          0.05002655	          0.06425509	          0.01756871	          0.02791394	          0.01436961	          0.06326355	          0.02417748	          0.01199339	          0.01000016	          0.01000038	          0.01000016	
          0.82559809	         -6.35614116	          3.92575165	         -3.95948162	          1.00493611	          0.84360430	         -0.00328618	         20.22528866	         -1.42558581	          2.18245465	        -61.55004567	         10.73507104	          3.82172971	          2.52796416	          9.64143233	          9.09055798	         11.20454605	         -9.12995050	          6.74267752	        -10.46076240	          3.29783337	         -2.64222507	         -6.27733883	          0.90219392	         10.57218510	        -13.45078180	         17.65808994	         46.34702743	         -5.94557835	        -13.45050177	          9.99037315	         11.66801432	          0.01000041	          0.01000032	          0.01000027	          0.05155258	          0.01240044	          0.01000156	          0.01000249	          0.01000018	          0.01000010	          0.08721082	          0.12132009	          0.10314776	          0.07440978	          0.01000128	          0.01000058	          0.01000013	          0.14816936	          0.16907929	          0.03348962	          0.01000027	          0.01000012	          0.01000010	          0.05413391	          0.05876865	          0.01000200	          0.05070381	          0.01000144	          0.02903479	          0.01000058	          0.01000057	          0.01000044	          0.01000009	          0.01000019	          0.01000002	          0.01000026	          0.01000125	          0.01000091	          0.14745749	          0.07495588	          0.01000174	          0.28881448	          0.21846794	          0.26523836	          0.37212790	          0.21370416	          0.18575769	          0.23035391	          0.24927923	          0.25294781	          0.02892305	          0.02842166	          0.02615806	          0.01000049	          0.01000128	          0.01000047	          0.01000082	          0.01044942	          0.02139284	          0.05266639	          0.01000294	          0.01000262	          0.01000149	          0.10153720	          0.05144746	          0.04048425	          0.01000019	          0.01000020	          0.01000150	          0.01001214	          0.15365268	          0.01000290	          0.08752100	          0.09008719	          0.07538548	          0.17076982	          0.13685465	          0.06563403	          0.15026802	          0.03650019	          0.05458996	          0.04501829	          0.05330675	          0.06716964	          0.01481511	          0.02353740	          0.01211735	          0.06110024	          0.02111739	          0.01143342	          0.01000016	          0.01000041	          0.01000016	
          0.83675482	         -6.35979654	          3.83157193	         -3.76176956	          1.01708423	          0.84447037	         -0.00351957	         22.08384905	         -1.39378326	          2.01093952	        -61.28454843	         11.79773048	          3.51813795	          2.17534098	          8.23377022	          8.95856182	         11.52164967	         -8.14077894	          6.48170253	        -10.37208798	          3.96009589	         -2.70198938	         -6.25635714	          0.81949896	          9.41128217	        -13.45138350	         17.39518140	         44.25445052	         -3.92805436	        -13.45081878	          9.63488246	         12.08799292	          0.01000033	          0.01000030	          0.01000028	          0.04346969	          0.01045673	          0.01000138	          0.01000188	          0.01000016	          0.01000009	          0.07353705	          0.13027339	          0.11131491	          0.08368830	          0.01000125	          0.01000055	          0.01000013	          0.14118767	          0.16762526	          0.02823889	          0.01000025	          0.01000011	          0.01000010	          0.05766828	          0.06270824	          0.01000228	          0.09042370	          0.01000161	          0.02846002	          0.01000077	          0.01000077	          0.01000058	          0.01000009	          0.01000019	          0.01000003	          0.01000024	          0.01000118	          0.01000088	          0.16012150	          0.08877673	          0.01180047	          0.29686672	          0.21703414	          0.26440445	          0.35201452	          0.20081784	          0.17700799	          0.23324025	          0.25330494	          0.25697574	          0.02677860	          0.02470091	          0.02404472	          0.01000056	          0.01000153	          0.01000045	          0.01000078	          0.01000911	          0.01804045	          0.04819473	          0.01000420	          0.01000252	          0.01000151	          0.09573162	          0.04836692	          0.03682404	          0.01000021	          0.01000022	          0.01000151	          0.01001343	          0.16664804	          0.01000500	          0.07988127	          0.08199373	          0.06891158	          0.19437026	          0.16693151	          0.06563940	          0.15493078	          0.04350530	          0.05961800	          0.03795988	          0.05346612	          0.06924171	          0.01249362	          0.01984707	          0.01021887	          0.05919285	          0.01817271	          0.01154047	          0.01000017	          0.01000049	          0.01000016	
          0.84791155	         -6.36383135	          3.72543509	         -3.54823022	          1.02924010	          0.84518208	         -0.00374035	         23.86463258	         -1.35236688	          1.85396871	        -60.73281207	         12.74947529	          3.19190757	          1.86537722	          6.81565799	          8.79736176	         11.82025001	         -7.12992804	          6.20551429	        -10.26387242	          4.66797608	         -2.76083936	         -6.21896393	          0.73480639	          8.24256331	        -13.45216242	         17.13922536	         42.11547399	         -1.94024557	        -13.45161320	          9.34514528	         12.75510826	          0.01000026	          0.01000029	          0.01000031	          0.03665412	          0.01000128	          0.01000127	          0.01000140	          0.01000014	          0.01000008	          0.06200717	          0.13889575	          0.11887735	          0.09354672	          0.01000134	          0.01000056	          0.01000013	          0.13467733	          0.16223533	          0.02381142	          0.01000025	          0.01000012	          0.01000012	          0.06100284	          0.06673930	          0.01150559	          0.11623349	          0.01000221	          0.02795485	          0.01000152	          0.01000150	          0.01000111	          0.01000009	          0.01000018	          0.01000003	          0.01000026	          0.01000121	          0.01000090	          0.17232608	          0.09601182	          0.01730875	          0.29742935	          0.21654235	          0.26004276	          0.33166989	          0.18880017	          0.16894869	          0.24012579	          0.25732444	          0.25694487	          0.02515202	          0.02143034	          0.02216608	          0.01000064	          0.01000179	          0.01000041	          0.01000073	          0.01001020	          0.01521412	          0.04291067	          0.01000738	          0.01000235	          0.01000151	          0.09096045	          0.04611355	          0.03284160	          0.01000023	          0.01000024	          0.01000141	          0.01001458	          0.17566977	          0.01000659	          0.07232520	          0.07391497	          0.06265611	          0.21783879	          0.19643746	          0.06568034	          0.15940538	          0.05151274	          0.06498307	          0.03200816	          0.05132826	          0.07051316	          0.01053735	          0.01673537	          0.01000449	          0.05751099	          0.01547605	          0.01229283	          0.01000018	          0.01000056	          0.01000016	
          0.85906828	         -6.36832539	          3.60829825	         -3.32022450	          1.04141396	          0.84572957	         -0.00394861	         25.55434443	         -1.30095276	          1.71193948	        -59.89239958	         13.57683470	          2.84763659	          1.59316850	          5.39176954	          8.60912611	         12.09925248	         -6.10712547	          5.91665080	        -10.13638312	          5.41675261	         -2.81854548	         -6.16557276	          0.64835980	          7.06528081	        -13.45313017	         16.89303968	         39.94860703	          0.00619737	        -13.45320773	          9.14416805	         13.67905090	          0.01000026	          0.01000029	          0.01000031	          0.03090717	          0.01000153	          0.01000118	          0.01000102	          0.01000013	          0.01000007	          0.05228505	          0.14856999	          0.12734922	          0.10923215	          0.01000156	          0.01000060	          0.01000014	          0.12837783	          0.15685955	          0.02007814	          0.01000025	          0.01000013	          0.01000013	          0.06523491	          0.07131688	          0.02344798	          0.12335193	          0.01000192	          0.02716049	          0.01000870	          0.01000945	          0.01000500	          0.01000009	          0.01000019	          0.01000003	          0.01000029	          0.01000134	          0.01000100	          0.18322470	          0.09872634	          0.02588039	          0.28945300	          0.21668274	          0.25291863	          0.31266931	          0.17702334	          0.15879296	          0.24084421	          0.25781425	          0.25448644	          0.02436675	          0.01898995	          0.02097716	          0.01000066	          0.01000190	          0.01000038	          0.01000069	          0.01000915	          0.01283190	          0.04021133	          0.01000840	          0.01000217	          0.01000147	          0.08659613	          0.04439079	          0.03048574	          0.01000024	          0.01000024	          0.01000130	          0.01001469	          0.18042936	          0.01001266	          0.06296035	          0.06355652	          0.05505874	          0.24117621	          0.22556903	          0.06599594	          0.16390605	          0.06029716	          0.07025160	          0.02698962	          0.04572979	          0.07069548	          0.01000723	          0.01411157	          0.01000539	          0.05614513	          0.01324016	          0.01293306	          0.01000017	          0.01000058	          0.01000016	
          0.87022502	         -6.37332544	          3.48113608	         -3.07911672	          1.05361449	          0.84610382	         -0.00414388	         27.14175483	         -1.23849958	          1.58388979	        -58.76556185	         14.27036302	          2.49020877	          1.35652393	          3.96797021	          8.39653201	         12.35750413	         -5.08454251	          5.61909197	         -9.99040307	          6.20327096	         -2.87488238	         -6.09670744	          0.56037146	          5.87753143	        -13.45425803	         16.65755294	         37.77478138	          1.90436877	        -13.45559612	          9.04860280	         14.85580887	          0.01000026	          0.01000030	          0.01000031	          0.02606130	          0.01000143	          0.01000115	          0.01000065	          0.01000013	          0.01000007	          0.04408727	          0.16154375	          0.13622972	          0.12404710	          0.01000158	          0.01000060	          0.01000015	          0.12197146	          0.15121985	          0.01693022	          0.01000025	          0.01000013	          0.01000013	          0.07067227	          0.07672896	          0.03835988	          0.12181886	          0.01000184	          0.02601847	          0.01097718	          0.01125735	          0.01001642	          0.01000009	          0.01000020	          0.01000004	          0.01000038	          0.01000163	          0.01000119	          0.19274813	          0.09891742	          0.03657125	          0.27385832	          0.21753389	          0.24241983	          0.29433787	          0.16641606	          0.14873516	          0.24291595	          0.25527443	          0.24990536	          0.02552467	          0.01779032	          0.02083766	          0.01000075	          0.01000229	          0.01000038	          0.01000071	          0.01000864	          0.01082617	          0.03436267	          0.01726403	          0.01000218	          0.01000153	          0.08316145	          0.04319016	          0.02996380	          0.01000026	          0.01000027	          0.01000133	          0.01001498	          0.18502579	          0.01001499	          0.05309171	          0.05359463	          0.04642910	          0.26419559	          0.25425059	          0.06647840	          0.16812035	          0.06872001	          0.07506885	          0.02275795	          0.03859299	          0.06996965	          0.01000843	          0.01189922	          0.01000443	          0.05491008	          0.01131243	          0.01431891	          0.01000018	          0.01000069	          0.01000016	
          0.88138175	         -6.37886926	          3.34487898	         -2.82644966	          1.06584875	          0.84629732	         -0.00432547	         28.61786159	         -1.16376098	          1.46856535	        -57.35640121	         14.82656448	          2.12450558	          1.15490022	          2.55068134	          8.16245975	         12.59382532	         -4.07536991	          5.31792839	         -9.82724409	          7.02533083	         -2.92968982	         -6.01280015	          0.47098067	          4.67666110	        -13.45552885	         16.43192354	         35.61683956	          3.75263132	        -13.45805810	          9.06694103	         16.26572404	          0.01000026	          0.01000030	          0.01000033	          0.02197523	          0.01000133	          0.01000111	          0.01000036	          0.01000013	          0.01000007	          0.03717483	          0.17436430	          0.14438701	          0.13832301	          0.01000193	          0.01000067	          0.01000016	          0.11617552	          0.14266768	          0.01427590	          0.01000026	          0.01000014	          0.01000015	          0.07653399	          0.08282404	          0.05445755	          0.11606413	          0.01000175	          0.02454822	          0.01073030	          0.01095247	          0.01000749	          0.01000012	          0.01000024	          0.01000005	          0.01000034	          0.01000165	          0.01000124	          0.20064627	          0.10001303	          0.04642950	          0.25261304	          0.21937028	          0.22882547	          0.27674586	          0.15697526	          0.14014859	          0.23998586	          0.25042038	          0.24554782	          0.02846555	          0.02146245	          0.02212185	          0.01000086	          0.01000251	          0.01000036	          0.01000069	          0.01000798	          0.01001756	          0.02897840	          0.05268785	          0.01000207	          0.01000156	          0.08047406	          0.04304926	          0.02528189	          0.01000028	          0.01000028	          0.01000123	          0.01001466	          0.19038244	          0.01000339	          0.04476835	          0.04519252	          0.03915041	          0.28671214	          0.28231579	          0.06699573	          0.17220756	          0.07682498	          0.07966177	          0.01918978	          0.03254670	          0.06786578	          0.01000678	          0.01003391	          0.01000485	          0.05358106	          0.01000308	          0.01667987	          0.01000019	          0.01000073	          0.01000016	
          0.89253848	         -6.38499005	          3.20032383	         -2.56402110	          1.07812252	          0.84630381	         -0.00449228	         29.97703235	         -1.07547687	          1.36469088	        -55.67356711	         15.24953917	          1.75533115	          0.98716285	          1.14599222	          7.90981236	         12.80689465	         -3.09232816	          5.01974174	         -9.64881636	          7.88060729	         -2.98286462	         -5.91408359	          0.38011648	          3.45940867	        -13.45660976	         16.21142938	         33.49918141	          5.55347461	        -13.45976540	          9.20329528	         17.87699734	          0.01000028	          0.01000033	          0.01000035	          0.01852983	          0.01000137	          0.01000113	          0.01000020	          0.01000014	          0.01000007	          0.03134619	          0.18622528	          0.15100830	          0.15087113	          0.01000242	          0.01000077	          0.01000019	          0.11151941	          0.13000756	          0.01203783	          0.01000028	          0.01000016	          0.01000017	          0.08337716	          0.08969966	          0.06938703	          0.10935978	          0.01000164	          0.02276361	          0.01000900	          0.01001029	          0.01000225	          0.01000013	          0.01000028	          0.01000006	          0.01000059	          0.01000233	          0.01000175	          0.20833784	          0.10202010	          0.05586042	          0.22826092	          0.22292030	          0.21291011	          0.26109197	          0.14815452	          0.13257699	          0.23801889	          0.24795329	          0.24550774	          0.03132724	          0.02654977	          0.02247194	          0.01000106	          0.01000253	          0.01000035	          0.01000070	          0.01000768	          0.01002314	          0.02443604	          0.09174668	          0.01000201	          0.01000168	          0.07671636	          0.04242508	          0.02132059	          0.01000028	          0.01000029	          0.01000122	          0.01001453	          0.19949695	          0.01000141	          0.03774958	          0.03810731	          0.03301250	          0.30845558	          0.30954107	          0.06763133	          0.17631835	          0.08555007	          0.08391591	          0.01618108	          0.02744717	          0.06393119	          0.01000678	          0.01000103	          0.01000364	          0.05250414	          0.01000045	          0.02040816	          0.01000021	          0.01167085	          0.01000015	
          0.90369521	         -6.39171411	          3.04822571	         -2.29384951	          1.09044161	          0.84611820	         -0.00464326	         31.21676366	         -0.97287057	          1.27152511	        -53.73068418	         15.55169681	          1.38585275	          0.84944638	         -0.24163289	          7.64114032	         12.99554498	         -2.14519995	          4.73103376	         -9.45611652	          8.76646612	         -3.03428523	         -5.80054903	          0.28758685	          2.22227210	        -13.45677248	         15.98679703	         31.44606831	          7.31127846	        -13.46037507	          9.45868941	         19.65238902	          0.01000029	          0.01000034	          0.01000037	          0.01562468	          0.01000135	          0.01000114	          0.01000013	          0.01000015	          0.01000007	          0.02643144	          0.19966365	          0.15419456	          0.15251360	          0.01000272	          0.01000082	          0.01000020	          0.10741996	          0.12098766	          0.01015088	          0.01000029	          0.01000017	          0.01000018	          0.09086785	          0.09675729	          0.07735296	          0.10140443	          0.01000170	          0.02130157	          0.01000394	          0.01000438	          0.01000131	          0.01000016	          0.01000033	          0.01000009	          0.01000055	          0.01000239	          0.01000186	          0.21553506	          0.10588344	          0.06362894	          0.20885613	          0.22800150	          0.19735300	          0.24926308	          0.14248730	          0.13096661	          0.24126000	          0.25400939	          0.24951803	          0.03342890	          0.02807033	          0.02135816	          0.01000243	          0.01000571	          0.01000038	          0.01000069	          0.01000650	          0.01001711	          0.02060535	          0.12736497	          0.01000220	          0.01000204	          0.07148740	          0.03664812	          0.01797872	          0.01000042	          0.01000043	          0.01000140	          0.01002221	          0.20700426	          0.01000086	          0.03183115	          0.03213284	          0.02783681	          0.32896485	          0.33504240	          0.06833819	          0.17991720	          0.09216447	          0.08676026	          0.01364417	          0.02314553	          0.06020113	          0.01000549	          0.01000154	          0.01000541	          0.05126665	          0.01000050	          0.02444724	          0.01000020	          0.01562004	          0.01000015	
          0.91485194	         -6.39909419	          2.88902289	         -2.01794388	          1.10281152	          0.84573740	         -0.00477871	         32.33725330	         -0.85647034	          1.18945041	        -51.54680222	         15.75240340	          1.01648620	          0.73548274	         -1.60928093	          7.35822339	         13.15877351	         -1.24083472	          4.45703402	         -9.24906454	          9.68103659	         -3.08407701	         -5.67156118	          0.19347386	          0.96178672	        -13.45575224	         15.74703966	         29.48104799	          9.03076952	        -13.45991995	          9.82984665	         21.55506184	          0.01000031	          0.01000038	          0.01000042	          0.01317509	          0.01000139	          0.01000120	          0.01000010	          0.01000016	          0.01000008	          0.02228727	          0.20751394	          0.15343736	          0.14657565	          0.01000373	          0.01000098	          0.01000023	          0.10351591	          0.10684267	          0.01000142	          0.01000033	          0.01000019	          0.01000022	          0.09852863	          0.10374857	          0.08131972	          0.09229888	          0.01000177	          0.01994631	          0.01000359	          0.01000418	          0.01000113	          0.01000017	          0.01000035	          0.01000010	          0.01000064	          0.01000267	          0.01000213	          0.22278270	          0.11010658	          0.07081601	          0.19196451	          0.23466727	          0.18168204	          0.24252822	          0.14112262	          0.13191848	          0.25446941	          0.26613197	          0.25732781	          0.03353191	          0.02678373	          0.01989781	          0.02652105	          0.01001289	          0.01000037	          0.01000065	          0.01000556	          0.01001509	          0.01737523	          0.16022305	          0.01000213	          0.01000212	          0.06920256	          0.03452804	          0.01516078	          0.01000049	          0.01000050	          0.01000132	          0.01002622	          0.21552535	          0.01000071	          0.02684067	          0.02709512	          0.02347263	          0.34798049	          0.35867628	          0.06984748	          0.18345326	          0.09928539	          0.08913314	          0.01150515	          0.01952049	          0.05859722	          0.01000613	          0.01000158	          0.01000566	          0.04993700	          0.01000046	          0.02688604	          0.01000020	          0.01953941	          0.01000015	
          0.92600867	         -6.40715102	          2.72251208	         -1.73783005	          1.11523868	          0.84516138	         -0.00489886	         33.34057060	         -0.72746077	          1.11939763	        -49.14742561	         15.87301095	          0.64666063	          0.63936455	         -2.95253400	          7.06264016	         13.29509190	         -0.38946970	          4.20343991	         -9.02748392	         10.62439630	         -3.13229679	         -5.52607318	          0.09798129	         -0.32562406	        -13.45378316	         15.48142242	         27.62701659	         10.71604233	        -13.45859082	         10.30765736	         23.55106079	          0.01000034	          0.01000042	          0.01000047	          0.01110977	          0.01000153	          0.01000132	          0.01000008	          0.01000017	          0.01000008	          0.01879287	          0.20764271	          0.14919160	          0.13755753	          0.01000424	          0.01000109	          0.01000026	          0.10029711	          0.09214002	          0.01000176	          0.01000036	          0.01000021	          0.01000025	          0.10590709	          0.11018499	          0.08393518	          0.08209791	          0.01000191	          0.01865686	          0.01000336	          0.01000426	          0.01000096	          0.01000018	          0.01000037	          0.01000012	          0.01000072	          0.01000289	          0.01000236	          0.22953946	          0.11404606	          0.07728245	          0.17767937	          0.24226891	          0.16663938	          0.23897612	          0.14398831	          0.13430671	          0.27479871	          0.28005532	          0.26673798	          0.03277701	          0.02259600	          0.01823469	          0.06693024	          0.01001166	          0.01000035	          0.01000063	          0.01000486	          0.01001402	          0.01465163	          0.19084694	          0.01000202	          0.01000202	          0.07138179	          0.03764675	          0.01278489	          0.01000053	          0.01000053	          0.01000123	          0.01002121	          0.22371208	          0.01000075	          0.02263269	          0.02284731	          0.01979276	          0.36566620	          0.38079589	          0.07245816	          0.18751889	          0.10705702	          0.09263738	          0.01000073	          0.01853065	          0.05717758	          0.01000727	          0.01000165	          0.01000513	          0.04879036	          0.01000038	          0.02776404	          0.01000020	          0.02295039	          0.01000015	
          0.93716540	         -6.41583216	          2.54781317	         -1.45455380	          1.12773149	          0.84439502	         -0.00500346	         34.22986994	         -0.58690918	          1.06230816	        -46.56247629	         15.93341134	          0.27572680	          0.55737841	         -4.26421688	          6.75619625	         13.40261292	          0.39302684	          3.97758318	         -8.79129208	         11.59700796	         -3.17869804	         -5.36266928	          0.00136998	         -1.64378377	        -13.45142435	         15.17949781	         25.90656541	         12.36956722	        -13.45664432	         10.87906637	         25.61105325	          0.01000038	          0.01000048	          0.01000055	          0.01000137	          0.01000164	          0.01000146	          0.01000008	          0.01000018	          0.01000009	          0.01584637	          0.20262981	          0.14468466	          0.12797355	          0.01000560	          0.01000132	          0.01000032	          0.09621484	          0.08024181	          0.01000156	          0.01000042	          0.01000025	          0.01000030	          0.11361838	          0.11608977	          0.08750931	          0.07123374	          0.01000209	          0.01763823	          0.01000475	          0.01000703	          0.01000101	          0.01000018	          0.01000036	          0.01000014	          0.01000072	          0.01000296	          0.01000247	          0.23564145	          0.11778842	          0.08299373	          0.16543907	          0.25055822	          0.15252967	          0.23718031	          0.14741501	          0.13819608	          0.29102340	          0.29398048	          0.27555821	          0.03254304	          0.01905576	          0.01538396	          0.10776721	          0.01019200	          0.01000033	          0.01000058	          0.01000408	          0.01001227	          0.01235516	          0.21857944	          0.01000194	          0.01000189	          0.07205869	          0.03423006	          0.01078211	          0.01000060	          0.01000060	          0.01000109	          0.01002010	          0.23067184	          0.01000078	          0.01908452	          0.01926557	          0.01668992	          0.38182341	          0.40131939	          0.07575446	          0.19171267	          0.11541755	          0.09629438	          0.01000084	          0.01784835	          0.05469397	          0.01000640	          0.01000139	          0.01000455	          0.04821548	          0.01000041	          0.02919484	          0.01000019	          0.02659232	          0.01000015	
          0.94832213	         -6.42504224	          2.36381534	         -1.16902363	          1.14030186	          0.84344913	         -0.00509225	         35.00919937	         -0.43554037	          1.01915068	        -43.82433189	         15.95092517	         -0.09698194	          0.48750014	         -5.53760592	          6.44037233	         13.47956887	          1.09162706	          3.78506706	         -8.53949514	         12.59903599	         -3.22263332	         -5.17959858	         -0.09607068	         -2.99744492	        -13.44978797	         14.82965372	         24.34452002	         13.99095777	        -13.45444844	         11.52873490	         27.71199881	          0.01000039	          0.01000050	          0.01000056	          0.01000195	          0.01000171	          0.01000151	          0.01000008	          0.01000019	          0.01000009	          0.01336188	          0.17829255	          0.14136343	          0.11592974	          0.01000585	          0.01000135	          0.01000033	          0.08978638	          0.07358167	          0.01000166	          0.01000043	          0.01000026	          0.01000032	          0.12146595	          0.12094017	          0.09321038	          0.06031061	          0.01000224	          0.01706005	          0.01000235	          0.01000295	          0.01000073	          0.01000018	          0.01000038	          0.01000015	          0.01000085	          0.01000333	          0.01000280	          0.24154218	          0.12227859	          0.08814219	          0.15302871	          0.25926400	          0.14008093	          0.23641094	          0.14830512	          0.14034143	          0.30520352	          0.30551849	          0.28362707	          0.02858738	          0.01606941	          0.01297370	          0.14445651	          0.04805003	          0.01000035	          0.01000058	          0.01000361	          0.01001101	          0.01041912	          0.24344495	          0.01000205	          0.01000206	          0.06349759	          0.02891399	          0.01000379	          0.01000086	          0.01000078	          0.01000121	          0.01002649	          0.23653793	          0.01000076	          0.01609271	          0.01624548	          0.01407364	          0.39628478	          0.42019578	          0.08031274	          0.19633593	          0.12504125	          0.10115254	          0.01000236	          0.01506676	          0.05162178	          0.01001292	          0.01000508	          0.01001238	          0.04797985	          0.01000037	          0.03072869	          0.01000018	          0.03166380	          0.01000015	
          0.95947886	         -6.43468210	          2.16946032	         -0.88202688	          1.15296557	          0.84234180	         -0.00516522	         35.68173187	         -0.27364857	          0.99111975	        -40.96380597	         15.94013523	         -0.47211392	          0.42826898	         -6.76624379	          6.11639957	         13.52441722	          1.69177467	          3.63022570	         -8.26986762	         13.62946366	         -3.26311744	         -4.97501881	         -0.19399785	         -4.39273130	        -13.45122473	         14.42238430	         22.97006467	         15.57602020	        -13.45223096	         12.23683473	         29.83883873	          0.01000041	          0.01000053	          0.01000062	          0.01000192	          0.01000177	          0.01000160	          0.01000007	          0.01000020	          0.01000009	          0.01126700	          0.15033903	          0.13825964	          0.10559325	          0.01000472	          0.01000134	          0.01000035	          0.08341636	          0.06230556	          0.01000163	          0.01000046	          0.01000028	          0.01000033	          0.12647480	          0.12290983	          0.09798406	          0.05086419	          0.01000248	          0.01689657	          0.01000199	          0.01000237	          0.01000068	          0.01000021	          0.01000043	          0.01000020	          0.01000078	          0.01000307	          0.01000275	          0.24713773	          0.12686885	          0.09322139	          0.14091784	          0.26854767	          0.13007627	          0.23618103	          0.14836288	          0.14080377	          0.31646583	          0.31649562	          0.29097561	          0.02410929	          0.01355110	          0.01094082	          0.17323291	          0.09483418	          0.01000040	          0.01000060	          0.01000326	          0.01001000	          0.01000250	          0.26697846	          0.01000241	          0.01000237	          0.05363592	          0.02439275	          0.01000336	          0.01000364	          0.01394719	          0.01000128	          0.01003361	          0.23984375	          0.01000079	          0.01357013	          0.01369908	          0.01186772	          0.40897364	          0.43766601	          0.08822861	          0.20226197	          0.13790289	          0.11119845	          0.01394782	          0.01712221	          0.04788888	          0.01018899	          0.02117988	          0.01014934	          0.04821422	          0.01000038	          0.03254216	          0.01000017	          0.03622281	          0.01000014	
          0.97063559	         -6.44460268	          1.96368859	         -0.59432728	          1.16574158	          0.84109443	         -0.00522238	         36.25049149	         -0.10115676	          0.97920034	        -38.01316625	         15.91383958	         -0.85025768	          0.37839131	         -7.94393149	          5.78543030	         13.53531777	          2.17929617	          3.51626458	         -7.98032257	         14.68623379	         -3.29884660	         -4.74704045	         -0.29210131	         -5.83679438	        -13.46033549	         13.95849962	         21.81741418	         17.11713887	        -13.45051014	         12.98231886	         31.98366048	          0.01000049	          0.01000065	          0.01000076	          0.01000227	          0.01000207	          0.01000188	          0.01000007	          0.01000022	          0.01000010	          0.01000035	          0.12676761	          0.12678216	          0.10565740	          0.01000931	          0.01000196	          0.01000047	          0.07400531	          0.05257238	          0.01000157	          0.01000058	          0.01000036	          0.01000046	          0.12561151	          0.12063556	          0.09972171	          0.04289288	          0.01000276	          0.01656294	          0.01000452	          0.01000699	          0.01000097	          0.01000015	          0.01000032	          0.01000015	          0.01000146	          0.01000479	          0.01000403	          0.25329022	          0.13189426	          0.09803719	          0.13166069	          0.27728866	          0.12468421	          0.23713937	          0.15035191	          0.14224580	          0.33153252	          0.32753407	          0.29466778	          0.02033257	          0.01142865	          0.01000275	          0.18528103	          0.10587886	          0.01000038	          0.01000057	          0.01000284	          0.01000924	          0.01000345	          0.28783196	          0.01000223	          0.01000229	          0.06172842	          0.02641047	          0.01000417	          0.01000415	          0.04274265	          0.01000130	          0.01003947	          0.24103686	          0.01000084	          0.01144358	          0.01155262	          0.01000856	          0.41931449	          0.45305659	          0.09937919	          0.20915114	          0.15345700	          0.12474515	          0.02486568	          0.03106404	          0.04222875	          0.02064501	          0.03177380	          0.01101242	          0.04738778	          0.01000025	          0.03348390	          0.01000016	          0.04301733	          0.01000013	
          0.98179232	         -6.45467652	          1.74533498	         -0.30631286	          1.17864774	          0.83973087	         -0.00526354	         36.71869960	          0.08252479	          0.98391156	        -35.01104043	         15.88298817	         -1.23196896	          0.33669749	         -9.06232590	          5.44863537	         13.51005600	          2.53762137	          3.44118133	         -7.66887234	         15.77277178	         -3.32894115	         -4.49388242	         -0.39002256	         -7.33681726	        -13.48241524	         13.44600496	         20.92193139	         18.60568282	        -13.44979802	         13.74523709	         34.14134884	          0.01000061	          0.01000078	          0.01000091	          0.01000262	          0.01000234	          0.01000215	          0.01000007	          0.01000023	          0.01000011	          0.01000033	          0.10689184	          0.11529172	          0.11725933	          0.01031918	          0.01000382	          0.01000073	          0.06240461	          0.04435355	          0.01000139	          0.01000073	          0.01000048	          0.01000069	          0.11361684	          0.10922748	          0.09657645	          0.03616998	          0.01000317	          0.01652765	          0.01201422	          0.01250124	          0.01000480	          0.01000019	          0.01000037	          0.01000034	          0.01000063	          0.01000276	          0.01000264	          0.26179805	          0.13671240	          0.10104333	          0.14088869	          0.28783192	          0.12920345	          0.23761457	          0.15446424	          0.14619447	          0.34096550	          0.33084639	          0.29507255	          0.01715122	          0.01000543	          0.01000436	          0.18162832	          0.11179053	          0.01000036	          0.01000054	          0.01000243	          0.01000829	          0.01000319	          0.30121394	          0.01000215	          0.01000210	          0.05903367	          0.02276284	          0.01000384	          0.01000658	          0.09452260	          0.01000116	          0.01003072	          0.24169701	          0.01000084	          0.01000351	          0.01000454	          0.01000356	          0.42665273	          0.46565257	          0.11311144	          0.21681861	          0.17013565	          0.14073269	          0.03323381	          0.03872850	          0.03739449	          0.03101058	          0.03833947	          0.01922972	          0.04671518	          0.01000025	          0.03332472	          0.01000016	          0.05153710	          0.01000013	
          0.99294906	         -6.46478488	          1.51339919	         -0.01789311	          1.19170365	          0.83828226	         -0.00528862	         37.08580290	          0.27872336	          1.00570094	        -32.00610789	         15.85882313	         -1.61746957	          0.30238787	        -10.11100727	          5.10735970	         13.44648714	          2.74755327	          3.39708322	         -7.33310793	         16.89909071	         -3.35242538	         -4.21408255	         -0.48722481	         -8.89831018	        -13.52138219	         12.89765564	         20.31201669	         20.03149313	        -13.44978576	         14.50459934	         36.30812997	          0.01000073	          0.01000097	          0.01000116	          0.01000308	          0.01000278	          0.01000250	          0.01000007	          0.01000023	          0.01000011	          0.01000028	          0.09013236	          0.10510620	          0.10687988	          0.06597970	          0.01000537	          0.01000101	          0.05262112	          0.03741731	          0.01000125	          0.01000092	          0.01000062	          0.01000097	          0.09580441	          0.09210347	          0.08330051	          0.03050077	          0.01000275	          0.01879662	          0.01564958	          0.01609329	          0.01174842	          0.01000011	          0.01000024	          0.01000015	          0.01000072	          0.01000259	          0.01000232	          0.27348542	          0.14188963	          0.10525319	          0.16542763	          0.29787018	          0.14455497	          0.23828372	          0.15469773	          0.14494351	          0.33879775	          0.32803122	          0.29516554	          0.01446739	          0.01000474	          0.01000250	          0.16914350	          0.12030620	          0.01000040	          0.01000057	          0.01000233	          0.01000827	          0.01000322	          0.31399177	          0.01000240	          0.01000231	          0.05005194	          0.01929470	          0.01000406	          0.02029671	          0.15097177	          0.01000122	          0.01002815	          0.24121358	          0.01000103	          0.01000442	          0.01000576	          0.01000365	          0.43016981	          0.47478401	          0.12873224	          0.22482391	          0.18940118	          0.15948558	          0.03451967	          0.03298843	          0.03153316	          0.03300091	          0.03493729	          0.02655046	          0.04709132	          0.01000021	          0.03274684	          0.01000015	          0.06057275	          0.01000012	
          1.00410579	         -6.47480281	          1.26758140	          0.27118125	          1.20493209	          0.83678947	         -0.00529762	         37.34629998	          0.48938544	          1.04489802	        -29.05549900	         15.85088325	         -2.00692670	          0.27463779	        -11.07882439	          4.76318820	         13.34312700	          2.78899872	          3.37355423	         -6.96962407	         18.07557989	         -3.36790943	         -3.90691085	         -0.58308447	        -10.52359883	        -13.57894317	         12.33046968	         20.00482206	         21.38258919	        -13.44974193	         15.24100832	         38.48045616	          0.01000118	          0.01000141	          0.01000152	          0.01000507	          0.01000408	          0.01000347	          0.01000008	          0.01000027	          0.01000013	          0.01000025	          0.07600059	          0.08864398	          0.10277068	          0.08195871	          0.04039055	          0.01000231	          0.04437113	          0.03156761	          0.01000130	          0.01000141	          0.01000099	          0.01000168	          0.08078342	          0.07766275	          0.07397136	          0.02572037	          0.01000429	          0.01668023	          0.01503055	          0.01536748	          0.01396966	          0.01000007	          0.01000016	          0.01000008	          0.01000099	          0.01000316	          0.01000247	          0.28030386	          0.14669993	          0.10933338	          0.17647105	          0.30484191	          0.15000370	          0.24203012	          0.15812863	          0.14634507	          0.33425373	          0.32779332	          0.29448254	          0.02023525	          0.01000627	          0.01000247	          0.14274006	          0.12653324	          0.01000042	          0.01000058	          0.01000216	          0.01000793	          0.01000318	          0.32220853	          0.01000249	          0.01000253	          0.04898659	          0.01900545	          0.01000444	          0.04959466	          0.20701922	          0.01000136	          0.01003815	          0.23753929	          0.01000073	          0.01000339	          0.01000442	          0.01000286	          0.42918705	          0.48030329	          0.14629282	          0.23599093	          0.21418108	          0.18556462	          0.03180137	          0.02781672	          0.02658928	          0.02782835	          0.02946002	          0.02782007	          0.04616788	          0.01000018	          0.03333764	          0.01000015	          0.07132019	          0.01000011	
          1.01526252	         -6.48470585	          1.00796943	          0.56088335	          1.21835130	          0.83529513	         -0.00529048	         37.49724134	          0.71638936	          1.10169409	        -26.21187673	         15.86475583	         -2.40028592	          0.25291848	        -11.95547911	          4.41788543	         13.19815180	          2.64408390	          3.36158850	         -6.57759664	         19.30656095	         -3.37484229	         -3.57190609	         -0.67710508	        -12.21038480	        -13.65464103	         11.75972781	         20.00554400	         22.64710574	        -13.44976218	         15.94140218	         40.65444724	          0.01000161	          0.01000188	          0.01000203	          0.01000634	          0.01000493	          0.01000413	          0.01000010	          0.01000036	          0.01000018	          0.01000029	          0.06408456	          0.07730227	          0.10288312	          0.08576368	          0.05495484	          0.01204355	          0.03741453	          0.02664123	          0.01000143	          0.01000216	          0.01000172	          0.01007541	          0.06811750	          0.06548612	          0.06602333	          0.02168952	          0.01000425	          0.01406544	          0.01267440	          0.01295851	          0.01178168	          0.01000015	          0.01000029	          0.01000021	          0.01000036	          0.01000176	          0.01000167	          0.28034339	          0.14929119	          0.11168788	          0.17801241	          0.31040485	          0.14849930	          0.24538826	          0.16427526	          0.15010012	          0.33934849	          0.33021926	          0.29190568	          0.02807678	          0.01336387	          0.01012915	          0.12036022	          0.12949982	          0.01000039	          0.01000055	          0.01000189	          0.01000715	          0.01000309	          0.32786662	          0.01000231	          0.01000272	          0.05226027	          0.02249818	          0.01000479	          0.08521195	          0.26166010	          0.01000140	          0.01005845	          0.23129220	          0.01000046	          0.01000237	          0.01000308	          0.01000203	          0.42320737	          0.48116999	          0.16611288	          0.24632688	          0.23925394	          0.21201356	          0.02681550	          0.02345565	          0.02242050	          0.02346572	          0.02484114	          0.02346036	          0.04357307	          0.01000014	          0.03465774	          0.01000015	          0.08419588	          0.01000011	
          1.02641925	         -6.49456519	          0.73503047	          0.85078168	          1.23197276	          0.83383504	         -0.00526672	         37.53923684	          0.96085885	          1.17651531	        -23.50393026	         15.90039911	         -2.79700824	          0.23685622	        -12.73195455	          4.07325344	         13.00990616	          2.29789878	          3.35418545	         -6.15706540	         20.59035977	         -3.37385253	         -3.20892109	         -0.76889335	        -13.94989082	        -13.74602607	         11.20057248	         20.30198997	         23.81411682	        -13.45093959	         16.59716753	         42.82620541	          0.01000166	          0.01000196	          0.01000218	          0.01000603	          0.01000479	          0.01000404	          0.01000077	          0.01000244	          0.01000101	          0.01000209	          0.05403684	          0.07983692	          0.10523881	          0.08207780	          0.05591258	          0.01757970	          0.03154858	          0.02251014	          0.01125894	          0.01000232	          0.01000191	          0.01297868	          0.05743742	          0.05521862	          0.05984780	          0.01829099	          0.01000340	          0.01186040	          0.01068745	          0.01092701	          0.01000048	          0.01000012	          0.01000029	          0.01000008	          0.01000185	          0.01000424	          0.01000320	          0.28110921	          0.15444979	          0.11690786	          0.16791396	          0.31426181	          0.14935073	          0.24693016	          0.16947655	          0.15104629	          0.34042063	          0.32526806	          0.28478017	          0.02367864	          0.01406531	          0.01223596	          0.10148901	          0.11136196	          0.01000035	          0.01000052	          0.01000169	          0.01000683	          0.01000381	          0.33264874	          0.01000200	          0.01000277	          0.05159352	          0.02423644	          0.01000597	          0.11961798	          0.31266179	          0.01000112	          0.01002750	          0.22571650	          0.01000023	          0.01000175	          0.01000224	          0.01000153	          0.41162710	          0.47653078	          0.18792047	          0.25643092	          0.26339165	          0.24027895	          0.02261116	          0.01977848	          0.01890549	          0.01978687	          0.02094637	          0.01978257	          0.03992676	          0.01000008	          0.03676395	          0.01000018	          0.09552623	          0.01000011	
          1.03757598	         -6.50429923	          0.45024261	          1.14027745	          1.24580786	          0.83243446	         -0.00522533	         37.47327270	          1.22323264	          1.26997708	        -20.94729132	         15.94743940	         -3.19664450	          0.22562426	        -13.40015624	          3.73154530	         12.77761301	          1.73685327	          3.34478280	         -5.70746432	         21.92220018	         -3.36531391	         -2.81898940	         -0.85817597	        -15.72630232	        -13.84823831	         10.66823877	         20.85881643	         24.87282669	        -13.45574363	         17.20387507	         44.99284996	          0.01000074	          0.01000118	          0.01000154	          0.01000314	          0.01000304	          0.01000302	          0.04178666	          0.01000107	          0.01000056	          0.01000150	          0.04556451	          0.06732743	          0.08885497	          0.07731581	          0.05891833	          0.02982299	          0.02660232	          0.01902742	          0.01001480	          0.01000114	          0.01000097	          0.02184377	          0.04843184	          0.04656092	          0.05284941	          0.01542578	          0.01000531	          0.01000318	          0.01000101	          0.01000108	          0.01000081	          0.01000024	          0.01000046	          0.01000020	          0.01000050	          0.01000217	          0.01000198	          0.27701735	          0.15698124	          0.11870482	          0.16723856	          0.31803783	          0.14572390	          0.24604767	          0.17388860	          0.15204505	          0.32366892	          0.31295945	          0.27619952	          0.01996668	          0.01186084	          0.01031865	          0.08557655	          0.10297382	          0.01000039	          0.01000057	          0.01000167	          0.01000673	          0.01000369	          0.33527110	          0.01000235	          0.01000220	          0.04431798	          0.02068206	          0.01000560	          0.18065210	          0.35805135	          0.01000129	          0.01002885	          0.21782549	          0.01000411	          0.01000403	          0.01000522	          0.01000366	          0.39493075	          0.46716721	          0.21074545	          0.26674219	          0.28920923	          0.26988659	          0.01906597	          0.01667855	          0.01667959	          0.01668471	          0.01766223	          0.01668114	          0.04414918	          0.01000014	          0.03233685	          0.01000013	          0.09989087	          0.01000010	
          1.04873271	         -6.51316074	          0.15544012	          1.42965803	          1.25987491	          0.83110974	         -0.00516639	         37.30438207	          1.50444480	          1.38314183	        -18.59860612	         15.98857098	         -3.59806123	          0.21886842	        -13.94615069	          3.39589434	         12.50269489	          0.93524876	          3.32927405	         -5.22826942	         23.29794565	         -3.34730340	         -2.40385850	         -0.94390913	        -17.51850338	        -13.95397439	         10.17785685	         21.61630918	         25.81334961	        -13.46497436	         17.75797733	         47.14716586	          0.01144355	          0.01000811	          0.01000532	          0.01005392	          0.01001810	          0.01001090	          0.09559210	          0.01000210	          0.01000117	          0.01000072	          0.03842054	          0.05677402	          0.07845560	          0.07265938	          0.06424421	          0.04124162	          0.02243158	          0.01606243	          0.01001161	          0.01002601	          0.01707113	          0.03892028	          0.04083823	          0.03926066	          0.04456570	          0.01300943	          0.01000485	          0.01699950	          0.01192382	          0.01238680	          0.01004463	          0.01000013	          0.01000028	          0.01000012	          0.01000064	          0.01000248	          0.01000208	          0.27465760	          0.16255609	          0.12281451	          0.16320455	          0.32127909	          0.14536351	          0.23008022	          0.16760484	          0.14525690	          0.29324732	          0.28837862	          0.25384356	          0.01683665	          0.01000551	          0.01000268	          0.07215901	          0.08966077	          0.01000037	          0.01000057	          0.01000162	          0.01000678	          0.01000448	          0.33997188	          0.01000211	          0.01000217	          0.04789398	          0.02484860	          0.01000859	          0.24736425	          0.40076803	          0.01000144	          0.01005435	          0.20804445	          0.05617388	          0.01000395	          0.01000490	          0.01000382	          0.37164734	          0.45022032	          0.23069552	          0.27706535	          0.31493435	          0.29814555	          0.01607664	          0.01406403	          0.01406484	          0.01406891	          0.01489301	          0.01406597	          0.04393398	          0.01000008	          0.02941179	          0.01000016	          0.10598987	          0.01000009	
          1.05988944	         -6.52048041	         -0.14639829	          1.71937209	          1.27419286	          0.82986880	         -0.00508733	         37.03480627	          1.80644454	          1.51588786	        -16.52826651	         15.99918597	         -4.00004315	          0.21587331	        -14.36407118	          3.06902244	         12.18534565	         -0.11591244	          3.29436654	         -4.72435931	         24.70694989	         -3.31781131	         -1.96734257	         -1.02582636	        -19.29992914	        -14.05404712	          9.74252012	         22.49767114	         26.62529409	        -13.47829306	         18.24940449	         49.28082504	          0.01464421	          0.01001764	          0.01000899	          0.01012577	          0.01002013	          0.01001140	          0.13879309	          0.01000481	          0.01000305	          0.01000083	          0.03239667	          0.04787579	          0.07744505	          0.07440471	          0.06798414	          0.04638233	          0.01891472	          0.01357661	          0.01001566	          0.01801894	          0.03053999	          0.04774898	          0.03443522	          0.03310500	          0.03758546	          0.01097445	          0.01000616	          0.01437273	          0.01547725	          0.01597735	          0.01310881	          0.01000014	          0.01000033	          0.01000014	          0.01000209	          0.01000461	          0.01000371	          0.27212684	          0.17034873	          0.12687671	          0.14905176	          0.32620648	          0.14358295	          0.21146305	          0.15983027	          0.13374242	          0.24741314	          0.26147390	          0.23055670	          0.01419729	          0.01000193	          0.01000161	          0.06084520	          0.08088952	          0.01000041	          0.01000062	          0.01000165	          0.01000695	          0.01000474	          0.34056109	          0.01000233	          0.01000212	          0.04048495	          0.02096933	          0.01001053	          0.30134543	          0.43232646	          0.01000145	          0.01018717	          0.18564757	          0.09434680	          0.01001436	          0.01001647	          0.01001503	          0.34241362	          0.42758244	          0.24915931	          0.28458226	          0.33569698	          0.32250185	          0.01355601	          0.01185957	          0.01186028	          0.01186324	          0.01255797	          0.01186087	          0.04546633	          0.01000007	          0.02577849	          0.01000017	          0.11037727	          0.01000008	
          1.07104617	         -6.52556985	         -0.45110799	          2.00956196	          1.28877816	          0.82870487	         -0.00498672	         36.66315078	          2.13053822	          1.66901552	        -14.79875033	         15.95012308	         -4.40119456	          0.21613449	        -14.65129873	          2.75348692	         11.82848468	         -1.42212395	          3.23125728	         -4.19887218	         26.13195499	         -3.27490349	         -1.51447529	         -1.10333231	        -21.04002033	        -14.13919563	          9.37654440	         23.41205826	         27.29915819	        -13.49302754	         18.66252663	         51.38300142	          0.01905016	          0.01001102	          0.01000290	          0.01071506	          0.01002508	          0.01001017	          0.17149168	          0.01000243	          0.02725651	          0.01000106	          0.02731731	          0.04037330	          0.06653521	          0.07796014	          0.07272644	          0.05186139	          0.01594924	          0.01159416	          0.01035932	          0.02323252	          0.03826935	          0.05326610	          0.02903615	          0.02791449	          0.03169933	          0.01000705	          0.01000624	          0.01212193	          0.01874878	          0.01936970	          0.01592868	          0.01000012	          0.01000022	          0.01000006	          0.01000020	          0.01000108	          0.01000095	          0.26815828	          0.17630412	          0.12877312	          0.13601438	          0.33016200	          0.12876133	          0.18978535	          0.14485508	          0.11277663	          0.20862932	          0.24204910	          0.20060090	          0.01197180	          0.01000136	          0.01000112	          0.05130530	          0.10072791	          0.01000068	          0.01000090	          0.01000219	          0.01000856	          0.01000395	          0.34004352	          0.01000384	          0.01000380	          0.03415363	          0.01768679	          0.01001175	          0.33579057	          0.45044943	          0.01645630	          0.03910947	          0.15654131	          0.13402910	          0.01001339	          0.01001526	          0.01001341	          0.31018304	          0.39721024	          0.26295962	          0.29145835	          0.35699429	          0.34473292	          0.01143061	          0.01000155	          0.01000126	          0.01000354	          0.01058908	          0.01000197	          0.04646139	          0.01000007	          0.02173858	          0.01000019	          0.11377533	          0.01000007	
          1.08220290	         -6.52770397	         -0.75387137	          2.30014542	          1.30364348	          0.82759177	         -0.00486348	         36.18851192	          2.47722295	          1.84385830	        -13.46524161	         15.80473708	         -4.79893336	          0.21907699	        -14.81092393	          2.45050442	         11.43760819	         -2.97829247	          3.13127454	         -3.65464170	         27.54675984	         -3.21685165	         -1.05111038	         -1.17571495	        -22.70625575	        -14.20111865	          9.09716377	         24.26079319	         27.82812204	        -13.50555874	         18.98240544	         53.43963749	          0.02471228	          0.01000899	          0.01314538	          0.01000235	          0.01000314	          0.01000736	          0.18734393	          0.04244276	          0.04534348	          0.01000076	          0.02303435	          0.03404560	          0.05610616	          0.06577560	          0.07304306	          0.05792763	          0.01344873	          0.01007311	          0.01001008	          0.01978180	          0.03808598	          0.05383174	          0.02448360	          0.02353780	          0.03538275	          0.01165433	          0.01000525	          0.01023089	          0.02437089	          0.02505590	          0.02120353	          0.01000056	          0.01000118	          0.01067693	          0.01000052	          0.01000134	          0.01000131	          0.26584295	          0.18754896	          0.13204328	          0.11468927	          0.34540604	          0.10857567	          0.16407912	          0.12214400	          0.09509454	          0.18178915	          0.21526998	          0.16914984	          0.01009555	          0.01000077	          0.01000051	          0.04326117	          0.10575953	          0.01000143	          0.01000076	          0.01000148	          0.01000473	          0.01000159	          0.31887267	          0.01001257	          0.01000519	          0.02880772	          0.01491703	          0.01000191	          0.34933588	          0.45335122	          0.03264008	          0.03299269	          0.13199734	          0.15107043	          0.01000094	          0.01000108	          0.01000098	          0.26338402	          0.36406803	          0.27263515	          0.29328187	          0.36711179	          0.35876652	          0.01000031	          0.01000032	          0.01000017	          0.01000057	          0.01000020	          0.01000161	          0.04794934	          0.01000008	          0.02038903	          0.01000012	          0.11129652	          0.01000007	
          1.09335963	         -6.52599322	         -1.04931800	          2.58986868	          1.31879778	          0.82647960	         -0.00471794	         35.61311862	          2.84627054	          2.04096300	        -12.57554195	         15.52891786	         -5.19300720	          0.22381929	        -14.85203906	          2.16196880	         11.01842217	         -4.77244166	          2.99785876	         -3.09565311	         28.90667245	         -3.14189549	         -0.58327750	         -1.24233863	        -24.26829901	        -14.23449238	          8.92177531	         24.94998949	         28.20987815	        -13.51377704	         19.20359251	         55.43191528	          0.02484719	          0.01406594	          0.06372123	          0.01409920	          0.01406603	          0.01322996	          0.17819580	          0.04805645	          0.04725950	          0.01136121	          0.01942292	          0.02871644	          0.06757717	          0.07928485	          0.09338091	          0.05642066	          0.01134033	          0.01011017	          0.09282624	          0.01668120	          0.03211511	          0.04745671	          0.02064485	          0.01984734	          0.02983594	          0.01000977	          0.01007976	          0.01000044	          0.02055056	          0.02112819	          0.01787969	          0.01000003	          0.01000009	          0.01000001	          0.01185948	          0.01185962	          0.01185966	          0.26022584	          0.18617232	          0.14216317	          0.09670751	          0.32710107	          0.09156442	          0.13835491	          0.10299315	          0.08018468	          0.15328732	          0.18151881	          0.14262901	          0.01000365	          0.01000100	          0.01000102	          0.03647828	          0.08917826	          0.01000077	          0.01000100	          0.01000263	          0.01000929	          0.01000288	          0.26887722	          0.01000384	          0.01002262	          0.02431717	          0.01396176	          0.01182611	          0.32590057	          0.44373500	          0.02782375	          0.02782618	          0.11130145	          0.12738408	          0.01001638	          0.01001846	          0.01001805	          0.22208783	          0.31671272	          0.27779188	          0.28669658	          0.36137258	          0.35966613	          0.01000028	          0.01000032	          0.01000020	          0.01000057	          0.01000022	          0.01000124	          0.05209880	          0.01000008	          0.02292914	          0.01000026	          0.09770163	          0.01000007	
          1.10451637	         -6.51937870	         -1.33208482	          2.87614606	          1.33424069	          0.82529695	         -0.00454748	         34.94621597	          3.23620236	          2.25913623	        -12.16985210	         15.05655730	         -5.58297869	          0.22925407	        -14.78346979	          1.88907582	         10.58113990	         -6.79617225	          2.84483698	         -2.52134345	         30.15986649	         -3.04869262	         -0.11744509	         -1.30362586	        -25.70083826	        -14.23812087	          8.86772784	         25.40454937	         28.44791391	        -13.51979107	         19.33308986	         57.33851909	          0.02235882	          0.01186107	          0.05373146	          0.01188921	          0.01186186	          0.01853140	          0.15025636	          0.04052183	          0.03984971	          0.01000074	          0.01637779	          0.02791974	          0.11650132	          0.06685660	          0.07874211	          0.04757481	          0.01000107	          0.01017829	          0.07829450	          0.01406601	          0.02707991	          0.04001615	          0.01740801	          0.01673555	          0.02516213	          0.01000132	          0.01000253	          0.01000017	          0.03954977	          0.03835867	          0.03352953	          0.01185968	          0.01186005	          0.01186043	          0.01000004	          0.01000025	          0.01000030	          0.24854231	          0.18113132	          0.11987354	          0.13440174	          0.41802800	          0.19889746	          0.13319023	          0.08684482	          0.06761248	          0.19194614	          0.15305870	          0.12026618	          0.01000373	          0.01000047	          0.01000026	          0.03075890	          0.07519630	          0.01002351	          0.01000035	          0.01000056	          0.01000153	          0.01000051	          0.22671996	          0.02480244	          0.01988484	          0.02050564	          0.01177358	          0.01000067	          0.28272154	          0.38232393	          0.02346135	          0.02346374	          0.09385045	          0.10741146	          0.01000017	          0.01000018	          0.01000015	          0.18726648	          0.26705518	          0.27583645	          0.27772338	          0.35720375	          0.35401900	          0.01000007	          0.01000325	          0.01059247	          0.01000061	          0.01000015	          0.01000052	          0.04393025	          0.01000001	          0.02089472	          0.01000001	          0.08238293	          0.01000004	
          1.11567310	         -6.50749375	         -1.59991896	          3.15542188	          1.34996445	          0.82397645	         -0.00434140	         34.17933316	          3.63719871	          2.49920373	        -12.22793050	         14.37710842	         -5.95823482	          0.23701491	        -14.62585560	          1.62694692	         10.13181604	         -9.01239907	          2.67210550	         -1.93141647	         31.25022225	         -2.93730195	          0.34024966	         -1.36050662	        -26.98208177	        -14.21437686	          8.96452026	         25.56896546	         28.54755206	        -13.53015466	         19.38548175	         59.14601521	          0.01885322	          0.01000156	          0.04557877	          0.01002529	          0.01000239	          0.01562679	          0.12669754	          0.03416846	          0.03360168	          0.01000445	          0.01406666	          0.02354378	          0.09823611	          0.13734713	          0.08209704	          0.04011566	          0.01001116	          0.01667728	          0.06602171	          0.01186073	          0.02283411	          0.03374211	          0.01667959	          0.01667986	          0.12406048	          0.01729532	          0.01974322	          0.01406628	          0.07111805	          0.07443643	          0.07155655	          0.01000019	          0.01000051	          0.01000083	          0.02139958	          0.01406654	          0.01407392	          0.30225027	          0.26396192	          0.16602915	          0.11332899	          0.35248599	          0.16771222	          0.11230734	          0.07322839	          0.05701148	          0.16185097	          0.12906065	          0.10140965	          0.02299042	          0.01186963	          0.01390716	          0.02593624	          0.06340633	          0.04923371	          0.02316133	          0.01565795	          0.01317952	          0.01001412	          0.19117248	          0.02091772	          0.01678781	          0.01729217	          0.01189966	          0.01200325	          0.23839340	          0.32237905	          0.01978293	          0.01978533	          0.07913560	          0.09057048	          0.01000062	          0.01000071	          0.01000098	          0.15790480	          0.22518339	          0.26698549	          0.27189455	          0.33975613	          0.34930395	          0.01000086	          0.01000008	          0.01000003	          0.01000028	          0.01000014	          0.01000162	          0.03704240	          0.01000015	          0.01761864	          0.01406574	          0.06946604	          0.01000037	
          1.12682983	         -6.49168478	         -1.85988168	          3.42227098	          1.36588865	          0.82253517	         -0.00412824	         33.30270410	          4.00139213	          2.77153913	        -12.54303278	         13.65931844	         -6.33325767	          0.22579813	        -14.37710786	          1.37282895	          9.66372262	        -11.40763032	          2.47201469	         -1.35101198	         32.10345557	         -2.81504635	          0.79861306	         -1.40994112	        -28.08052293	        -14.17468041	          9.25426585	         25.40255951	         28.52097410	        -13.53981787	         19.37711246	         60.82980367	          0.14496491	          0.01000047	          0.24124787	          0.01000257	          0.01000105	          0.17737654	          0.10683254	          0.02881212	          0.03875246	          0.01669638	          0.01186154	          0.01985266	          0.08283392	          0.11581259	          0.06922537	          0.03382636	          0.01000279	          0.01406932	          0.05576841	          0.01000183	          0.01925482	          0.02845249	          0.01406445	          0.01406468	          0.11129361	          0.01458606	          0.14182687	          0.01186085	          0.05996751	          0.06276560	          0.06033723	          0.01526359	          0.01407196	          0.01476428	          0.01804434	          0.01186112	          0.01186734	          0.33782239	          0.24168177	          0.13999756	          0.12973626	          0.44992743	          0.14141680	          0.20261720	          0.06174688	          0.04807261	          0.14311213	          0.10882529	          0.08550959	          0.01939008	          0.01000916	          0.01172712	          0.02186971	          0.05346490	          0.07408997	          0.01953058	          0.01320418	          0.01113121	          0.01004467	          0.16119854	          0.01763942	          0.01415604	          0.01458208	          0.01003616	          0.01012260	          0.20101552	          0.27183300	          0.01668120	          0.01668339	          0.06672789	          0.07636992	          0.01000725	          0.01000571	          0.01000174	          0.13314677	          0.18987671	          0.25425398	          0.23148945	          0.28648757	          0.29690209	          0.01000009	          0.01000100	          0.01024374	          0.01000048	          0.01000014	          0.01000056	          0.03438780	          0.01606323	          0.02345786	          0.01186037	          0.05857441	          0.01000008	
          1.13798656	         -6.47461653	         -2.11251451	          3.67064618	          1.38181262	          0.82112814	         -0.00388508	         32.40152775	          4.34903562	          3.05534658	        -12.83585058	         12.92289622	         -6.70843316	          0.22867604	        -14.00761384	          1.11931832	          9.19443262	        -13.99171127	          2.23143503	         -0.76375354	         32.61943156	         -2.70066476	          1.25587693	         -1.45263509	        -28.94300651	        -14.11790948	          9.74381413	         24.89214946	         28.39648644	        -13.54672512	         19.32539104	         62.33051419	          0.19133456	          0.20810373	          0.29121974	          0.09839907	          0.14250565	          0.14956835	          0.09008218	          0.04560188	          0.03267673	          0.01407943	          0.01000205	          0.01674008	          0.06984647	          0.09765499	          0.07637807	          0.05191362	          0.01000062	          0.01186474	          0.05121288	          0.13518101	          0.09300656	          0.05983217	          0.01185932	          0.01185950	          0.12548136	          0.01232897	          0.11959207	          0.01000123	          0.06014106	          0.06886062	          0.07298717	          0.01287041	          0.01186563	          0.01244938	          0.01521516	          0.01000148	          0.01000671	          0.42804074	          0.28474688	          0.14982904	          0.40903390	          0.47339099	          0.28225607	          0.20218750	          0.05206557	          0.04053528	          0.17261760	          0.09176267	          0.07210253	          0.02743942	          0.01000185	          0.01000238	          0.01844079	          0.04508219	          0.10279086	          0.01646886	          0.01113498	          0.01001128	          0.01075775	          0.13592436	          0.01487459	          0.01193695	          0.01229733	          0.01001878	          0.01000609	          0.16949815	          0.22921216	          0.01406580	          0.01406784	          0.05626559	          0.07806866	          0.02210175	          0.02017769	          0.01550219	          0.11227057	          0.16010579	          0.23141464	          0.22155111	          0.24157092	          0.25295024	          0.01000020	          0.01000140	          0.01000101	          0.01000089	          0.01000028	          0.01000114	          0.06326643	          0.03947566	          0.01978123	          0.01000078	          0.04939048	          0.01000006	
          1.14914329	         -6.45738373	         -2.35276978	          3.89878606	          1.39760464	          0.81998003	         -0.00360639	         31.55998743	          4.70556863	          3.34346546	        -13.18060139	         12.07346625	         -7.07316441	          0.22315737	        -13.51171791	          0.86603168	          8.73622812	        -16.73374115	          1.91250109	         -0.16917721	         32.67447937	         -2.59918483	          1.70562830	         -1.48977511	        -29.54271057	        -14.03884092	         10.38711455	         24.07633149	         28.18916686	        -13.54304204	         19.25220421	         63.57530786	          0.24963889	          0.28037106	          0.32811062	          0.08302091	          0.12019730	          0.15188400	          0.07595813	          0.04541294	          0.03192318	          0.01187213	          0.01000094	          0.01411556	          0.05889535	          0.08234442	          0.07093165	          0.06372704	          0.01000092	          0.01000846	          0.04318417	          0.17729978	          0.12045020	          0.07207615	          0.01000017	          0.01000022	          0.10774451	          0.01253584	          0.10084172	          0.01000016	          0.12073123	          0.12307594	          0.11449022	          0.01085247	          0.01000526	          0.01049744	          0.01286778	          0.01056514	          0.01001725	          0.48669668	          0.29436640	          0.15296791	          0.43484843	          0.51101065	          0.28047940	          0.19141373	          0.04390219	          0.03417973	          0.15990991	          0.07737529	          0.06079757	          0.03550765	          0.01000239	          0.01000284	          0.01554950	          0.03801380	          0.09288501	          0.08234573	          0.01001607	          0.01008537	          0.02221678	          0.11461283	          0.05797590	          0.01006628	          0.01037101	          0.01000404	          0.01000359	          0.14292240	          0.19327381	          0.01186046	          0.01186239	          0.04744369	          0.06582829	          0.02972650	          0.02680990	          0.02691364	          0.09466757	          0.13500267	          0.19520439	          0.19569389	          0.20369541	          0.21329069	          0.01000014	          0.01228341	          0.01406649	          0.01000074	          0.01000019	          0.01000074	          0.07106225	          0.06153751	          0.01667977	          0.01000003	          0.04164651	          0.01000005	
          1.16030002	         -6.44070915	         -2.57954383	          4.10462579	          1.41320708	          0.81925316	         -0.00329803	         30.78697892	          5.07422343	          3.63514102	        -13.61042609	         11.21237996	         -7.43642786	          0.21604464	        -12.88584841	          0.61502936	          8.28655293	        -19.61398735	          1.49150801	          0.42382473	         32.17544363	         -2.50878486	          2.14499366	         -1.52210278	        -29.88867686	        -13.93949503	         11.10442412	         23.05248900	         27.89896827	        -13.52600309	         19.17711307	         64.53300471	          0.28084506	          0.30034317	          0.32704104	          0.07000728	          0.10135271	          0.12807151	          0.06404863	          0.04043613	          0.03138303	          0.01001098	          0.01000108	          0.01190277	          0.04966180	          0.07097232	          0.08831314	          0.07603710	          0.01000089	          0.01001644	          0.03641708	          0.20262273	          0.13642338	          0.08306529	          0.01000028	          0.01000028	          0.09573861	          0.01057604	          0.08503118	          0.01000032	          0.16927680	          0.16895271	          0.15151351	          0.01000012	          0.01000026	          0.01000005	          0.01085029	          0.01000077	          0.01000074	          0.51614439	          0.28374416	          0.14413075	          0.43926341	          0.52628259	          0.27750561	          0.16140212	          0.03701876	          0.02882068	          0.13483937	          0.06524370	          0.05126513	          0.04382076	          0.01000134	          0.01000111	          0.01311157	          0.03205368	          0.07832272	          0.18469383	          0.01000283	          0.01001057	          0.03911953	          0.09664273	          0.04889076	          0.01000129	          0.01000204	          0.01000139	          0.01000106	          0.12051349	          0.16297025	          0.01000093	          0.01000285	          0.04000499	          0.05550708	          0.02815145	          0.02485603	          0.03305260	          0.07982456	          0.11383550	          0.16459812	          0.16501109	          0.17175812	          0.17984892	          0.01000011	          0.01185902	          0.01186118	          0.01000103	          0.01000034	          0.01000068	          0.07351124	          0.07527007	          0.01406458	          0.01000004	          0.03511672	          0.01000005	
          1.17145675	         -6.42490281	         -2.79200714	          4.28625944	          1.42859624	          0.81900100	         -0.00296553	         30.05647723	          5.45187023	          3.93275969	        -14.09290173	         10.39719064	         -7.79550753	          0.20770016	        -12.11731448	          0.36826716	          7.84243992	        -22.62975344	          0.93214959	          1.00924938	         31.11887226	         -2.42737797	          2.57127890	         -1.54979066	        -30.01403080	        -13.82828871	         11.80384546	         21.94727348	         27.52422760	        -13.50141583	         19.11947642	         65.21171724	          0.30384757	          0.29482741	          0.30038073	          0.05903489	          0.08546283	          0.10799211	          0.05400646	          0.04613549	          0.03466257	          0.01000157	          0.01000111	          0.01003725	          0.04187654	          0.07285894	          0.10389042	          0.08658469	          0.01000072	          0.01001322	          0.03489453	          0.22002326	          0.14852168	          0.09316530	          0.01000025	          0.01000026	          0.08266174	          0.01004494	          0.07169944	          0.01000021	          0.18960965	          0.18867311	          0.16818412	          0.01000005	          0.01000010	          0.01000001	          0.01000003	          0.01000019	          0.01000018	          0.49882556	          0.23925685	          0.12153341	          0.37828578	          0.53414763	          0.23399769	          0.13609580	          0.03121460	          0.02430188	          0.11369798	          0.05501422	          0.04322731	          0.05216328	          0.01000345	          0.01000197	          0.01105596	          0.02702804	          0.06604294	          0.26333771	          0.02386699	          0.01819460	          0.03300043	          0.08149018	          0.04122682	          0.01000258	          0.01000215	          0.01000126	          0.01000110	          0.10161808	          0.13741801	          0.01000016	          0.01000074	          0.03373264	          0.04680418	          0.02986790	          0.03299282	          0.02788035	          0.06730880	          0.09598715	          0.13879063	          0.13913890	          0.14482818	          0.15165039	          0.01000462	          0.01000033	          0.01000155	          0.01000102	          0.07529848	          0.01000530	          0.07204090	          0.08544623	          0.01185943	          0.01000005	          0.02961075	          0.01000005	
          1.18261348	         -6.40976177	         -2.98948884	          4.44246819	          1.44376519	          0.81918706	         -0.00261346	         29.34378926	          5.83437049	          4.23950438	        -14.59530074	          9.66546084	         -8.14821368	          0.20001116	        -11.19859252	          0.12803519	          7.40896623	        -25.77700953	          0.22809874	          1.58393482	         29.50991327	         -2.35316847	          2.98194768	         -1.57297408	        -29.95848382	        -13.71786875	         12.40840195	         20.87694633	         27.06581338	        -13.47843771	         19.09250951	         65.63961734	          0.33258998	          0.30397993	          0.28820366	          0.05324991	          0.07206517	          0.09106148	          0.04553891	          0.04330559	          0.03435115	          0.01000282	          0.01000120	          0.01000900	          0.06374707	          0.09432469	          0.11051283	          0.09381609	          0.01000082	          0.01003036	          0.05092009	          0.23586820	          0.15783125	          0.09810185	          0.01000033	          0.01000033	          0.06970258	          0.01000747	          0.06045801	          0.01000025	          0.22150242	          0.22031485	          0.19409088	          0.01000043	          0.01000114	          0.01000019	          0.01441280	          0.02281560	          0.01610196	          0.52182870	          0.20174363	          0.10247813	          0.31897414	          0.45039832	          0.19730970	          0.11475725	          0.02632050	          0.02049166	          0.09587127	          0.04638861	          0.03644980	          0.06066621	          0.01000130	          0.01009127	          0.01000019	          0.02279038	          0.05568831	          0.30125553	          0.16758140	          0.04641096	          0.02782686	          0.06871343	          0.03476374	          0.01000180	          0.01591963	          0.01979270	          0.02346719	          0.08568531	          0.11587213	          0.01000724	          0.01002107	          0.02844389	          0.03946595	          0.02518561	          0.02782047	          0.02350932	          0.05675540	          0.08093726	          0.11702952	          0.11732321	          0.12212056	          0.12787310	          0.04265158	          0.01000753	          0.01870451	          0.01000074	          0.13900831	          0.01000097	          0.06990023	          0.09231107	          0.01000008	          0.01000021	          0.02496806	          0.01000005	
          1.19377021	         -6.39531511	         -3.17138600	          4.57221475	          1.45869613	          0.81974959	         -0.00225079	         28.61729692	          6.21589036	          4.56168920	        -15.07190180	          9.07383095	         -8.49603993	          0.19234747	        -10.11832208	         -0.10228831	          6.99532895	        -29.06001776	         -0.61065107	          2.15508514	         27.36594912	         -2.28656311	          3.37518776	         -1.59107151	        -29.74742440	        -13.62092538	         12.87731285	         19.91188262	         26.52856613	        -13.46190846	         19.09803177	         65.84326266	          0.36184217	          0.31405479	          0.27349860	          0.04825202	          0.06077155	          0.07678700	          0.03840058	          0.04764085	          0.03688839	          0.01000121	          0.01000088	          0.01000308	          0.05375605	          0.09147799	          0.11961365	          0.09874706	          0.01000071	          0.01001396	          0.04313182	          0.24594641	          0.16321972	          0.10092979	          0.01000022	          0.01000023	          0.05877548	          0.01001212	          0.05097909	          0.01000021	          0.23947924	          0.23859622	          0.20854032	          0.01000047	          0.01000131	          0.01000054	          0.01887339	          0.01923918	          0.01357856	          0.52344556	          0.17011218	          0.08641057	          0.26896208	          0.37978176	          0.16637555	          0.09676439	          0.02219375	          0.01727885	          0.08083965	          0.03911545	          0.03073495	          0.06868940	          0.01000829	          0.02482277	          0.01000022	          0.01921718	          0.05423543	          0.33773947	          0.14130724	          0.03913509	          0.02346399	          0.05794012	          0.02931594	          0.01000265	          0.01343422	          0.01669044	          0.01978800	          0.07225066	          0.09770446	          0.03654952	          0.01001612	          0.02398447	          0.03327817	          0.02123676	          0.02345850	          0.01982329	          0.04785668	          0.06824706	          0.09868036	          0.09892802	          0.10297329	          0.10782385	          0.11067740	          0.06794794	          0.04123539	          0.02870902	          0.19529564	          0.08786966	          0.06665527	          0.09930900	          0.01000006	          0.01717313	          0.02105331	          0.01000005	
          1.20492694	         -6.38187452	         -3.33753807	          4.67689315	          1.47336224	          0.82061465	         -0.00188253	         27.85413856	          6.59052376	          4.90239826	        -15.48105523	          8.62810633	         -8.82743230	          0.18726487	         -8.88152782	         -0.32094472	          6.60149156	        -32.45089103	         -1.51948748	          2.71508588	         24.69086602	         -2.22959877	          3.74742139	         -1.60348298	        -29.39130038	        -13.54525653	         13.20553412	         19.07623679	         25.92287848	        -13.45274488	         19.13149912	         65.84330830	          0.38936175	          0.33038258	          0.27939550	          0.04867965	          0.05125264	          0.06475777	          0.03792470	          0.05119643	          0.03927946	          0.01000124	          0.01000089	          0.01000299	          0.04533921	          0.08644661	          0.11864252	          0.10147133	          0.01000070	          0.01001387	          0.04195688	          0.25311270	          0.16553884	          0.10156077	          0.01000022	          0.01000023	          0.04956129	          0.01001355	          0.04298642	          0.01000021	          0.25273862	          0.25239292	          0.21888749	          0.01000029	          0.01000069	          0.01000020	          0.01702160	          0.01622480	          0.01145219	          0.51947155	          0.14344025	          0.07286226	          0.22679152	          0.33820378	          0.14628441	          0.08159265	          0.01871406	          0.01456990	          0.06816494	          0.03298280	          0.02591627	          0.07428682	          0.01000187	          0.02093283	          0.01000030	          0.01620453	          0.07613773	          0.28478538	          0.11915177	          0.03299936	          0.01978510	          0.07708801	          0.03761967	          0.01000382	          0.01133250	          0.01407395	          0.01668551	          0.06092248	          0.08238536	          0.05963912	          0.01003512	          0.02777753	          0.02806059	          0.01790704	          0.01978043	          0.01671519	          0.04035320	          0.05754657	          0.08320817	          0.08341703	          0.08682816	          0.09091815	          0.18498427	          0.12726482	          0.05545306	          0.39195987	          0.28555317	          0.21988351	          0.06378213	          0.10833873	          0.01000007	          0.03317990	          0.01775235	          0.01000006	
          1.21608367	         -6.36969710	         -3.48899944	          4.75991875	          1.48774711	          0.82168861	         -0.00151153	         27.04150627	          6.95412279	          5.26130013	        -15.79583520	          8.31770929	         -9.13655039	          0.18413352	         -7.52072678	         -0.52129676	          6.22565189	        -35.86980355	         -2.32379367	          3.23246276	         21.63525794	         -2.18339886	          4.09443180	         -1.60946418	        -28.89435081	        -13.49402729	         13.41249693	         18.36254615	         25.26143250	        -13.44975694	         19.18588500	         65.65814442	          0.40509768	          0.33612305	          0.28393826	          0.05375797	          0.04322703	          0.05461235	          0.03768981	          0.05565823	          0.04036002	          0.01000137	          0.01000076	          0.01000526	          0.05972380	          0.10465002	          0.12873264	          0.10026338	          0.01000062	          0.01001794	          0.04774273	          0.25434916	          0.16339645	          0.10051074	          0.01000020	          0.01000021	          0.04179136	          0.01000563	          0.03624696	          0.01000018	          0.25818723	          0.25870729	          0.22277176	          0.01000018	          0.01000042	          0.01000007	          0.02158504	          0.01368415	          0.01000802	          0.49723980	          0.12095026	          0.06143821	          0.19123297	          0.29666191	          0.14112734	          0.06879970	          0.01577998	          0.01667704	          0.05747758	          0.02781191	          0.02185334	          0.07546021	          0.02503177	          0.02784422	          0.01788168	          0.05279334	          0.09876980	          0.24013396	          0.10047001	          0.02782557	          0.01668302	          0.14803588	          0.13841555	          0.07301453	          0.01167827	          0.01186766	          0.01406945	          0.05137089	          0.06992134	          0.08591894	          0.04358037	          0.02343377	          0.02366110	          0.01509939	          0.01667905	          0.01409441	          0.03402621	          0.04852386	          0.07016189	          0.07376196	          0.07321508	          0.07666344	          0.17761728	          0.10731096	          0.04675859	          0.33050445	          0.27675854	          0.18540806	          0.05643848	          0.10945503	          0.01000007	          0.03372896	          0.01496896	          0.01000007	
          1.22724041	         -6.35922961	         -3.62730521	          4.82187088	          1.50184113	          0.82291494	         -0.00114343	         26.17816511	          7.30420171	          5.63697200	        -16.00778535	          8.11883175	         -9.41933672	          0.18270579	         -6.06240426	         -0.69264422	          5.87096970	        -39.18710736	         -2.80298316	          3.69627829	         18.78072947	         -2.14964262	          4.41600244	         -1.60849957	        -28.24905246	        -13.46705818	         13.52676518	         17.73432369	         24.55022043	        -13.45010478	         19.24678252	         65.30075116	          0.42384841	          0.33837270	          0.27604767	          0.05680146	          0.05371328	          0.05394134	          0.04483841	          0.06244329	          0.04635514	          0.01000062	          0.01000073	          0.01000163	          0.05036079	          0.08825131	          0.12827345	          0.10498355	          0.01000057	          0.01000829	          0.04026040	          0.25167763	          0.15971453	          0.10322767	          0.01000016	          0.01000017	          0.03523954	          0.01001582	          0.03056418	          0.01000020	          0.25287188	          0.25418626	          0.21764168	          0.01000054	          0.01000120	          0.01000823	          0.02658773	          0.01154138	          0.01001387	          0.46634104	          0.10198652	          0.05180535	          0.16124973	          0.25624229	          0.11901539	          0.05801259	          0.01330594	          0.01406234	          0.08639081	          0.02345454	          0.01842725	          0.06366600	          0.02110799	          0.02347945	          0.02370881	          0.08508151	          0.09947956	          0.20248353	          0.08471735	          0.02346297	          0.01406732	          0.15893193	          0.16219879	          0.06156843	          0.01000247	          0.01000724	          0.01186355	          0.06029549	          0.06409173	          0.07244775	          0.03674800	          0.01975981	          0.06314261	          0.01273196	          0.01406394	          0.01188454	          0.05503508	          0.07026132	          0.05916115	          0.06219687	          0.06173604	          0.06464358	          0.18975200	          0.09048563	          0.03942731	          0.27868441	          0.32139405	          0.15633807	          0.05556959	          0.10219499	          0.01000008	          0.04750618	          0.01262198	          0.01000008	
          1.23839714	         -6.35085297	         -3.75210844	          4.86745235	          1.51565407	          0.82428249	         -0.00077575	         25.26543901	          7.63646866	          6.02813185	        -16.11561278	          8.00517914	         -9.67160708	          0.18339253	         -4.51343873	         -0.84052196	          5.53010089	        -42.31486054	         -2.87879499	          4.07709858	         16.30754376	         -2.12934324	          4.70950484	         -1.60042893	        -27.44671981	        -13.45442221	         13.56679461	         17.14559978	         23.79351235	        -13.45080294	         19.30568395	         64.77589698	          0.43702837	          0.33600836	          0.26542170	          0.06028025	          0.04530935	          0.04549911	          0.04860433	          0.06961377	          0.04947974	          0.01000180	          0.01000071	          0.01000346	          0.04247100	          0.09579559	          0.13176626	          0.10316650	          0.01000054	          0.01001369	          0.03397196	          0.24521422	          0.15136200	          0.09881350	          0.01000017	          0.01000018	          0.02971473	          0.01000583	          0.02577243	          0.01000014	          0.23854749	          0.24159180	          0.20602799	          0.01000010	          0.01000023	          0.01000004	          0.04125921	          0.01000600	          0.01000200	          0.41326407	          0.08599613	          0.04368285	          0.13596767	          0.21606681	          0.11121091	          0.04891680	          0.01121987	          0.01185776	          0.07284622	          0.01977777	          0.01553831	          0.05368460	          0.05016264	          0.02359725	          0.02936280	          0.07174469	          0.10129514	          0.18404866	          0.07143459	          0.01978443	          0.01186176	          0.17767824	          0.16949431	          0.08864109	          0.01000476	          0.01000128	          0.01000361	          0.05084283	          0.05516729	          0.06108872	          0.03098695	          0.01666188	          0.09168460	          0.01073573	          0.01185887	          0.01002117	          0.04640627	          0.05924521	          0.04988522	          0.05244535	          0.05205709	          0.05450836	          0.17699672	          0.07629876	          0.03324567	          0.23499124	          0.34422904	          0.14188459	          0.05558087	          0.09565560	          0.01000008	          0.04497409	          0.01064301	          0.01000009	
          1.24955387	         -6.34442186	         -3.86283370	          4.89789027	          1.52920829	          0.82576918	         -0.00041204	         24.30929359	          7.94770670	          6.43306886	        -16.12680085	          7.94609185	         -9.89282523	          0.18714411	         -2.87579611	         -0.96706144	          5.20252066	        -45.23979188	         -2.63673664	          4.38965221	         14.15648090	         -2.12183450	          4.97558312	         -1.58457883	        -26.48618553	        -13.45026825	         13.54191236	         16.56585837	         22.99127104	        -13.45064118	         19.35299089	         64.09374077	          0.45062266	          0.33512110	          0.25515224	          0.07331736	          0.05474561	          0.04736159	          0.05172413	          0.07202011	          0.05144296	          0.01000085	          0.01000069	          0.01000216	          0.03581279	          0.08079307	          0.12972514	          0.10329621	          0.01000055	          0.01000975	          0.02864671	          0.23619224	          0.14237066	          0.09628654	          0.01000016	          0.01000016	          0.02505610	          0.01000760	          0.02173203	          0.01000017	          0.22897835	          0.23287588	          0.19719833	          0.01000019	          0.01000044	          0.01000012	          0.06331565	          0.02051110	          0.01002168	          0.34846814	          0.07251295	          0.03683394	          0.11464951	          0.18218969	          0.09377468	          0.04124717	          0.01000042	          0.01000035	          0.09535993	          0.01667860	          0.01310238	          0.04526832	          0.04634418	          0.01989896	          0.03461115	          0.07478313	          0.09680622	          0.16530408	          0.06023443	          0.01668265	          0.01000207	          0.18550741	          0.17803349	          0.08790698	          0.01000219	          0.01000076	          0.01000025	          0.04880860	          0.05120493	          0.05151065	          0.02612898	          0.01404965	          0.11112663	          0.01000007	          0.01000007	          0.01000004	          0.03913314	          0.04995637	          0.04206368	          0.04560957	          0.04389591	          0.04596230	          0.16303561	          0.06433588	          0.02803309	          0.19814692	          0.34758913	          0.14319407	          0.05322633	          0.08999416	          0.01000009	          0.04649987	          0.01000013	          0.01000010	
          1.26071060	         -6.33983981	         -3.95869442	          4.91388540	          1.54252887	          0.82735083	         -0.00005307	         23.30922855	          8.23387517	          6.84866962	        -16.04037697	          7.93093054	        -10.08318440	          0.19894783	         -1.15796881	         -1.07544204	          4.88681064	        -47.94122529	         -2.11569783	          4.63225667	         12.28764072	         -2.12624575	          5.21432381	         -1.56096965	        -25.37003893	        -13.44970909	         13.45722419	         15.97643877	         22.14367418	        -13.45010643	         19.38166313	         63.26524597	          0.45999554	          0.33299764	          0.24587788	          0.09110507	          0.06212121	          0.05068231	          0.05369545	          0.07352025	          0.05234498	          0.01000084	          0.01000070	          0.01000233	          0.03019822	          0.06813432	          0.12612965	          0.10141805	          0.01000057	          0.01001012	          0.02415596	          0.22473789	          0.13150377	          0.09197239	          0.01000016	          0.01000017	          0.02112786	          0.01000610	          0.01832523	          0.01000017	          0.21691756	          0.22165083	          0.18637125	          0.01000049	          0.01000109	          0.01282939	          0.07465339	          0.02217529	          0.01756888	          0.29383157	          0.06114398	          0.03105913	          0.09667384	          0.15362414	          0.07907206	          0.03478008	          0.01000051	          0.01000037	          0.10926851	          0.01406650	          0.01104864	          0.03817176	          0.03907830	          0.01677996	          0.04324364	          0.07585434	          0.08915943	          0.16542514	          0.05079033	          0.01406726	          0.01000029	          0.19226235	          0.17383470	          0.10217149	          0.01000184	          0.01000059	          0.01000025	          0.04524200	          0.04733562	          0.04343432	          0.02203272	          0.01184714	          0.11954558	          0.01000009	          0.01000009	          0.01000006	          0.03299754	          0.04212378	          0.03546848	          0.03886833	          0.03701450	          0.03875617	          0.14566839	          0.05424868	          0.02363780	          0.16707957	          0.34441055	          0.17383381	          0.05019201	          0.08457772	          0.01000010	          0.04272513	          0.01000018	          0.01000012	
          1.27186733	         -6.33703351	         -4.03898772	          4.91504692	          1.55563855	          0.82900385	          0.00029960	         22.26293091	          8.49106021	          7.27184065	        -15.85121922	          7.93861620	        -10.24177851	          0.22790375	          0.63186501	         -1.16731716	          4.58270836	        -50.40278952	         -1.37039182	          4.81025357	         10.66336056	         -2.14189254	          5.42652152	         -1.52977539	        -24.10363107	        -13.45014447	         13.31770963	         15.37026602	         21.25179595	        -13.44976203	         19.38620171	         62.29901589	          0.46552171	          0.32813359	          0.24003924	          0.10712809	          0.08572500	          0.07173304	          0.05458420	          0.07386182	          0.05226736	          0.01000078	          0.01000069	          0.01000179	          0.02546377	          0.05745558	          0.11402523	          0.09820223	          0.01000059	          0.01000836	          0.02036909	          0.21126700	          0.11972036	          0.08617058	          0.01000015	          0.01000016	          0.01781553	          0.01000643	          0.01545284	          0.01000018	          0.20236139	          0.20791652	          0.17350316	          0.01000035	          0.01000080	          0.01917710	          0.08579259	          0.02076787	          0.01695082	          0.24776152	          0.05155765	          0.02618993	          0.08151664	          0.12953741	          0.06667471	          0.02932700	          0.01000047	          0.01000033	          0.14037395	          0.01186936	          0.01000170	          0.03218788	          0.03295132	          0.01414965	          0.04891827	          0.07654396	          0.08292191	          0.15236567	          0.04282698	          0.01186205	          0.01000032	          0.19667748	          0.16977636	          0.10808046	          0.01000145	          0.01000046	          0.01000021	          0.04330718	          0.04516745	          0.03662428	          0.01857878	          0.01000095	          0.11805137	          0.01000010	          0.01000010	          0.01000007	          0.02782387	          0.03551922	          0.02990735	          0.03277427	          0.03121147	          0.03267978	          0.13046076	          0.04574306	          0.01993165	          0.14088344	          0.33637101	          0.19667154	          0.04809765	          0.08027144	          0.01000011	          0.04038250	          0.01000018	          0.01000013	
          1.28302406	         -6.33580911	         -4.10299024	          4.90099028	          1.56855983	          0.83069963	          0.00064502	         21.17082362	          8.71591029	          7.69929108	        -15.55855305	          7.94318366	        -10.36904407	          0.28364904	          2.48482458	         -1.24481457	          4.29042709	        -52.61592654	         -0.44312783	          4.92711643	          9.25215358	         -2.16783792	          5.61280285	         -1.49129256	        -22.69598062	        -13.45033208	         13.12945975	         14.75083091	         20.31788534	        -13.44971714	         19.36107986	         61.20221084	          0.46872663	          0.32204724	          0.23578205	          0.12769872	          0.10311557	          0.09347352	          0.05360085	          0.07178300	          0.05044960	          0.01000066	          0.01000069	          0.01000166	          0.02147157	          0.04844972	          0.09922164	          0.09320959	          0.01000063	          0.01000764	          0.01717588	          0.19632997	          0.10790914	          0.08021147	          0.01000015	          0.01000016	          0.01502258	          0.01000607	          0.01303133	          0.01000020	          0.18744350	          0.19352472	          0.16021676	          0.01000033	          0.01000074	          0.02772311	          0.09437385	          0.01753605	          0.01432507	          0.20891483	          0.04347470	          0.02208589	          0.06873600	          0.10922725	          0.05622114	          0.02472894	          0.01000048	          0.01000032	          0.16220377	          0.01026960	          0.01000237	          0.02714220	          0.02778494	          0.01193164	          0.05629597	          0.07597780	          0.07917894	          0.13556317	          0.03611221	          0.01000323	          0.01000028	          0.19781605	          0.16398889	          0.11538570	          0.01000115	          0.01000036	          0.01000018	          0.04099857	          0.04351451	          0.03088199	          0.01566653	          0.01000117	          0.10740616	          0.01000011	          0.01000011	          0.01000008	          0.02346137	          0.02995017	          0.02521815	          0.02763562	          0.02631808	          0.02755604	          0.11691879	          0.03857108	          0.01680661	          0.12037677	          0.32585236	          0.21761214	          0.04597163	          0.07675410	          0.01000011	          0.03606705	          0.01000018	          0.01000015	
          1.29418079	         -6.33588473	         -4.15000319	          4.87090891	          1.58131591	          0.83240673	          0.00098198	         20.03427508	          8.90571341	          8.12736769	        -15.16473927	          7.92741553	        -10.46641979	          0.37063619	          4.39130550	         -1.30958726	          4.00983981	        -54.57958647	          0.62631580	          4.98747274	          8.02590121	         -2.20280443	          5.77388978	         -1.44591247	        -21.15867494	        -13.45017979	         12.89874007	         14.12907236	         19.34434097	        -13.44978888	         19.30066928	         59.98148044	          0.46779344	          0.31262365	          0.23268043	          0.14158281	          0.12691744	          0.11641794	          0.05114001	          0.06821024	          0.04749935	          0.01000060	          0.01000071	          0.01000131	          0.01810527	          0.04085504	          0.08367550	          0.08737638	          0.01000069	          0.01000633	          0.01448331	          0.18088444	          0.09695202	          0.07402141	          0.01000015	          0.01000015	          0.01266762	          0.01000667	          0.01099187	          0.01000022	          0.17210325	          0.17850233	          0.14660889	          0.01000023	          0.01000051	          0.03697603	          0.10280759	          0.01503858	          0.01446194	          0.17615894	          0.03665944	          0.02160761	          0.05795928	          0.09210154	          0.04740658	          0.02085186	          0.01000045	          0.01000031	          0.17289647	          0.01705479	          0.01000227	          0.02288760	          0.02342857	          0.01006149	          0.06374979	          0.07799631	          0.07614159	          0.11764015	          0.03045024	          0.01000155	          0.01000024	          0.19902115	          0.16063212	          0.11826775	          0.01000092	          0.01000029	          0.01000016	          0.04083620	          0.04352028	          0.02604004	          0.01321125	          0.01000113	          0.09056635	          0.01000013	          0.01000013	          0.01000009	          0.01978286	          0.02525430	          0.02126418	          0.02330266	          0.02219196	          0.02323567	          0.10694137	          0.03252361	          0.01417156	          0.11702846	          0.30825012	          0.23111602	          0.04362078	          0.07416294	          0.01000012	          0.03198670	          0.01000018	          0.01000017	
          1.30533752	         -6.33695260	         -4.17957868	          4.82380983	          1.59393054	          0.83409406	          0.00130961	         18.85494145	          9.05863841	          8.55228137	        -14.67421251	          7.88344753	        -10.53679940	          0.49157258	          6.34052739	         -1.36270732	          3.74120982	        -56.29670629	          1.80689901	          4.99459343	          6.96025243	         -2.24526745	          5.91055748	         -1.39413430	        -19.50506670	        -13.44992018	         12.62979651	         13.52135921	         18.33391131	        -13.44980819	         19.20094311	         58.64277829	          0.46395052	          0.30239826	          0.23035981	          0.15288911	          0.14298206	          0.14121866	          0.04958911	          0.06413690	          0.04523402	          0.01000053	          0.01000076	          0.01000122	          0.01526677	          0.03445079	          0.07056041	          0.08191473	          0.01000081	          0.01000601	          0.01221297	          0.16622094	          0.08664008	          0.06716360	          0.01000016	          0.01000016	          0.01068221	          0.01000679	          0.01001334	          0.01000028	          0.15614297	          0.16253688	          0.13254444	          0.01000041	          0.01000096	          0.04672015	          0.11199119	          0.02055141	          0.02699882	          0.14853887	          0.03091453	          0.02838861	          0.04887224	          0.07766096	          0.03997401	          0.01758281	          0.01000045	          0.01000031	          0.16987771	          0.02097563	          0.01000252	          0.01930008	          0.01975523	          0.01000107	          0.07385472	          0.08092760	          0.07499935	          0.10319082	          0.02567602	          0.01000130	          0.01000021	          0.19568274	          0.16026504	          0.11049290	          0.01000075	          0.01000024	          0.01000014	          0.04063364	          0.04354516	          0.02195726	          0.01114209	          0.01000122	          0.07636647	          0.01000015	          0.01000015	          0.01000011	          0.01668111	          0.02129469	          0.01793015	          0.01964907	          0.01871277	          0.01959270	          0.10004690	          0.02742435	          0.01194968	          0.12732418	          0.29021359	          0.23801117	          0.04095451	          0.07227507	          0.01000012	          0.02736013	          0.01000018	          0.01000019	
          1.31649425	         -6.33873138	         -4.19173112	          4.75859187	          1.60642702	          0.83573434	          0.00162708	         17.63471047	          9.17379025	          8.97012396	        -14.09265083	          7.80916656	        -10.58421697	          0.66316579	          8.32085784	         -1.40475115	          3.48449648	        -57.76967733	          3.06870055	          4.95163436	          6.03407957	         -2.29358293	          6.02392672	         -1.33656684	        -17.74937634	        -13.44975674	         12.32441828	         12.94745404	         17.28981292	        -13.44981482	         19.06107303	         57.19118975	          0.45765329	          0.29099541	          0.22551458	          0.16255836	          0.16202999	          0.16158045	          0.04754124	          0.06058490	          0.04316205	          0.01000053	          0.01000081	          0.01000099	          0.01287337	          0.02905051	          0.05950015	          0.07887975	          0.01000089	          0.01000504	          0.01029891	          0.15362240	          0.07961287	          0.06360299	          0.01000016	          0.01000016	          0.01000205	          0.01000767	          0.01459766	          0.01000032	          0.14330670	          0.14949128	          0.12128216	          0.02346930	          0.01000066	          0.05325971	          0.11798606	          0.02254494	          0.03158946	          0.12524937	          0.02606922	          0.03432150	          0.04120999	          0.06548453	          0.03370682	          0.01482797	          0.01000041	          0.01000025	          0.14342686	          0.03449244	          0.01000219	          0.01627509	          0.01665783	          0.01000075	          0.08672539	          0.08468976	          0.07743090	          0.09528208	          0.02165036	          0.01000109	          0.01000019	          0.19267474	          0.16465393	          0.09317149	          0.01000056	          0.01000019	          0.01000012	          0.04281376	          0.04531581	          0.01851463	          0.01000388	          0.01000084	          0.06439298	          0.01000017	          0.01000017	          0.01000013	          0.01406569	          0.01795591	          0.01511887	          0.01656833	          0.01577910	          0.01652093	          0.09522014	          0.02312469	          0.01007631	          0.14771124	          0.27237164	          0.24431557	          0.03795956	          0.07070868	          0.01000014	          0.02307067	          0.01000018	          0.01000021	
          1.32765098	         -6.34101956	         -4.18670847	          4.67424760	          1.61882494	          0.83730614	          0.00193362	         16.37619846	          9.25087816	          9.37749191	        -13.42694984	          7.70594475	        -10.61173520	          0.90965454	         10.32178429	         -1.43560337	          3.23903749	        -59.00133633	          4.38243938	          4.86204924	          5.22904586	         -2.34644425	          6.11516954	         -1.27379928	        -15.90595127	        -13.44972901	         11.98445522	         12.42972691	         16.21630081	        -13.44979421	         18.88342977	         55.63039074	          0.44877927	          0.27875466	          0.21912715	          0.18291834	          0.17870696	          0.18258233	          0.04507750	          0.05620629	          0.04079381	          0.01000048	          0.01000082	          0.01000090	          0.01085544	          0.02449689	          0.05017339	          0.07580064	          0.01000098	          0.01000458	          0.01000209	          0.14209587	          0.07329132	          0.06008765	          0.01000016	          0.01000016	          0.01000219	          0.01000711	          0.03976081	          0.01000039	          0.13207653	          0.13770012	          0.11167216	          0.05153823	          0.01000050	          0.05820199	          0.12464372	          0.02261725	          0.03575325	          0.10561145	          0.02219718	          0.04272871	          0.03474917	          0.05521726	          0.02842227	          0.01541237	          0.01000042	          0.01000024	          0.12093982	          0.02908736	          0.01000234	          0.01372457	          0.01404609	          0.01000046	          0.10078641	          0.08642531	          0.07965171	          0.08544652	          0.01825589	          0.01000090	          0.01000018	          0.18639727	          0.16531262	          0.07856384	          0.01000046	          0.01000016	          0.01000011	          0.04383051	          0.04661357	          0.01561178	          0.01000383	          0.01000075	          0.05429682	          0.01000021	          0.01000020	          0.01000015	          0.01186035	          0.01514062	          0.01274838	          0.01397065	          0.01330547	          0.01393084	          0.09369654	          0.01949926	          0.01000033	          0.16795721	          0.25519501	          0.24350207	          0.03528411	          0.06960636	          0.01000015	          0.01945381	          0.01000017	          0.01000025	
          1.33880772	         -6.34365917	         -4.16505372	          4.57020697	          1.63114171	          0.83879233	          0.00222875	         15.08311123	          9.29029340	          9.77200061	        -12.68533714	          7.57273311	        -10.62034349	          1.24067144	         12.33257873	         -1.45535084	          3.00461000	        -59.99391535	          5.71783668	          4.72873689	          4.52918313	         -2.40267850	          6.18549637	         -1.20644540	        -13.99006608	        -13.44973729	         11.61282324	         11.99386661	         15.11838725	        -13.44972354	         18.67332253	         53.96341108	          0.43798490	          0.26531522	          0.21201111	          0.18983704	          0.19478653	          0.19912651	          0.04233144	          0.05053890	          0.03798761	          0.01000044	          0.01000088	          0.01000075	          0.01000111	          0.02065721	          0.04230851	          0.07122939	          0.01000118	          0.01000395	          0.01000207	          0.13089959	          0.06701179	          0.05535687	          0.01000016	          0.01000016	          0.01000207	          0.01000826	          0.06627712	          0.01000057	          0.12113336	          0.12606141	          0.10258994	          0.07662340	          0.01000132	          0.06303722	          0.13075343	          0.02808645	          0.04305994	          0.08905258	          0.02871792	          0.04907686	          0.02930132	          0.04655979	          0.02396627	          0.01299686	          0.01000039	          0.01000023	          0.10197789	          0.02452758	          0.01000211	          0.01157465	          0.01184387	          0.01000031	          0.11216811	          0.08977983	          0.08131959	          0.08289004	          0.01539367	          0.01000083	          0.01000017	          0.17881222	          0.16513320	          0.06624616	          0.01000039	          0.01000014	          0.01000010	          0.04438071	          0.04717307	          0.01316410	          0.01000430	          0.01000079	          0.04578368	          0.01000026	          0.01000026	          0.01000019	          0.01000085	          0.01276676	          0.01074956	          0.01178030	          0.01121999	          0.01174705	          0.09428361	          0.01906745	          0.01000239	          0.18463151	          0.24181555	          0.24868286	          0.03242027	          0.06819317	          0.01000015	          0.01640454	          0.01000017	          0.01000026	
          1.34996445	         -6.34654272	         -4.12741252	          4.44631025	          1.64339388	          0.84017767	          0.00251175	         13.75891274	          9.29279661	         10.15276077	        -11.87544913	          7.40766730	        -10.60990864	          1.65171992	         14.34163623	         -1.46374540	          2.78105274	        -60.74832528	          7.04702812	          4.55495939	          3.92082972	         -2.46124406	          6.23604071	         -1.13511694	        -12.01835088	        -13.44982211	         11.21520735	         11.66902681	         14.00103837	        -13.44974453	         18.43814447	         52.19448435	          0.42458872	          0.25245177	          0.20555579	          0.20492291	          0.21117402	          0.21692816	          0.03837196	          0.04492243	          0.03464618	          0.01000047	          0.01000096	          0.01000069	          0.01000131	          0.01741964	          0.03567656	          0.06733634	          0.01000139	          0.01000365	          0.01000194	          0.12154591	          0.06247356	          0.05204986	          0.01000017	          0.01000017	          0.01000169	          0.01000861	          0.09373708	          0.01000067	          0.11202223	          0.11620601	          0.09496621	          0.09983671	          0.03768199	          0.06417603	          0.13530850	          0.02503059	          0.04258548	          0.07508999	          0.03411069	          0.05558335	          0.02470779	          0.03925974	          0.02020901	          0.01095929	          0.01000040	          0.01000024	          0.08598887	          0.02068238	          0.01000218	          0.01000446	          0.01000020	          0.01000022	          0.12076640	          0.09114164	          0.08441706	          0.07921088	          0.01298026	          0.01000074	          0.01000016	          0.17163896	          0.16301227	          0.05585964	          0.01000036	          0.01000013	          0.01000010	          0.04512981	          0.04841178	          0.01110029	          0.01000493	          0.01000085	          0.03860545	          0.01000035	          0.01000034	          0.01000026	          0.01000012	          0.01076512	          0.01000002	          0.01000023	          0.01000122	          0.01000089	          0.10462554	          0.02327394	          0.01000340	          0.22171648	          0.23219436	          0.25366413	          0.02957748	          0.06688365	          0.01000015	          0.01385088	          0.01000017	          0.01000030	
          1.36112118	         -6.34959200	         -4.07451175	          4.30273299	          1.65559684	          0.84144876	          0.00278229	         12.40792194	          9.25940263	         10.51903050	        -11.00646955	          7.21031226	        -10.57975047	          2.13618970	         16.33681978	         -1.46103867	          2.56861307	        -61.26465660	          8.34128106	          4.34380888	          3.39147033	         -2.52125446	          6.26778322	         -1.06036162	        -10.00824384	        -13.45004347	         10.80170020	         11.48601175	         12.86873007	        -13.44990956	         18.18558163	         50.32948046	          0.40924984	          0.24014472	          0.19984641	          0.21765588	          0.22967083	          0.23451134	          0.03393221	          0.03850434	          0.03087056	          0.01000044	          0.01000098	          0.01000057	          0.01000100	          0.01468984	          0.03008431	          0.06202858	          0.01000170	          0.01000308	          0.01000163	          0.11384567	          0.05880150	          0.04763501	          0.01000016	          0.01000017	          0.01000169	          0.01000924	          0.11978161	          0.01000107	          0.10338614	          0.10748681	          0.08871654	          0.12348483	          0.07392838	          0.06495033	          0.14050060	          0.02636827	          0.04585371	          0.06331661	          0.04314919	          0.06003582	          0.02083455	          0.03310428	          0.01704090	          0.01000108	          0.01000038	          0.01000025	          0.07250673	          0.01743993	          0.01000199	          0.01000419	          0.01000022	          0.01000016	          0.12265552	          0.09490979	          0.08826280	          0.07380129	          0.01094541	          0.01000071	          0.01000016	          0.16335356	          0.16045842	          0.04710158	          0.01000032	          0.01000013	          0.01000010	          0.04622494	          0.05050024	          0.01000064	          0.01000602	          0.01000092	          0.03255364	          0.01000050	          0.01000049	          0.01000037	          0.01000010	          0.01000017	          0.01000003	          0.01000030	          0.01000140	          0.01000103	          0.11937859	          0.03849587	          0.01000123	          0.25481243	          0.22586539	          0.25985260	          0.02719923	          0.06536723	          0.01000015	          0.01263103	          0.01000016	          0.01000032	
          1.37227791	         -6.35277130	         -4.00702661	          4.14014823	          1.66776634	          0.84259395	          0.00304034	         11.03418759	          9.19144626	         10.86994994	        -10.08821913	          6.98660204	        -10.53005054	          2.68739760	         18.30399026	         -1.44803193	          2.36841639	        -61.53806496	          9.57717325	          4.09825909	          2.93042395	         -2.58182955	          6.28136228	         -0.98259653	         -7.97794200	        -13.45030820	         10.38696841	         11.47589783	         11.72504358	        -13.45028991	         17.92341689	         48.37671658	          0.39151154	          0.22748598	          0.19397755	          0.22757386	          0.24300111	          0.24544085	          0.03097265	          0.03288677	          0.02816032	          0.01000049	          0.01000122	          0.01000053	          0.01000089	          0.01238845	          0.02536884	          0.05721724	          0.01000237	          0.01000291	          0.01000156	          0.10800339	          0.05500264	          0.04337729	          0.01000019	          0.01000019	          0.01000162	          0.01001130	          0.13851371	          0.01000186	          0.09542896	          0.09848636	          0.08185108	          0.14720231	          0.10596734	          0.06545916	          0.14546788	          0.03053232	          0.05009531	          0.05338918	          0.05002655	          0.06425509	          0.01756871	          0.02791394	          0.01436961	          0.01000046	          0.01000033	          0.01000028	          0.06113844	          0.01470582	          0.01000177	          0.01000316	          0.01000019	          0.01000013	          0.10342703	          0.11017424	          0.09391581	          0.06929959	          0.01000096	          0.01000060	          0.01000014	          0.15555196	          0.16581934	          0.03971667	          0.01000029	          0.01000012	          0.01000010	          0.05007028	          0.05452690	          0.01000183	          0.01054408	          0.01000154	          0.03001916	          0.01000048	          0.01000047	          0.01000035	          0.01000010	          0.01000021	          0.01000003	          0.01000025	          0.01000129	          0.01000092	          0.13408434	          0.05721769	          0.01000256	          0.27451677	          0.22122009	          0.26465937	          0.02417748	          0.06326355	          0.01000016	          0.01199339	          0.01000016	          0.01000038	
          1.38343464	         -6.35614116	         -3.92575165	          3.95948162	          1.67991833	          0.84360430	          0.00328618	          9.64143233	          9.09055798	         11.20454605	         -9.12995050	          6.74267752	        -10.46076240	          3.29783337	         20.22528866	         -1.42558581	          2.18245465	        -61.55004567	         10.73507104	          3.82172971	          2.52796416	         -2.64222507	          6.27733883	         -0.90219392	         -5.94557835	        -13.45050177	          9.99037315	         11.66801432	         10.57218510	        -13.45078180	         17.65808994	         46.34702743	          0.37212790	          0.21370416	          0.18575769	          0.23035391	          0.24927923	          0.25294781	          0.02892305	          0.02842166	          0.02615806	          0.01000049	          0.01000128	          0.01000047	          0.01000082	          0.01044942	          0.02139284	          0.05266639	          0.01000294	          0.01000262	          0.01000149	          0.10153720	          0.05144746	          0.04048425	          0.01000019	          0.01000020	          0.01000150	          0.01001214	          0.15365268	          0.01000290	          0.08752100	          0.09008719	          0.07538548	          0.17076982	          0.13685465	          0.06563403	          0.15026802	          0.03650019	          0.05458996	          0.04501829	          0.05330675	          0.06716964	          0.01481511	          0.02353740	          0.01211735	          0.01000041	          0.01000032	          0.01000027	          0.05155258	          0.01240044	          0.01000156	          0.01000249	          0.01000018	          0.01000010	          0.08721082	          0.12132009	          0.10314776	          0.07440978	          0.01000128	          0.01000058	          0.01000013	          0.14816936	          0.16907929	          0.03348962	          0.01000027	          0.01000012	          0.01000010	          0.05413391	          0.05876865	          0.01000200	          0.05070381	          0.01000144	          0.02903479	          0.01000058	          0.01000057	          0.01000044	          0.01000009	          0.01000019	          0.01000002	          0.01000026	          0.01000125	          0.01000091	          0.14745749	          0.07495588	          0.01000174	          0.28881448	          0.21846794	          0.26523836	          0.02111739	          0.06110024	          0.01000016	          0.01143342	          0.01000016	          0.01000041	
          1.39459137	         -6.35979654	         -3.83157193	          3.76176956	          1.69206645	          0.84447037	          0.00351957	          8.23377022	          8.95856182	         11.52164967	         -8.14077894	          6.48170253	        -10.37208798	          3.96009589	         22.08384905	         -1.39378326	          2.01093952	        -61.28454843	         11.79773048	          3.51813795	          2.17534098	         -2.70198938	          6.25635714	         -0.81949896	         -3.92805436	        -13.45081878	          9.63488246	         12.08799292	          9.41128217	        -13.45138350	         17.39518140	         44.25445052	          0.35201452	          0.20081784	          0.17700799	          0.23324025	          0.25330494	          0.25697574	          0.02677860	          0.02470091	          0.02404472	          0.01000056	          0.01000153	          0.01000045	          0.01000078	          0.01000911	          0.01804045	          0.04819473	          0.01000420	          0.01000252	          0.01000151	          0.09573162	          0.04836692	          0.03682404	          0.01000021	          0.01000022	          0.01000151	          0.01001343	          0.16664804	          0.01000500	          0.07988127	          0.08199373	          0.06891158	          0.19437026	          0.16693151	          0.06563940	          0.15493078	          0.04350530	          0.05961800	          0.03795988	          0.05346612	          0.06924171	          0.01249362	          0.01984707	          0.01021887	          0.01000033	          0.01000030	          0.01000028	          0.04346969	          0.01045673	          0.01000138	          0.01000188	          0.01000016	          0.01000009	          0.07353705	          0.13027339	          0.11131491	          0.08368830	          0.01000125	          0.01000055	          0.01000013	          0.14118767	          0.16762526	          0.02823889	          0.01000025	          0.01000011	          0.01000010	          0.05766828	          0.06270824	          0.01000228	          0.09042370	          0.01000161	          0.02846002	          0.01000077	          0.01000077	          0.01000058	          0.01000009	          0.01000019	          0.01000003	          0.01000024	          0.01000118	          0.01000088	          0.16012150	          0.08877673	          0.01180047	          0.29686672	          0.21703414	          0.26440445	          0.01817271	          0.05919285	          0.01000017	          0.01154047	          0.01000016	          0.01000049	
          1.40574810	         -6.36383135	         -3.72543509	          3.54823022	          1.70422233	          0.84518208	          0.00374035	          6.81565799	          8.79736176	         11.82025001	         -7.12992804	          6.20551429	        -10.26387242	          4.66797608	         23.86463258	         -1.35236688	          1.85396871	        -60.73281207	         12.74947529	          3.19190757	          1.86537722	         -2.76083936	          6.21896393	         -0.73480639	         -1.94024557	        -13.45161320	          9.34514528	         12.75510826	          8.24256331	        -13.45216242	         17.13922536	         42.11547399	          0.33166989	          0.18880017	          0.16894869	          0.24012579	          0.25732444	          0.25694487	          0.02515202	          0.02143034	          0.02216608	          0.01000064	          0.01000179	          0.01000041	          0.01000073	          0.01001020	          0.01521412	          0.04291067	          0.01000738	          0.01000235	          0.01000151	          0.09096045	          0.04611355	          0.03284160	          0.01000023	          0.01000024	          0.01000141	          0.01001458	          0.17566977	          0.01000659	          0.07232520	          0.07391497	          0.06265611	          0.21783879	          0.19643746	          0.06568034	          0.15940538	          0.05151274	          0.06498307	          0.03200816	          0.05132826	          0.07051316	          0.01053735	          0.01673537	          0.01000449	          0.01000026	          0.01000029	          0.01000031	          0.03665412	          0.01000128	          0.01000127	          0.01000140	          0.01000014	          0.01000008	          0.06200717	          0.13889575	          0.11887735	          0.09354672	          0.01000134	          0.01000056	          0.01000013	          0.13467733	          0.16223533	          0.02381142	          0.01000025	          0.01000012	          0.01000012	          0.06100284	          0.06673930	          0.01150559	          0.11623349	          0.01000221	          0.02795485	          0.01000152	          0.01000150	          0.01000111	          0.01000009	          0.01000018	          0.01000003	          0.01000026	          0.01000121	          0.01000090	          0.17232608	          0.09601182	          0.01730875	          0.29742935	          0.21654235	          0.26004276	          0.01547605	          0.05751099	          0.01000018	          0.01229283	          0.01000016	          0.01000056	
          1.41690483	         -6.36832539	         -3.60829825	          3.32022450	          1.71639618	          0.84572957	          0.00394861	          5.39176954	          8.60912611	         12.09925248	         -6.10712547	          5.91665080	        -10.13638312	          5.41675261	         25.55434443	         -1.30095276	          1.71193948	        -59.89239958	         13.57683470	          2.84763659	          1.59316850	         -2.81854548	          6.16557276	         -0.64835980	          0.00619737	        -13.45320773	          9.14416805	         13.67905090	          7.06528081	        -13.45313017	         16.89303968	         39.94860703	          0.31266931	          0.17702334	          0.15879296	          0.24084421	          0.25781425	          0.25448644	          0.02436675	          0.01898995	          0.02097716	          0.01000066	          0.01000190	          0.01000038	          0.01000069	          0.01000915	          0.01283190	          0.04021133	          0.01000840	          0.01000217	          0.01000147	          0.08659613	          0.04439079	          0.03048574	          0.01000024	          0.01000024	          0.01000130	          0.01001469	          0.18042936	          0.01001266	          0.06296035	          0.06355652	          0.05505874	          0.24117621	          0.22556903	          0.06599594	          0.16390605	          0.06029716	          0.07025160	          0.02698962	          0.04572979	          0.07069548	          0.01000723	          0.01411157	          0.01000539	          0.01000026	          0.01000029	          0.01000031	          0.03090717	          0.01000153	          0.01000118	          0.01000102	          0.01000013	          0.01000007	          0.05228505	          0.14856999	          0.12734922	          0.10923215	          0.01000156	          0.01000060	          0.01000014	          0.12837783	          0.15685955	          0.02007814	          0.01000025	          0.01000013	          0.01000013	          0.06523491	          0.07131688	          0.02344798	          0.12335193	          0.01000192	          0.02716049	          0.01000870	          0.01000945	          0.01000500	          0.01000009	          0.01000019	          0.01000003	          0.01000029	          0.01000134	          0.01000100	          0.18322470	          0.09872634	          0.02588039	          0.28945300	          0.21668274	          0.25291863	          0.01324016	          0.05614513	          0.01000017	          0.01293306	          0.01000016	          0.01000058	
          1.42806156	         -6.37332544	         -3.48113608	          3.07911672	          1.72859671	          0.84610382	          0.00414388	          3.96797021	          8.39653201	         12.35750413	         -5.08454251	          5.61909197	         -9.99040307	          6.20327096	         27.14175483	         -1.23849958	          1.58388979	        -58.76556185	         14.27036302	          2.49020877	          1.35652393	         -2.87488238	          6.09670744	         -0.56037146	          1.90436877	        -13.45559612	          9.04860280	         14.85580887	          5.87753143	        -13.45425803	         16.65755294	         37.77478138	          0.29433787	          0.16641606	          0.14873516	          0.24291595	          0.25527443	          0.24990536	          0.02552467	          0.01779032	          0.02083766	          0.01000075	          0.01000229	          0.01000038	          0.01000071	          0.01000864	          0.01082617	          0.03436267	          0.01726403	          0.01000218	          0.01000153	          0.08316145	          0.04319016	          0.02996380	          0.01000026	          0.01000027	          0.01000133	          0.01001498	          0.18502579	          0.01001499	          0.05309171	          0.05359463	          0.04642910	          0.26419559	          0.25425059	          0.06647840	          0.16812035	          0.06872001	          0.07506885	          0.02275795	          0.03859299	          0.06996965	          0.01000843	          0.01189922	          0.01000443	          0.01000026	          0.01000030	          0.01000031	          0.02606130	          0.01000143	          0.01000115	          0.01000065	          0.01000013	          0.01000007	          0.04408727	          0.16154375	          0.13622972	          0.12404710	          0.01000158	          0.01000060	          0.01000015	          0.12197146	          0.15121985	          0.01693022	          0.01000025	          0.01000013	          0.01000013	          0.07067227	          0.07672896	          0.03835988	          0.12181886	          0.01000184	          0.02601847	          0.01097718	          0.01125735	          0.01001642	          0.01000009	          0.01000020	          0.01000004	          0.01000038	          0.01000163	          0.01000119	          0.19274813	          0.09891742	          0.03657125	          0.27385832	          0.21753389	          0.24241983	          0.01131243	          0.05491008	          0.01000018	          0.01431891	          0.01000016	          0.01000069	
          1.43921829	         -6.37886926	         -3.34487898	          2.82644966	          1.74083097	          0.84629732	          0.00432547	          2.55068134	          8.16245975	         12.59382532	         -4.07536991	          5.31792839	         -9.82724409	          7.02533083	         28.61786159	         -1.16376098	          1.46856535	        -57.35640121	         14.82656448	          2.12450558	          1.15490022	         -2.92968982	          6.01280015	         -0.47098067	          3.75263132	        -13.45805810	          9.06694103	         16.26572404	          4.67666110	        -13.45552885	         16.43192354	         35.61683956	          0.27674586	          0.15697526	          0.14014859	          0.23998586	          0.25042038	          0.24554782	          0.02846555	          0.02146245	          0.02212185	          0.01000086	          0.01000251	          0.01000036	          0.01000069	          0.01000798	          0.01001756	          0.02897840	          0.05268785	          0.01000207	          0.01000156	          0.08047406	          0.04304926	          0.02528189	          0.01000028	          0.01000028	          0.01000123	          0.01001466	          0.19038244	          0.01000339	          0.04476835	          0.04519252	          0.03915041	          0.28671214	          0.28231579	          0.06699573	          0.17220756	          0.07682498	          0.07966177	          0.01918978	          0.03254670	          0.06786578	          0.01000678	          0.01003391	          0.01000485	          0.01000026	          0.01000030	          0.01000033	          0.02197523	          0.01000133	          0.01000111	          0.01000036	          0.01000013	          0.01000007	          0.03717483	          0.17436430	          0.14438701	          0.13832301	          0.01000193	          0.01000067	          0.01000016	          0.11617552	          0.14266768	          0.01427590	          0.01000026	          0.01000014	          0.01000015	          0.07653399	          0.08282404	          0.05445755	          0.11606413	          0.01000175	          0.02454822	          0.01073030	          0.01095247	          0.01000749	          0.01000012	          0.01000024	          0.01000005	          0.01000034	          0.01000165	          0.01000124	          0.20064627	          0.10001303	          0.04642950	          0.25261304	          0.21937028	          0.22882547	          0.01000308	          0.05358106	          0.01000019	          0.01667987	          0.01000016	          0.01000073	
          1.45037503	         -6.38499005	         -3.20032383	          2.56402110	          1.75310475	          0.84630381	          0.00449228	          1.14599222	          7.90981236	         12.80689465	         -3.09232816	          5.01974174	         -9.64881636	          7.88060729	         29.97703235	         -1.07547687	          1.36469088	        -55.67356711	         15.24953917	          1.75533115	          0.98716285	         -2.98286462	          5.91408359	         -0.38011648	          5.55347461	        -13.45976540	          9.20329528	         17.87699734	          3.45940867	        -13.45660976	         16.21142938	         33.49918141	          0.26109197	          0.14815452	          0.13257699	          0.23801889	          0.24795329	          0.24550774	          0.03132724	          0.02654977	          0.02247194	          0.01000106	          0.01000253	          0.01000035	          0.01000070	          0.01000768	          0.01002314	          0.02443604	          0.09174668	          0.01000201	          0.01000168	          0.07671636	          0.04242508	          0.02132059	          0.01000028	          0.01000029	          0.01000122	          0.01001453	          0.19949695	          0.01000141	          0.03774958	          0.03810731	          0.03301250	          0.30845558	          0.30954107	          0.06763133	          0.17631835	          0.08555007	          0.08391591	          0.01618108	          0.02744717	          0.06393119	          0.01000678	          0.01000103	          0.01000364	          0.01000028	          0.01000033	          0.01000035	          0.01852983	          0.01000137	          0.01000113	          0.01000020	          0.01000014	          0.01000007	          0.03134619	          0.18622528	          0.15100830	          0.15087113	          0.01000242	          0.01000077	          0.01000019	          0.11151941	          0.13000756	          0.01203783	          0.01000028	          0.01000016	          0.01000017	          0.08337716	          0.08969966	          0.06938703	          0.10935978	          0.01000164	          0.02276361	          0.01000900	          0.01001029	          0.01000225	          0.01000013	          0.01000028	          0.01000006	          0.01000059	          0.01000233	          0.01000175	          0.20833784	          0.10202010	          0.05586042	          0.22826092	          0.22292030	          0.21291011	          0.01000045	          0.05250414	          0.01000021	          0.02040816	          0.01000015	          0.01167085	
          1.46153176	         -6.39171411	         -3.04822571	          2.29384951	          1.76542383	          0.84611820	          0.00464326	         -0.24163289	          7.64114032	         12.99554498	         -2.14519995	          4.73103376	         -9.45611652	          8.76646612	         31.21676366	         -0.97287057	          1.27152511	        -53.73068418	         15.55169681	          1.38585275	          0.84944638	         -3.03428523	          5.80054903	         -0.28758685	          7.31127846	        -13.46037507	          9.45868941	         19.65238902	          2.22227210	        -13.45677248	         15.98679703	         31.44606831	          0.24926308	          0.14248730	          0.13096661	          0.24126000	          0.25400939	          0.24951803	          0.03342890	          0.02807033	          0.02135816	          0.01000243	          0.01000571	          0.01000038	          0.01000069	          0.01000650	          0.01001711	          0.02060535	          0.12736497	          0.01000220	          0.01000204	          0.07148740	          0.03664812	          0.01797872	          0.01000042	          0.01000043	          0.01000140	          0.01002221	          0.20700426	          0.01000086	          0.03183115	          0.03213284	          0.02783681	          0.32896485	          0.33504240	          0.06833819	          0.17991720	          0.09216447	          0.08676026	          0.01364417	          0.02314553	          0.06020113	          0.01000549	          0.01000154	          0.01000541	          0.01000029	          0.01000034	          0.01000037	          0.01562468	          0.01000135	          0.01000114	          0.01000013	          0.01000015	          0.01000007	          0.02643144	          0.19966365	          0.15419456	          0.15251360	          0.01000272	          0.01000082	          0.01000020	          0.10741996	          0.12098766	          0.01015088	          0.01000029	          0.01000017	          0.01000018	          0.09086785	          0.09675729	          0.07735296	          0.10140443	          0.01000170	          0.02130157	          0.01000394	          0.01000438	          0.01000131	          0.01000016	          0.01000033	          0.01000009	          0.01000055	          0.01000239	          0.01000186	          0.21553506	          0.10588344	          0.06362894	          0.20885613	          0.22800150	          0.19735300	          0.01000050	          0.05126665	          0.01000020	          0.02444724	          0.01000015	          0.01562004	
          1.47268849	         -6.39909419	         -2.88902289	          2.01794388	          1.77779375	          0.84573740	          0.00477871	         -1.60928093	          7.35822339	         13.15877351	         -1.24083472	          4.45703402	         -9.24906454	          9.68103659	         32.33725330	         -0.85647034	          1.18945041	        -51.54680222	         15.75240340	          1.01648620	          0.73548274	         -3.08407701	          5.67156118	         -0.19347386	          9.03076952	        -13.45991995	          9.82984665	         21.55506184	          0.96178672	        -13.45575224	         15.74703966	         29.48104799	          0.24252822	          0.14112262	          0.13191848	          0.25446941	          0.26613197	          0.25732781	          0.03353191	          0.02678373	          0.01989781	          0.02652105	          0.01001289	          0.01000037	          0.01000065	          0.01000556	          0.01001509	          0.01737523	          0.16022305	          0.01000213	          0.01000212	          0.06920256	          0.03452804	          0.01516078	          0.01000049	          0.01000050	          0.01000132	          0.01002622	          0.21552535	          0.01000071	          0.02684067	          0.02709512	          0.02347263	          0.34798049	          0.35867628	          0.06984748	          0.18345326	          0.09928539	          0.08913314	          0.01150515	          0.01952049	          0.05859722	          0.01000613	          0.01000158	          0.01000566	          0.01000031	          0.01000038	          0.01000042	          0.01317509	          0.01000139	          0.01000120	          0.01000010	          0.01000016	          0.01000008	          0.02228727	          0.20751394	          0.15343736	          0.14657565	          0.01000373	          0.01000098	          0.01000023	          0.10351591	          0.10684267	          0.01000142	          0.01000033	          0.01000019	          0.01000022	          0.09852863	          0.10374857	          0.08131972	          0.09229888	          0.01000177	          0.01994631	          0.01000359	          0.01000418	          0.01000113	          0.01000017	          0.01000035	          0.01000010	          0.01000064	          0.01000267	          0.01000213	          0.22278270	          0.11010658	          0.07081601	          0.19196451	          0.23466727	          0.18168204	          0.01000046	          0.04993700	          0.01000020	          0.02688604	          0.01000015	          0.01953941	
          1.48384522	         -6.40715102	         -2.72251208	          1.73783005	          1.79022091	          0.84516138	          0.00489886	         -2.95253400	          7.06264016	         13.29509190	         -0.38946970	          4.20343991	         -9.02748392	         10.62439630	         33.34057060	         -0.72746077	          1.11939763	        -49.14742561	         15.87301095	          0.64666063	          0.63936455	         -3.13229679	          5.52607318	         -0.09798129	         10.71604233	        -13.45859082	         10.30765736	         23.55106079	         -0.32562406	        -13.45378316	         15.48142242	         27.62701659	          0.23897612	          0.14398831	          0.13430671	          0.27479871	          0.28005532	          0.26673798	          0.03277701	          0.02259600	          0.01823469	          0.06693024	          0.01001166	          0.01000035	          0.01000063	          0.01000486	          0.01001402	          0.01465163	          0.19084694	          0.01000202	          0.01000202	          0.07138179	          0.03764675	          0.01278489	          0.01000053	          0.01000053	          0.01000123	          0.01002121	          0.22371208	          0.01000075	          0.02263269	          0.02284731	          0.01979276	          0.36566620	          0.38079589	          0.07245816	          0.18751889	          0.10705702	          0.09263738	          0.01000073	          0.01853065	          0.05717758	          0.01000727	          0.01000165	          0.01000513	          0.01000034	          0.01000042	          0.01000047	          0.01110977	          0.01000153	          0.01000132	          0.01000008	          0.01000017	          0.01000008	          0.01879287	          0.20764271	          0.14919160	          0.13755753	          0.01000424	          0.01000109	          0.01000026	          0.10029711	          0.09214002	          0.01000176	          0.01000036	          0.01000021	          0.01000025	          0.10590709	          0.11018499	          0.08393518	          0.08209791	          0.01000191	          0.01865686	          0.01000336	          0.01000426	          0.01000096	          0.01000018	          0.01000037	          0.01000012	          0.01000072	          0.01000289	          0.01000236	          0.22953946	          0.11404606	          0.07728245	          0.17767937	          0.24226891	          0.16663938	          0.01000038	          0.04879036	          0.01000020	          0.02776404	          0.01000015	          0.02295039	
          1.49500195	         -6.41583216	         -2.54781317	          1.45455380	          1.80271371	          0.84439502	          0.00500346	         -4.26421688	          6.75619625	         13.40261292	          0.39302684	          3.97758318	         -8.79129208	         11.59700796	         34.22986994	         -0.58690918	          1.06230816	        -46.56247629	         15.93341134	          0.27572680	          0.55737841	         -3.17869804	          5.36266928	         -0.00136998	         12.36956722	        -13.45664432	         10.87906637	         25.61105325	         -1.64378377	        -13.45142435	         15.17949781	         25.90656541	          0.23718031	          0.14741501	          0.13819608	          0.29102340	          0.29398048	          0.27555821	          0.03254304	          0.01905576	          0.01538396	          0.10776721	          0.01019200	          0.01000033	          0.01000058	          0.01000408	          0.01001227	          0.01235516	          0.21857944	          0.01000194	          0.01000189	          0.07205869	          0.03423006	          0.01078211	          0.01000060	          0.01000060	          0.01000109	          0.01002010	          0.23067184	          0.01000078	          0.01908452	          0.01926557	          0.01668992	          0.38182341	          0.40131939	          0.07575446	          0.19171267	          0.11541755	          0.09629438	          0.01000084	          0.01784835	          0.05469397	          0.01000640	          0.01000139	          0.01000455	          0.01000038	          0.01000048	          0.01000055	          0.01000137	          0.01000164	          0.01000146	          0.01000008	          0.01000018	          0.01000009	          0.01584637	          0.20262981	          0.14468466	          0.12797355	          0.01000560	          0.01000132	          0.01000032	          0.09621484	          0.08024181	          0.01000156	          0.01000042	          0.01000025	          0.01000030	          0.11361838	          0.11608977	          0.08750931	          0.07123374	          0.01000209	          0.01763823	          0.01000475	          0.01000703	          0.01000101	          0.01000018	          0.01000036	          0.01000014	          0.01000072	          0.01000296	          0.01000247	          0.23564145	          0.11778842	          0.08299373	          0.16543907	          0.25055822	          0.15252967	          0.01000041	          0.04821548	          0.01000019	          0.02919484	          0.01000015	          0.02659232	
          1.50615868	         -6.42504224	         -2.36381534	          1.16902363	          1.81528409	          0.84344913	          0.00509225	         -5.53760592	          6.44037233	         13.47956887	          1.09162706	          3.78506706	         -8.53949514	         12.59903599	         35.00919937	         -0.43554037	          1.01915068	        -43.82433189	         15.95092517	         -0.09698194	          0.48750014	         -3.22263332	          5.17959858	          0.09607068	         13.99095777	        -13.45444844	         11.52873490	         27.71199881	         -2.99744492	        -13.44978797	         14.82965372	         24.34452002	          0.23641094	          0.14830512	          0.14034143	          0.30520352	          0.30551849	          0.28362707	          0.02858738	          0.01606941	          0.01297370	          0.14445651	          0.04805003	          0.01000035	          0.01000058	          0.01000361	          0.01001101	          0.01041912	          0.24344495	          0.01000205	          0.01000206	          0.06349759	          0.02891399	          0.01000379	          0.01000086	          0.01000078	          0.01000121	          0.01002649	          0.23653793	          0.01000076	          0.01609271	          0.01624548	          0.01407364	          0.39628478	          0.42019578	          0.08031274	          0.19633593	          0.12504125	          0.10115254	          0.01000236	          0.01506676	          0.05162178	          0.01001292	          0.01000508	          0.01001238	          0.01000039	          0.01000050	          0.01000056	          0.01000195	          0.01000171	          0.01000151	          0.01000008	          0.01000019	          0.01000009	          0.01336188	          0.17829255	          0.14136343	          0.11592974	          0.01000585	          0.01000135	          0.01000033	          0.08978638	          0.07358167	          0.01000166	          0.01000043	          0.01000026	          0.01000032	          0.12146595	          0.12094017	          0.09321038	          0.06031061	          0.01000224	          0.01706005	          0.01000235	          0.01000295	          0.01000073	          0.01000018	          0.01000038	          0.01000015	          0.01000085	          0.01000333	          0.01000280	          0.24154218	          0.12227859	          0.08814219	          0.15302871	          0.25926400	          0.14008093	          0.01000037	          0.04797985	          0.01000018	          0.03072869	          0.01000015	          0.03166380	
          1.51731541	         -6.43468210	         -2.16946032	          0.88202688	          1.82794779	          0.84234180	          0.00516522	         -6.76624379	          6.11639957	         13.52441722	          1.69177467	          3.63022570	         -8.26986762	         13.62946366	         35.68173187	         -0.27364857	          0.99111975	        -40.96380597	         15.94013523	         -0.47211392	          0.42826898	         -3.26311744	          4.97501881	          0.19399785	         15.57602020	        -13.45223096	         12.23683473	         29.83883873	         -4.39273130	        -13.45122473	         14.42238430	         22.97006467	          0.23618103	          0.14836288	          0.14080377	          0.31646583	          0.31649562	          0.29097561	          0.02410929	          0.01355110	          0.01094082	          0.17323291	          0.09483418	          0.01000040	          0.01000060	          0.01000326	          0.01001000	          0.01000250	          0.26697846	          0.01000241	          0.01000237	          0.05363592	          0.02439275	          0.01000336	          0.01000364	          0.01394719	          0.01000128	          0.01003361	          0.23984375	          0.01000079	          0.01357013	          0.01369908	          0.01186772	          0.40897364	          0.43766601	          0.08822861	          0.20226197	          0.13790289	          0.11119845	          0.01394782	          0.01712221	          0.04788888	          0.01018899	          0.02117988	          0.01014934	          0.01000041	          0.01000053	          0.01000062	          0.01000192	          0.01000177	          0.01000160	          0.01000007	          0.01000020	          0.01000009	          0.01126700	          0.15033903	          0.13825964	          0.10559325	          0.01000472	          0.01000134	          0.01000035	          0.08341636	          0.06230556	          0.01000163	          0.01000046	          0.01000028	          0.01000033	          0.12647480	          0.12290983	          0.09798406	          0.05086419	          0.01000248	          0.01689657	          0.01000199	          0.01000237	          0.01000068	          0.01000021	          0.01000043	          0.01000020	          0.01000078	          0.01000307	          0.01000275	          0.24713773	          0.12686885	          0.09322139	          0.14091784	          0.26854767	          0.13007627	          0.01000038	          0.04821422	          0.01000017	          0.03254216	          0.01000014	          0.03622281	
          1.52847214	         -6.44460268	         -1.96368859	          0.59432728	          1.84072380	          0.84109443	          0.00522238	         -7.94393149	          5.78543030	         13.53531777	          2.17929617	          3.51626458	         -7.98032257	         14.68623379	         36.25049149	         -0.10115676	          0.97920034	        -38.01316625	         15.91383958	         -0.85025768	          0.37839131	         -3.29884660	          4.74704045	          0.29210131	         17.11713887	        -13.45051014	         12.98231886	         31.98366048	         -5.83679438	        -13.46033549	         13.95849962	         21.81741418	          0.23713937	          0.15035191	          0.14224580	          0.33153252	          0.32753407	          0.29466778	          0.02033257	          0.01142865	          0.01000275	          0.18528103	          0.10587886	          0.01000038	          0.01000057	          0.01000284	          0.01000924	          0.01000345	          0.28783196	          0.01000223	          0.01000229	          0.06172842	          0.02641047	          0.01000417	          0.01000415	          0.04274265	          0.01000130	          0.01003947	          0.24103686	          0.01000084	          0.01144358	          0.01155262	          0.01000856	          0.41931449	          0.45305659	          0.09937919	          0.20915114	          0.15345700	          0.12474515	          0.02486568	          0.03106404	          0.04222875	          0.02064501	          0.03177380	          0.01101242	          0.01000049	          0.01000065	          0.01000076	          0.01000227	          0.01000207	          0.01000188	          0.01000007	          0.01000022	          0.01000010	          0.01000035	          0.12676761	          0.12678216	          0.10565740	          0.01000931	          0.01000196	          0.01000047	          0.07400531	          0.05257238	          0.01000157	          0.01000058	          0.01000036	          0.01000046	          0.12561151	          0.12063556	          0.09972171	          0.04289288	          0.01000276	          0.01656294	          0.01000452	          0.01000699	          0.01000097	          0.01000015	          0.01000032	          0.01000015	          0.01000146	          0.01000479	          0.01000403	          0.25329022	          0.13189426	          0.09803719	          0.13166069	          0.27728866	          0.12468421	          0.01000025	          0.04738778	          0.01000016	          0.03348390	          0.01000013	          0.04301733	
          1.53962887	         -6.45467652	         -1.74533498	          0.30631286	          1.85362996	          0.83973087	          0.00526354	         -9.06232590	          5.44863537	         13.51005600	          2.53762137	          3.44118133	         -7.66887234	         15.77277178	         36.71869960	          0.08252479	          0.98391156	        -35.01104043	         15.88298817	         -1.23196896	          0.33669749	         -3.32894115	          4.49388242	          0.39002256	         18.60568282	        -13.44979802	         13.74523709	         34.14134884	         -7.33681726	        -13.48241524	         13.44600496	         20.92193139	          0.23761457	          0.15446424	          0.14619447	          0.34096550	          0.33084639	          0.29507255	          0.01715122	          0.01000543	          0.01000436	          0.18162832	          0.11179053	          0.01000036	          0.01000054	          0.01000243	          0.01000829	          0.01000319	          0.30121394	          0.01000215	          0.01000210	          0.05903367	          0.02276284	          0.01000384	          0.01000658	          0.09452260	          0.01000116	          0.01003072	          0.24169701	          0.01000084	          0.01000351	          0.01000454	          0.01000356	          0.42665273	          0.46565257	          0.11311144	          0.21681861	          0.17013565	          0.14073269	          0.03323381	          0.03872850	          0.03739449	          0.03101058	          0.03833947	          0.01922972	          0.01000061	          0.01000078	          0.01000091	          0.01000262	          0.01000234	          0.01000215	          0.01000007	          0.01000023	          0.01000011	          0.01000033	          0.10689184	          0.11529172	          0.11725933	          0.01031918	          0.01000382	          0.01000073	          0.06240461	          0.04435355	          0.01000139	          0.01000073	          0.01000048	          0.01000069	          0.11361684	          0.10922748	          0.09657645	          0.03616998	          0.01000317	          0.01652765	          0.01201422	          0.01250124	          0.01000480	          0.01000019	          0.01000037	          0.01000034	          0.01000063	          0.01000276	          0.01000264	          0.26179805	          0.13671240	          0.10104333	          0.14088869	          0.28783192	          0.12920345	          0.01000025	          0.04671518	          0.01000016	          0.03332472	          0.01000013	          0.05153710	
          1.55078560	         -6.46478488	         -1.51339919	          0.01789311	          1.86668588	          0.83828226	          0.00528862	        -10.11100727	          5.10735970	         13.44648714	          2.74755327	          3.39708322	         -7.33310793	         16.89909071	         37.08580290	          0.27872336	          1.00570094	        -32.00610789	         15.85882313	         -1.61746957	          0.30238787	         -3.35242538	          4.21408255	          0.48722481	         20.03149313	        -13.44978576	         14.50459934	         36.30812997	         -8.89831018	        -13.52138219	         12.89765564	         20.31201669	          0.23828372	          0.15469773	          0.14494351	          0.33879775	          0.32803122	          0.29516554	          0.01446739	          0.01000474	          0.01000250	          0.16914350	          0.12030620	          0.01000040	          0.01000057	          0.01000233	          0.01000827	          0.01000322	          0.31399177	          0.01000240	          0.01000231	          0.05005194	          0.01929470	          0.01000406	          0.02029671	          0.15097177	          0.01000122	          0.01002815	          0.24121358	          0.01000103	          0.01000442	          0.01000576	          0.01000365	          0.43016981	          0.47478401	          0.12873224	          0.22482391	          0.18940118	          0.15948558	          0.03451967	          0.03298843	          0.03153316	          0.03300091	          0.03493729	          0.02655046	          0.01000073	          0.01000097	          0.01000116	          0.01000308	          0.01000278	          0.01000250	          0.01000007	          0.01000023	          0.01000011	          0.01000028	          0.09013236	          0.10510620	          0.10687988	          0.06597970	          0.01000537	          0.01000101	          0.05262112	          0.03741731	          0.01000125	          0.01000092	          0.01000062	          0.01000097	          0.09580441	          0.09210347	          0.08330051	          0.03050077	          0.01000275	          0.01879662	          0.01564958	          0.01609329	          0.01174842	          0.01000011	          0.01000024	          0.01000015	          0.01000072	          0.01000259	          0.01000232	          0.27348542	          0.14188963	          0.10525319	          0.16542763	          0.29787018	          0.14455497	          0.01000021	          0.04709132	          0.01000015	          0.03274684	          0.01000012	          0.06057275	
          1.56194233	         -6.47480281	         -1.26758140	         -0.27118125	          1.87991431	          0.83678947	          0.00529762	        -11.07882439	          4.76318820	         13.34312700	          2.78899872	          3.37355423	         -6.96962407	         18.07557989	         37.34629998	          0.48938544	          1.04489802	        -29.05549900	         15.85088325	         -2.00692670	          0.27463779	         -3.36790943	          3.90691085	          0.58308447	         21.38258919	        -13.44974193	         15.24100832	         38.48045616	        -10.52359883	        -13.57894317	         12.33046968	         20.00482206	          0.24203012	          0.15812863	          0.14634507	          0.33425373	          0.32779332	          0.29448254	          0.02023525	          0.01000627	          0.01000247	          0.14274006	          0.12653324	          0.01000042	          0.01000058	          0.01000216	          0.01000793	          0.01000318	          0.32220853	          0.01000249	          0.01000253	          0.04898659	          0.01900545	          0.01000444	          0.04959466	          0.20701922	          0.01000136	          0.01003815	          0.23753929	          0.01000073	          0.01000339	          0.01000442	          0.01000286	          0.42918705	          0.48030329	          0.14629282	          0.23599093	          0.21418108	          0.18556462	          0.03180137	          0.02781672	          0.02658928	          0.02782835	          0.02946002	          0.02782007	          0.01000118	          0.01000141	          0.01000152	          0.01000507	          0.01000408	          0.01000347	          0.01000008	          0.01000027	          0.01000013	          0.01000025	          0.07600059	          0.08864398	          0.10277068	          0.08195871	          0.04039055	          0.01000231	          0.04437113	          0.03156761	          0.01000130	          0.01000141	          0.01000099	          0.01000168	          0.08078342	          0.07766275	          0.07397136	          0.02572037	          0.01000429	          0.01668023	          0.01503055	          0.01536748	          0.01396966	          0.01000007	          0.01000016	          0.01000008	          0.01000099	          0.01000316	          0.01000247	          0.28030386	          0.14669993	          0.10933338	          0.17647105	          0.30484191	          0.15000370	          0.01000018	          0.04616788	          0.01000015	          0.03333764	          0.01000011	          0.07132019	
          1.57309907	         -6.48470585	         -1.00796943	         -0.56088335	          1.89333352	          0.83529513	          0.00529048	        -11.95547911	          4.41788543	         13.19815180	          2.64408390	          3.36158850	         -6.57759664	         19.30656095	         37.49724134	          0.71638936	          1.10169409	        -26.21187673	         15.86475583	         -2.40028592	          0.25291848	         -3.37484229	          3.57190609	          0.67710508	         22.64710574	        -13.44976218	         15.94140218	         40.65444724	        -12.21038480	        -13.65464103	         11.75972781	         20.00554400	          0.24538826	          0.16427526	          0.15010012	          0.33934849	          0.33021926	          0.29190568	          0.02807678	          0.01336387	          0.01012915	          0.12036022	          0.12949982	          0.01000039	          0.01000055	          0.01000189	          0.01000715	          0.01000309	          0.32786662	          0.01000231	          0.01000272	          0.05226027	          0.02249818	          0.01000479	          0.08521195	          0.26166010	          0.01000140	          0.01005845	          0.23129220	          0.01000046	          0.01000237	          0.01000308	          0.01000203	          0.42320737	          0.48116999	          0.16611288	          0.24632688	          0.23925394	          0.21201356	          0.02681550	          0.02345565	          0.02242050	          0.02346572	          0.02484114	          0.02346036	          0.01000161	          0.01000188	          0.01000203	          0.01000634	          0.01000493	          0.01000413	          0.01000010	          0.01000036	          0.01000018	          0.01000029	          0.06408456	          0.07730227	          0.10288312	          0.08576368	          0.05495484	          0.01204355	          0.03741453	          0.02664123	          0.01000143	          0.01000216	          0.01000172	          0.01007541	          0.06811750	          0.06548612	          0.06602333	          0.02168952	          0.01000425	          0.01406544	          0.01267440	          0.01295851	          0.01178168	          0.01000015	          0.01000029	          0.01000021	          0.01000036	          0.01000176	          0.01000167	          0.28034339	          0.14929119	          0.11168788	          0.17801241	          0.31040485	          0.14849930	          0.01000014	          0.04357307	          0.01000015	          0.03465774	          0.01000011	          0.08419588	
          1.58425580	         -6.49456519	         -0.73503047	         -0.85078168	          1.90695499	          0.83383504	          0.00526672	        -12.73195455	          4.07325344	         13.00990616	          2.29789878	          3.35418545	         -6.15706540	         20.59035977	         37.53923684	          0.96085885	          1.17651531	        -23.50393026	         15.90039911	         -2.79700824	          0.23685622	         -3.37385253	          3.20892109	          0.76889335	         23.81411682	        -13.45093959	         16.59716753	         42.82620541	        -13.94989082	        -13.74602607	         11.20057248	         20.30198997	          0.24693016	          0.16947655	          0.15104629	          0.34042063	          0.32526806	          0.28478017	          0.02367864	          0.01406531	          0.01223596	          0.10148901	          0.11136196	          0.01000035	          0.01000052	          0.01000169	          0.01000683	          0.01000381	          0.33264874	          0.01000200	          0.01000277	          0.05159352	          0.02423644	          0.01000597	          0.11961798	          0.31266179	          0.01000112	          0.01002750	          0.22571650	          0.01000023	          0.01000175	          0.01000224	          0.01000153	          0.41162710	          0.47653078	          0.18792047	          0.25643092	          0.26339165	          0.24027895	          0.02261116	          0.01977848	          0.01890549	          0.01978687	          0.02094637	          0.01978257	          0.01000166	          0.01000196	          0.01000218	          0.01000603	          0.01000479	          0.01000404	          0.01000077	          0.01000244	          0.01000101	          0.01000209	          0.05403684	          0.07983692	          0.10523881	          0.08207780	          0.05591258	          0.01757970	          0.03154858	          0.02251014	          0.01125894	          0.01000232	          0.01000191	          0.01297868	          0.05743742	          0.05521862	          0.05984780	          0.01829099	          0.01000340	          0.01186040	          0.01068745	          0.01092701	          0.01000048	          0.01000012	          0.01000029	          0.01000008	          0.01000185	          0.01000424	          0.01000320	          0.28110921	          0.15444979	          0.11690786	          0.16791396	          0.31426181	          0.14935073	          0.01000008	          0.03992676	          0.01000018	          0.03676395	          0.01000011	          0.09552623	
          1.59541253	         -6.50429923	         -0.45024261	         -1.14027745	          1.92079008	          0.83243446	          0.00522533	        -13.40015624	          3.73154530	         12.77761301	          1.73685327	          3.34478280	         -5.70746432	         21.92220018	         37.47327270	          1.22323264	          1.26997708	        -20.94729132	         15.94743940	         -3.19664450	          0.22562426	         -3.36531391	          2.81898940	          0.85817597	         24.87282669	        -13.45574363	         17.20387507	         44.99284996	        -15.72630232	        -13.84823831	         10.66823877	         20.85881643	          0.24604767	          0.17388860	          0.15204505	          0.32366892	          0.31295945	          0.27619952	          0.01996668	          0.01186084	          0.01031865	          0.08557655	          0.10297382	          0.01000039	          0.01000057	          0.01000167	          0.01000673	          0.01000369	          0.33527110	          0.01000235	          0.01000220	          0.04431798	          0.02068206	          0.01000560	          0.18065210	          0.35805135	          0.01000129	          0.01002885	          0.21782549	          0.01000411	          0.01000403	          0.01000522	          0.01000366	          0.39493075	          0.46716721	          0.21074545	          0.26674219	          0.28920923	          0.26988659	          0.01906597	          0.01667855	          0.01667959	          0.01668471	          0.01766223	          0.01668114	          0.01000074	          0.01000118	          0.01000154	          0.01000314	          0.01000304	          0.01000302	          0.04178666	          0.01000107	          0.01000056	          0.01000150	          0.04556451	          0.06732743	          0.08885497	          0.07731581	          0.05891833	          0.02982299	          0.02660232	          0.01902742	          0.01001480	          0.01000114	          0.01000097	          0.02184377	          0.04843184	          0.04656092	          0.05284941	          0.01542578	          0.01000531	          0.01000318	          0.01000101	          0.01000108	          0.01000081	          0.01000024	          0.01000046	          0.01000020	          0.01000050	          0.01000217	          0.01000198	          0.27701735	          0.15698124	          0.11870482	          0.16723856	          0.31803783	          0.14572390	          0.01000014	          0.04414918	          0.01000013	          0.03233685	          0.01000010	          0.09989087	
          1.60656926	         -6.51316074	         -0.15544012	         -1.42965803	          1.93485713	          0.83110974	          0.00516639	        -13.94615069	          3.39589434	         12.50269489	          0.93524876	          3.32927405	         -5.22826942	         23.29794565	         37.30438207	          1.50444480	          1.38314183	        -18.59860612	         15.98857098	         -3.59806123	          0.21886842	         -3.34730340	          2.40385850	          0.94390913	         25.81334961	        -13.46497436	         17.75797733	         47.14716586	        -17.51850338	        -13.95397439	         10.17785685	         21.61630918	          0.23008022	          0.16760484	          0.14525690	          0.29324732	          0.28837862	          0.25384356	          0.01683665	          0.01000551	          0.01000268	          0.07215901	          0.08966077	          0.01000037	          0.01000057	          0.01000162	          0.01000678	          0.01000448	          0.33997188	          0.01000211	          0.01000217	          0.04789398	          0.02484860	          0.01000859	          0.24736425	          0.40076803	          0.01000144	          0.01005435	          0.20804445	          0.05617388	          0.01000395	          0.01000490	          0.01000382	          0.37164734	          0.45022032	          0.23069552	          0.27706535	          0.31493435	          0.29814555	          0.01607664	          0.01406403	          0.01406484	          0.01406891	          0.01489301	          0.01406597	          0.01144355	          0.01000811	          0.01000532	          0.01005392	          0.01001810	          0.01001090	          0.09559210	          0.01000210	          0.01000117	          0.01000072	          0.03842054	          0.05677402	          0.07845560	          0.07265938	          0.06424421	          0.04124162	          0.02243158	          0.01606243	          0.01001161	          0.01002601	          0.01707113	          0.03892028	          0.04083823	          0.03926066	          0.04456570	          0.01300943	          0.01000485	          0.01699950	          0.01192382	          0.01238680	          0.01004463	          0.01000013	          0.01000028	          0.01000012	          0.01000064	          0.01000248	          0.01000208	          0.27465760	          0.16255609	          0.12281451	          0.16320455	          0.32127909	          0.14536351	          0.01000008	          0.04393398	          0.01000016	          0.02941179	          0.01000009	          0.10598987	
          1.61772599	         -6.52048041	          0.14639829	         -1.71937209	          1.94917508	          0.82986880	          0.00508733	        -14.36407118	          3.06902244	         12.18534565	         -0.11591244	          3.29436654	         -4.72435931	         24.70694989	         37.03480627	          1.80644454	          1.51588786	        -16.52826651	         15.99918597	         -4.00004315	          0.21587331	         -3.31781131	          1.96734257	          1.02582636	         26.62529409	        -13.47829306	         18.24940449	         49.28082504	        -19.29992914	        -14.05404712	          9.74252012	         22.49767114	          0.21146305	          0.15983027	          0.13374242	          0.24741314	          0.26147390	          0.23055670	          0.01419729	          0.01000193	          0.01000161	          0.06084520	          0.08088952	          0.01000041	          0.01000062	          0.01000165	          0.01000695	          0.01000474	          0.34056109	          0.01000233	          0.01000212	          0.04048495	          0.02096933	          0.01001053	          0.30134543	          0.43232646	          0.01000145	          0.01018717	          0.18564757	          0.09434680	          0.01001436	          0.01001647	          0.01001503	          0.34241362	          0.42758244	          0.24915931	          0.28458226	          0.33569698	          0.32250185	          0.01355601	          0.01185957	          0.01186028	          0.01186324	          0.01255797	          0.01186087	          0.01464421	          0.01001764	          0.01000899	          0.01012577	          0.01002013	          0.01001140	          0.13879309	          0.01000481	          0.01000305	          0.01000083	          0.03239667	          0.04787579	          0.07744505	          0.07440471	          0.06798414	          0.04638233	          0.01891472	          0.01357661	          0.01001566	          0.01801894	          0.03053999	          0.04774898	          0.03443522	          0.03310500	          0.03758546	          0.01097445	          0.01000616	          0.01437273	          0.01547725	          0.01597735	          0.01310881	          0.01000014	          0.01000033	          0.01000014	          0.01000209	          0.01000461	          0.01000371	          0.27212684	          0.17034873	          0.12687671	          0.14905176	          0.32620648	          0.14358295	          0.01000007	          0.04546633	          0.01000017	          0.02577849	          0.01000008	          0.11037727	
          1.62888272	         -6.52556985	          0.45110799	         -2.00956196	          1.96376038	          0.82870487	          0.00498672	        -14.65129873	          2.75348692	         11.82848468	         -1.42212395	          3.23125728	         -4.19887218	         26.13195499	         36.66315078	          2.13053822	          1.66901552	        -14.79875033	         15.95012308	         -4.40119456	          0.21613449	         -3.27490349	          1.51447529	          1.10333231	         27.29915819	        -13.49302754	         18.66252663	         51.38300142	        -21.04002033	        -14.13919563	          9.37654440	         23.41205826	          0.18978535	          0.14485508	          0.11277663	          0.20862932	          0.24204910	          0.20060090	          0.01197180	          0.01000136	          0.01000112	          0.05130530	          0.10072791	          0.01000068	          0.01000090	          0.01000219	          0.01000856	          0.01000395	          0.34004352	          0.01000384	          0.01000380	          0.03415363	          0.01768679	          0.01001175	          0.33579057	          0.45044943	          0.01645630	          0.03910947	          0.15654131	          0.13402910	          0.01001339	          0.01001526	          0.01001341	          0.31018304	          0.39721024	          0.26295962	          0.29145835	          0.35699429	          0.34473292	          0.01143061	          0.01000155	          0.01000126	          0.01000354	          0.01058908	          0.01000197	          0.01905016	          0.01001102	          0.01000290	          0.01071506	          0.01002508	          0.01001017	          0.17149168	          0.01000243	          0.02725651	          0.01000106	          0.02731731	          0.04037330	          0.06653521	          0.07796014	          0.07272644	          0.05186139	          0.01594924	          0.01159416	          0.01035932	          0.02323252	          0.03826935	          0.05326610	          0.02903615	          0.02791449	          0.03169933	          0.01000705	          0.01000624	          0.01212193	          0.01874878	          0.01936970	          0.01592868	          0.01000012	          0.01000022	          0.01000006	          0.01000020	          0.01000108	          0.01000095	          0.26815828	          0.17630412	          0.12877312	          0.13601438	          0.33016200	          0.12876133	          0.01000007	          0.04646139	          0.01000019	          0.02173858	          0.01000007	          0.11377533	
          1.64003945	         -6.52770397	          0.75387137	         -2.30014542	          1.97862571	          0.82759177	          0.00486348	        -14.81092393	          2.45050442	         11.43760819	         -2.97829247	          3.13127454	         -3.65464170	         27.54675984	         36.18851192	          2.47722295	          1.84385830	        -13.46524161	         15.80473708	         -4.79893336	          0.21907699	         -3.21685165	          1.05111038	          1.17571495	         27.82812204	        -13.50555874	         18.98240544	         53.43963749	        -22.70625575	        -14.20111865	          9.09716377	         24.26079319	          0.16407912	          0.12214400	          0.09509454	          0.18178915	          0.21526998	          0.16914984	          0.01009555	          0.01000077	          0.01000051	          0.04326117	          0.10575953	          0.01000143	          0.01000076	          0.01000148	          0.01000473	          0.01000159	          0.31887267	          0.01001257	          0.01000519	          0.02880772	          0.01491703	          0.01000191	          0.34933588	          0.45335122	          0.03264008	          0.03299269	          0.13199734	          0.15107043	          0.01000094	          0.01000108	          0.01000098	          0.26338402	          0.36406803	          0.27263515	          0.29328187	          0.36711179	          0.35876652	          0.01000031	          0.01000032	          0.01000017	          0.01000057	          0.01000020	          0.01000161	          0.02471228	          0.01000899	          0.01314538	          0.01000235	          0.01000314	          0.01000736	          0.18734393	          0.04244276	          0.04534348	          0.01000076	          0.02303435	          0.03404560	          0.05610616	          0.06577560	          0.07304306	          0.05792763	          0.01344873	          0.01007311	          0.01001008	          0.01978180	          0.03808598	          0.05383174	          0.02448360	          0.02353780	          0.03538275	          0.01165433	          0.01000525	          0.01023089	          0.02437089	          0.02505590	          0.02120353	          0.01000056	          0.01000118	          0.01067693	          0.01000052	          0.01000134	          0.01000131	          0.26584295	          0.18754896	          0.13204328	          0.11468927	          0.34540604	          0.10857567	          0.01000008	          0.04794934	          0.01000012	          0.02038903	          0.01000007	          0.11129652	
          1.65119618	         -6.52599322	          1.04931800	         -2.58986868	          1.99378001	          0.82647960	          0.00471794	        -14.85203906	          2.16196880	         11.01842217	         -4.77244166	          2.99785876	         -3.09565311	         28.90667245	         35.61311862	          2.84627054	          2.04096300	        -12.57554195	         15.52891786	         -5.19300720	          0.22381929	         -3.14189549	          0.58327750	          1.24233863	         28.20987815	        -13.51377704	         19.20359251	         55.43191528	        -24.26829901	        -14.23449238	          8.92177531	         24.94998949	          0.13835491	          0.10299315	          0.08018468	          0.15328732	          0.18151881	          0.14262901	          0.01000365	          0.01000100	          0.01000102	          0.03647828	          0.08917826	          0.01000077	          0.01000100	          0.01000263	          0.01000929	          0.01000288	          0.26887722	          0.01000384	          0.01002262	          0.02431717	          0.01396176	          0.01182611	          0.32590057	          0.44373500	          0.02782375	          0.02782618	          0.11130145	          0.12738408	          0.01001638	          0.01001846	          0.01001805	          0.22208783	          0.31671272	          0.27779188	          0.28669658	          0.36137258	          0.35966613	          0.01000028	          0.01000032	          0.01000020	          0.01000057	          0.01000022	          0.01000124	          0.02484719	          0.01406594	          0.06372123	          0.01409920	          0.01406603	          0.01322996	          0.17819580	          0.04805645	          0.04725950	          0.01136121	          0.01942292	          0.02871644	          0.06757717	          0.07928485	          0.09338091	          0.05642066	          0.01134033	          0.01011017	          0.09282624	          0.01668120	          0.03211511	          0.04745671	          0.02064485	          0.01984734	          0.02983594	          0.01000977	          0.01007976	          0.01000044	          0.02055056	          0.02112819	          0.01787969	          0.01000003	          0.01000009	          0.01000001	          0.01185948	          0.01185962	          0.01185966	          0.26022584	          0.18617232	          0.14216317	          0.09670751	          0.32710107	          0.09156442	          0.01000008	          0.05209880	          0.01000026	          0.02292914	          0.01000007	          0.09770163	
          1.66235291	         -6.51937870	          1.33208482	         -2.87614606	          2.00922291	          0.82529695	          0.00454748	        -14.78346979	          1.88907582	         10.58113990	         -6.79617225	          2.84483698	         -2.52134345	         30.15986649	         34.94621597	          3.23620236	          2.25913623	        -12.16985210	         15.05655730	         -5.58297869	          0.22925407	         -3.04869262	          0.11744509	          1.30362586	         28.44791391	        -13.51979107	         19.33308986	         57.33851909	        -25.70083826	        -14.23812087	          8.86772784	         25.40454937	          0.13319023	          0.08684482	          0.06761248	          0.19194614	          0.15305870	          0.12026618	          0.01000373	          0.01000047	          0.01000026	          0.03075890	          0.07519630	          0.01002351	          0.01000035	          0.01000056	          0.01000153	          0.01000051	          0.22671996	          0.02480244	          0.01988484	          0.02050564	          0.01177358	          0.01000067	          0.28272154	          0.38232393	          0.02346135	          0.02346374	          0.09385045	          0.10741146	          0.01000017	          0.01000018	          0.01000015	          0.18726648	          0.26705518	          0.27583645	          0.27772338	          0.35720375	          0.35401900	          0.01000007	          0.01000325	          0.01059247	          0.01000061	          0.01000015	          0.01000052	          0.02235882	          0.01186107	          0.05373146	          0.01188921	          0.01186186	          0.01853140	          0.15025636	          0.04052183	          0.03984971	          0.01000074	          0.01637779	          0.02791974	          0.11650132	          0.06685660	          0.07874211	          0.04757481	          0.01000107	          0.01017829	          0.07829450	          0.01406601	          0.02707991	          0.04001615	          0.01740801	          0.01673555	          0.02516213	          0.01000132	          0.01000253	          0.01000017	          0.03954977	          0.03835867	          0.03352953	          0.01185968	          0.01186005	          0.01186043	          0.01000004	          0.01000025	          0.01000030	          0.24854231	          0.18113132	          0.11987354	          0.13440174	          0.41802800	          0.19889746	          0.01000001	          0.04393025	          0.01000001	          0.02089472	          0.01000004	          0.08238293	
          1.67350964	         -6.50749375	          1.59991896	         -3.15542188	          2.02494667	          0.82397645	          0.00434140	        -14.62585560	          1.62694692	         10.13181604	         -9.01239907	          2.67210550	         -1.93141647	         31.25022225	         34.17933316	          3.63719871	          2.49920373	        -12.22793050	         14.37710842	         -5.95823482	          0.23701491	         -2.93730195	         -0.34024966	          1.36050662	         28.54755206	        -13.53015466	         19.38548175	         59.14601521	        -26.98208177	        -14.21437686	          8.96452026	         25.56896546	          0.11230734	          0.07322839	          0.05701148	          0.16185097	          0.12906065	          0.10140965	          0.02299042	          0.01186963	          0.01390716	          0.02593624	          0.06340633	          0.04923371	          0.02316133	          0.01565795	          0.01317952	          0.01001412	          0.19117248	          0.02091772	          0.01678781	          0.01729217	          0.01189966	          0.01200325	          0.23839340	          0.32237905	          0.01978293	          0.01978533	          0.07913560	          0.09057048	          0.01000062	          0.01000071	          0.01000098	          0.15790480	          0.22518339	          0.26698549	          0.27189455	          0.33975613	          0.34930395	          0.01000086	          0.01000008	          0.01000003	          0.01000028	          0.01000014	          0.01000162	          0.01885322	          0.01000156	          0.04557877	          0.01002529	          0.01000239	          0.01562679	          0.12669754	          0.03416846	          0.03360168	          0.01000445	          0.01406666	          0.02354378	          0.09823611	          0.13734713	          0.08209704	          0.04011566	          0.01001116	          0.01667728	          0.06602171	          0.01186073	          0.02283411	          0.03374211	          0.01667959	          0.01667986	          0.12406048	          0.01729532	          0.01974322	          0.01406628	          0.07111805	          0.07443643	          0.07155655	          0.01000019	          0.01000051	          0.01000083	          0.02139958	          0.01406654	          0.01407392	          0.30225027	          0.26396192	          0.16602915	          0.11332899	          0.35248599	          0.16771222	          0.01000015	          0.03704240	          0.01406574	          0.01761864	          0.01000037	          0.06946604	
          1.68466638	         -6.49168478	          1.85988168	         -3.42227098	          2.04087087	          0.82253517	          0.00412824	        -14.37710786	          1.37282895	          9.66372262	        -11.40763032	          2.47201469	         -1.35101198	         32.10345557	         33.30270410	          4.00139213	          2.77153913	        -12.54303278	         13.65931844	         -6.33325767	          0.22579813	         -2.81504635	         -0.79861306	          1.40994112	         28.52097410	        -13.53981787	         19.37711246	         60.82980367	        -28.08052293	        -14.17468041	          9.25426585	         25.40255951	          0.20261720	          0.06174688	          0.04807261	          0.14311213	          0.10882529	          0.08550959	          0.01939008	          0.01000916	          0.01172712	          0.02186971	          0.05346490	          0.07408997	          0.01953058	          0.01320418	          0.01113121	          0.01004467	          0.16119854	          0.01763942	          0.01415604	          0.01458208	          0.01003616	          0.01012260	          0.20101552	          0.27183300	          0.01668120	          0.01668339	          0.06672789	          0.07636992	          0.01000725	          0.01000571	          0.01000174	          0.13314677	          0.18987671	          0.25425398	          0.23148945	          0.28648757	          0.29690209	          0.01000009	          0.01000100	          0.01024374	          0.01000048	          0.01000014	          0.01000056	          0.14496491	          0.01000047	          0.24124787	          0.01000257	          0.01000105	          0.17737654	          0.10683254	          0.02881212	          0.03875246	          0.01669638	          0.01186154	          0.01985266	          0.08283392	          0.11581259	          0.06922537	          0.03382636	          0.01000279	          0.01406932	          0.05576841	          0.01000183	          0.01925482	          0.02845249	          0.01406445	          0.01406468	          0.11129361	          0.01458606	          0.14182687	          0.01186085	          0.05996751	          0.06276560	          0.06033723	          0.01526359	          0.01407196	          0.01476428	          0.01804434	          0.01186112	          0.01186734	          0.33782239	          0.24168177	          0.13999756	          0.12973626	          0.44992743	          0.14141680	          0.01606323	          0.03438780	          0.01186037	          0.02345786	          0.01000008	          0.05857441	
          1.69582311	         -6.47461653	          2.11251451	         -3.67064618	          2.05679484	          0.82112814	          0.00388508	        -14.00761384	          1.11931832	          9.19443262	        -13.99171127	          2.23143503	         -0.76375354	         32.61943156	         32.40152775	          4.34903562	          3.05534658	        -12.83585058	         12.92289622	         -6.70843316	          0.22867604	         -2.70066476	         -1.25587693	          1.45263509	         28.39648644	        -13.54672512	         19.32539104	         62.33051419	        -28.94300651	        -14.11790948	          9.74381413	         24.89214946	          0.20218750	          0.05206557	          0.04053528	          0.17261760	          0.09176267	          0.07210253	          0.02743942	          0.01000185	          0.01000238	          0.01844079	          0.04508219	          0.10279086	          0.01646886	          0.01113498	          0.01001128	          0.01075775	          0.13592436	          0.01487459	          0.01193695	          0.01229733	          0.01001878	          0.01000609	          0.16949815	          0.22921216	          0.01406580	          0.01406784	          0.05626559	          0.07806866	          0.02210175	          0.02017769	          0.01550219	          0.11227057	          0.16010579	          0.23141464	          0.22155111	          0.24157092	          0.25295024	          0.01000020	          0.01000140	          0.01000101	          0.01000089	          0.01000028	          0.01000114	          0.19133456	          0.20810373	          0.29121974	          0.09839907	          0.14250565	          0.14956835	          0.09008218	          0.04560188	          0.03267673	          0.01407943	          0.01000205	          0.01674008	          0.06984647	          0.09765499	          0.07637807	          0.05191362	          0.01000062	          0.01186474	          0.05121288	          0.13518101	          0.09300656	          0.05983217	          0.01185932	          0.01185950	          0.12548136	          0.01232897	          0.11959207	          0.01000123	          0.06014106	          0.06886062	          0.07298717	          0.01287041	          0.01186563	          0.01244938	          0.01521516	          0.01000148	          0.01000671	          0.42804074	          0.28474688	          0.14982904	          0.40903390	          0.47339099	          0.28225607	          0.03947566	          0.06326643	          0.01000078	          0.01978123	          0.01000006	          0.04939048	
          1.70697984	         -6.45738373	          2.35276978	         -3.89878606	          2.07258686	          0.81998003	          0.00360639	        -13.51171791	          0.86603168	          8.73622812	        -16.73374115	          1.91250109	         -0.16917721	         32.67447937	         31.55998743	          4.70556863	          3.34346546	        -13.18060139	         12.07346625	         -7.07316441	          0.22315737	         -2.59918483	         -1.70562830	          1.48977511	         28.18916686	        -13.54304204	         19.25220421	         63.57530786	        -29.54271057	        -14.03884092	         10.38711455	         24.07633149	          0.19141373	          0.04390219	          0.03417973	          0.15990991	          0.07737529	          0.06079757	          0.03550765	          0.01000239	          0.01000284	          0.01554950	          0.03801380	          0.09288501	          0.08234573	          0.01001607	          0.01008537	          0.02221678	          0.11461283	          0.05797590	          0.01006628	          0.01037101	          0.01000404	          0.01000359	          0.14292240	          0.19327381	          0.01186046	          0.01186239	          0.04744369	          0.06582829	          0.02972650	          0.02680990	          0.02691364	          0.09466757	          0.13500267	          0.19520439	          0.19569389	          0.20369541	          0.21329069	          0.01000014	          0.01228341	          0.01406649	          0.01000074	          0.01000019	          0.01000074	          0.24963889	          0.28037106	          0.32811062	          0.08302091	          0.12019730	          0.15188400	          0.07595813	          0.04541294	          0.03192318	          0.01187213	          0.01000094	          0.01411556	          0.05889535	          0.08234442	          0.07093165	          0.06372704	          0.01000092	          0.01000846	          0.04318417	          0.17729978	          0.12045020	          0.07207615	          0.01000017	          0.01000022	          0.10774451	          0.01253584	          0.10084172	          0.01000016	          0.12073123	          0.12307594	          0.11449022	          0.01085247	          0.01000526	          0.01049744	          0.01286778	          0.01056514	          0.01001725	          0.48669668	          0.29436640	          0.15296791	          0.43484843	          0.51101065	          0.28047940	          0.06153751	          0.07106225	          0.01000003	          0.01667977	          0.01000005	          0.04164651	
          1.71813657	         -6.44070915	          2.57954383	         -4.10462579	          2.08818930	          0.81925316	          0.00329803	        -12.88584841	          0.61502936	          8.28655293	        -19.61398735	          1.49150801	          0.42382473	         32.17544363	         30.78697892	          5.07422343	          3.63514102	        -13.61042609	         11.21237996	         -7.43642786	          0.21604464	         -2.50878486	         -2.14499366	          1.52210278	         27.89896827	        -13.52600309	         19.17711307	         64.53300471	        -29.88867686	        -13.93949503	         11.10442412	         23.05248900	          0.16140212	          0.03701876	          0.02882068	          0.13483937	          0.06524370	          0.05126513	          0.04382076	          0.01000134	          0.01000111	          0.01311157	          0.03205368	          0.07832272	          0.18469383	          0.01000283	          0.01001057	          0.03911953	          0.09664273	          0.04889076	          0.01000129	          0.01000204	          0.01000139	          0.01000106	          0.12051349	          0.16297025	          0.01000093	          0.01000285	          0.04000499	          0.05550708	          0.02815145	          0.02485603	          0.03305260	          0.07982456	          0.11383550	          0.16459812	          0.16501109	          0.17175812	          0.17984892	          0.01000011	          0.01185902	          0.01186118	          0.01000103	          0.01000034	          0.01000068	          0.28084506	          0.30034317	          0.32704104	          0.07000728	          0.10135271	          0.12807151	          0.06404863	          0.04043613	          0.03138303	          0.01001098	          0.01000108	          0.01190277	          0.04966180	          0.07097232	          0.08831314	          0.07603710	          0.01000089	          0.01001644	          0.03641708	          0.20262273	          0.13642338	          0.08306529	          0.01000028	          0.01000028	          0.09573861	          0.01057604	          0.08503118	          0.01000032	          0.16927680	          0.16895271	          0.15151351	          0.01000012	          0.01000026	          0.01000005	          0.01085029	          0.01000077	          0.01000074	          0.51614439	          0.28374416	          0.14413075	          0.43926341	          0.52628259	          0.27750561	          0.07527007	          0.07351124	          0.01000004	          0.01406458	          0.01000005	          0.03511672	
          1.72929330	         -6.42490281	          2.79200714	         -4.28625944	          2.10357846	          0.81900100	          0.00296553	        -12.11731448	          0.36826716	          7.84243992	        -22.62975344	          0.93214959	          1.00924938	         31.11887226	         30.05647723	          5.45187023	          3.93275969	        -14.09290173	         10.39719064	         -7.79550753	          0.20770016	         -2.42737797	         -2.57127890	          1.54979066	         27.52422760	        -13.50141583	         19.11947642	         65.21171724	        -30.01403080	        -13.82828871	         11.80384546	         21.94727348	          0.13609580	          0.03121460	          0.02430188	          0.11369798	          0.05501422	          0.04322731	          0.05216328	          0.01000345	          0.01000197	          0.01105596	          0.02702804	          0.06604294	          0.26333771	          0.02386699	          0.01819460	          0.03300043	          0.08149018	          0.04122682	          0.01000258	          0.01000215	          0.01000126	          0.01000110	          0.10161808	          0.13741801	          0.01000016	          0.01000074	          0.03373264	          0.04680418	          0.02986790	          0.03299282	          0.02788035	          0.06730880	          0.09598715	          0.13879063	          0.13913890	          0.14482818	          0.15165039	          0.01000462	          0.01000033	          0.01000155	          0.01000102	          0.07529848	          0.01000530	          0.30384757	          0.29482741	          0.30038073	          0.05903489	          0.08546283	          0.10799211	          0.05400646	          0.04613549	          0.03466257	          0.01000157	          0.01000111	          0.01003725	          0.04187654	          0.07285894	          0.10389042	          0.08658469	          0.01000072	          0.01001322	          0.03489453	          0.22002326	          0.14852168	          0.09316530	          0.01000025	          0.01000026	          0.08266174	          0.01004494	          0.07169944	          0.01000021	          0.18960965	          0.18867311	          0.16818412	          0.01000005	          0.01000010	          0.01000001	          0.01000003	          0.01000019	          0.01000018	          0.49882556	          0.23925685	          0.12153341	          0.37828578	          0.53414763	          0.23399769	          0.08544623	          0.07204090	          0.01000005	          0.01185943	          0.01000005	          0.02961075	
          1.74045003	         -6.40976177	          2.98948884	         -4.44246819	          2.11874741	          0.81918706	          0.00261346	        -11.19859252	          0.12803519	          7.40896623	        -25.77700953	          0.22809874	          1.58393482	         29.50991327	         29.34378926	          5.83437049	          4.23950438	        -14.59530074	          9.66546084	         -8.14821368	          0.20001116	         -2.35316847	         -2.98194768	          1.57297408	         27.06581338	        -13.47843771	         19.09250951	         65.63961734	        -29.95848382	        -13.71786875	         12.40840195	         20.87694633	          0.11475725	          0.02632050	          0.02049166	          0.09587127	          0.04638861	          0.03644980	          0.06066621	          0.01000130	          0.01009127	          0.01000019	          0.02279038	          0.05568831	          0.30125553	          0.16758140	          0.04641096	          0.02782686	          0.06871343	          0.03476374	          0.01000180	          0.01591963	          0.01979270	          0.02346719	          0.08568531	          0.11587213	          0.01000724	          0.01002107	          0.02844389	          0.03946595	          0.02518561	          0.02782047	          0.02350932	          0.05675540	          0.08093726	          0.11702952	          0.11732321	          0.12212056	          0.12787310	          0.04265158	          0.01000753	          0.01870451	          0.01000074	          0.13900831	          0.01000097	          0.33258998	          0.30397993	          0.28820366	          0.05324991	          0.07206517	          0.09106148	          0.04553891	          0.04330559	          0.03435115	          0.01000282	          0.01000120	          0.01000900	          0.06374707	          0.09432469	          0.11051283	          0.09381609	          0.01000082	          0.01003036	          0.05092009	          0.23586820	          0.15783125	          0.09810185	          0.01000033	          0.01000033	          0.06970258	          0.01000747	          0.06045801	          0.01000025	          0.22150242	          0.22031485	          0.19409088	          0.01000043	          0.01000114	          0.01000019	          0.01441280	          0.02281560	          0.01610196	          0.52182870	          0.20174363	          0.10247813	          0.31897414	          0.45039832	          0.19730970	          0.09231107	          0.06990023	          0.01000021	          0.01000008	          0.01000005	          0.02496806	
          1.75160676	         -6.39531511	          3.17138600	         -4.57221475	          2.13367835	          0.81974959	          0.00225079	        -10.11832208	         -0.10228831	          6.99532895	        -29.06001776	         -0.61065107	          2.15508514	         27.36594912	         28.61729692	          6.21589036	          4.56168920	        -15.07190180	          9.07383095	         -8.49603993	          0.19234747	         -2.28656311	         -3.37518776	          1.59107151	         26.52856613	        -13.46190846	         19.09803177	         65.84326266	        -29.74742440	        -13.62092538	         12.87731285	         19.91188262	          0.09676439	          0.02219375	          0.01727885	          0.08083965	          0.03911545	          0.03073495	          0.06868940	          0.01000829	          0.02482277	          0.01000022	          0.01921718	          0.05423543	          0.33773947	          0.14130724	          0.03913509	          0.02346399	          0.05794012	          0.02931594	          0.01000265	          0.01343422	          0.01669044	          0.01978800	          0.07225066	          0.09770446	          0.03654952	          0.01001612	          0.02398447	          0.03327817	          0.02123676	          0.02345850	          0.01982329	          0.04785668	          0.06824706	          0.09868036	          0.09892802	          0.10297329	          0.10782385	          0.11067740	          0.06794794	          0.04123539	          0.02870902	          0.19529564	          0.08786966	          0.36184217	          0.31405479	          0.27349860	          0.04825202	          0.06077155	          0.07678700	          0.03840058	          0.04764085	          0.03688839	          0.01000121	          0.01000088	          0.01000308	          0.05375605	          0.09147799	          0.11961365	          0.09874706	          0.01000071	          0.01001396	          0.04313182	          0.24594641	          0.16321972	          0.10092979	          0.01000022	          0.01000023	          0.05877548	          0.01001212	          0.05097909	          0.01000021	          0.23947924	          0.23859622	          0.20854032	          0.01000047	          0.01000131	          0.01000054	          0.01887339	          0.01923918	          0.01357856	          0.52344556	          0.17011218	          0.08641057	          0.26896208	          0.37978176	          0.16637555	          0.09930900	          0.06665527	          0.01717313	          0.01000006	          0.01000005	          0.02105331	
          1.76276349	         -6.38187452	          3.33753807	         -4.67689315	          2.14834447	          0.82061465	          0.00188253	         -8.88152782	         -0.32094472	          6.60149156	        -32.45089103	         -1.51948748	          2.71508588	         24.69086602	         27.85413856	          6.59052376	          4.90239826	        -15.48105523	          8.62810633	         -8.82743230	          0.18726487	         -2.22959877	         -3.74742139	          1.60348298	         25.92287848	        -13.45274488	         19.13149912	         65.84330830	        -29.39130038	        -13.54525653	         13.20553412	         19.07623679	          0.08159265	          0.01871406	          0.01456990	          0.06816494	          0.03298280	          0.02591627	          0.07428682	          0.01000187	          0.02093283	          0.01000030	          0.01620453	          0.07613773	          0.28478538	          0.11915177	          0.03299936	          0.01978510	          0.07708801	          0.03761967	          0.01000382	          0.01133250	          0.01407395	          0.01668551	          0.06092248	          0.08238536	          0.05963912	          0.01003512	          0.02777753	          0.02806059	          0.01790704	          0.01978043	          0.01671519	          0.04035320	          0.05754657	          0.08320817	          0.08341703	          0.08682816	          0.09091815	          0.18498427	          0.12726482	          0.05545306	          0.39195987	          0.28555317	          0.21988351	          0.38936175	          0.33038258	          0.27939550	          0.04867965	          0.05125264	          0.06475777	          0.03792470	          0.05119643	          0.03927946	          0.01000124	          0.01000089	          0.01000299	          0.04533921	          0.08644661	          0.11864252	          0.10147133	          0.01000070	          0.01001387	          0.04195688	          0.25311270	          0.16553884	          0.10156077	          0.01000022	          0.01000023	          0.04956129	          0.01001355	          0.04298642	          0.01000021	          0.25273862	          0.25239292	          0.21888749	          0.01000029	          0.01000069	          0.01000020	          0.01702160	          0.01622480	          0.01145219	          0.51947155	          0.14344025	          0.07286226	          0.22679152	          0.33820378	          0.14628441	          0.10833873	          0.06378213	          0.03317990	          0.01000007	          0.01000006	          0.01775235	
          1.77392022	         -6.36969710	          3.48899944	         -4.75991875	          2.16272934	          0.82168861	          0.00151153	         -7.52072678	         -0.52129676	          6.22565189	        -35.86980355	         -2.32379367	          3.23246276	         21.63525794	         27.04150627	          6.95412279	          5.26130013	        -15.79583520	          8.31770929	         -9.13655039	          0.18413352	         -2.18339886	         -4.09443180	          1.60946418	         25.26143250	        -13.44975694	         19.18588500	         65.65814442	        -28.89435081	        -13.49402729	         13.41249693	         18.36254615	          0.06879970	          0.01577998	          0.01667704	          0.05747758	          0.02781191	          0.02185334	          0.07546021	          0.02503177	          0.02784422	          0.01788168	          0.05279334	          0.09876980	          0.24013396	          0.10047001	          0.02782557	          0.01668302	          0.14803588	          0.13841555	          0.07301453	          0.01167827	          0.01186766	          0.01406945	          0.05137089	          0.06992134	          0.08591894	          0.04358037	          0.02343377	          0.02366110	          0.01509939	          0.01667905	          0.01409441	          0.03402621	          0.04852386	          0.07016189	          0.07376196	          0.07321508	          0.07666344	          0.17761728	          0.10731096	          0.04675859	          0.33050445	          0.27675854	          0.18540806	          0.40509768	          0.33612305	          0.28393826	          0.05375797	          0.04322703	          0.05461235	          0.03768981	          0.05565823	          0.04036002	          0.01000137	          0.01000076	          0.01000526	          0.05972380	          0.10465002	          0.12873264	          0.10026338	          0.01000062	          0.01001794	          0.04774273	          0.25434916	          0.16339645	          0.10051074	          0.01000020	          0.01000021	          0.04179136	          0.01000563	          0.03624696	          0.01000018	          0.25818723	          0.25870729	          0.22277176	          0.01000018	          0.01000042	          0.01000007	          0.02158504	          0.01368415	          0.01000802	          0.49723980	          0.12095026	          0.06143821	          0.19123297	          0.29666191	          0.14112734	          0.10945503	          0.05643848	          0.03372896	          0.01000007	          0.01000007	          0.01496896	
          1.78507695	         -6.35922961	          3.62730521	         -4.82187088	          2.17682335	          0.82291494	          0.00114343	         -6.06240426	         -0.69264422	          5.87096970	        -39.18710736	         -2.80298316	          3.69627829	         18.78072947	         26.17816511	          7.30420171	          5.63697200	        -16.00778535	          8.11883175	         -9.41933672	          0.18270579	         -2.14964262	         -4.41600244	          1.60849957	         24.55022043	        -13.45010478	         19.24678252	         65.30075116	        -28.24905246	        -13.46705818	         13.52676518	         17.73432369	          0.05801259	          0.01330594	          0.01406234	          0.08639081	          0.02345454	          0.01842725	          0.06366600	          0.02110799	          0.02347945	          0.02370881	          0.08508151	          0.09947956	          0.20248353	          0.08471735	          0.02346297	          0.01406732	          0.15893193	          0.16219879	          0.06156843	          0.01000247	          0.01000724	          0.01186355	          0.06029549	          0.06409173	          0.07244775	          0.03674800	          0.01975981	          0.06314261	          0.01273196	          0.01406394	          0.01188454	          0.05503508	          0.07026132	          0.05916115	          0.06219687	          0.06173604	          0.06464358	          0.18975200	          0.09048563	          0.03942731	          0.27868441	          0.32139405	          0.15633807	          0.42384841	          0.33837270	          0.27604767	          0.05680146	          0.05371328	          0.05394134	          0.04483841	          0.06244329	          0.04635514	          0.01000062	          0.01000073	          0.01000163	          0.05036079	          0.08825131	          0.12827345	          0.10498355	          0.01000057	          0.01000829	          0.04026040	          0.25167763	          0.15971453	          0.10322767	          0.01000016	          0.01000017	          0.03523954	          0.01001582	          0.03056418	          0.01000020	          0.25287188	          0.25418626	          0.21764168	          0.01000054	          0.01000120	          0.01000823	          0.02658773	          0.01154138	          0.01001387	          0.46634104	          0.10198652	          0.05180535	          0.16124973	          0.25624229	          0.11901539	          0.10219499	          0.05556959	          0.04750618	          0.01000008	          0.01000008	          0.01262198	
          1.79623368	         -6.35085297	          3.75210844	         -4.86745235	          2.19063630	          0.82428249	          0.00077575	         -4.51343873	         -0.84052196	          5.53010089	        -42.31486054	         -2.87879499	          4.07709858	         16.30754376	         25.26543901	          7.63646866	          6.02813185	        -16.11561278	          8.00517914	         -9.67160708	          0.18339253	         -2.12934324	         -4.70950484	          1.60042893	         23.79351235	        -13.45080294	         19.30568395	         64.77589698	        -27.44671981	        -13.45442221	         13.56679461	         17.14559978	          0.04891680	          0.01121987	          0.01185776	          0.07284622	          0.01977777	          0.01553831	          0.05368460	          0.05016264	          0.02359725	          0.02936280	          0.07174469	          0.10129514	          0.18404866	          0.07143459	          0.01978443	          0.01186176	          0.17767824	          0.16949431	          0.08864109	          0.01000476	          0.01000128	          0.01000361	          0.05084283	          0.05516729	          0.06108872	          0.03098695	          0.01666188	          0.09168460	          0.01073573	          0.01185887	          0.01002117	          0.04640627	          0.05924521	          0.04988522	          0.05244535	          0.05205709	          0.05450836	          0.17699672	          0.07629876	          0.03324567	          0.23499124	          0.34422904	          0.14188459	          0.43702837	          0.33600836	          0.26542170	          0.06028025	          0.04530935	          0.04549911	          0.04860433	          0.06961377	          0.04947974	          0.01000180	          0.01000071	          0.01000346	          0.04247100	          0.09579559	          0.13176626	          0.10316650	          0.01000054	          0.01001369	          0.03397196	          0.24521422	          0.15136200	          0.09881350	          0.01000017	          0.01000018	          0.02971473	          0.01000583	          0.02577243	          0.01000014	          0.23854749	          0.24159180	          0.20602799	          0.01000010	          0.01000023	          0.01000004	          0.04125921	          0.01000600	          0.01000200	          0.41326407	          0.08599613	          0.04368285	          0.13596767	          0.21606681	          0.11121091	          0.09565560	          0.05558087	          0.04497409	          0.01000008	          0.01000009	          0.01064301	
          1.80739042	         -6.34442186	          3.86283370	         -4.89789027	          2.20419051	          0.82576918	          0.00041204	         -2.87579611	         -0.96706144	          5.20252066	        -45.23979188	         -2.63673664	          4.38965221	         14.15648090	         24.30929359	          7.94770670	          6.43306886	        -16.12680085	          7.94609185	         -9.89282523	          0.18714411	         -2.12183450	         -4.97558312	          1.58457883	         22.99127104	        -13.45064118	         19.35299089	         64.09374077	        -26.48618553	        -13.45026825	         13.54191236	         16.56585837	          0.04124717	          0.01000042	          0.01000035	          0.09535993	          0.01667860	          0.01310238	          0.04526832	          0.04634418	          0.01989896	          0.03461115	          0.07478313	          0.09680622	          0.16530408	          0.06023443	          0.01668265	          0.01000207	          0.18550741	          0.17803349	          0.08790698	          0.01000219	          0.01000076	          0.01000025	          0.04880860	          0.05120493	          0.05151065	          0.02612898	          0.01404965	          0.11112663	          0.01000007	          0.01000007	          0.01000004	          0.03913314	          0.04995637	          0.04206368	          0.04560957	          0.04389591	          0.04596230	          0.16303561	          0.06433588	          0.02803309	          0.19814692	          0.34758913	          0.14319407	          0.45062266	          0.33512110	          0.25515224	          0.07331736	          0.05474561	          0.04736159	          0.05172413	          0.07202011	          0.05144296	          0.01000085	          0.01000069	          0.01000216	          0.03581279	          0.08079307	          0.12972514	          0.10329621	          0.01000055	          0.01000975	          0.02864671	          0.23619224	          0.14237066	          0.09628654	          0.01000016	          0.01000016	          0.02505610	          0.01000760	          0.02173203	          0.01000017	          0.22897835	          0.23287588	          0.19719833	          0.01000019	          0.01000044	          0.01000012	          0.06331565	          0.02051110	          0.01002168	          0.34846814	          0.07251295	          0.03683394	          0.11464951	          0.18218969	          0.09377468	          0.08999416	          0.05322633	          0.04649987	          0.01000009	          0.01000010	          0.01000013	
          1.81854715	         -6.33983981	          3.95869442	         -4.91388540	          2.21751109	          0.82735083	          0.00005307	         -1.15796881	         -1.07544204	          4.88681064	        -47.94122529	         -2.11569783	          4.63225667	         12.28764072	         23.30922855	          8.23387517	          6.84866962	        -16.04037697	          7.93093054	        -10.08318440	          0.19894783	         -2.12624575	         -5.21432381	          1.56096965	         22.14367418	        -13.45010643	         19.38166313	         63.26524597	        -25.37003893	        -13.44970909	         13.45722419	         15.97643877	          0.03478008	          0.01000051	          0.01000037	          0.10926851	          0.01406650	          0.01104864	          0.03817176	          0.03907830	          0.01677996	          0.04324364	          0.07585434	          0.08915943	          0.16542514	          0.05079033	          0.01406726	          0.01000029	          0.19226235	          0.17383470	          0.10217149	          0.01000184	          0.01000059	          0.01000025	          0.04524200	          0.04733562	          0.04343432	          0.02203272	          0.01184714	          0.11954558	          0.01000009	          0.01000009	          0.01000006	          0.03299754	          0.04212378	          0.03546848	          0.03886833	          0.03701450	          0.03875617	          0.14566839	          0.05424868	          0.02363780	          0.16707957	          0.34441055	          0.17383381	          0.45999554	          0.33299764	          0.24587788	          0.09110507	          0.06212121	          0.05068231	          0.05369545	          0.07352025	          0.05234498	          0.01000084	          0.01000070	          0.01000233	          0.03019822	          0.06813432	          0.12612965	          0.10141805	          0.01000057	          0.01001012	          0.02415596	          0.22473789	          0.13150377	          0.09197239	          0.01000016	          0.01000017	          0.02112786	          0.01000610	          0.01832523	          0.01000017	          0.21691756	          0.22165083	          0.18637125	          0.01000049	          0.01000109	          0.01282939	          0.07465339	          0.02217529	          0.01756888	          0.29383157	          0.06114398	          0.03105913	          0.09667384	          0.15362414	          0.07907206	          0.08457772	          0.05019201	          0.04272513	          0.01000010	          0.01000012	          0.01000018	
          1.82970388	         -6.33703351	          4.03898772	         -4.91504692	          2.23062078	          0.82900385	         -0.00029960	          0.63186501	         -1.16731716	          4.58270836	        -50.40278952	         -1.37039182	          4.81025357	         10.66336056	         22.26293091	          8.49106021	          7.27184065	        -15.85121922	          7.93861620	        -10.24177851	          0.22790375	         -2.14189254	         -5.42652152	          1.52977539	         21.25179595	        -13.44976203	         19.38620171	         62.29901589	        -24.10363107	        -13.45014447	         13.31770963	         15.37026602	          0.02932700	          0.01000047	          0.01000033	          0.14037395	          0.01186936	          0.01000170	          0.03218788	          0.03295132	          0.01414965	          0.04891827	          0.07654396	          0.08292191	          0.15236567	          0.04282698	          0.01186205	          0.01000032	          0.19667748	          0.16977636	          0.10808046	          0.01000145	          0.01000046	          0.01000021	          0.04330718	          0.04516745	          0.03662428	          0.01857878	          0.01000095	          0.11805137	          0.01000010	          0.01000010	          0.01000007	          0.02782387	          0.03551922	          0.02990735	          0.03277427	          0.03121147	          0.03267978	          0.13046076	          0.04574306	          0.01993165	          0.14088344	          0.33637101	          0.19667154	          0.46552171	          0.32813359	          0.24003924	          0.10712809	          0.08572500	          0.07173304	          0.05458420	          0.07386182	          0.05226736	          0.01000078	          0.01000069	          0.01000179	          0.02546377	          0.05745558	          0.11402523	          0.09820223	          0.01000059	          0.01000836	          0.02036909	          0.21126700	          0.11972036	          0.08617058	          0.01000015	          0.01000016	          0.01781553	          0.01000643	          0.01545284	          0.01000018	          0.20236139	          0.20791652	          0.17350316	          0.01000035	          0.01000080	          0.01917710	          0.08579259	          0.02076787	          0.01695082	          0.24776152	          0.05155765	          0.02618993	          0.08151664	          0.12953741	          0.06667471	          0.08027144	          0.04809765	          0.04038250	          0.01000011	          0.01000013	          0.01000018	
          1.84086061	         -6.33580911	          4.10299024	         -4.90099028	          2.24354205	          0.83069963	         -0.00064502	          2.48482458	         -1.24481457	          4.29042709	        -52.61592654	         -0.44312783	          4.92711643	          9.25215358	         21.17082362	          8.71591029	          7.69929108	        -15.55855305	          7.94318366	        -10.36904407	          0.28364904	         -2.16783792	         -5.61280285	          1.49129256	         20.31788534	        -13.44971714	         19.36107986	         61.20221084	        -22.69598062	        -13.45033208	         13.12945975	         14.75083091	          0.02472894	          0.01000048	          0.01000032	          0.16220377	          0.01026960	          0.01000237	          0.02714220	          0.02778494	          0.01193164	          0.05629597	          0.07597780	          0.07917894	          0.13556317	          0.03611221	          0.01000323	          0.01000028	          0.19781605	          0.16398889	          0.11538570	          0.01000115	          0.01000036	          0.01000018	          0.04099857	          0.04351451	          0.03088199	          0.01566653	          0.01000117	          0.10740616	          0.01000011	          0.01000011	          0.01000008	          0.02346137	          0.02995017	          0.02521815	          0.02763562	          0.02631808	          0.02755604	          0.11691879	          0.03857108	          0.01680661	          0.12037677	          0.32585236	          0.21761214	          0.46872663	          0.32204724	          0.23578205	          0.12769872	          0.10311557	          0.09347352	          0.05360085	          0.07178300	          0.05044960	          0.01000066	          0.01000069	          0.01000166	          0.02147157	          0.04844972	          0.09922164	          0.09320959	          0.01000063	          0.01000764	          0.01717588	          0.19632997	          0.10790914	          0.08021147	          0.01000015	          0.01000016	          0.01502258	          0.01000607	          0.01303133	          0.01000020	          0.18744350	          0.19352472	          0.16021676	          0.01000033	          0.01000074	          0.02772311	          0.09437385	          0.01753605	          0.01432507	          0.20891483	          0.04347470	          0.02208589	          0.06873600	          0.10922725	          0.05622114	          0.07675410	          0.04597163	          0.03606705	          0.01000011	          0.01000015	          0.01000018	
          1.85201734	         -6.33588473	          4.15000319	         -4.87090891	          2.25629813	          0.83240673	         -0.00098198	          4.39130550	         -1.30958726	          4.00983981	        -54.57958647	          0.62631580	          4.98747274	          8.02590121	         20.03427508	          8.90571341	          8.12736769	        -15.16473927	          7.92741553	        -10.46641979	          0.37063619	         -2.20280443	         -5.77388978	          1.44591247	         19.34434097	        -13.44978888	         19.30066928	         59.98148044	        -21.15867494	        -13.45017979	         12.89874007	         14.12907236	          0.02085186	          0.01000045	          0.01000031	          0.17289647	          0.01705479	          0.01000227	          0.02288760	          0.02342857	          0.01006149	          0.06374979	          0.07799631	          0.07614159	          0.11764015	          0.03045024	          0.01000155	          0.01000024	          0.19902115	          0.16063212	          0.11826775	          0.01000092	          0.01000029	          0.01000016	          0.04083620	          0.04352028	          0.02604004	          0.01321125	          0.01000113	          0.09056635	          0.01000013	          0.01000013	          0.01000009	          0.01978286	          0.02525430	          0.02126418	          0.02330266	          0.02219196	          0.02323567	          0.10694137	          0.03252361	          0.01417156	          0.11702846	          0.30825012	          0.23111602	          0.46779344	          0.31262365	          0.23268043	          0.14158281	          0.12691744	          0.11641794	          0.05114001	          0.06821024	          0.04749935	          0.01000060	          0.01000071	          0.01000131	          0.01810527	          0.04085504	          0.08367550	          0.08737638	          0.01000069	          0.01000633	          0.01448331	          0.18088444	          0.09695202	          0.07402141	          0.01000015	          0.01000015	          0.01266762	          0.01000667	          0.01099187	          0.01000022	          0.17210325	          0.17850233	          0.14660889	          0.01000023	          0.01000051	          0.03697603	          0.10280759	          0.01503858	          0.01446194	          0.17615894	          0.03665944	          0.02160761	          0.05795928	          0.09210154	          0.04740658	          0.07416294	          0.04362078	          0.03198670	          0.01000012	          0.01000017	          0.01000018	
          1.86317407	         -6.33695260	          4.17957868	         -4.82380983	          2.26891277	          0.83409406	         -0.00130961	          6.34052739	         -1.36270732	          3.74120982	        -56.29670629	          1.80689901	          4.99459343	          6.96025243	         18.85494145	          9.05863841	          8.55228137	        -14.67421251	          7.88344753	        -10.53679940	          0.49157258	         -2.24526745	         -5.91055748	          1.39413430	         18.33391131	        -13.44980819	         19.20094311	         58.64277829	        -19.50506670	        -13.44992018	         12.62979651	         13.52135921	          0.01758281	          0.01000045	          0.01000031	          0.16987771	          0.02097563	          0.01000252	          0.01930008	          0.01975523	          0.01000107	          0.07385472	          0.08092760	          0.07499935	          0.10319082	          0.02567602	          0.01000130	          0.01000021	          0.19568274	          0.16026504	          0.11049290	          0.01000075	          0.01000024	          0.01000014	          0.04063364	          0.04354516	          0.02195726	          0.01114209	          0.01000122	          0.07636647	          0.01000015	          0.01000015	          0.01000011	          0.01668111	          0.02129469	          0.01793015	          0.01964907	          0.01871277	          0.01959270	          0.10004690	          0.02742435	          0.01194968	          0.12732418	          0.29021359	          0.23801117	          0.46395052	          0.30239826	          0.23035981	          0.15288911	          0.14298206	          0.14121866	          0.04958911	          0.06413690	          0.04523402	          0.01000053	          0.01000076	          0.01000122	          0.01526677	          0.03445079	          0.07056041	          0.08191473	          0.01000081	          0.01000601	          0.01221297	          0.16622094	          0.08664008	          0.06716360	          0.01000016	          0.01000016	          0.01068221	          0.01000679	          0.01001334	          0.01000028	          0.15614297	          0.16253688	          0.13254444	          0.01000041	          0.01000096	          0.04672015	          0.11199119	          0.02055141	          0.02699882	          0.14853887	          0.03091453	          0.02838861	          0.04887224	          0.07766096	          0.03997401	          0.07227507	          0.04095451	          0.02736013	          0.01000012	          0.01000019	          0.01000018	
          1.87433080	         -6.33873138	          4.19173112	         -4.75859187	          2.28140924	          0.83573434	         -0.00162708	          8.32085784	         -1.40475115	          3.48449648	        -57.76967733	          3.06870055	          4.95163436	          6.03407957	         17.63471047	          9.17379025	          8.97012396	        -14.09265083	          7.80916656	        -10.58421697	          0.66316579	         -2.29358293	         -6.02392672	          1.33656684	         17.28981292	        -13.44981482	         19.06107303	         57.19118975	        -17.74937634	        -13.44975674	         12.32441828	         12.94745404	          0.01482797	          0.01000041	          0.01000025	          0.14342686	          0.03449244	          0.01000219	          0.01627509	          0.01665783	          0.01000075	          0.08672539	          0.08468976	          0.07743090	          0.09528208	          0.02165036	          0.01000109	          0.01000019	          0.19267474	          0.16465393	          0.09317149	          0.01000056	          0.01000019	          0.01000012	          0.04281376	          0.04531581	          0.01851463	          0.01000388	          0.01000084	          0.06439298	          0.01000017	          0.01000017	          0.01000013	          0.01406569	          0.01795591	          0.01511887	          0.01656833	          0.01577910	          0.01652093	          0.09522014	          0.02312469	          0.01007631	          0.14771124	          0.27237164	          0.24431557	          0.45765329	          0.29099541	          0.22551458	          0.16255836	          0.16202999	          0.16158045	          0.04754124	          0.06058490	          0.04316205	          0.01000053	          0.01000081	          0.01000099	          0.01287337	          0.02905051	          0.05950015	          0.07887975	          0.01000089	          0.01000504	          0.01029891	          0.15362240	          0.07961287	          0.06360299	          0.01000016	          0.01000016	          0.01000205	          0.01000767	          0.01459766	          0.01000032	          0.14330670	          0.14949128	          0.12128216	          0.02346930	          0.01000066	          0.05325971	          0.11798606	          0.02254494	          0.03158946	          0.12524937	          0.02606922	          0.03432150	          0.04120999	          0.06548453	          0.03370682	          0.07070868	          0.03795956	          0.02307067	          0.01000014	          0.01000021	          0.01000018	
          1.88548753	         -6.34101956	          4.18670847	         -4.67424760	          2.29380717	          0.83730614	         -0.00193362	         10.32178429	         -1.43560337	          3.23903749	        -59.00133633	          4.38243938	          4.86204924	          5.22904586	         16.37619846	          9.25087816	          9.37749191	        -13.42694984	          7.70594475	        -10.61173520	          0.90965454	         -2.34644425	         -6.11516954	          1.27379928	         16.21630081	        -13.44979421	         18.88342977	         55.63039074	        -15.90595127	        -13.44972901	         11.98445522	         12.42972691	          0.01541237	          0.01000042	          0.01000024	          0.12093982	          0.02908736	          0.01000234	          0.01372457	          0.01404609	          0.01000046	          0.10078641	          0.08642531	          0.07965171	          0.08544652	          0.01825589	          0.01000090	          0.01000018	          0.18639727	          0.16531262	          0.07856384	          0.01000046	          0.01000016	          0.01000011	          0.04383051	          0.04661357	          0.01561178	          0.01000383	          0.01000075	          0.05429682	          0.01000021	          0.01000020	          0.01000015	          0.01186035	          0.01514062	          0.01274838	          0.01397065	          0.01330547	          0.01393084	          0.09369654	          0.01949926	          0.01000033	          0.16795721	          0.25519501	          0.24350207	          0.44877927	          0.27875466	          0.21912715	          0.18291834	          0.17870696	          0.18258233	          0.04507750	          0.05620629	          0.04079381	          0.01000048	          0.01000082	          0.01000090	          0.01085544	          0.02449689	          0.05017339	          0.07580064	          0.01000098	          0.01000458	          0.01000209	          0.14209587	          0.07329132	          0.06008765	          0.01000016	          0.01000016	          0.01000219	          0.01000711	          0.03976081	          0.01000039	          0.13207653	          0.13770012	          0.11167216	          0.05153823	          0.01000050	          0.05820199	          0.12464372	          0.02261725	          0.03575325	          0.10561145	          0.02219718	          0.04272871	          0.03474917	          0.05521726	          0.02842227	          0.06960636	          0.03528411	          0.01945381	          0.01000015	          0.01000025	          0.01000017	
          1.89664426	         -6.34365917	          4.16505372	         -4.57020697	          2.30612394	          0.83879233	         -0.00222875	         12.33257873	         -1.45535084	          3.00461000	        -59.99391535	          5.71783668	          4.72873689	          4.52918313	         15.08311123	          9.29029340	          9.77200061	        -12.68533714	          7.57273311	        -10.62034349	          1.24067144	         -2.40267850	         -6.18549637	          1.20644540	         15.11838725	        -13.44972354	         18.67332253	         53.96341108	        -13.99006608	        -13.44973729	         11.61282324	         11.99386661	          0.01299686	          0.01000039	          0.01000023	          0.10197789	          0.02452758	          0.01000211	          0.01157465	          0.01184387	          0.01000031	          0.11216811	          0.08977983	          0.08131959	          0.08289004	          0.01539367	          0.01000083	          0.01000017	          0.17881222	          0.16513320	          0.06624616	          0.01000039	          0.01000014	          0.01000010	          0.04438071	          0.04717307	          0.01316410	          0.01000430	          0.01000079	          0.04578368	          0.01000026	          0.01000026	          0.01000019	          0.01000085	          0.01276676	          0.01074956	          0.01178030	          0.01121999	          0.01174705	          0.09428361	          0.01906745	          0.01000239	          0.18463151	          0.24181555	          0.24868286	          0.43798490	          0.26531522	          0.21201111	          0.18983704	          0.19478653	          0.19912651	          0.04233144	          0.05053890	          0.03798761	          0.01000044	          0.01000088	          0.01000075	          0.01000111	          0.02065721	          0.04230851	          0.07122939	          0.01000118	          0.01000395	          0.01000207	          0.13089959	          0.06701179	          0.05535687	          0.01000016	          0.01000016	          0.01000207	          0.01000826	          0.06627712	          0.01000057	          0.12113336	          0.12606141	          0.10258994	          0.07662340	          0.01000132	          0.06303722	          0.13075343	          0.02808645	          0.04305994	          0.08905258	          0.02871792	          0.04907686	          0.02930132	          0.04655979	          0.02396627	          0.06819317	          0.03242027	          0.01640454	          0.01000015	          0.01000026	          0.01000017	
          1.90780099	         -6.34654272	          4.12741252	         -4.44631025	          2.31837610	          0.84017767	         -0.00251175	         14.34163623	         -1.46374540	          2.78105274	        -60.74832528	          7.04702812	          4.55495939	          3.92082972	         13.75891274	          9.29279661	         10.15276077	        -11.87544913	          7.40766730	        -10.60990864	          1.65171992	         -2.46124406	         -6.23604071	          1.13511694	         14.00103837	        -13.44974453	         18.43814447	         52.19448435	        -12.01835088	        -13.44982211	         11.21520735	         11.66902681	          0.01095929	          0.01000040	          0.01000024	          0.08598887	          0.02068238	          0.01000218	          0.01000446	          0.01000020	          0.01000022	          0.12076640	          0.09114164	          0.08441706	          0.07921088	          0.01298026	          0.01000074	          0.01000016	          0.17163896	          0.16301227	          0.05585964	          0.01000036	          0.01000013	          0.01000010	          0.04512981	          0.04841178	          0.01110029	          0.01000493	          0.01000085	          0.03860545	          0.01000035	          0.01000034	          0.01000026	          0.01000012	          0.01076512	          0.01000002	          0.01000023	          0.01000122	          0.01000089	          0.10462554	          0.02327394	          0.01000340	          0.22171648	          0.23219436	          0.25366413	          0.42458872	          0.25245177	          0.20555579	          0.20492291	          0.21117402	          0.21692816	          0.03837196	          0.04492243	          0.03464618	          0.01000047	          0.01000096	          0.01000069	          0.01000131	          0.01741964	          0.03567656	          0.06733634	          0.01000139	          0.01000365	          0.01000194	          0.12154591	          0.06247356	          0.05204986	          0.01000017	          0.01000017	          0.01000169	          0.01000861	          0.09373708	          0.01000067	          0.11202223	          0.11620601	          0.09496621	          0.09983671	          0.03768199	          0.06417603	          0.13530850	          0.02503059	          0.04258548	          0.07508999	          0.03411069	          0.05558335	          0.02470779	          0.03925974	          0.02020901	          0.06688365	          0.02957748	          0.01385088	          0.01000015	          0.01000030	          0.01000017	
          1.91895773	         -6.34959200	          4.07451175	         -4.30273299	          2.33057906	          0.84144876	         -0.00278229	         16.33681978	         -1.46103867	          2.56861307	        -61.26465660	          8.34128106	          4.34380888	          3.39147033	         12.40792194	          9.25940263	         10.51903050	        -11.00646955	          7.21031226	        -10.57975047	          2.13618970	         -2.52125446	         -6.26778322	          1.06036162	         12.86873007	        -13.44990956	         18.18558163	         50.32948046	        -10.00824384	        -13.45004347	         10.80170020	         11.48601175	          0.01000108	          0.01000038	          0.01000025	          0.07250673	          0.01743993	          0.01000199	          0.01000419	          0.01000022	          0.01000016	          0.12265552	          0.09490979	          0.08826280	          0.07380129	          0.01094541	          0.01000071	          0.01000016	          0.16335356	          0.16045842	          0.04710158	          0.01000032	          0.01000013	          0.01000010	          0.04622494	          0.05050024	          0.01000064	          0.01000602	          0.01000092	          0.03255364	          0.01000050	          0.01000049	          0.01000037	          0.01000010	          0.01000017	          0.01000003	          0.01000030	          0.01000140	          0.01000103	          0.11937859	          0.03849587	          0.01000123	          0.25481243	          0.22586539	          0.25985260	          0.40924984	          0.24014472	          0.19984641	          0.21765588	          0.22967083	          0.23451134	          0.03393221	          0.03850434	          0.03087056	          0.01000044	          0.01000098	          0.01000057	          0.01000100	          0.01468984	          0.03008431	          0.06202858	          0.01000170	          0.01000308	          0.01000163	          0.11384567	          0.05880150	          0.04763501	          0.01000016	          0.01000017	          0.01000169	          0.01000924	          0.11978161	          0.01000107	          0.10338614	          0.10748681	          0.08871654	          0.12348483	          0.07392838	          0.06495033	          0.14050060	          0.02636827	          0.04585371	          0.06331661	          0.04314919	          0.06003582	          0.02083455	          0.03310428	          0.01704090	          0.06536723	          0.02719923	          0.01263103	          0.01000015	          0.01000032	          0.01000016	
          1.93011446	         -6.35277130	          4.00702661	         -4.14014823	          2.34274856	          0.84259395	         -0.00304034	         18.30399026	         -1.44803193	          2.36841639	        -61.53806496	          9.57717325	          4.09825909	          2.93042395	         11.03418759	          9.19144626	         10.86994994	        -10.08821913	          6.98660204	        -10.53005054	          2.68739760	         -2.58182955	         -6.28136228	          0.98259653	         11.72504358	        -13.45028991	         17.92341689	         48.37671658	         -7.97794200	        -13.45030820	         10.38696841	         11.47589783	          0.01000046	          0.01000033	          0.01000028	          0.06113844	          0.01470582	          0.01000177	          0.01000316	          0.01000019	          0.01000013	          0.10342703	          0.11017424	          0.09391581	          0.06929959	          0.01000096	          0.01000060	          0.01000014	          0.15555196	          0.16581934	          0.03971667	          0.01000029	          0.01000012	          0.01000010	          0.05007028	          0.05452690	          0.01000183	          0.01054408	          0.01000154	          0.03001916	          0.01000048	          0.01000047	          0.01000035	          0.01000010	          0.01000021	          0.01000003	          0.01000025	          0.01000129	          0.01000092	          0.13408434	          0.05721769	          0.01000256	          0.27451677	          0.22122009	          0.26465937	          0.39151154	          0.22748598	          0.19397755	          0.22757386	          0.24300111	          0.24544085	          0.03097265	          0.03288677	          0.02816032	          0.01000049	          0.01000122	          0.01000053	          0.01000089	          0.01238845	          0.02536884	          0.05721724	          0.01000237	          0.01000291	          0.01000156	          0.10800339	          0.05500264	          0.04337729	          0.01000019	          0.01000019	          0.01000162	          0.01001130	          0.13851371	          0.01000186	          0.09542896	          0.09848636	          0.08185108	          0.14720231	          0.10596734	          0.06545916	          0.14546788	          0.03053232	          0.05009531	          0.05338918	          0.05002655	          0.06425509	          0.01756871	          0.02791394	          0.01436961	          0.06326355	          0.02417748	          0.01199339	          0.01000016	          0.01000038	          0.01000016	
          1.94127119	         -6.35614116	          3.92575165	         -3.95948162	          2.35490055	          0.84360430	         -0.00328618	         20.22528866	         -1.42558581	          2.18245465	        -61.55004567	         10.73507104	          3.82172971	          2.52796416	          9.64143233	          9.09055798	         11.20454605	         -9.12995050	          6.74267752	        -10.46076240	          3.29783337	         -2.64222507	         -6.27733883	          0.90219392	         10.57218510	        -13.45078180	         17.65808994	         46.34702743	         -5.94557835	        -13.45050177	          9.99037315	         11.66801432	          0.01000041	          0.01000032	          0.01000027	          0.05155258	          0.01240044	          0.01000156	          0.01000249	          0.01000018	          0.01000010	          0.08721082	          0.12132009	          0.10314776	          0.07440978	          0.01000128	          0.01000058	          0.01000013	          0.14816936	          0.16907929	          0.03348962	          0.01000027	          0.01000012	          0.01000010	          0.05413391	          0.05876865	          0.01000200	          0.05070381	          0.01000144	          0.02903479	          0.01000058	          0.01000057	          0.01000044	          0.01000009	          0.01000019	          0.01000002	          0.01000026	          0.01000125	          0.01000091	          0.14745749	          0.07495588	          0.01000174	          0.28881448	          0.21846794	          0.26523836	          0.37212790	          0.21370416	          0.18575769	          0.23035391	          0.24927923	          0.25294781	          0.02892305	          0.02842166	          0.02615806	          0.01000049	          0.01000128	          0.01000047	          0.01000082	          0.01044942	          0.02139284	          0.05266639	          0.01000294	          0.01000262	          0.01000149	          0.10153720	          0.05144746	          0.04048425	          0.01000019	          0.01000020	          0.01000150	          0.01001214	          0.15365268	          0.01000290	          0.08752100	          0.09008719	          0.07538548	          0.17076982	          0.13685465	          0.06563403	          0.15026802	          0.03650019	          0.05458996	          0.04501829	          0.05330675	          0.06716964	          0.01481511	          0.02353740	          0.01211735	          0.06110024	          0.02111739	          0.01143342	          0.01000016	          0.01000041	          0.01000016	
          1.95242792	         -6.35979654	          3.83157193	         -3.76176956	          2.36704867	          0.84447037	         -0.00351957	         22.08384905	         -1.39378326	          2.01093952	        -61.28454843	         11.79773048	          3.51813795	          2.17534098	          8.23377022	          8.95856182	         11.52164967	         -8.14077894	          6.48170253	        -10.37208798	          3.96009589	         -2.70198938	         -6.25635714	          0.81949896	          9.41128217	        -13.45138350	         17.39518140	         44.25445052	         -3.92805436	        -13.45081878	          9.63488246	         12.08799292	          0.01000033	          0.01000030	          0.01000028	          0.04346969	          0.01045673	          0.01000138	          0.01000188	          0.01000016	          0.01000009	          0.07353705	          0.13027339	          0.11131491	          0.08368830	          0.01000125	          0.01000055	          0.01000013	          0.14118767	          0.16762526	          0.02823889	          0.01000025	          0.01000011	          0.01000010	          0.05766828	          0.06270824	          0.01000228	          0.09042370	          0.01000161	          0.02846002	          0.01000077	          0.01000077	          0.01000058	          0.01000009	          0.01000019	          0.01000003	          0.01000024	          0.01000118	          0.01000088	          0.16012150	          0.08877673	          0.01180047	          0.29686672	          0.21703414	          0.26440445	          0.35201452	          0.20081784	          0.17700799	          0.23324025	          0.25330494	          0.25697574	          0.02677860	          0.02470091	          0.02404472	          0.01000056	          0.01000153	          0.01000045	          0.01000078	          0.01000911	          0.01804045	          0.04819473	          0.01000420	          0.01000252	          0.01000151	          0.09573162	          0.04836692	          0.03682404	          0.01000021	          0.01000022	          0.01000151	          0.01001343	          0.16664804	          0.01000500	          0.07988127	          0.08199373	          0.06891158	          0.19437026	          0.16693151	          0.06563940	          0.15493078	          0.04350530	          0.05961800	          0.03795988	          0.05346612	          0.06924171	          0.01249362	          0.01984707	          0.01021887	          0.05919285	          0.01817271	          0.01154047	          0.01000017	          0.01000049	          0.01000016	
          1.96358465	         -6.36383135	          3.72543509	         -3.54823022	          2.37920455	          0.84518208	         -0.00374035	         23.86463258	         -1.35236688	          1.85396871	        -60.73281207	         12.74947529	          3.19190757	          1.86537722	          6.81565799	          8.79736176	         11.82025001	         -7.12992804	          6.20551429	        -10.26387242	          4.66797608	         -2.76083936	         -6.21896393	          0.73480639	          8.24256331	        -13.45216242	         17.13922536	         42.11547399	         -1.94024557	        -13.45161320	          9.34514528	         12.75510826	          0.01000026	          0.01000029	          0.01000031	          0.03665412	          0.01000128	          0.01000127	          0.01000140	          0.01000014	          0.01000008	          0.06200717	          0.13889575	          0.11887735	          0.09354672	          0.01000134	          0.01000056	          0.01000013	          0.13467733	          0.16223533	          0.02381142	          0.01000025	          0.01000012	          0.01000012	          0.06100284	          0.06673930	          0.01150559	          0.11623349	          0.01000221	          0.02795485	          0.01000152	          0.01000150	          0.01000111	          0.01000009	          0.01000018	          0.01000003	          0.01000026	          0.01000121	          0.01000090	          0.17232608	          0.09601182	          0.01730875	          0.29742935	          0.21654235	          0.26004276	          0.33166989	          0.18880017	          0.16894869	          0.24012579	          0.25732444	          0.25694487	          0.02515202	          0.02143034	          0.02216608	          0.01000064	          0.01000179	          0.01000041	          0.01000073	          0.01001020	          0.01521412	          0.04291067	          0.01000738	          0.01000235	          0.01000151	          0.09096045	          0.04611355	          0.03284160	          0.01000023	          0.01000024	          0.01000141	          0.01001458	          0.17566977	          0.01000659	          0.07232520	          0.07391497	          0.06265611	          0.21783879	          0.19643746	          0.06568034	          0.15940538	          0.05151274	          0.06498307	          0.03200816	          0.05132826	          0.07051316	          0.01053735	          0.01673537	          0.01000449	          0.05751099	          0.01547605	          0.01229283	          0.01000018	          0.01000056	          0.01000016	
          1.97474138	         -6.36832539	          3.60829825	         -3.32022450	          2.39137841	          0.84572957	         -0.00394861	         25.55434443	         -1.30095276	          1.71193948	        -59.89239958	         13.57683470	          2.84763659	          1.59316850	          5.39176954	          8.60912611	         12.09925248	         -6.10712547	          5.91665080	        -10.13638312	          5.41675261	         -2.81854548	         -6.16557276	          0.64835980	          7.06528081	        -13.45313017	         16.89303968	         39.94860703	          0.00619737	        -13.45320773	          9.14416805	         13.67905090	          0.01000026	          0.01000029	          0.01000031	          0.03090717	          0.01000153	          0.01000118	          0.01000102	          0.01000013	          0.01000007	          0.05228505	          0.14856999	          0.12734922	          0.10923215	          0.01000156	          0.01000060	          0.01000014	          0.12837783	          0.15685955	          0.02007814	          0.01000025	          0.01000013	          0.01000013	          0.06523491	          0.07131688	          0.02344798	          0.12335193	          0.01000192	          0.02716049	          0.01000870	          0.01000945	          0.01000500	          0.01000009	          0.01000019	          0.01000003	          0.01000029	          0.01000134	          0.01000100	          0.18322470	          0.09872634	          0.02588039	          0.28945300	          0.21668274	          0.25291863	          0.31266931	          0.17702334	          0.15879296	          0.24084421	          0.25781425	          0.25448644	          0.02436675	          0.01898995	          0.02097716	          0.01000066	          0.01000190	          0.01000038	          0.01000069	          0.01000915	          0.01283190	          0.04021133	          0.01000840	          0.01000217	          0.01000147	          0.08659613	          0.04439079	          0.03048574	          0.01000024	          0.01000024	          0.01000130	          0.01001469	          0.18042936	          0.01001266	          0.06296035	          0.06355652	          0.05505874	          0.24117621	          0.22556903	          0.06599594	          0.16390605	          0.06029716	          0.07025160	          0.02698962	          0.04572979	          0.07069548	          0.01000723	          0.01411157	          0.01000539	          0.05614513	          0.01324016	          0.01293306	          0.01000017	          0.01000058	          0.01000016	
          1.98589811	         -6.37332544	          3.48113608	         -3.07911672	          2.40357893	          0.84610382	         -0.00414388	         27.14175483	         -1.23849958	          1.58388979	        -58.76556185	         14.27036302	          2.49020877	          1.35652393	          3.96797021	          8.39653201	         12.35750413	         -5.08454251	          5.61909197	         -9.99040307	          6.20327096	         -2.87488238	         -6.09670744	          0.56037146	          5.87753143	        -13.45425803	         16.65755294	         37.77478138	          1.90436877	        -13.45559612	          9.04860280	         14.85580887	          0.01000026	          0.01000030	          0.01000031	          0.02606130	          0.01000143	          0.01000115	          0.01000065	          0.01000013	          0.01000007	          0.04408727	          0.16154375	          0.13622972	          0.12404710	          0.01000158	          0.01000060	          0.01000015	          0.12197146	          0.15121985	          0.01693022	          0.01000025	          0.01000013	          0.01000013	          0.07067227	          0.07672896	          0.03835988	          0.12181886	          0.01000184	          0.02601847	          0.01097718	          0.01125735	          0.01001642	          0.01000009	          0.01000020	          0.01000004	          0.01000038	          0.01000163	          0.01000119	          0.19274813	          0.09891742	          0.03657125	          0.27385832	          0.21753389	          0.24241983	          0.29433787	          0.16641606	          0.14873516	          0.24291595	          0.25527443	          0.24990536	          0.02552467	          0.01779032	          0.02083766	          0.01000075	          0.01000229	          0.01000038	          0.01000071	          0.01000864	          0.01082617	          0.03436267	          0.01726403	          0.01000218	          0.01000153	          0.08316145	          0.04319016	          0.02996380	          0.01000026	          0.01000027	          0.01000133	          0.01001498	          0.18502579	          0.01001499	          0.05309171	          0.05359463	          0.04642910	          0.26419559	          0.25425059	          0.06647840	          0.16812035	          0.06872001	          0.07506885	          0.02275795	          0.03859299	          0.06996965	          0.01000843	          0.01189922	          0.01000443	          0.05491008	          0.01131243	          0.01431891	          0.01000018	          0.01000069	          0.01000016	
          1.99705484	         -6.37886926	          3.34487898	         -2.82644966	          2.41581320	          0.84629732	         -0.00432547	         28.61786159	         -1.16376098	          1.46856535	        -57.35640121	         14.82656448	          2.12450558	          1.15490022	          2.55068134	          8.16245975	         12.59382532	         -4.07536991	          5.31792839	         -9.82724409	          7.02533083	         -2.92968982	         -6.01280015	          0.47098067	          4.67666110	        -13.45552885	         16.43192354	         35.61683956	          3.75263132	        -13.45805810	          9.06694103	         16.26572404	          0.01000026	          0.01000030	          0.01000033	          0.02197523	          0.01000133	          0.01000111	          0.01000036	          0.01000013	          0.01000007	          0.03717483	          0.17436430	          0.14438701	          0.13832301	          0.01000193	          0.01000067	          0.01000016	          0.11617552	          0.14266768	          0.01427590	          0.01000026	          0.01000014	          0.01000015	          0.07653399	          0.08282404	          0.05445755	          0.11606413	          0.01000175	          0.02454822	          0.01073030	          0.01095247	          0.01000749	          0.01000012	          0.01000024	          0.01000005	          0.01000034	          0.01000165	          0.01000124	          0.20064627	          0.10001303	          0.04642950	          0.25261304	          0.21937028	          0.22882547	          0.27674586	          0.15697526	          0.14014859	          0.23998586	          0.25042038	          0.24554782	          0.02846555	          0.02146245	          0.02212185	          0.01000086	          0.01000251	          0.01000036	          0.01000069	          0.01000798	          0.01001756	          0.02897840	          0.05268785	          0.01000207	          0.01000156	          0.08047406	          0.04304926	          0.02528189	          0.01000028	          0.01000028	          0.01000123	          0.01001466	          0.19038244	          0.01000339	          0.04476835	          0.04519252	          0.03915041	          0.28671214	          0.28231579	          0.06699573	          0.17220756	          0.07682498	          0.07966177	          0.01918978	          0.03254670	          0.06786578	          0.01000678	          0.01003391	          0.01000485	          0.05358106	          0.01000308	          0.01667987	          0.01000019	          0.01000073	          0.01000016	
          2.00821157	         -6.38499005	          3.20032383	         -2.56402110	          2.42808697	          0.84630381	         -0.00449228	         29.97703235	         -1.07547687	          1.36469088	        -55.67356711	         15.24953917	          1.75533115	          0.98716285	          1.14599222	          7.90981236	         12.80689465	         -3.09232816	          5.01974174	         -9.64881636	          7.88060729	         -2.98286462	         -5.91408359	          0.38011648	          3.45940867	        -13.45660976	         16.21142938	         33.49918141	          5.55347461	        -13.45976540	          9.20329528	         17.87699734	          0.01000028	          0.01000033	          0.01000035	          0.01852983	          0.01000137	          0.01000113	          0.01000020	          0.01000014	          0.01000007	          0.03134619	          0.18622528	          0.15100830	          0.15087113	          0.01000242	          0.01000077	          0.01000019	          0.11151941	          0.13000756	          0.01203783	          0.01000028	          0.01000016	          0.01000017	          0.08337716	          0.08969966	          0.06938703	          0.10935978	          0.01000164	          0.02276361	          0.01000900	          0.01001029	          0.01000225	          0.01000013	          0.01000028	          0.01000006	          0.01000059	          0.01000233	          0.01000175	          0.20833784	          0.10202010	          0.05586042	          0.22826092	          0.22292030	          0.21291011	          0.26109197	          0.14815452	          0.13257699	          0.23801889	          0.24795329	          0.24550774	          0.03132724	          0.02654977	          0.02247194	          0.01000106	          0.01000253	          0.01000035	          0.01000070	          0.01000768	          0.01002314	          0.02443604	          0.09174668	          0.01000201	          0.01000168	          0.07671636	          0.04242508	          0.02132059	          0.01000028	          0.01000029	          0.01000122	          0.01001453	          0.19949695	          0.01000141	          0.03774958	          0.03810731	          0.03301250	          0.30845558	          0.30954107	          0.06763133	          0.17631835	          0.08555007	          0.08391591	          0.01618108	          0.02744717	          0.06393119	          0.01000678	          0.01000103	          0.01000364	          0.05250414	          0.01000045	          0.02040816	          0.01000021	          0.01167085	          0.01000015	
          2.01936830	         -6.39171411	          3.04822571	         -2.29384951	          2.44040605	          0.84611820	         -0.00464326	         31.21676366	         -0.97287057	          1.27152511	        -53.73068418	         15.55169681	          1.38585275	          0.84944638	         -0.24163289	          7.64114032	         12.99554498	         -2.14519995	          4.73103376	         -9.45611652	          8.76646612	         -3.03428523	         -5.80054903	          0.28758685	          2.22227210	        -13.45677248	         15.98679703	         31.44606831	          7.31127846	        -13.46037507	          9.45868941	         19.65238902	          0.01000029	          0.01000034	          0.01000037	          0.01562468	          0.01000135	          0.01000114	          0.01000013	          0.01000015	          0.01000007	          0.02643144	          0.19966365	          0.15419456	          0.15251360	          0.01000272	          0.01000082	          0.01000020	          0.10741996	          0.12098766	          0.01015088	          0.01000029	          0.01000017	          0.01000018	          0.09086785	          0.09675729	          0.07735296	          0.10140443	          0.01000170	          0.02130157	          0.01000394	          0.01000438	          0.01000131	          0.01000016	          0.01000033	          0.01000009	          0.01000055	          0.01000239	          0.01000186	          0.21553506	          0.10588344	          0.06362894	          0.20885613	          0.22800150	          0.19735300	          0.24926308	          0.14248730	          0.13096661	          0.24126000	          0.25400939	          0.24951803	          0.03342890	          0.02807033	          0.02135816	          0.01000243	          0.01000571	          0.01000038	          0.01000069	          0.01000650	          0.01001711	          0.02060535	          0.12736497	          0.01000220	          0.01000204	          0.07148740	          0.03664812	          0.01797872	          0.01000042	          0.01000043	          0.01000140	          0.01002221	          0.20700426	          0.01000086	          0.03183115	          0.03213284	          0.02783681	          0.32896485	          0.33504240	          0.06833819	          0.17991720	          0.09216447	          0.08676026	          0.01364417	          0.02314553	          0.06020113	          0.01000549	          0.01000154	          0.01000541	          0.05126665	          0.01000050	          0.02444724	          0.01000020	          0.01562004	          0.01000015	
          2.03052504	         -6.39909419	          2.88902289	         -2.01794388	          2.45277597	          0.84573740	         -0.00477871	         32.33725330	         -0.85647034	          1.18945041	        -51.54680222	         15.75240340	          1.01648620	          0.73548274	         -1.60928093	          7.35822339	         13.15877351	         -1.24083472	          4.45703402	         -9.24906454	          9.68103659	         -3.08407701	         -5.67156118	          0.19347386	          0.96178672	        -13.45575224	         15.74703966	         29.48104799	          9.03076952	        -13.45991995	          9.82984665	         21.55506184	          0.01000031	          0.01000038	          0.01000042	          0.01317509	          0.01000139	          0.01000120	          0.01000010	          0.01000016	          0.01000008	          0.02228727	          0.20751394	          0.15343736	          0.14657565	          0.01000373	          0.01000098	          0.01000023	          0.10351591	          0.10684267	          0.01000142	          0.01000033	          0.01000019	          0.01000022	          0.09852863	          0.10374857	          0.08131972	          0.09229888	          0.01000177	          0.01994631	          0.01000359	          0.01000418	          0.01000113	          0.01000017	          0.01000035	          0.01000010	          0.01000064	          0.01000267	          0.01000213	          0.22278270	          0.11010658	          0.07081601	          0.19196451	          0.23466727	          0.18168204	          0.24252822	          0.14112262	          0.13191848	          0.25446941	          0.26613197	          0.25732781	          0.03353191	          0.02678373	          0.01989781	          0.02652105	          0.01001289	          0.01000037	          0.01000065	          0.01000556	          0.01001509	          0.01737523	          0.16022305	          0.01000213	          0.01000212	          0.06920256	          0.03452804	          0.01516078	          0.01000049	          0.01000050	          0.01000132	          0.01002622	          0.21552535	          0.01000071	          0.02684067	          0.02709512	          0.02347263	          0.34798049	          0.35867628	          0.06984748	          0.18345326	          0.09928539	          0.08913314	          0.01150515	          0.01952049	          0.05859722	          0.01000613	          0.01000158	          0.01000566	          0.04993700	          0.01000046	          0.02688604	          0.01000020	          0.01953941	          0.01000015	
          2.04168177	         -6.40715102	          2.72251208	         -1.73783005	          2.46520313	          0.84516138	         -0.00489886	         33.34057060	         -0.72746077	          1.11939763	        -49.14742561	         15.87301095	          0.64666063	          0.63936455	         -2.95253400	          7.06264016	         13.29509190	         -0.38946970	          4.20343991	         -9.02748392	         10.62439630	         -3.13229679	         -5.52607318	          0.09798129	         -0.32562406	        -13.45378316	         15.48142242	         27.62701659	         10.71604233	        -13.45859082	         10.30765736	         23.55106079	          0.01000034	          0.01000042	          0.01000047	          0.01110977	          0.01000153	          0.01000132	          0.01000008	          0.01000017	          0.01000008	          0.01879287	          0.20764271	          0.14919160	          0.13755753	          0.01000424	          0.01000109	          0.01000026	          0.10029711	          0.09214002	          0.01000176	          0.01000036	          0.01000021	          0.01000025	          0.10590709	          0.11018499	          0.08393518	          0.08209791	          0.01000191	          0.01865686	          0.01000336	          0.01000426	          0.01000096	          0.01000018	          0.01000037	          0.01000012	          0.01000072	          0.01000289	          0.01000236	          0.22953946	          0.11404606	          0.07728245	          0.17767937	          0.24226891	          0.16663938	          0.23897612	          0.14398831	          0.13430671	          0.27479871	          0.28005532	          0.26673798	          0.03277701	          0.02259600	          0.01823469	          0.06693024	          0.01001166	          0.01000035	          0.01000063	          0.01000486	          0.01001402	          0.01465163	          0.19084694	          0.01000202	          0.01000202	          0.07138179	          0.03764675	          0.01278489	          0.01000053	          0.01000053	          0.01000123	          0.01002121	          0.22371208	          0.01000075	          0.02263269	          0.02284731	          0.01979276	          0.36566620	          0.38079589	          0.07245816	          0.18751889	          0.10705702	          0.09263738	          0.01000073	          0.01853065	          0.05717758	          0.01000727	          0.01000165	          0.01000513	          0.04879036	          0.01000038	          0.02776404	          0.01000020	          0.02295039	          0.01000015	
          2.05283850	         -6.41583216	          2.54781317	         -1.45455380	          2.47769593	          0.84439502	         -0.00500346	         34.22986994	         -0.58690918	          1.06230816	        -46.56247629	         15.93341134	          0.27572680	          0.55737841	         -4.26421688	          6.75619625	         13.40261292	          0.39302684	          3.97758318	         -8.79129208	         11.59700796	         -3.17869804	         -5.36266928	          0.00136998	         -1.64378377	        -13.45142435	         15.17949781	         25.90656541	         12.36956722	        -13.45664432	         10.87906637	         25.61105325	          0.01000038	          0.01000048	          0.01000055	          0.01000137	          0.01000164	          0.01000146	          0.01000008	          0.01000018	          0.01000009	          0.01584637	          0.20262981	          0.14468466	          0.12797355	          0.01000560	          0.01000132	          0.01000032	          0.09621484	          0.08024181	          0.01000156	          0.01000042	          0.01000025	          0.01000030	          0.11361838	          0.11608977	          0.08750931	          0.07123374	          0.01000209	          0.01763823	          0.01000475	          0.01000703	          0.01000101	          0.01000018	          0.01000036	          0.01000014	          0.01000072	          0.01000296	          0.01000247	          0.23564145	          0.11778842	          0.08299373	          0.16543907	          0.25055822	          0.15252967	          0.23718031	          0.14741501	          0.13819608	          0.29102340	          0.29398048	          0.27555821	          0.03254304	          0.01905576	          0.01538396	          0.10776721	          0.01019200	          0.01000033	          0.01000058	          0.01000408	          0.01001227	          0.01235516	          0.21857944	          0.01000194	          0.01000189	          0.07205869	          0.03423006	          0.01078211	          0.01000060	          0.01000060	          0.01000109	          0.01002010	          0.23067184	          0.01000078	          0.01908452	          0.01926557	          0.01668992	          0.38182341	          0.40131939	          0.07575446	          0.19171267	          0.11541755	          0.09629438	          0.01000084	          0.01784835	          0.05469397	          0.01000640	          0.01000139	          0.01000455	          0.04821548	          0.01000041	          0.02919484	          0.01000019	          0.02659232	          0.01000015	
          2.06399523	         -6.42504224	          2.36381534	         -1.16902363	          2.49026631	          0.84344913	         -0.00509225	         35.00919937	         -0.43554037	          1.01915068	        -43.82433189	         15.95092517	         -0.09698194	          0.48750014	         -5.53760592	          6.44037233	         13.47956887	          1.09162706	          3.78506706	         -8.53949514	         12.59903599	         -3.22263332	         -5.17959858	         -0.09607068	         -2.99744492	        -13.44978797	         14.82965372	         24.34452002	         13.99095777	        -13.45444844	         11.52873490	         27.71199881	          0.01000039	          0.01000050	          0.01000056	          0.01000195	          0.01000171	          0.01000151	          0.01000008	          0.01000019	          0.01000009	          0.01336188	          0.17829255	          0.14136343	          0.11592974	          0.01000585	          0.01000135	          0.01000033	          0.08978638	          0.07358167	          0.01000166	          0.01000043	          0.01000026	          0.01000032	          0.12146595	          0.12094017	          0.09321038	          0.06031061	          0.01000224	          0.01706005	          0.01000235	          0.01000295	          0.01000073	          0.01000018	          0.01000038	          0.01000015	          0.01000085	          0.01000333	          0.01000280	          0.24154218	          0.12227859	          0.08814219	          0.15302871	          0.25926400	          0.14008093	          0.23641094	          0.14830512	          0.14034143	          0.30520352	          0.30551849	          0.28362707	          0.02858738	          0.01606941	          0.01297370	          0.14445651	          0.04805003	          0.01000035	          0.01000058	          0.01000361	          0.01001101	          0.01041912	          0.24344495	          0.01000205	          0.01000206	          0.06349759	          0.02891399	          0.01000379	          0.01000086	          0.01000078	          0.01000121	          0.01002649	          0.23653793	          0.01000076	          0.01609271	          0.01624548	          0.01407364	          0.39628478	          0.42019578	          0.08031274	          0.19633593	          0.12504125	          0.10115254	          0.01000236	          0.01506676	          0.05162178	          0.01001292	          0.01000508	          0.01001238	          0.04797985	          0.01000037	          0.03072869	          0.01000018	          0.03166380	          0.01000015	
          2.07515196	         -6.43468210	          2.16946032	         -0.88202688	          2.50293002	          0.84234180	         -0.00516522	         35.68173187	         -0.27364857	          0.99111975	        -40.96380597	         15.94013523	         -0.47211392	          0.42826898	         -6.76624379	          6.11639957	         13.52441722	          1.69177467	          3.63022570	         -8.26986762	         13.62946366	         -3.26311744	         -4.97501881	         -0.19399785	         -4.39273130	        -13.45122473	         14.42238430	         22.97006467	         15.57602020	        -13.45223096	         12.23683473	         29.83883873	          0.01000041	          0.01000053	          0.01000062	          0.01000192	          0.01000177	          0.01000160	          0.01000007	          0.01000020	          0.01000009	          0.01126700	          0.15033903	          0.13825964	          0.10559325	          0.01000472	          0.01000134	          0.01000035	          0.08341636	          0.06230556	          0.01000163	          0.01000046	          0.01000028	          0.01000033	          0.12647480	          0.12290983	          0.09798406	          0.05086419	          0.01000248	          0.01689657	          0.01000199	          0.01000237	          0.01000068	          0.01000021	          0.01000043	          0.01000020	          0.01000078	          0.01000307	          0.01000275	          0.24713773	          0.12686885	          0.09322139	          0.14091784	          0.26854767	          0.13007627	          0.23618103	          0.14836288	          0.14080377	          0.31646583	          0.31649562	          0.29097561	          0.02410929	          0.01355110	          0.01094082	          0.17323291	          0.09483418	          0.01000040	          0.01000060	          0.01000326	          0.01001000	          0.01000250	          0.26697846	          0.01000241	          0.01000237	          0.05363592	          0.02439275	          0.01000336	          0.01000364	          0.01394719	          0.01000128	          0.01003361	          0.23984375	          0.01000079	          0.01357013	          0.01369908	          0.01186772	          0.40897364	          0.43766601	          0.08822861	          0.20226197	          0.13790289	          0.11119845	          0.01394782	          0.01712221	          0.04788888	          0.01018899	          0.02117988	          0.01014934	          0.04821422	          0.01000038	          0.03254216	          0.01000017	          0.03622281	          0.01000014	
          2.08630869	         -6.44460268	          1.96368859	         -0.59432728	          2.51570603	          0.84109443	         -0.00522238	         36.25049149	         -0.10115676	          0.97920034	        -38.01316625	         15.91383958	         -0.85025768	          0.37839131	         -7.94393149	          5.78543030	         13.53531777	          2.17929617	          3.51626458	         -7.98032257	         14.68623379	         -3.29884660	         -4.74704045	         -0.29210131	         -5.83679438	        -13.46033549	         13.95849962	         21.81741418	         17.11713887	        -13.45051014	         12.98231886	         31.98366048	          0.01000049	          0.01000065	          0.01000076	          0.01000227	          0.01000207	          0.01000188	          0.01000007	          0.01000022	          0.01000010	          0.01000035	          0.12676761	          0.12678216	          0.10565740	          0.01000931	          0.01000196	          0.01000047	          0.07400531	          0.05257238	          0.01000157	          0.01000058	          0.01000036	          0.01000046	          0.12561151	          0.12063556	          0.09972171	          0.04289288	          0.01000276	          0.01656294	          0.01000452	          0.01000699	          0.01000097	          0.01000015	          0.01000032	          0.01000015	          0.01000146	          0.01000479	          0.01000403	          0.25329022	          0.13189426	          0.09803719	          0.13166069	          0.27728866	          0.12468421	          0.23713937	          0.15035191	          0.14224580	          0.33153252	          0.32753407	          0.29466778	          0.02033257	          0.01142865	          0.01000275	          0.18528103	          0.10587886	          0.01000038	          0.01000057	          0.01000284	          0.01000924	          0.01000345	          0.28783196	          0.01000223	          0.01000229	          0.06172842	          0.02641047	          0.01000417	          0.01000415	          0.04274265	          0.01000130	          0.01003947	          0.24103686	          0.01000084	          0.01144358	          0.01155262	          0.01000856	          0.41931449	          0.45305659	          0.09937919	          0.20915114	          0.15345700	          0.12474515	          0.02486568	          0.03106404	          0.04222875	          0.02064501	          0.03177380	          0.01101242	          0.04738778	          0.01000025	          0.03348390	          0.01000016	          0.04301733	          0.01000013	
          2.09746542	         -6.45467652	          1.74533498	         -0.30631286	          2.52861218	          0.83973087	         -0.00526354	         36.71869960	          0.08252479	          0.98391156	        -35.01104043	         15.88298817	         -1.23196896	          0.33669749	         -9.06232590	          5.44863537	         13.51005600	          2.53762137	          3.44118133	         -7.66887234	         15.77277178	         -3.32894115	         -4.49388242	         -0.39002256	         -7.33681726	        -13.48241524	         13.44600496	         20.92193139	         18.60568282	        -13.44979802	         13.74523709	         34.14134884	          0.01000061	          0.01000078	          0.01000091	          0.01000262	          0.01000234	          0.01000215	          0.01000007	          0.01000023	          0.01000011	          0.01000033	          0.10689184	          0.11529172	          0.11725933	          0.01031918	          0.01000382	          0.01000073	          0.06240461	          0.04435355	          0.01000139	          0.01000073	          0.01000048	          0.01000069	          0.11361684	          0.10922748	          0.09657645	          0.03616998	          0.01000317	          0.01652765	          0.01201422	          0.01250124	          0.01000480	          0.01000019	          0.01000037	          0.01000034	          0.01000063	          0.01000276	          0.01000264	          0.26179805	          0.13671240	          0.10104333	          0.14088869	          0.28783192	          0.12920345	          0.23761457	          0.15446424	          0.14619447	          0.34096550	          0.33084639	          0.29507255	          0.01715122	          0.01000543	          0.01000436	          0.18162832	          0.11179053	          0.01000036	          0.01000054	          0.01000243	          0.01000829	          0.01000319	          0.30121394	          0.01000215	          0.01000210	          0.05903367	          0.02276284	          0.01000384	          0.01000658	          0.09452260	          0.01000116	          0.01003072	          0.24169701	          0.01000084	          0.01000351	          0.01000454	          0.01000356	          0.42665273	          0.46565257	          0.11311144	          0.21681861	          0.17013565	          0.14073269	          0.03323381	          0.03872850	          0.03739449	          0.03101058	          0.03833947	          0.01922972	          0.04671518	          0.01000025	          0.03332472	          0.01000016	          0.05153710	          0.01000013	
          2.10862215	         -6.46478488	          1.51339919	         -0.01789311	          2.54166810	          0.83828226	         -0.00528862	         37.08580290	          0.27872336	          1.00570094	        -32.00610789	         15.85882313	         -1.61746957	          0.30238787	        -10.11100727	          5.10735970	         13.44648714	          2.74755327	          3.39708322	         -7.33310793	         16.89909071	         -3.35242538	         -4.21408255	         -0.48722481	         -8.89831018	        -13.52138219	         12.89765564	         20.31201669	         20.03149313	        -13.44978576	         14.50459934	         36.30812997	          0.01000073	          0.01000097	          0.01000116	          0.01000308	          0.01000278	          0.01000250	          0.01000007	          0.01000023	          0.01000011	          0.01000028	          0.09013236	          0.10510620	          0.10687988	          0.06597970	          0.01000537	          0.01000101	          0.05262112	          0.03741731	          0.01000125	          0.01000092	          0.01000062	          0.01000097	          0.09580441	          0.09210347	          0.08330051	          0.03050077	          0.01000275	          0.01879662	          0.01564958	          0.01609329	          0.01174842	          0.01000011	          0.01000024	          0.01000015	          0.01000072	          0.01000259	          0.01000232	          0.27348542	          0.14188963	          0.10525319	          0.16542763	          0.29787018	          0.14455497	          0.23828372	          0.15469773	          0.14494351	          0.33879775	          0.32803122	          0.29516554	          0.01446739	          0.01000474	          0.01000250	          0.16914350	          0.12030620	          0.01000040	          0.01000057	          0.01000233	          0.01000827	          0.01000322	          0.31399177	          0.01000240	          0.01000231	          0.05005194	          0.01929470	          0.01000406	          0.02029671	          0.15097177	          0.01000122	          0.01002815	          0.24121358	          0.01000103	          0.01000442	          0.01000576	          0.01000365	          0.43016981	          0.47478401	          0.12873224	          0.22482391	          0.18940118	          0.15948558	          0.03451967	          0.03298843	          0.03153316	          0.03300091	          0.03493729	          0.02655046	          0.04709132	          0.01000021	          0.03274684	          0.01000015	          0.06057275	          0.01000012	
          2.11977888	         -6.47480281	          1.26758140	          0.27118125	          2.55489653	          0.83678947	         -0.00529762	         37.34629998	          0.48938544	          1.04489802	        -29.05549900	         15.85088325	         -2.00692670	          0.27463779	        -11.07882439	          4.76318820	         13.34312700	          2.78899872	          3.37355423	         -6.96962407	         18.07557989	         -3.36790943	         -3.90691085	         -0.58308447	        -10.52359883	        -13.57894317	         12.33046968	         20.00482206	         21.38258919	        -13.44974193	         15.24100832	         38.48045616	          0.01000118	          0.01000141	          0.01000152	          0.01000507	          0.01000408	          0.01000347	          0.01000008	          0.01000027	          0.01000013	          0.01000025	          0.07600059	          0.08864398	          0.10277068	          0.08195871	          0.04039055	          0.01000231	          0.04437113	          0.03156761	          0.01000130	          0.01000141	          0.01000099	          0.01000168	          0.08078342	          0.07766275	          0.07397136	          0.02572037	          0.01000429	          0.01668023	          0.01503055	          0.01536748	          0.01396966	          0.01000007	          0.01000016	          0.01000008	          0.01000099	          0.01000316	          0.01000247	          0.28030386	          0.14669993	          0.10933338	          0.17647105	          0.30484191	          0.15000370	          0.24203012	          0.15812863	          0.14634507	          0.33425373	          0.32779332	          0.29448254	          0.02023525	          0.01000627	          0.01000247	          0.14274006	          0.12653324	          0.01000042	          0.01000058	          0.01000216	          0.01000793	          0.01000318	          0.32220853	          0.01000249	          0.01000253	          0.04898659	          0.01900545	          0.01000444	          0.04959466	          0.20701922	          0.01000136	          0.01003815	          0.23753929	          0.01000073	          0.01000339	          0.01000442	          0.01000286	          0.42918705	          0.48030329	          0.14629282	          0.23599093	          0.21418108	          0.18556462	          0.03180137	          0.02781672	          0.02658928	          0.02782835	          0.02946002	          0.02782007	          0.04616788	          0.01000018	          0.03333764	          0.01000015	          0.07132019	          0.01000011	
          2.13093561	         -6.48470585	          1.00796943	          0.56088335	          2.56831575	          0.83529513	         -0.00529048	         37.49724134	          0.71638936	          1.10169409	        -26.21187673	         15.86475583	         -2.40028592	          0.25291848	        -11.95547911	          4.41788543	         13.19815180	          2.64408390	          3.36158850	         -6.57759664	         19.30656095	         -3.37484229	         -3.57190609	         -0.67710508	        -12.21038480	        -13.65464103	         11.75972781	         20.00554400	         22.64710574	        -13.44976218	         15.94140218	         40.65444724	          0.01000161	          0.01000188	          0.01000203	          0.01000634	          0.01000493	          0.01000413	          0.01000010	          0.01000036	          0.01000018	          0.01000029	          0.06408456	          0.07730227	          0.10288312	          0.08576368	          0.05495484	          0.01204355	          0.03741453	          0.02664123	          0.01000143	          0.01000216	          0.01000172	          0.01007541	          0.06811750	          0.06548612	          0.06602333	          0.02168952	          0.01000425	          0.01406544	          0.01267440	          0.01295851	          0.01178168	          0.01000015	          0.01000029	          0.01000021	          0.01000036	          0.01000176	          0.01000167	          0.28034339	          0.14929119	          0.11168788	          0.17801241	          0.31040485	          0.14849930	          0.24538826	          0.16427526	          0.15010012	          0.33934849	          0.33021926	          0.29190568	          0.02807678	          0.01336387	          0.01012915	          0.12036022	          0.12949982	          0.01000039	          0.01000055	          0.01000189	          0.01000715	          0.01000309	          0.32786662	          0.01000231	          0.01000272	          0.05226027	          0.02249818	          0.01000479	          0.08521195	          0.26166010	          0.01000140	          0.01005845	          0.23129220	          0.01000046	          0.01000237	          0.01000308	          0.01000203	          0.42320737	          0.48116999	          0.16611288	          0.24632688	          0.23925394	          0.21201356	          0.02681550	          0.02345565	          0.02242050	          0.02346572	          0.02484114	          0.02346036	          0.04357307	          0.01000014	          0.03465774	          0.01000015	          0.08419588	          0.01000011	
          2.14209234	         -6.49456519	          0.73503047	          0.85078168	          2.58193721	          0.83383504	         -0.00526672	         37.53923684	          0.96085885	          1.17651531	        -23.50393026	         15.90039911	         -2.79700824	          0.23685622	        -12.73195455	          4.07325344	         13.00990616	          2.29789878	          3.35418545	         -6.15706540	         20.59035977	         -3.37385253	         -3.20892109	         -0.76889335	        -13.94989082	        -13.74602607	         11.20057248	         20.30198997	         23.81411682	        -13.45093959	         16.59716753	         42.82620541	          0.01000166	          0.01000196	          0.01000218	          0.01000603	          0.01000479	          0.01000404	          0.01000077	          0.01000244	          0.01000101	          0.01000209	          0.05403684	          0.07983692	          0.10523881	          0.08207780	          0.05591258	          0.01757970	          0.03154858	          0.02251014	          0.01125894	          0.01000232	          0.01000191	          0.01297868	          0.05743742	          0.05521862	          0.05984780	          0.01829099	          0.01000340	          0.01186040	          0.01068745	          0.01092701	          0.01000048	          0.01000012	          0.01000029	          0.01000008	          0.01000185	          0.01000424	          0.01000320	          0.28110921	          0.15444979	          0.11690786	          0.16791396	          0.31426181	          0.14935073	          0.24693016	          0.16947655	          0.15104629	          0.34042063	          0.32526806	          0.28478017	          0.02367864	          0.01406531	          0.01223596	          0.10148901	          0.11136196	          0.01000035	          0.01000052	          0.01000169	          0.01000683	          0.01000381	          0.33264874	          0.01000200	          0.01000277	          0.05159352	          0.02423644	          0.01000597	          0.11961798	          0.31266179	          0.01000112	          0.01002750	          0.22571650	          0.01000023	          0.01000175	          0.01000224	          0.01000153	          0.41162710	          0.47653078	          0.18792047	          0.25643092	          0.26339165	          0.24027895	          0.02261116	          0.01977848	          0.01890549	          0.01978687	          0.02094637	          0.01978257	          0.03992676	          0.01000008	          0.03676395	          0.01000018	          0.09552623	          0.01000011	
          2.15324908	         -6.50429923	          0.45024261	          1.14027745	          2.59577231	          0.83243446	         -0.00522533	         37.47327270	          1.22323264	          1.26997708	        -20.94729132	         15.94743940	         -3.19664450	          0.22562426	        -13.40015624	          3.73154530	         12.77761301	          1.73685327	          3.34478280	         -5.70746432	         21.92220018	         -3.36531391	         -2.81898940	         -0.85817597	        -15.72630232	        -13.84823831	         10.66823877	         20.85881643	         24.87282669	        -13.45574363	         17.20387507	         44.99284996	          0.01000074	          0.01000118	          0.01000154	          0.01000314	          0.01000304	          0.01000302	          0.04178666	          0.01000107	          0.01000056	          0.01000150	          0.04556451	          0.06732743	          0.08885497	          0.07731581	          0.05891833	          0.02982299	          0.02660232	          0.01902742	          0.01001480	          0.01000114	          0.01000097	          0.02184377	          0.04843184	          0.04656092	          0.05284941	          0.01542578	          0.01000531	          0.01000318	          0.01000101	          0.01000108	          0.01000081	          0.01000024	          0.01000046	          0.01000020	          0.01000050	          0.01000217	          0.01000198	          0.27701735	          0.15698124	          0.11870482	          0.16723856	          0.31803783	          0.14572390	          0.24604767	          0.17388860	          0.15204505	          0.32366892	          0.31295945	          0.27619952	          0.01996668	          0.01186084	          0.01031865	          0.08557655	          0.10297382	          0.01000039	          0.01000057	          0.01000167	          0.01000673	          0.01000369	          0.33527110	          0.01000235	          0.01000220	          0.04431798	          0.02068206	          0.01000560	          0.18065210	          0.35805135	          0.01000129	          0.01002885	          0.21782549	          0.01000411	          0.01000403	          0.01000522	          0.01000366	          0.39493075	          0.46716721	          0.21074545	          0.26674219	          0.28920923	          0.26988659	          0.01906597	          0.01667855	          0.01667959	          0.01668471	          0.01766223	          0.01668114	          0.04414918	          0.01000014	          0.03233685	          0.01000013	          0.09989087	          0.01000010	
          2.16440581	         -6.51316074	          0.15544012	          1.42965803	          2.60983936	          0.83110974	         -0.00516639	         37.30438207	          1.50444480	          1.38314183	        -18.59860612	         15.98857098	         -3.59806123	          0.21886842	        -13.94615069	          3.39589434	         12.50269489	          0.93524876	          3.32927405	         -5.22826942	         23.29794565	         -3.34730340	         -2.40385850	         -0.94390913	        -17.51850338	        -13.95397439	         10.17785685	         21.61630918	         25.81334961	        -13.46497436	         17.75797733	         47.14716586	          0.01144355	          0.01000811	          0.01000532	          0.01005392	          0.01001810	          0.01001090	          0.09559210	          0.01000210	          0.01000117	          0.01000072	          0.03842054	          0.05677402	          0.07845560	          0.07265938	          0.06424421	          0.04124162	          0.02243158	          0.01606243	          0.01001161	          0.01002601	          0.01707113	          0.03892028	          0.04083823	          0.03926066	          0.04456570	          0.01300943	          0.01000485	          0.01699950	          0.01192382	          0.01238680	          0.01004463	          0.01000013	          0.01000028	          0.01000012	          0.01000064	          0.01000248	          0.01000208	          0.27465760	          0.16255609	          0.12281451	          0.16320455	          0.32127909	          0.14536351	          0.23008022	          0.16760484	          0.14525690	          0.29324732	          0.28837862	          0.25384356	          0.01683665	          0.01000551	          0.01000268	          0.07215901	          0.08966077	          0.01000037	          0.01000057	          0.01000162	          0.01000678	          0.01000448	          0.33997188	          0.01000211	          0.01000217	          0.04789398	          0.02484860	          0.01000859	          0.24736425	          0.40076803	          0.01000144	          0.01005435	          0.20804445	          0.05617388	          0.01000395	          0.01000490	          0.01000382	          0.37164734	          0.45022032	          0.23069552	          0.27706535	          0.31493435	          0.29814555	          0.01607664	          0.01406403	          0.01406484	          0.01406891	          0.01489301	          0.01406597	          0.04393398	          0.01000008	          0.02941179	          0.01000016	          0.10598987	          0.01000009	
          2.17556254	         -6.52048041	         -0.14639829	          1.71937209	          2.62415730	          0.82986880	         -0.00508733	         37.03480627	          1.80644454	          1.51588786	        -16.52826651	         15.99918597	         -4.00004315	          0.21587331	        -14.36407118	          3.06902244	         12.18534565	         -0.11591244	          3.29436654	         -4.72435931	         24.70694989	         -3.31781131	         -1.96734257	         -1.02582636	        -19.29992914	        -14.05404712	          9.74252012	         22.49767114	         26.62529409	        -13.47829306	         18.24940449	         49.28082504	          0.01464421	          0.01001764	          0.01000899	          0.01012577	          0.01002013	          0.01001140	          0.13879309	          0.01000481	          0.01000305	          0.01000083	          0.03239667	          0.04787579	          0.07744505	          0.07440471	          0.06798414	          0.04638233	          0.01891472	          0.01357661	          0.01001566	          0.01801894	          0.03053999	          0.04774898	          0.03443522	          0.03310500	          0.03758546	          0.01097445	          0.01000616	          0.01437273	          0.01547725	          0.01597735	          0.01310881	          0.01000014	          0.01000033	          0.01000014	          0.01000209	          0.01000461	          0.01000371	          0.27212684	          0.17034873	          0.12687671	          0.14905176	          0.32620648	          0.14358295	          0.21146305	          0.15983027	          0.13374242	          0.24741314	          0.26147390	          0.23055670	          0.01419729	          0.01000193	          0.01000161	          0.06084520	          0.08088952	          0.01000041	          0.01000062	          0.01000165	          0.01000695	          0.01000474	          0.34056109	          0.01000233	          0.01000212	          0.04048495	          0.02096933	          0.01001053	          0.30134543	          0.43232646	          0.01000145	          0.01018717	          0.18564757	          0.09434680	          0.01001436	          0.01001647	          0.01001503	          0.34241362	          0.42758244	          0.24915931	          0.28458226	          0.33569698	          0.32250185	          0.01355601	          0.01185957	          0.01186028	          0.01186324	          0.01255797	          0.01186087	          0.04546633	          0.01000007	          0.02577849	          0.01000017	          0.11037727	          0.01000008	
          2.18671927	         -6.52556985	         -0.45110799	          2.00956196	          2.63874260	          0.82870487	         -0.00498672	         36.66315078	          2.13053822	          1.66901552	        -14.79875033	         15.95012308	         -4.40119456	          0.21613449	        -14.65129873	          2.75348692	         11.82848468	         -1.42212395	          3.23125728	         -4.19887218	         26.13195499	         -3.27490349	         -1.51447529	         -1.10333231	        -21.04002033	        -14.13919563	          9.37654440	         23.41205826	         27.29915819	        -13.49302754	         18.66252663	         51.38300142	          0.01905016	          0.01001102	          0.01000290	          0.01071506	          0.01002508	          0.01001017	          0.17149168	          0.01000243	          0.02725651	          0.01000106	          0.02731731	          0.04037330	          0.06653521	          0.07796014	          0.07272644	          0.05186139	          0.01594924	          0.01159416	          0.01035932	          0.02323252	          0.03826935	          0.05326610	          0.02903615	          0.02791449	          0.03169933	          0.01000705	          0.01000624	          0.01212193	          0.01874878	          0.01936970	          0.01592868	          0.01000012	          0.01000022	          0.01000006	          0.01000020	          0.01000108	          0.01000095	          0.26815828	          0.17630412	          0.12877312	          0.13601438	          0.33016200	          0.12876133	          0.18978535	          0.14485508	          0.11277663	          0.20862932	          0.24204910	          0.20060090	          0.01197180	          0.01000136	          0.01000112	          0.05130530	          0.10072791	          0.01000068	          0.01000090	          0.01000219	          0.01000856	          0.01000395	          0.34004352	          0.01000384	          0.01000380	          0.03415363	          0.01768679	          0.01001175	          0.33579057	          0.45044943	          0.01645630	          0.03910947	          0.15654131	          0.13402910	          0.01001339	          0.01001526	          0.01001341	          0.31018304	          0.39721024	          0.26295962	          0.29145835	          0.35699429	          0.34473292	          0.01143061	          0.01000155	          0.01000126	          0.01000354	          0.01058908	          0.01000197	          0.04646139	          0.01000007	          0.02173858	          0.01000019	          0.11377533	          0.01000007	
          2.19787600	         -6.52770397	         -0.75387137	          2.30014542	          2.65360793	          0.82759177	         -0.00486348	         36.18851192	          2.47722295	          1.84385830	        -13.46524161	         15.80473708	         -4.79893336	          0.21907699	        -14.81092393	          2.45050442	         11.43760819	         -2.97829247	          3.13127454	         -3.65464170	         27.54675984	         -3.21685165	         -1.05111038	         -1.17571495	        -22.70625575	        -14.20111865	          9.09716377	         24.26079319	         27.82812204	        -13.50555874	         18.98240544	         53.43963749	          0.02471228	          0.01000899	          0.01314538	          0.01000235	          0.01000314	          0.01000736	          0.18734393	          0.04244276	          0.04534348	          0.01000076	          0.02303435	          0.03404560	          0.05610616	          0.06577560	          0.07304306	          0.05792763	          0.01344873	          0.01007311	          0.01001008	          0.01978180	          0.03808598	          0.05383174	          0.02448360	          0.02353780	          0.03538275	          0.01165433	          0.01000525	          0.01023089	          0.02437089	          0.02505590	          0.02120353	          0.01000056	          0.01000118	          0.01067693	          0.01000052	          0.01000134	          0.01000131	          0.26584295	          0.18754896	          0.13204328	          0.11468927	          0.34540604	          0.10857567	          0.16407912	          0.12214400	          0.09509454	          0.18178915	          0.21526998	          0.16914984	          0.01009555	          0.01000077	          0.01000051	          0.04326117	          0.10575953	          0.01000143	          0.01000076	          0.01000148	          0.01000473	          0.01000159	          0.31887267	          0.01001257	          0.01000519	          0.02880772	          0.01491703	          0.01000191	          0.34933588	          0.45335122	          0.03264008	          0.03299269	          0.13199734	          0.15107043	          0.01000094	          0.01000108	          0.01000098	          0.26338402	          0.36406803	          0.27263515	          0.29328187	          0.36711179	          0.35876652	          0.01000031	          0.01000032	          0.01000017	          0.01000057	          0.01000020	          0.01000161	          0.04794934	          0.01000008	          0.02038903	          0.01000012	          0.11129652	          0.01000007	
          2.20903273	         -6.52599322	         -1.04931800	          2.58986868	          2.66876223	          0.82647960	         -0.00471794	         35.61311862	          2.84627054	          2.04096300	        -12.57554195	         15.52891786	         -5.19300720	          0.22381929	        -14.85203906	          2.16196880	         11.01842217	         -4.77244166	          2.99785876	         -3.09565311	         28.90667245	         -3.14189549	         -0.58327750	         -1.24233863	        -24.26829901	        -14.23449238	          8.92177531	         24.94998949	         28.20987815	        -13.51377704	         19.20359251	         55.43191528	          0.02484719	          0.01406594	          0.06372123	          0.01409920	          0.01406603	          0.01322996	          0.17819580	          0.04805645	          0.04725950	          0.01136121	          0.01942292	          0.02871644	          0.06757717	          0.07928485	          0.09338091	          0.05642066	          0.01134033	          0.01011017	          0.09282624	          0.01668120	          0.03211511	          0.04745671	          0.02064485	          0.01984734	          0.02983594	          0.01000977	          0.01007976	          0.01000044	          0.02055056	          0.02112819	          0.01787969	          0.01000003	          0.01000009	          0.01000001	          0.01185948	          0.01185962	          0.01185966	          0.26022584	          0.18617232	          0.14216317	          0.09670751	          0.32710107	          0.09156442	          0.13835491	          0.10299315	          0.08018468	          0.15328732	          0.18151881	          0.14262901	          0.01000365	          0.01000100	          0.01000102	          0.03647828	          0.08917826	          0.01000077	          0.01000100	          0.01000263	          0.01000929	          0.01000288	          0.26887722	          0.01000384	          0.01002262	          0.02431717	          0.01396176	          0.01182611	          0.32590057	          0.44373500	          0.02782375	          0.02782618	          0.11130145	          0.12738408	          0.01001638	          0.01001846	          0.01001805	          0.22208783	          0.31671272	          0.27779188	          0.28669658	          0.36137258	          0.35966613	          0.01000028	          0.01000032	          0.01000020	          0.01000057	          0.01000022	          0.01000124	          0.05209880	          0.01000008	          0.02292914	          0.01000026	          0.09770163	          0.01000007	
          2.22018946	         -6.51937870	         -1.33208482	          2.87614606	          2.68420514	          0.82529695	         -0.00454748	         34.94621597	          3.23620236	          2.25913623	        -12.16985210	         15.05655730	         -5.58297869	          0.22925407	        -14.78346979	          1.88907582	         10.58113990	         -6.79617225	          2.84483698	         -2.52134345	         30.15986649	         -3.04869262	         -0.11744509	         -1.30362586	        -25.70083826	        -14.23812087	          8.86772784	         25.40454937	         28.44791391	        -13.51979107	         19.33308986	         57.33851909	          0.02235882	          0.01186107	          0.05373146	          0.01188921	          0.01186186	          0.01853140	          0.15025636	          0.04052183	          0.03984971	          0.01000074	          0.01637779	          0.02791974	          0.11650132	          0.06685660	          0.07874211	          0.04757481	          0.01000107	          0.01017829	          0.07829450	          0.01406601	          0.02707991	          0.04001615	          0.01740801	          0.01673555	          0.02516213	          0.01000132	          0.01000253	          0.01000017	          0.03954977	          0.03835867	          0.03352953	          0.01185968	          0.01186005	          0.01186043	          0.01000004	          0.01000025	          0.01000030	          0.24854231	          0.18113132	          0.11987354	          0.13440174	          0.41802800	          0.19889746	          0.13319023	          0.08684482	          0.06761248	          0.19194614	          0.15305870	          0.12026618	          0.01000373	          0.01000047	          0.01000026	          0.03075890	          0.07519630	          0.01002351	          0.01000035	          0.01000056	          0.01000153	          0.01000051	          0.22671996	          0.02480244	          0.01988484	          0.02050564	          0.01177358	          0.01000067	          0.28272154	          0.38232393	          0.02346135	          0.02346374	          0.09385045	          0.10741146	          0.01000017	          0.01000018	          0.01000015	          0.18726648	          0.26705518	          0.27583645	          0.27772338	          0.35720375	          0.35401900	          0.01000007	          0.01000325	          0.01059247	          0.01000061	          0.01000015	          0.01000052	          0.04393025	          0.01000001	          0.02089472	          0.01000001	          0.08238293	          0.01000004	
