/vscmnt/brussel_pixiu_data/_data_brussel/112/vsc11236/PredSimResults/SUBJ06mtu3D/worker6.mot
version=1
nRows=200
nColumns=50
inDegrees=yes
endheader
                time	         pelvis_tilt	         pelvis_list	     pelvis_rotation	           pelvis_tx	           pelvis_ty	           pelvis_tz	       hip_flexion_r	     hip_adduction_r	      hip_rotation_r	        knee_angle_r	       ankle_angle_r	         mtp_angle_r	       hip_flexion_l	     hip_adduction_l	      hip_rotation_l	        knee_angle_l	       ankle_angle_l	         mtp_angle_l	    lumbar_extension	      lumbar_bending	     lumbar_rotation	 ercspn_r/activation	 intobl_r/activation	 extobl_r/activation	    abd_r/activation	    add_r/activation	hamstrings_r/activation	bifemsh_r/activation	glut_max_r/activation	iliopsoas_r/activation	rect_fem_r/activation	  vasti_r/activation	gastroc_r/activation	 soleus_r/activation	tib_ant_r/activation	 ercspn_l/activation	 intobl_l/activation	 extobl_l/activation	    abd_l/activation	    add_l/activation	hamstrings_l/activation	bifemsh_l/activation	glut_max_l/activation	iliopsoas_l/activation	rect_fem_l/activation	  vasti_l/activation	gastroc_l/activation	 soleus_l/activation	tib_ant_l/activation	
          0.00000000	         -6.46548387	         -1.21113131	          4.63467806	          0.00000000	          0.93282012	         -0.01112108	         30.27712979	         -0.21452116	         -4.42636556	         -4.68548327	          0.71665949	          0.23603075	        -11.19441805	         -0.43269380	         -3.42167389	         -8.85882097	          5.91510240	         35.09798433	         -5.47053982	         -0.09437722	         -2.43737342	          0.15673544	          0.13738335	          0.00999999	          0.00999999	          0.27080242	          0.15266260	          0.23417138	          0.03591551	          0.16155274	          0.01000001	          0.00999999	          0.02274458	          0.00999999	          0.40592457	          0.11460367	          0.00999999	          0.00999999	          0.06414176	          0.01000003	          0.01000042	          0.13492657	          0.04300880	          0.49989021	          0.02560796	          0.01000004	          0.35500774	          0.30487436	          0.02020230	
          0.01241461	         -6.55460721	         -1.13527271	          4.64406140	          0.01679814	          0.93100413	         -0.01028195	         30.48183353	         -0.13210011	         -4.24821775	         -6.64310060	          0.34491290	          0.20209210	        -11.50461034	         -0.49459640	         -3.88046172	         -9.93921713	          5.00325069	         36.90358622	         -5.13804206	          0.17055586	         -2.89172251	          0.12986505	          0.11546091	          0.00999999	          0.00999999	          0.22437664	          0.14633400	          0.19402555	          0.07225169	          0.13385648	          0.01000000	          0.00999999	          0.01884530	          0.01324029	          0.43615231	          0.11626772	          0.00999999	          0.00999999	          0.05314543	          0.01000339	          0.01556411	          0.11179504	          0.03563547	          0.49541932	          0.02121779	          0.02539955	          0.32671140	          0.28906939	          0.01673886	
          0.02482921	         -6.62461830	         -1.08213583	          4.62138312	          0.03394085	          0.92944459	         -0.00933379	         30.47584313	         -0.06447627	         -4.07300946	         -8.36757422	          0.00404238	          0.19284968	        -11.64619936	         -0.60643357	         -4.34747752	        -11.37134918	          3.95600970	         38.74616973	         -4.79217561	          0.46216047	         -3.32390580	          0.13767502	          0.09566654	          0.01000000	          0.06468851	          0.21234632	          0.13434327	          0.16076223	          0.08835182	          0.11090841	          0.00999999	          0.00999999	          0.01561450	          0.01097041	          0.53123748	          0.10409490	          0.00999999	          0.00999999	          0.04403429	          0.01000001	          0.01289648	          0.09262914	          0.02952620	          0.49285971	          0.01758026	          0.02121774	          0.29051326	          0.26769655	          0.01386919	
          0.03724382	         -6.67507024	         -1.02851247	          4.56651125	          0.05118906	          0.92825368	         -0.00826441	         30.34488332	          0.00637427	         -3.97862313	         -9.87810311	         -0.49583854	          0.16966476	        -11.53567543	         -0.75123261	         -4.82652184	        -13.27838376	          2.75933660	         40.57658054	         -4.46492958	          0.75273413	         -3.72605409	          0.14755395	          0.07926567	          0.00999999	          0.12186466	          0.26656117	          0.12421038	          0.13320149	          0.12061903	          0.09189451	          0.00999999	          0.00999999	          0.01293759	          0.00999999	          0.57780076	          0.13472112	          0.00999999	          0.00999999	          0.03648515	          0.01061993	          0.03075246	          0.07674900	          0.02446429	          0.47706573	          0.01456634	          0.01758022	          0.24070828	          0.24343693	          0.01149148	
          0.04965842	         -6.70419266	         -0.98499161	          4.48772457	          0.06836104	          0.92752663	         -0.00709408	         30.17136473	          0.09237173	         -3.92759356	        -11.38311773	         -0.76865479	          0.13339689	        -11.10738274	         -0.95002699	         -5.31785747	        -15.75040817	          1.40371436	         42.27915757	         -4.17277254	          1.05405635	         -4.09719780	          0.15521601	          0.06567653	          0.00999999	          0.17051557	          0.28899927	          0.11234961	          0.11036572	          0.18632485	          0.07614031	          0.00999999	          0.02090090	          0.01071959	          0.00999999	          0.59738658	          0.17355275	          0.00999999	          0.00999999	          0.03023021	          0.07492730	          0.02548133	          0.06359132	          0.02027019	          0.44680973	          0.01206912	          0.01456631	          0.19944177	          0.20339147	          0.00999999	
          0.06207303	         -6.71227271	         -0.95754697	          4.38786656	          0.08527831	          0.92739088	         -0.00584932	         29.99915776	          0.19811483	         -3.89623526	        -12.97221223	         -0.62391753	          0.10052812	        -10.32252590	         -1.21580691	         -5.83630507	        -18.82057275	         -0.10655467	         43.59092108	         -3.92824019	          1.37219852	         -4.43372701	          0.15665620	          0.05441709	          0.00999999	          0.19897985	          0.28955531	          0.10297860	          0.09144486	          0.20175531	          0.06308698	          0.00999999	          0.06172246	          0.00999999	          0.00999999	          0.57323713	          0.20045804	          0.00999999	          0.00999999	          0.02504761	          0.14713486	          0.03123004	          0.05268937	          0.01679511	          0.39589126	          0.01000002	          0.01206909	          0.16524990	          0.16852247	          0.00999999	
          0.07448764	         -6.70177338	         -0.94382172	          4.27143620	          0.10184352	          0.92791986	         -0.00456601	         29.78349840	          0.32681273	         -3.84844541	        -14.54703407	         -0.04507935	          0.10254795	         -9.18623601	         -1.55382941	         -6.40667937	        -22.45823265	         -1.67473533	         44.03412712	         -3.73403669	          1.70390279	         -4.73510443	          0.15139673	          0.04508794	          0.00999999	          0.21215305	          0.23991458	          0.09372256	          0.07576775	          0.18860395	          0.05227148	          0.00999999	          0.12905896	          0.00999999	          0.00999999	          0.48479528	          0.21283548	          0.00999999	          0.00999999	          0.02075350	          0.19435907	          0.02587613	          0.04365645	          0.01391579	          0.33120289	          0.01000000	          0.00999999	          0.13691980	          0.13963134	          0.00999999	
          0.08690224	         -6.67706915	         -0.93400363	          4.14015320	          0.11802501	          0.92916758	         -0.00328482	         29.42036643	          0.47611903	         -3.76199914	        -15.90640183	          0.93568129	          0.21481661	         -7.73524103	         -1.96308774	         -7.03106239	        -26.56400021	         -3.31530655	         43.35817194	         -3.58667993	          2.03852471	         -4.99892164	          0.13973821	          0.03735816	          0.00999999	          0.21566991	          0.19878414	          0.08472206	          0.06277829	          0.17168343	          0.04331017	          0.00999999	          0.16336412	          0.00999999	          0.00999999	          0.40168302	          0.22084508	          0.00999999	          0.00999999	          0.01719556	          0.19528251	          0.02144003	          0.05639569	          0.01153010	          0.27442217	          0.01000000	          0.00999999	          0.11344656	          0.11569324	          0.00999999	
          0.09931685	         -6.64241765	         -0.91446203	          3.99317667	          0.13382495	          0.93110064	         -0.00202666	         28.84727306	          0.63341007	         -3.64382866	        -16.88533917	          2.02479783	          0.43246660	         -6.03851550	         -2.43413142	         -7.70115408	        -30.92765283	         -5.21865920	         41.71624759	         -3.48120531	          2.35891317	         -5.22228877	          0.11734666	          0.03095356	          0.00999999	          0.20675069	          0.16470501	          0.07991390	          0.05201572	          0.14225041	          0.03588517	          0.00999999	          0.18055516	          0.00999999	          0.00999999	          0.33281936	          0.22241386	          0.00999999	          0.00999999	          0.01424759	          0.17649541	          0.01776443	          0.08541702	          0.00999999	          0.22737582	          0.01000000	          0.00999999	          0.09399753	          0.09585903	          0.00999999	
          0.11173145	         -6.60068587	         -0.86814132	          3.83138359	          0.14925766	          0.93358727	         -0.00079216	         28.05842960	          0.77802578	         -3.50042606	        -17.43299042	          2.99845665	          0.72242566	         -4.17316434	         -2.95157187	         -8.40956432	        -35.36550621	         -7.33125498	         39.04192470	         -3.41488210	          2.64093656	         -5.40677087	          0.09722900	          0.02564694	          0.00999999	          0.20268243	          0.13646833	          0.07713346	          0.04309826	          0.11786334	          0.02973309	          0.00999999	          0.18575347	          0.00999999	          0.00999999	          0.28575487	          0.22517564	          0.00999999	          0.01000000	          0.01180502	          0.16233678	          0.01471899	          0.10054834	          0.00999999	          0.18839500	          0.01000000	          0.00999999	          0.07788279	          0.07942517	          0.05447895	
          0.12414606	         -6.55307796	         -0.78370325	          3.65575384	          0.16433967	          0.93644480	          0.00041756	         27.08510945	          0.89322003	         -3.33131985	        -17.60200413	          3.83033120	          1.04086108	         -2.23022808	         -3.49387041	         -9.12986497	        -39.74529658	         -9.23178173	         35.05990538	         -3.38592290	          2.86732076	         -5.55440820	          0.08056027	          0.02125009	          0.00999999	          0.20107676	          0.11307249	          0.07593374	          0.03570959	          0.09928276	          0.02463571	          0.00999999	          0.17526015	          0.00999999	          0.00999999	          0.25629121	          0.22899435	          0.01000000	          0.01000001	          0.00999999	          0.13450612	          0.02542106	          0.12738255	          0.00999999	          0.15609696	          0.01000000	          0.00999999	          0.06453073	          0.06580868	          0.18620932	
          0.13656067	         -6.49953010	         -0.66350999	          3.46740170	          0.17908874	          0.93948461	          0.00158353	         25.98517915	          0.97313126	         -3.14354652	        -17.50397937	          4.55707182	          1.35623026	         -0.31660374	         -4.02076921	         -9.81391015	        -43.88008507	        -10.31419397	         30.10598290	         -3.39208326	          3.03933595	         -5.66612723	          0.06674919	          0.01760702	          0.00999999	          0.18627058	          0.09368759	          0.07811360	          0.02958761	          0.08759109	          0.02041222	          0.00999999	          0.16069110	          0.00999999	          0.00999999	          0.23258846	          0.22945107	          0.01000000	          0.01000012	          0.00999999	          0.11144668	          0.05526484	          0.19724317	          0.00999999	          0.13774287	          0.00999999	          0.00999999	          0.07766800	          0.05452658	          0.21390469	
          0.14897527	         -6.43950854	         -0.50018167	          3.26736534	          0.19352501	          0.94260080	          0.00267950	         24.81255670	          1.00239747	         -2.94561533	        -17.23952848	          5.18949836	          1.65553150	          1.49949601	         -4.46460624	        -10.45939742	        -47.48564673	        -10.17904986	         25.70318136	         -3.43284465	          3.14886687	         -5.74344794	          0.05530585	          0.01458851	          0.00999999	          0.16519054	          0.07762599	          0.07822872	          0.02451518	          0.07319568	          0.01691279	          0.00999999	          0.14415442	          0.00999999	          0.00999999	          0.21393227	          0.21864526	          0.01000003	          0.01000013	          0.00999999	          0.09835359	          0.04579101	          0.23019471	          0.00999999	          0.12682359	          0.01000000	          0.00999999	          0.06435276	          0.04517866	          0.25565343	
          0.16138988	         -6.37220477	         -0.28474462	          3.06128633	          0.20766101	          0.94575260	          0.00371097	         23.60276081	          0.96714400	         -2.74282009	        -16.87430675	          5.72786899	          1.93599425	          3.23840917	         -4.80744291	        -11.07501062	        -50.51245650	         -9.63304887	         21.96893542	         -3.51050803	          3.18312815	         -5.79296903	          0.04582434	          0.01208749	          0.00999999	          0.14067550	          0.06431795	          0.07842672	          0.02031235	          0.06547060	          0.01401330	          0.00999999	          0.13260938	          0.00999999	          0.00999999	          0.19497735	          0.20682036	          0.01127426	          0.01000005	          0.00999999	          0.11426391	          0.03794079	          0.28363851	          0.00999999	          0.12037615	          0.01000000	          0.00999999	          0.05907521	          0.03743333	          0.25553775	
          0.17380448	         -6.29684204	         -0.01371193	          2.85153999	          0.22151040	          0.94888257	          0.00467899	         22.37070444	          0.86094633	         -2.54202023	        -16.43568595	          6.17066080	          2.20633706	          4.91927159	         -5.03329856	        -11.65259494	        -52.99583832	         -8.91758494	         18.76541552	         -3.62688996	          3.13720283	         -5.81705266	          0.03796831	          0.01001523	          0.00999999	          0.11988552	          0.05329142	          0.07826711	          0.01683005	          0.06103298	          0.01161089	          0.00999999	          0.12496052	          0.01000000	          0.01000000	          0.17266329	          0.20175080	          0.02443818	          0.01000004	          0.00999999	          0.12596041	          0.03143633	          0.34483444	          0.00999999	          0.11602443	          0.01000000	          0.00999999	          0.05240880	          0.03101584	          0.24795908	
          0.18621909	         -6.21298961	          0.31090239	          2.64051498	          0.23508690	          0.95193999	          0.00558735	         21.11902080	          0.68484012	         -2.34529356	        -15.92654346	          6.50202874	          2.48941897	          6.55807894	         -5.13413009	        -12.18492179	        -54.99304319	         -8.02493991	         16.01738844	         -3.78234695	          3.01144232	         -5.81719464	          0.03145911	          0.00999999	          0.00999999	          0.10390789	          0.04415525	          0.07805591	          0.01394474	          0.05874475	          0.00999999	          0.00999999	          0.11856474	          0.04174235	          0.01000000	          0.16280140	          0.19846578	          0.03547316	          0.01000003	          0.00999999	          0.14063054	          0.02604697	          0.42111537	          0.00999999	          0.11328985	          0.01000000	          0.00999999	          0.04342395	          0.02569855	          0.23652687	
          0.19863370	         -6.12077937	          0.68144329	          2.43013714	          0.24839072	          0.95489060	          0.00643898	         19.85692759	          0.44618057	         -2.15271505	        -15.35793048	          6.70314287	          2.81500139	          8.17391293	         -5.11170125	        -12.66710327	        -56.55933395	         -7.01727765	         13.66595166	         -3.97744150	          2.81320317	         -5.79496013	          0.02606583	          0.00999999	          0.00999999	          0.09240869	          0.03658537	          0.07646556	          0.01155409	          0.05619188	          0.00999999	          0.01000000	          0.11354486	          0.06913944	          0.01000000	          0.14093443	          0.19745206	          0.04953029	          0.01000003	          0.00999999	          0.15267452	          0.02158155	          0.51162722	          0.00999999	          0.11087953	          0.01000000	          0.00999999	          0.03597944	          0.02129284	          0.22469352	
          0.21104830	         -6.02078003	          1.08764807	          2.22255501	          0.26141930	          0.95770673	          0.00723745	         18.59273834	          0.15521620	         -1.96605500	        -14.74803501	          6.80979013	          3.19511394	          9.78605969	         -4.97609508	        -13.09792369	        -57.75606897	         -5.93528156	         11.65355170	         -4.21210424	          2.55273854	         -5.75238575	          0.02159716	          0.00999999	          0.00999999	          0.08467683	          0.03031325	          0.07398294	          0.01000000	          0.05114286	          0.00999999	          0.01000000	          0.10845514	          0.09282411	          0.01000008	          0.11677296	          0.19771028	          0.06344553	          0.01000002	          0.00999999	          0.16395346	          0.01788167	          0.61462227	          0.00999999	          0.10855621	          0.01000001	          0.00999999	          0.02981120	          0.01764244	          0.21659132	
          0.22346291	         -5.91396029	          1.51810948	          2.02003795	          0.27417214	          0.96036477	          0.00798756	         17.33090156	         -0.17619029	         -1.78811782	        -14.10619058	          6.84233110	          3.64004039	         11.41403803	         -4.74404146	        -13.47878895	        -58.65456282	         -4.81637485	          9.92701692	         -4.48520240	          2.24145247	         -5.69204217	          0.01789459	          0.00999999	          0.00999999	          0.08112285	          0.02511641	          0.07153153	          0.01000001	          0.04622192	          0.00999999	          0.01000000	          0.09955979	          0.11369546	          0.02209564	          0.09675367	          0.20110249	          0.07298959	          0.01000002	          0.00999999	          0.17519448	          0.01481609	          0.72184818	          0.00999999	          0.10534776	          0.01000001	          0.00999999	          0.02470043	          0.01461786	          0.21239714	
          0.23587752	         -5.80162338	          1.96123319	          1.82358001	          0.28665008	          0.96284858	          0.00869327	         16.07894093	         -0.53559184	         -1.62125605	        -13.44398272	          6.80308407	          4.16388910	         13.07471430	         -4.43526182	        -13.81345143	        -59.32944890	         -3.68179768	          8.44215017	         -4.79463092	          1.89168909	         -5.61656977	          0.01482679	          0.00999999	          0.00999999	          0.08089474	          0.02081051	          0.06747741	          0.01000001	          0.03829779	          0.00999999	          0.01000000	          0.08249149	          0.13308847	          0.03684495	          0.08016644	          0.20102023	          0.06244163	          0.01000004	          0.00999999	          0.19222820	          0.01227607	          0.81854190	          0.00999999	          0.09960218	          0.01000001	          0.00999999	          0.02046584	          0.01211181	          0.21101907	
          0.24829212	         -5.68522216	          2.40578368	          1.63216655	          0.29885528	          0.96514214	          0.00935146	         14.85734272	         -0.91104213	         -1.46553151	        -12.80344968	          6.73213944	          4.76092095	         14.77865977	         -4.06829889	        -14.10688898	        -59.84582224	         -2.56193668	          7.16194919	         -5.13767398	          1.51796703	         -5.52912024	          0.01228492	          0.00999999	          0.00999999	          0.07990186	          0.01724280	          0.06116302	          0.01000001	          0.03173211	          0.00999999	          0.01000000	          0.06834933	          0.15082538	          0.04933298	          0.06642288	          0.20337044	          0.05173678	          0.01000005	          0.00999999	          0.20725654	          0.01017152	          0.89064981	          0.00999999	          0.09490731	          0.01000001	          0.00999999	          0.01695722	          0.01003538	          0.21470389	
          0.26070673	         -5.56618257	          2.84223107	          1.44431923	          0.31080767	          0.96723074	          0.00996020	         13.67807825	         -1.29191441	         -1.32348348	        -12.20961041	          6.65296994	          5.42019698	         16.52547373	         -3.66086088	        -14.36737586	        -60.24821878	         -1.48473957	          6.05803916	         -5.50926224	          1.13288740	         -5.43331019	          0.01017882	          0.00999999	          0.00999999	          0.07915904	          0.01428673	          0.05394405	          0.01000002	          0.02629203	          0.00999999	          0.01000000	          0.05663167	          0.16708690	          0.06053946	          0.05503549	          0.20698035	          0.04286714	          0.01000004	          0.00999999	          0.21570888	          0.01000005	          0.92542372	          0.00999999	          0.09468794	          0.01000001	          0.00999999	          0.01405011	          0.00999999	          0.22845652	
          0.27312133	         -5.44602999	          3.26165691	          1.25819752	          0.32254474	          0.96910640	          0.01052195	         12.54125054	         -1.66751592	         -1.19643101	        -11.66601462	          6.57707262	          6.13000674	         18.30397654	         -3.23093945	        -14.60503347	        -60.55283269	         -0.48852805	          5.10831634	         -5.90206407	          0.74759354	         -5.33188972	          0.01000000	          0.00999999	          0.00999999	          0.07931382	          0.01183745	          0.04591549	          0.01000004	          0.02204951	          0.00999999	          0.01000000	          0.04692285	          0.18220794	          0.07082029	          0.04560033	          0.20987989	          0.03551809	          0.01000011	          0.00999999	          0.21800372	          0.01000003	          0.90980340	          0.00999999	          0.10019098	          0.01000002	          0.00999999	          0.01164139	          0.00999999	          0.24192164	
          0.28553594	         -5.32650084	          3.65532862	          1.07121799	          0.33412000	          0.97076995	          0.01104073	         11.43771321	         -2.02700248	         -1.08550047	        -11.15901857	          6.50571664	          6.87958529	         20.08925208	         -2.79413261	        -14.82893499	        -60.73845903	          0.42912262	          4.29722985	         -6.30656249	          0.37288093	         -5.22573943	          0.01042419	          0.00999999	          0.00999999	          0.07720751	          0.00999999	          0.03932952	          0.01000011	          0.02191279	          0.00999999	          0.01000001	          0.03887850	          0.19622048	          0.08030748	          0.03778271	          0.21587534	          0.02942894	          0.01000004	          0.00999999	          0.21240173	          0.01000001	          0.82580377	          0.00999999	          0.10758037	          0.01000023	          0.00999999	          0.00999999	          0.00999999	          0.25957965	
          0.29795055	         -5.20941638	          4.01412195	          0.88092836	          0.34560200	          0.97223250	          0.01152308	         10.35405639	         -2.35903970	         -0.99517297	        -10.66893415	          6.43772515	          7.65761389	         21.83986511	         -2.36333441	        -15.04621607	        -60.73245993	          1.26249331	          3.61070549	         -6.71109301	          0.01953370	         -5.11481300	          0.01566543	          0.01000000	          0.00999999	          0.07602494	          0.01000000	          0.03415079	          0.09596325	          0.03045035	          0.01000000	          0.01000001	          0.03221325	          0.20951619	          0.08906357	          0.03130532	          0.21762371	          0.02438371	          0.01000009	          0.00999999	          0.20359062	          0.01000000	          0.68422974	          0.00999999	          0.11532513	          0.04590529	          0.00999999	          0.00999999	          0.00999999	          0.28348259	
          0.31036515	         -5.09678131	          4.32718288	          0.68567148	          0.35705781	          0.97350663	          0.01197002	          9.28856824	         -2.65116875	         -0.92951204	        -10.19713535	          6.37185981	          8.45482101	         23.50382762	         -1.94805593	        -15.25711047	        -60.42233931	          1.99629960	          3.02890730	         -7.10386914	         -0.29848275	         -4.99742341	          0.02380370	          0.01000000	          0.00999999	          0.07650421	          0.01000000	          0.03223135	          0.18058053	          0.03489119	          0.01000000	          0.01000001	          0.02669068	          0.22192097	          0.09666170	          0.02593841	          0.21785914	          0.02020342	          0.01000026	          0.00999999	          0.19241976	          0.01000000	          0.56692685	          0.00999999	          0.12277475	          0.06625453	          0.00999999	          0.00999999	          0.00999999	          0.30808068	
          0.32277976	         -4.99062153	          4.58321929	          0.48515845	          0.36854767	          0.97459551	          0.01237994	          8.23990339	         -2.89065330	         -0.88618769	         -9.74357445	          6.30111822	          9.26638731	         25.03487641	         -1.55804473	        -15.45520682	        -59.71692606	          2.63948477	          2.53278827	         -7.47391298	         -0.56625698	         -4.87161589	          0.02973702	          0.01000000	          0.00999999	          0.08180292	          0.01000000	          0.02992408	          0.25151460	          0.03405955	          0.01000000	          0.01000001	          0.02211489	          0.23329126	          0.10316403	          0.02149158	          0.21887987	          0.01673979	          0.01060922	          0.00999999	          0.15943182	          0.01000000	          0.46973412	          0.00999999	          0.13047879	          0.07220710	          0.00999999	          0.00999999	          0.00999999	          0.33443561	
          0.33519436	         -4.89297378	          4.77164584	          0.28061634	          0.38012191	          0.97549121	          0.01275680	          7.20191287	         -3.06526938	         -0.86229021	         -9.29944174	          6.22148469	         10.08838519	         26.40013174	         -1.20809011	        -15.63231543	        -58.56585536	          3.19331505	          2.10761180	         -7.81182773	         -0.77087065	         -4.73688045	          0.03696621	          0.01000001	          0.00999999	          0.08688644	          0.01000000	          0.03117497	          0.30783551	          0.02952256	          0.01000000	          0.01000001	          0.01832356	          0.24375160	          0.10860688	          0.01780712	          0.21779253	          0.01386995	          0.01208680	          0.00999999	          0.13209918	          0.00999999	          0.38920390	          0.00999999	          0.13854550	          0.07197584	          0.01000000	          0.00999999	          0.00999999	          0.36029244	
          0.34760897	         -4.80580941	          4.88567233	          0.07270952	          0.39182334	          0.97617904	          0.01310357	          6.16613844	         -3.16679983	         -0.85451201	         -8.85170580	          6.13228217	         10.91679645	         27.57535339	         -0.90741979	        -15.77640477	        -56.94371778	          3.65057790	          1.74189429	         -8.10963256	         -0.90359587	         -4.59211958	          0.04194003	          0.01000001	          0.00999999	          0.09085186	          0.01000000	          0.03176146	          0.35655369	          0.02446128	          0.01000000	          0.01000001	          0.01518221	          0.25347204	          0.11296698	          0.01475431	          0.21586574	          0.01149212	          0.01001491	          0.00999999	          0.10945238	          0.00999999	          0.32247961	          0.00999999	          0.14514076	          0.06673701	          0.01000000	          0.00999999	          0.00999999	          0.38345165	
          0.36002358	         -4.73099248	          4.92160925	         -0.13826710	          0.40368868	          0.97663982	          0.01342125	          5.12355854	         -3.19048686	         -0.86078175	         -8.38586944	          6.03379260	         11.74799223	         28.54279694	         -0.65934906	        -15.87239920	        -54.84206375	          3.99879295	          1.42716272	         -8.36061852	         -0.95907604	         -4.43594826	          0.04615898	          0.01000000	          0.00999999	          0.09319863	          0.01000000	          0.02812907	          0.40160676	          0.02026769	          0.01000000	          0.01000001	          0.01257940	          0.26268994	          0.11683049	          0.01222487	          0.21369733	          0.00999999	          0.01000006	          0.00999999	          0.09068810	          0.00999999	          0.26719439	          0.00999999	          0.15019854	          0.05818925	          0.01000000	          0.00999999	          0.00999999	          0.40051681	
          0.37243818	         -4.67022633	          4.87833570	         -0.35197283	          0.41574792	          0.97684921	          0.01371085	          4.06694519	         -3.13439899	         -0.87972918	         -7.89296581	          5.94191943	         12.56447458	         29.29108845	         -0.46354297	        -15.90413012	        -52.26614514	          4.22002144	          1.15829065	         -8.55954923	         -0.93513790	         -4.26759205	          0.04973478	          0.01000000	          0.00999999	          0.09409567	          0.01000000	          0.02379831	          0.44078511	          0.01679305	          0.01000001	          0.01000001	          0.01042282	          0.27207465	          0.12114858	          0.02957906	          0.20972238	          0.01000000	          0.01000003	          0.00999999	          0.07514073	          0.00999999	          0.22138716	          0.00999999	          0.15510923	          0.04821398	          0.00999999	          0.00999999	          0.00999999	          0.40701976	
          0.38485279	         -4.62488370	          4.75802250	         -0.56871956	          0.42802224	          0.97676875	          0.01397499	          2.99601257	         -3.00030131	         -0.90830869	         -7.38101247	          5.89713620	         13.32859919	         29.81658447	         -0.31692479	        -15.85531194	        -49.23465499	          4.28941627	          0.93246739	         -8.70303297	         -0.83369689	         -4.08616619	          0.05119428	          0.01000000	          0.00999999	          0.09336184	          0.01000000	          0.01971845	          0.47886209	          0.01391408	          0.01000002	          0.01000001	          0.00999999	          0.28230207	          0.12652246	          0.08018590	          0.20418349	          0.01000000	          0.01000001	          0.00999999	          0.06225876	          0.00999999	          0.18343302	          0.01000000	          0.15955001	          0.03994832	          0.00999999	          0.00999999	          0.00999999	          0.40141250	
          0.39726739	         -4.59612660	          4.56533358	         -0.78864872	          0.44052071	          0.97634724	          0.01421712	          1.91883426	         -2.79297332	         -0.94222215	         -6.86969918	          5.92266235	         14.02648098	         30.12427254	         -0.21492106	        -15.70731996	        -45.77817285	          4.18862976	          0.74753281	         -8.78998212	         -0.65983135	         -3.89195984	          0.04571769	          0.01000000	          0.00999999	          0.09440485	          0.01000000	          0.01633807	          0.51309675	          0.01152869	          0.01868774	          0.01000001	          0.00999999	          0.29351313	          0.13313889	          0.12875112	          0.19668301	          0.01000001	          0.01000000	          0.00999999	          0.05158525	          0.00999999	          0.15198565	          0.01000000	          0.16843141	          0.03309969	          0.00999999	          0.00999999	          0.00999999	          0.38608414	
          0.40968200	         -4.58525536	          4.30851263	         -1.01332242	          0.45323416	          0.97554062	          0.01444152	          0.85198008	         -2.52156351	         -0.97572455	         -6.38538157	          6.01097564	         14.68640005	         30.22730060	         -0.15066257	        -15.43677873	        -41.93504737	          3.92348591	          0.60088749	         -8.82264926	         -0.42302178	         -3.68553106	          0.03794297	          0.01000000	          0.01000000	          0.10086459	          0.01000001	          0.01899918	          0.53761884	          0.01000000	          0.04180928	          0.01000000	          0.00999999	          0.30553130	          0.14156691	          0.16996428	          0.18640613	          0.01000002	          0.01000000	          0.00999999	          0.04274159	          0.00999999	          0.12592956	          0.01727918	          0.18542711	          0.02742517	          0.00999999	          0.00999999	          0.00999999	          0.36709452	
          0.42209661	         -4.59351884	          4.00071433	         -1.24663335	          0.46614617	          0.97432169	          0.01465012	         -0.18486030	         -2.20118172	         -1.00474147	         -5.95977909	          6.16244021	         15.33905212	         30.14272052	         -0.11545499	        -15.01921082	        -37.74902629	          3.53658506	          0.48697265	         -8.80493076	         -0.13778101	         -3.46613102	          0.03517077	          0.01000000	          0.01000000	          0.11352251	          0.01000002	          0.02472750	          0.55522679	          0.01000001	          0.07492982	          0.01000000	          0.01000000	          0.31815278	          0.15174731	          0.20443468	          0.17738588	          0.01000001	          0.01000000	          0.00999999	          0.03541406	          0.00999999	          0.11777463	          0.04285746	          0.20930702	          0.02272350	          0.00999999	          0.01000000	          0.01000000	          0.34860919	
          0.43451121	         -4.62151270	          3.65951179	         -1.49307635	          0.47924961	          0.97267952	          0.01484285	         -1.17840631	         -1.85187895	         -1.02979483	         -5.61539885	          6.38067172	         16.01106919	         29.89626406	         -0.10615117	        -14.44509577	        -33.30138987	          3.08876603	          0.39544690	         -8.73958085	          0.17696415	         -3.23276311	          0.03388089	          0.01000000	          0.01000000	          0.13214405	          0.01000001	          0.02048847	          0.56921612	          0.01000000	          0.11727447	          0.01000000	          0.00999999	          0.33133438	          0.16411476	          0.22984434	          0.17192903	          0.01000005	          0.01000000	          0.00999999	          0.02934276	          0.00999999	          0.21396481	          0.09397382	          0.23583070	          0.01985796	          0.00999999	          0.01000000	          0.01000000	          0.32908426	
          0.44692582	         -4.66889063	          3.30511592	         -1.75409948	          0.49253170	          0.97061667	          0.01502098	         -2.11957018	         -1.49608023	         -1.05473578	         -5.36883379	          6.66926927	         16.72573184	         29.54855970	         -0.13303546	        -13.73357105	        -28.78396781	          2.63400446	          0.31989467	         -8.63044020	          0.49855791	         -2.98761098	          0.02979337	          0.00999999	          0.01000000	          0.14715467	          0.01000001	          0.02363989	          0.57556725	          0.01000000	          0.15492006	          0.01000000	          0.00999999	          0.34507255	          0.17869298	          0.24224169	          0.16323089	          0.02024298	          0.01000000	          0.00999999	          0.02431231	          0.00999999	          0.24160827	          0.12712780	          0.26638456	          0.02035640	          0.00999999	          0.01000002	          0.01000001	          0.31562212	
          0.45934042	         -4.73507588	          2.95977138	         -2.02987031	          0.50597107	          0.96816829	          0.01518297	         -3.00254454	         -1.15822769	         -1.08110234	         -5.22770374	          7.01916313	         17.50559724	         29.15803719	         -0.19809946	        -12.90512470	        -24.36282979	          2.20048862	          0.25899696	         -8.48376802	          0.80127908	         -2.73127344	          0.02825817	          0.00999999	          0.01000000	          0.15232655	          0.01000002	          0.03053614	          0.57795478	          0.01000000	          0.18199443	          0.01000000	          0.00999999	          0.35918567	          0.19538728	          0.23290284	          0.15352548	          0.03885512	          0.01000000	          0.00999999	          0.04439985	          0.00999999	          0.21952889	          0.14429288	          0.29571195	          0.01936564	          0.00999999	          0.01142033	          0.01000001	          0.31089773	
          0.47175503	         -4.81936814	          2.64257883	         -2.31850089	          0.51955342	          0.96540265	          0.01531724	         -3.82775613	         -0.85996559	         -1.10666625	         -5.18567279	          7.40176096	         18.37524638	         28.76022895	         -0.29113973	        -11.98423257	        -20.12828809	          1.80615550	          0.21150061	         -8.30582450	          1.06332406	         -2.46181567	          0.02773280	          0.00999999	          0.01000000	          0.14888597	          0.01000002	          0.03333943	          0.57788280	          0.01000000	          0.19818304	          0.01000000	          0.00999999	          0.37317714	          0.21373524	          0.19297448	          0.14594356	          0.06817326	          0.01000000	          0.00999999	          0.08194382	          0.00999999	          0.18189335	          0.14657122	          0.32028865	          0.01855948	          0.00999999	          0.01292970	          0.01000000	          0.30932437	
          0.48416964	         -4.92084044	          2.36581261	         -2.61492543	          0.53327250	          0.96240912	          0.01540793	         -4.60354593	         -0.61542530	         -1.13107290	         -5.22196306	          7.78118309	         19.34885241	         28.38029908	         -0.39838533	        -11.00782293	        -16.13915439	          1.46714537	          0.17591877	         -8.10246671	          1.26977171	         -2.17592547	          0.02712853	          0.00999999	          0.01000000	          0.14027465	          0.01000002	          0.03751336	          0.57320087	          0.01000001	          0.20576655	          0.01000000	          0.00999999	          0.38657775	          0.23312361	          0.15989135	          0.14085501	          0.10606491	          0.01000000	          0.00999999	          0.11878317	          0.00999999	          0.15070995	          0.13741255	          0.33746179	          0.01886349	          0.00999999	          0.01206903	          0.01000001	          0.30596713	
          0.49658424	         -5.03816191	          2.13495395	         -2.91122228	          0.54711987	          0.95927935	          0.01544105	         -5.34050322	         -0.43051749	         -1.15872662	         -5.31512584	          8.13566465	         20.41357345	         28.04835608	         -0.50724188	        -10.01925376	        -12.46717477	          1.19683325	          0.15193068	         -7.88046674	          1.41165280	         -1.86980706	          0.02594994	          0.00999999	          0.01000000	          0.12871543	          0.01000002	          0.04096687	          0.56305422	          0.01000001	          0.21066584	          0.01000000	          0.00999999	          0.39899532	          0.25266484	          0.13247992	          0.13380515	          0.15192006	          0.01000000	          0.00999999	          0.15164887	          0.01000000	          0.12487256	          0.11385486	          0.34801842	          0.02001553	          0.00999999	          0.01000008	          0.01000006	          0.30568985	
          0.50899885	         -5.16965000	          1.95101309	         -3.19777015	          0.56107681	          0.95609768	          0.01540342	         -6.04565348	         -0.30551240	         -1.19775801	         -5.44883601	          8.43962915	         21.55845761	         27.80213427	         -0.60451450	         -9.05418484	         -9.20106870	          1.00327077	          0.13876356	         -7.64865352	          1.48391748	         -1.53937019	          0.02418957	          0.00999999	          0.00999999	          0.11978299	          0.01000002	          0.04620654	          0.54549094	          0.01000002	          0.22189698	          0.01000000	          0.00999999	          0.40994437	          0.27148875	          0.10976784	          0.12927661	          0.19034777	          0.01000001	          0.00999999	          0.16918203	          0.01000000	          0.10346468	          0.09433583	          0.35308094	          0.02016064	          0.01000000	          0.01000000	          0.01000001	          0.31065149	
          0.52141345	         -5.31314238	          1.81009433	         -3.46617134	          0.57512858	          0.95293860	          0.01528487	         -6.72313479	         -0.23474489	         -1.25981825	         -5.61260850	          8.66562293	         22.77813596	         27.67229267	         -0.67957931	         -8.14367524	         -6.41041026	          0.88667231	          0.13417665	         -7.41560107	          1.48715863	         -1.18114761	          0.02004265	          0.00999999	          0.01000000	          0.11537431	          0.01000002	          0.03828697	          0.51826894	          0.01000001	          0.24482809	          0.01000000	          0.00999999	          0.41875732	          0.28883267	          0.09094948	          0.12331470	          0.21788439	          0.01000001	          0.01000000	          0.17519355	          0.01020281	          0.08572692	          0.07816310	          0.35524257	          0.01670457	          0.01000003	          0.01000000	          0.01000000	          0.31415490	
          0.53382806	         -5.46589632	          1.70516564	         -3.71039930	          0.58927555	          0.94986393	          0.01507591	         -7.37363770	         -0.20922734	         -1.35627125	         -5.80564629	          8.79047370	         24.07111517	         27.67393625	         -0.72412417	         -7.31019632	         -4.13346473	          0.84841109	          0.13650125	         -7.18771741	          1.42699041	         -0.79373532	          0.02605214	          0.00999999	          0.00999999	          0.11506085	          0.01000002	          0.03172325	          0.47776787	          0.01000004	          0.28202235	          0.01000000	          0.00999999	          0.42478399	          0.30369651	          0.07535729	          0.13311081	          0.21994002	          0.01000001	          0.01000000	          0.15764068	          0.04099908	          0.07103010	          0.06476298	          0.35293222	          0.01523765	          0.01000003	          0.01000000	          0.01000000	          0.31747333	
          0.54624267	         -5.62405395	          1.62559699	         -3.92891730	          0.60356241	          0.94692368	          0.01477290	         -7.99918288	         -0.21679882	         -1.49344906	         -6.03226154	          8.79277445	         25.43956432	         27.79824565	         -0.73596605	         -6.57115202	         -2.39060046	          0.88064985	          0.14511789	         -6.96357604	          1.31516016	         -0.37797472	          0.02980239	          0.00999999	          0.00999999	          0.11507852	          0.01000001	          0.02628473	          0.41701044	          0.01000003	          0.31922975	          0.01000000	          0.00999999	          0.42739512	          0.31552515	          0.06243820	          0.14105322	          0.22179733	          0.01000001	          0.01000000	          0.14022649	          0.06869422	          0.11531773	          0.05366016	          0.34506408	          0.01582675	          0.01000006	          0.01000000	          0.01000000	          0.32017935	
          0.55865727	         -5.78363074	          1.56157913	         -4.12057762	          0.61803679	          0.94415076	          0.01437466	         -8.60057022	         -0.24638564	         -1.67593240	         -6.30107170	          8.65862093	         26.88462237	         28.03942663	         -0.71509531	         -5.93526086	         -1.22483317	          0.95816124	          0.15935743	         -6.74062295	          1.16291828	          0.06264556	          0.03681876	          0.00999999	          0.00999999	          0.11636203	          0.01000001	          0.02177857	          0.34551908	          0.01000001	          0.35533579	          0.01000000	          0.00999999	          0.42606813	          0.32375372	          0.05173393	          0.14802132	          0.22111159	          0.01000000	          0.01000001	          0.12427051	          0.09287762	          0.22141671	          0.04446077	          0.33123255	          0.01311380	          0.01031662	          0.01000000	          0.01000000	          0.32089014	
          0.57107188	         -5.94064477	          1.50581917	         -4.28426848	          0.63274507	          0.94155988	          0.01388108	         -9.17950818	         -0.28969695	         -1.90969343	         -6.62051393	          8.38249542	         28.40285048	         28.39661094	         -0.66185056	         -5.40431420	         -0.69774567	          1.04842783	          0.17793730	         -6.51594208	          0.97882507	          0.52392342	          0.04530232	          0.00999999	          0.00999999	          0.11878632	          0.01000001	          0.01804493	          0.28628403	          0.01173932	          0.38972285	          0.01000001	          0.00999999	          0.42053034	          0.32796782	          0.04286477	          0.15662329	          0.21395147	          0.01000000	          0.01000001	          0.10800221	          0.11374355	          0.30376035	          0.03683851	          0.31086010	          0.01086565	          0.01000001	          0.01179284	          0.01000000	          0.32434628	
          0.58348648	         -6.09105683	          1.45217379	         -4.41950803	          0.64774649	          0.93914973	          0.01329608	         -9.73687208	         -0.33968072	         -2.20202715	         -7.00350065	          7.96546287	         29.98754028	         28.85255293	         -0.57755253	         -4.97690276	         -0.83439653	          1.11018108	          0.19642867	         -6.28418341	          0.77019905	          1.00070042	          0.05452148	          0.00999999	          0.00999999	          0.11276273	          0.01000001	          0.01495138	          0.23720411	          0.02180235	          0.42182578	          0.01000002	          0.00999999	          0.41080278	          0.32818738	          0.03551613	          0.16922081	          0.20987864	          0.01000000	          0.01000000	          0.10055014	          0.13191728	          0.34478083	          0.03052300	          0.28401355	          0.01000002	          0.01000000	          0.02038787	          0.00999999	          0.34286725	
          0.59590109	         -6.23088695	          1.39199655	         -4.52431253	          0.66311220	          0.93690446	          0.01263122	        -10.26934084	         -0.38630434	         -2.55737904	         -7.47330716	          7.41144513	         31.63319551	         29.36799036	         -0.46660557	         -4.66039382	         -1.61109324	          1.12467967	          0.21343080	         -6.03796265	          0.54575629	          1.48544818	          0.05734380	          0.00999999	          0.00999999	          0.09343093	          0.01000000	          0.01238819	          0.19653835	          0.03944881	          0.45279120	          0.01000029	          0.01000000	          0.39664390	          0.32422488	          0.02942732	          0.18800125	          0.19449180	          0.01000000	          0.01000000	          0.10862377	          0.14423456	          0.34110147	          0.02529020	          0.23532289	          0.01000000	          0.00999999	          0.03151614	          0.00999999	          0.34896996	
          0.60831570	         -6.35668858	          1.31225072	         -4.59608164	          0.67891581	          0.93480044	          0.01190565	        -10.76350083	         -0.41621559	         -2.97012759	         -8.07180531	          6.72466511	         33.33853248	         29.87289718	         -0.34011931	         -4.47809668	         -2.93321116	          0.99840347	          0.22497732	         -5.76916505	          0.31842276	          1.96730933	          0.06278993	          0.00999999	          0.00999999	          0.07741333	          0.01000000	          0.01026443	          0.16284423	          0.05145677	          0.47828120	          0.03090649	          0.01000000	          0.37853024	          0.31691176	          0.02438236	          0.18916558	          0.16580933	          0.01000000	          0.00999999	          0.12951638	          0.15345709	          0.28262380	          0.02095450	          0.19497963	          0.01000000	          0.00999999	          0.02745066	          0.01200926	          0.37083539	
          0.62073030	         -6.46548387	          1.21113131	         -4.63467806	          0.69521794	          0.93282012	          0.01112108	        -11.19441805	         -0.43269380	         -3.42167389	         -8.85882097	          5.91510240	         35.09798433	         30.27712979	         -0.21452116	         -4.42636556	         -4.68548327	          0.71665949	          0.23603075	         -5.47053982	          0.09437722	          2.43737342	          0.11460367	          0.00999999	          0.00999999	          0.06414176	          0.01000003	          0.01000042	          0.13492657	          0.04300880	          0.49989021	          0.02560796	          0.01000004	          0.35500774	          0.30487436	          0.02020230	          0.15673544	          0.13738335	          0.00999999	          0.00999999	          0.27080242	          0.15266260	          0.23417138	          0.03591551	          0.16155274	          0.01000001	          0.00999999	          0.02274458	          0.00999999	          0.40592457	
          0.63314491	         -6.55460721	          1.13527271	         -4.64406140	          0.71201608	          0.93100413	          0.01028195	        -11.50461034	         -0.49459640	         -3.88046172	         -9.93921713	          5.00325069	         36.90358622	         30.48183353	         -0.13210011	         -4.24821775	         -6.64310060	          0.34491290	          0.20209210	         -5.13804206	         -0.17055586	          2.89172251	          0.11626772	          0.00999999	          0.00999999	          0.05314543	          0.01000339	          0.01556411	          0.11179504	          0.03563547	          0.49541932	          0.02121779	          0.02539955	          0.32671140	          0.28906939	          0.01673886	          0.12986505	          0.11546091	          0.00999999	          0.00999999	          0.22437664	          0.14633400	          0.19402555	          0.07225169	          0.13385648	          0.01000000	          0.00999999	          0.01884530	          0.01324029	          0.43615231	
          0.64555952	         -6.62461830	          1.08213583	         -4.62138312	          0.72915879	          0.92944459	          0.00933379	        -11.64619936	         -0.60643357	         -4.34747752	        -11.37134918	          3.95600970	         38.74616973	         30.47584313	         -0.06447627	         -4.07300946	         -8.36757422	          0.00404238	          0.19284968	         -4.79217561	         -0.46216047	          3.32390580	          0.10409490	          0.00999999	          0.00999999	          0.04403429	          0.01000001	          0.01289648	          0.09262914	          0.02952620	          0.49285971	          0.01758026	          0.02121774	          0.29051326	          0.26769655	          0.01386919	          0.13767502	          0.09566654	          0.01000000	          0.06468851	          0.21234632	          0.13434327	          0.16076223	          0.08835182	          0.11090841	          0.00999999	          0.00999999	          0.01561450	          0.01097041	          0.53123748	
          0.65797412	         -6.67507024	          1.02851247	         -4.56651125	          0.74640700	          0.92825368	          0.00826441	        -11.53567543	         -0.75123261	         -4.82652184	        -13.27838376	          2.75933660	         40.57658054	         30.34488332	          0.00637427	         -3.97862313	         -9.87810311	         -0.49583854	          0.16966476	         -4.46492958	         -0.75273413	          3.72605409	          0.13472112	          0.00999999	          0.00999999	          0.03648515	          0.01061993	          0.03075246	          0.07674900	          0.02446429	          0.47706573	          0.01456634	          0.01758022	          0.24070828	          0.24343693	          0.01149148	          0.14755395	          0.07926567	          0.00999999	          0.12186466	          0.26656117	          0.12421038	          0.13320149	          0.12061903	          0.09189451	          0.00999999	          0.00999999	          0.01293759	          0.00999999	          0.57780076	
          0.67038873	         -6.70419266	          0.98499161	         -4.48772457	          0.76357898	          0.92752663	          0.00709408	        -11.10738274	         -0.95002699	         -5.31785747	        -15.75040817	          1.40371436	         42.27915757	         30.17136473	          0.09237173	         -3.92759356	        -11.38311773	         -0.76865479	          0.13339689	         -4.17277254	         -1.05405635	          4.09719780	          0.17355275	          0.00999999	          0.00999999	          0.03023021	          0.07492730	          0.02548133	          0.06359132	          0.02027019	          0.44680973	          0.01206912	          0.01456631	          0.19944177	          0.20339147	          0.00999999	          0.15521601	          0.06567653	          0.00999999	          0.17051557	          0.28899927	          0.11234961	          0.11036572	          0.18632485	          0.07614031	          0.00999999	          0.02090090	          0.01071959	          0.00999999	          0.59738658	
          0.68280333	         -6.71227271	          0.95754697	         -4.38786656	          0.78049625	          0.92739088	          0.00584932	        -10.32252590	         -1.21580691	         -5.83630507	        -18.82057275	         -0.10655467	         43.59092108	         29.99915776	          0.19811483	         -3.89623526	        -12.97221223	         -0.62391753	          0.10052812	         -3.92824019	         -1.37219852	          4.43372701	          0.20045804	          0.00999999	          0.00999999	          0.02504761	          0.14713486	          0.03123004	          0.05268937	          0.01679511	          0.39589126	          0.01000002	          0.01206909	          0.16524990	          0.16852247	          0.00999999	          0.15665620	          0.05441709	          0.00999999	          0.19897985	          0.28955531	          0.10297860	          0.09144486	          0.20175531	          0.06308698	          0.00999999	          0.06172246	          0.00999999	          0.00999999	          0.57323713	
          0.69521794	         -6.70177338	          0.94382172	         -4.27143620	          0.79706146	          0.92791986	          0.00456601	         -9.18623601	         -1.55382941	         -6.40667937	        -22.45823265	         -1.67473533	         44.03412712	         29.78349840	          0.32681273	         -3.84844541	        -14.54703407	         -0.04507935	          0.10254795	         -3.73403669	         -1.70390279	          4.73510443	          0.21283548	          0.00999999	          0.00999999	          0.02075350	          0.19435907	          0.02587613	          0.04365645	          0.01391579	          0.33120289	          0.01000000	          0.00999999	          0.13691980	          0.13963134	          0.00999999	          0.15139673	          0.04508794	          0.00999999	          0.21215305	          0.23991458	          0.09372256	          0.07576775	          0.18860395	          0.05227148	          0.00999999	          0.12905896	          0.00999999	          0.00999999	          0.48479528	
          0.70763255	         -6.67706915	          0.93400363	         -4.14015320	          0.81324295	          0.92916758	          0.00328482	         -7.73524103	         -1.96308774	         -7.03106239	        -26.56400021	         -3.31530655	         43.35817194	         29.42036643	          0.47611903	         -3.76199914	        -15.90640183	          0.93568129	          0.21481661	         -3.58667993	         -2.03852471	          4.99892164	          0.22084508	          0.00999999	          0.00999999	          0.01719556	          0.19528251	          0.02144003	          0.05639569	          0.01153010	          0.27442217	          0.01000000	          0.00999999	          0.11344656	          0.11569324	          0.00999999	          0.13973821	          0.03735816	          0.00999999	          0.21566991	          0.19878414	          0.08472206	          0.06277829	          0.17168343	          0.04331017	          0.00999999	          0.16336412	          0.00999999	          0.00999999	          0.40168302	
          0.72004715	         -6.64241765	          0.91446203	         -3.99317667	          0.82904289	          0.93110064	          0.00202666	         -6.03851550	         -2.43413142	         -7.70115408	        -30.92765283	         -5.21865920	         41.71624759	         28.84727306	          0.63341007	         -3.64382866	        -16.88533917	          2.02479783	          0.43246660	         -3.48120531	         -2.35891317	          5.22228877	          0.22241386	          0.00999999	          0.00999999	          0.01424759	          0.17649541	          0.01776443	          0.08541702	          0.00999999	          0.22737582	          0.01000000	          0.00999999	          0.09399753	          0.09585903	          0.00999999	          0.11734666	          0.03095356	          0.00999999	          0.20675069	          0.16470501	          0.07991390	          0.05201572	          0.14225041	          0.03588517	          0.00999999	          0.18055516	          0.00999999	          0.00999999	          0.33281936	
          0.73246176	         -6.60068587	          0.86814132	         -3.83138359	          0.84447560	          0.93358727	          0.00079216	         -4.17316434	         -2.95157187	         -8.40956432	        -35.36550621	         -7.33125498	         39.04192470	         28.05842960	          0.77802578	         -3.50042606	        -17.43299042	          2.99845665	          0.72242566	         -3.41488210	         -2.64093656	          5.40677087	          0.22517564	          0.00999999	          0.01000000	          0.01180502	          0.16233678	          0.01471899	          0.10054834	          0.00999999	          0.18839500	          0.01000000	          0.00999999	          0.07788279	          0.07942517	          0.05447895	          0.09722900	          0.02564694	          0.00999999	          0.20268243	          0.13646833	          0.07713346	          0.04309826	          0.11786334	          0.02973309	          0.00999999	          0.18575347	          0.00999999	          0.00999999	          0.28575487	
          0.74487636	         -6.55307796	          0.78370325	         -3.65575384	          0.85955761	          0.93644480	         -0.00041756	         -2.23022808	         -3.49387041	         -9.12986497	        -39.74529658	         -9.23178173	         35.05990538	         27.08510945	          0.89322003	         -3.33131985	        -17.60200413	          3.83033120	          1.04086108	         -3.38592290	         -2.86732076	          5.55440820	          0.22899435	          0.01000000	          0.01000001	          0.00999999	          0.13450612	          0.02542106	          0.12738255	          0.00999999	          0.15609696	          0.01000000	          0.00999999	          0.06453073	          0.06580868	          0.18620932	          0.08056027	          0.02125009	          0.00999999	          0.20107676	          0.11307249	          0.07593374	          0.03570959	          0.09928276	          0.02463571	          0.00999999	          0.17526015	          0.00999999	          0.00999999	          0.25629121	
          0.75729097	         -6.49953010	          0.66350999	         -3.46740170	          0.87430668	          0.93948461	         -0.00158353	         -0.31660374	         -4.02076921	         -9.81391015	        -43.88008507	        -10.31419397	         30.10598290	         25.98517915	          0.97313126	         -3.14354652	        -17.50397937	          4.55707182	          1.35623026	         -3.39208326	         -3.03933595	          5.66612723	          0.22945107	          0.01000000	          0.01000012	          0.00999999	          0.11144668	          0.05526484	          0.19724317	          0.00999999	          0.13774287	          0.00999999	          0.00999999	          0.07766800	          0.05452658	          0.21390469	          0.06674919	          0.01760702	          0.00999999	          0.18627058	          0.09368759	          0.07811360	          0.02958761	          0.08759109	          0.02041222	          0.00999999	          0.16069110	          0.00999999	          0.00999999	          0.23258846	
          0.76970558	         -6.43950854	          0.50018167	         -3.26736534	          0.88874295	          0.94260080	         -0.00267950	          1.49949601	         -4.46460624	        -10.45939742	        -47.48564673	        -10.17904986	         25.70318136	         24.81255670	          1.00239747	         -2.94561533	        -17.23952848	          5.18949836	          1.65553150	         -3.43284465	         -3.14886687	          5.74344794	          0.21864526	          0.01000003	          0.01000013	          0.00999999	          0.09835359	          0.04579101	          0.23019471	          0.00999999	          0.12682359	          0.01000000	          0.00999999	          0.06435276	          0.04517866	          0.25565343	          0.05530585	          0.01458851	          0.00999999	          0.16519054	          0.07762599	          0.07822872	          0.02451518	          0.07319568	          0.01691279	          0.00999999	          0.14415442	          0.00999999	          0.00999999	          0.21393227	
          0.78212018	         -6.37220477	          0.28474462	         -3.06128633	          0.90287895	          0.94575260	         -0.00371097	          3.23840917	         -4.80744291	        -11.07501062	        -50.51245650	         -9.63304887	         21.96893542	         23.60276081	          0.96714400	         -2.74282009	        -16.87430675	          5.72786899	          1.93599425	         -3.51050803	         -3.18312815	          5.79296903	          0.20682036	          0.01127426	          0.01000005	          0.00999999	          0.11426391	          0.03794079	          0.28363851	          0.00999999	          0.12037615	          0.01000000	          0.00999999	          0.05907521	          0.03743333	          0.25553775	          0.04582434	          0.01208749	          0.00999999	          0.14067550	          0.06431795	          0.07842672	          0.02031235	          0.06547060	          0.01401330	          0.00999999	          0.13260938	          0.00999999	          0.00999999	          0.19497735	
          0.79453479	         -6.29684204	          0.01371193	         -2.85153999	          0.91672834	          0.94888257	         -0.00467899	          4.91927159	         -5.03329856	        -11.65259494	        -52.99583832	         -8.91758494	         18.76541552	         22.37070444	          0.86094633	         -2.54202023	        -16.43568595	          6.17066080	          2.20633706	         -3.62688996	         -3.13720283	          5.81705266	          0.20175080	          0.02443818	          0.01000004	          0.00999999	          0.12596041	          0.03143633	          0.34483444	          0.00999999	          0.11602443	          0.01000000	          0.00999999	          0.05240880	          0.03101584	          0.24795908	          0.03796831	          0.01001523	          0.00999999	          0.11988552	          0.05329142	          0.07826711	          0.01683005	          0.06103298	          0.01161089	          0.00999999	          0.12496052	          0.01000000	          0.01000000	          0.17266329	
          0.80694939	         -6.21298961	         -0.31090239	         -2.64051498	          0.93030483	          0.95193999	         -0.00558735	          6.55807894	         -5.13413009	        -12.18492179	        -54.99304319	         -8.02493991	         16.01738844	         21.11902080	          0.68484012	         -2.34529356	        -15.92654346	          6.50202874	          2.48941897	         -3.78234695	         -3.01144232	          5.81719464	          0.19846578	          0.03547316	          0.01000003	          0.00999999	          0.14063054	          0.02604697	          0.42111537	          0.00999999	          0.11328985	          0.01000000	          0.00999999	          0.04342395	          0.02569855	          0.23652687	          0.03145911	          0.00999999	          0.00999999	          0.10390789	          0.04415525	          0.07805591	          0.01394474	          0.05874475	          0.00999999	          0.00999999	          0.11856474	          0.04174235	          0.01000000	          0.16280140	
          0.81936400	         -6.12077937	         -0.68144329	         -2.43013714	          0.94360866	          0.95489060	         -0.00643898	          8.17391293	         -5.11170125	        -12.66710327	        -56.55933395	         -7.01727765	         13.66595166	         19.85692759	          0.44618057	         -2.15271505	        -15.35793048	          6.70314287	          2.81500139	         -3.97744150	         -2.81320317	          5.79496013	          0.19745206	          0.04953029	          0.01000003	          0.00999999	          0.15267452	          0.02158155	          0.51162722	          0.00999999	          0.11087953	          0.01000000	          0.00999999	          0.03597944	          0.02129284	          0.22469352	          0.02606583	          0.00999999	          0.00999999	          0.09240869	          0.03658537	          0.07646556	          0.01155409	          0.05619188	          0.00999999	          0.01000000	          0.11354486	          0.06913944	          0.01000000	          0.14093443	
          0.83177861	         -6.02078003	         -1.08764807	         -2.22255501	          0.95663724	          0.95770673	         -0.00723745	          9.78605969	         -4.97609508	        -13.09792369	        -57.75606897	         -5.93528156	         11.65355170	         18.59273834	          0.15521620	         -1.96605500	        -14.74803501	          6.80979013	          3.19511394	         -4.21210424	         -2.55273854	          5.75238575	          0.19771028	          0.06344553	          0.01000002	          0.00999999	          0.16395346	          0.01788167	          0.61462227	          0.00999999	          0.10855621	          0.01000001	          0.00999999	          0.02981120	          0.01764244	          0.21659132	          0.02159716	          0.00999999	          0.00999999	          0.08467683	          0.03031325	          0.07398294	          0.01000000	          0.05114286	          0.00999999	          0.01000000	          0.10845514	          0.09282411	          0.01000008	          0.11677296	
          0.84419321	         -5.91396029	         -1.51810948	         -2.02003795	          0.96939008	          0.96036477	         -0.00798756	         11.41403803	         -4.74404146	        -13.47878895	        -58.65456282	         -4.81637485	          9.92701692	         17.33090156	         -0.17619029	         -1.78811782	        -14.10619058	          6.84233110	          3.64004039	         -4.48520240	         -2.24145247	          5.69204217	          0.20110249	          0.07298959	          0.01000002	          0.00999999	          0.17519448	          0.01481609	          0.72184818	          0.00999999	          0.10534776	          0.01000001	          0.00999999	          0.02470043	          0.01461786	          0.21239714	          0.01789459	          0.00999999	          0.00999999	          0.08112285	          0.02511641	          0.07153153	          0.01000001	          0.04622192	          0.00999999	          0.01000000	          0.09955979	          0.11369546	          0.02209564	          0.09675367	
          0.85660782	         -5.80162338	         -1.96123319	         -1.82358001	          0.98186802	          0.96284858	         -0.00869327	         13.07471430	         -4.43526182	        -13.81345143	        -59.32944890	         -3.68179768	          8.44215017	         16.07894093	         -0.53559184	         -1.62125605	        -13.44398272	          6.80308407	          4.16388910	         -4.79463092	         -1.89168909	          5.61656977	          0.20102023	          0.06244163	          0.01000004	          0.00999999	          0.19222820	          0.01227607	          0.81854190	          0.00999999	          0.09960218	          0.01000001	          0.00999999	          0.02046584	          0.01211181	          0.21101907	          0.01482679	          0.00999999	          0.00999999	          0.08089474	          0.02081051	          0.06747741	          0.01000001	          0.03829779	          0.00999999	          0.01000000	          0.08249149	          0.13308847	          0.03684495	          0.08016644	
          0.86902242	         -5.68522216	         -2.40578368	         -1.63216655	          0.99407322	          0.96514214	         -0.00935146	         14.77865977	         -4.06829889	        -14.10688898	        -59.84582224	         -2.56193668	          7.16194919	         14.85734272	         -0.91104213	         -1.46553151	        -12.80344968	          6.73213944	          4.76092095	         -5.13767398	         -1.51796703	          5.52912024	          0.20337044	          0.05173678	          0.01000005	          0.00999999	          0.20725654	          0.01017152	          0.89064981	          0.00999999	          0.09490731	          0.01000001	          0.00999999	          0.01695722	          0.01003538	          0.21470389	          0.01228492	          0.00999999	          0.00999999	          0.07990186	          0.01724280	          0.06116302	          0.01000001	          0.03173211	          0.00999999	          0.01000000	          0.06834933	          0.15082538	          0.04933298	          0.06642288	
          0.88143703	         -5.56618257	         -2.84223107	         -1.44431923	          1.00602561	          0.96723074	         -0.00996020	         16.52547373	         -3.66086088	        -14.36737586	        -60.24821878	         -1.48473957	          6.05803916	         13.67807825	         -1.29191441	         -1.32348348	        -12.20961041	          6.65296994	          5.42019698	         -5.50926224	         -1.13288740	          5.43331019	          0.20698035	          0.04286714	          0.01000004	          0.00999999	          0.21570888	          0.01000005	          0.92542372	          0.00999999	          0.09468794	          0.01000001	          0.00999999	          0.01405011	          0.00999999	          0.22845652	          0.01017882	          0.00999999	          0.00999999	          0.07915904	          0.01428673	          0.05394405	          0.01000002	          0.02629203	          0.00999999	          0.01000000	          0.05663167	          0.16708690	          0.06053946	          0.05503549	
          0.89385164	         -5.44602999	         -3.26165691	         -1.25819752	          1.01776268	          0.96910640	         -0.01052195	         18.30397654	         -3.23093945	        -14.60503347	        -60.55283269	         -0.48852805	          5.10831634	         12.54125054	         -1.66751592	         -1.19643101	        -11.66601462	          6.57707262	          6.13000674	         -5.90206407	         -0.74759354	          5.33188972	          0.20987989	          0.03551809	          0.01000011	          0.00999999	          0.21800372	          0.01000003	          0.90980340	          0.00999999	          0.10019098	          0.01000002	          0.00999999	          0.01164139	          0.00999999	          0.24192164	          0.01000000	          0.00999999	          0.00999999	          0.07931382	          0.01183745	          0.04591549	          0.01000004	          0.02204951	          0.00999999	          0.01000000	          0.04692285	          0.18220794	          0.07082029	          0.04560033	
          0.90626624	         -5.32650084	         -3.65532862	         -1.07121799	          1.02933793	          0.97076995	         -0.01104073	         20.08925208	         -2.79413261	        -14.82893499	        -60.73845903	          0.42912262	          4.29722985	         11.43771321	         -2.02700248	         -1.08550047	        -11.15901857	          6.50571664	          6.87958529	         -6.30656249	         -0.37288093	          5.22573943	          0.21587534	          0.02942894	          0.01000004	          0.00999999	          0.21240173	          0.01000001	          0.82580377	          0.00999999	          0.10758037	          0.01000023	          0.00999999	          0.00999999	          0.00999999	          0.25957965	          0.01042419	          0.00999999	          0.00999999	          0.07720751	          0.00999999	          0.03932952	          0.01000011	          0.02191279	          0.00999999	          0.01000001	          0.03887850	          0.19622048	          0.08030748	          0.03778271	
          0.91868085	         -5.20941638	         -4.01412195	         -0.88092836	          1.04081994	          0.97223250	         -0.01152308	         21.83986511	         -2.36333441	        -15.04621607	        -60.73245993	          1.26249331	          3.61070549	         10.35405639	         -2.35903970	         -0.99517297	        -10.66893415	          6.43772515	          7.65761389	         -6.71109301	         -0.01953370	          5.11481300	          0.21762371	          0.02438371	          0.01000009	          0.00999999	          0.20359062	          0.01000000	          0.68422974	          0.00999999	          0.11532513	          0.04590529	          0.00999999	          0.00999999	          0.00999999	          0.28348259	          0.01566543	          0.01000000	          0.00999999	          0.07602494	          0.01000000	          0.03415079	          0.09596325	          0.03045035	          0.01000000	          0.01000001	          0.03221325	          0.20951619	          0.08906357	          0.03130532	
          0.93109545	         -5.09678131	         -4.32718288	         -0.68567148	          1.05227575	          0.97350663	         -0.01197002	         23.50382762	         -1.94805593	        -15.25711047	        -60.42233931	          1.99629960	          3.02890730	          9.28856824	         -2.65116875	         -0.92951204	        -10.19713535	          6.37185981	          8.45482101	         -7.10386914	          0.29848275	          4.99742341	          0.21785914	          0.02020342	          0.01000026	          0.00999999	          0.19241976	          0.01000000	          0.56692685	          0.00999999	          0.12277475	          0.06625453	          0.00999999	          0.00999999	          0.00999999	          0.30808068	          0.02380370	          0.01000000	          0.00999999	          0.07650421	          0.01000000	          0.03223135	          0.18058053	          0.03489119	          0.01000000	          0.01000001	          0.02669068	          0.22192097	          0.09666170	          0.02593841	
          0.94351006	         -4.99062153	         -4.58321929	         -0.48515845	          1.06376561	          0.97459551	         -0.01237994	         25.03487641	         -1.55804473	        -15.45520682	        -59.71692606	          2.63948477	          2.53278827	          8.23990339	         -2.89065330	         -0.88618769	         -9.74357445	          6.30111822	          9.26638731	         -7.47391298	          0.56625698	          4.87161589	          0.21887987	          0.01673979	          0.01060922	          0.00999999	          0.15943182	          0.01000000	          0.46973412	          0.00999999	          0.13047879	          0.07220710	          0.00999999	          0.00999999	          0.00999999	          0.33443561	          0.02973702	          0.01000000	          0.00999999	          0.08180292	          0.01000000	          0.02992408	          0.25151460	          0.03405955	          0.01000000	          0.01000001	          0.02211489	          0.23329126	          0.10316403	          0.02149158	
          0.95592467	         -4.89297378	         -4.77164584	         -0.28061634	          1.07533985	          0.97549121	         -0.01275680	         26.40013174	         -1.20809011	        -15.63231543	        -58.56585536	          3.19331505	          2.10761180	          7.20191287	         -3.06526938	         -0.86229021	         -9.29944174	          6.22148469	         10.08838519	         -7.81182773	          0.77087065	          4.73688045	          0.21779253	          0.01386995	          0.01208680	          0.00999999	          0.13209918	          0.00999999	          0.38920390	          0.00999999	          0.13854550	          0.07197584	          0.01000000	          0.00999999	          0.00999999	          0.36029244	          0.03696621	          0.01000001	          0.00999999	          0.08688644	          0.01000000	          0.03117497	          0.30783551	          0.02952256	          0.01000000	          0.01000001	          0.01832356	          0.24375160	          0.10860688	          0.01780712	
          0.96833927	         -4.80580941	         -4.88567233	         -0.07270952	          1.08704128	          0.97617904	         -0.01310357	         27.57535339	         -0.90741979	        -15.77640477	        -56.94371778	          3.65057790	          1.74189429	          6.16613844	         -3.16679983	         -0.85451201	         -8.85170580	          6.13228217	         10.91679645	         -8.10963256	          0.90359587	          4.59211958	          0.21586574	          0.01149212	          0.01001491	          0.00999999	          0.10945238	          0.00999999	          0.32247961	          0.00999999	          0.14514076	          0.06673701	          0.01000000	          0.00999999	          0.00999999	          0.38345165	          0.04194003	          0.01000001	          0.00999999	          0.09085186	          0.01000000	          0.03176146	          0.35655369	          0.02446128	          0.01000000	          0.01000001	          0.01518221	          0.25347204	          0.11296698	          0.01475431	
          0.98075388	         -4.73099248	         -4.92160925	          0.13826710	          1.09890662	          0.97663982	         -0.01342125	         28.54279694	         -0.65934906	        -15.87239920	        -54.84206375	          3.99879295	          1.42716272	          5.12355854	         -3.19048686	         -0.86078175	         -8.38586944	          6.03379260	         11.74799223	         -8.36061852	          0.95907604	          4.43594826	          0.21369733	          0.00999999	          0.01000006	          0.00999999	          0.09068810	          0.00999999	          0.26719439	          0.00999999	          0.15019854	          0.05818925	          0.01000000	          0.00999999	          0.00999999	          0.40051681	          0.04615898	          0.01000000	          0.00999999	          0.09319863	          0.01000000	          0.02812907	          0.40160676	          0.02026769	          0.01000000	          0.01000001	          0.01257940	          0.26268994	          0.11683049	          0.01222487	
          0.99316848	         -4.67022633	         -4.87833570	          0.35197283	          1.11096586	          0.97684921	         -0.01371085	         29.29108845	         -0.46354297	        -15.90413012	        -52.26614514	          4.22002144	          1.15829065	          4.06694519	         -3.13439899	         -0.87972918	         -7.89296581	          5.94191943	         12.56447458	         -8.55954923	          0.93513790	          4.26759205	          0.20972238	          0.01000000	          0.01000003	          0.00999999	          0.07514073	          0.00999999	          0.22138716	          0.00999999	          0.15510923	          0.04821398	          0.00999999	          0.00999999	          0.00999999	          0.40701976	          0.04973478	          0.01000000	          0.00999999	          0.09409567	          0.01000000	          0.02379831	          0.44078511	          0.01679305	          0.01000001	          0.01000001	          0.01042282	          0.27207465	          0.12114858	          0.02957906	
          1.00558309	         -4.62488370	         -4.75802250	          0.56871956	          1.12324018	          0.97676875	         -0.01397499	         29.81658447	         -0.31692479	        -15.85531194	        -49.23465499	          4.28941627	          0.93246739	          2.99601257	         -3.00030131	         -0.90830869	         -7.38101247	          5.89713620	         13.32859919	         -8.70303297	          0.83369689	          4.08616619	          0.20418349	          0.01000000	          0.01000001	          0.00999999	          0.06225876	          0.00999999	          0.18343302	          0.01000000	          0.15955001	          0.03994832	          0.00999999	          0.00999999	          0.00999999	          0.40141250	          0.05119428	          0.01000000	          0.00999999	          0.09336184	          0.01000000	          0.01971845	          0.47886209	          0.01391408	          0.01000002	          0.01000001	          0.00999999	          0.28230207	          0.12652246	          0.08018590	
          1.01799770	         -4.59612660	         -4.56533358	          0.78864872	          1.13573865	          0.97634724	         -0.01421712	         30.12427254	         -0.21492106	        -15.70731996	        -45.77817285	          4.18862976	          0.74753281	          1.91883426	         -2.79297332	         -0.94222215	         -6.86969918	          5.92266235	         14.02648098	         -8.78998212	          0.65983135	          3.89195984	          0.19668301	          0.01000001	          0.01000000	          0.00999999	          0.05158525	          0.00999999	          0.15198565	          0.01000000	          0.16843141	          0.03309969	          0.00999999	          0.00999999	          0.00999999	          0.38608414	          0.04571769	          0.01000000	          0.00999999	          0.09440485	          0.01000000	          0.01633807	          0.51309675	          0.01152869	          0.01868774	          0.01000001	          0.00999999	          0.29351313	          0.13313889	          0.12875112	
          1.03041230	         -4.58525536	         -4.30851263	          1.01332242	          1.14845210	          0.97554062	         -0.01444152	         30.22730060	         -0.15066257	        -15.43677873	        -41.93504737	          3.92348591	          0.60088749	          0.85198008	         -2.52156351	         -0.97572455	         -6.38538157	          6.01097564	         14.68640005	         -8.82264926	          0.42302178	          3.68553106	          0.18640613	          0.01000002	          0.01000000	          0.00999999	          0.04274159	          0.00999999	          0.12592956	          0.01727918	          0.18542711	          0.02742517	          0.00999999	          0.00999999	          0.00999999	          0.36709452	          0.03794297	          0.01000000	          0.01000000	          0.10086459	          0.01000001	          0.01899918	          0.53761884	          0.01000000	          0.04180928	          0.01000000	          0.00999999	          0.30553130	          0.14156691	          0.16996428	
          1.04282691	         -4.59351884	         -4.00071433	          1.24663335	          1.16136411	          0.97432169	         -0.01465012	         30.14272052	         -0.11545499	        -15.01921082	        -37.74902629	          3.53658506	          0.48697265	         -0.18486030	         -2.20118172	         -1.00474147	         -5.95977909	          6.16244021	         15.33905212	         -8.80493076	          0.13778101	          3.46613102	          0.17738588	          0.01000001	          0.01000000	          0.00999999	          0.03541406	          0.00999999	          0.11777463	          0.04285746	          0.20930702	          0.02272350	          0.00999999	          0.01000000	          0.01000000	          0.34860919	          0.03517077	          0.01000000	          0.01000000	          0.11352251	          0.01000002	          0.02472750	          0.55522679	          0.01000001	          0.07492982	          0.01000000	          0.01000000	          0.31815278	          0.15174731	          0.20443468	
          1.05524151	         -4.62151270	         -3.65951179	          1.49307635	          1.17446755	          0.97267952	         -0.01484285	         29.89626406	         -0.10615117	        -14.44509577	        -33.30138987	          3.08876603	          0.39544690	         -1.17840631	         -1.85187895	         -1.02979483	         -5.61539885	          6.38067172	         16.01106919	         -8.73958085	         -0.17696415	          3.23276311	          0.17192903	          0.01000005	          0.01000000	          0.00999999	          0.02934276	          0.00999999	          0.21396481	          0.09397382	          0.23583070	          0.01985796	          0.00999999	          0.01000000	          0.01000000	          0.32908426	          0.03388089	          0.01000000	          0.01000000	          0.13214405	          0.01000001	          0.02048847	          0.56921612	          0.01000000	          0.11727447	          0.01000000	          0.00999999	          0.33133438	          0.16411476	          0.22984434	
          1.06765612	         -4.66889063	         -3.30511592	          1.75409948	          1.18774964	          0.97061667	         -0.01502098	         29.54855970	         -0.13303546	        -13.73357105	        -28.78396781	          2.63400446	          0.31989467	         -2.11957018	         -1.49608023	         -1.05473578	         -5.36883379	          6.66926927	         16.72573184	         -8.63044020	         -0.49855791	          2.98761098	          0.16323089	          0.02024298	          0.01000000	          0.00999999	          0.02431231	          0.00999999	          0.24160827	          0.12712780	          0.26638456	          0.02035640	          0.00999999	          0.01000002	          0.01000001	          0.31562212	          0.02979337	          0.00999999	          0.01000000	          0.14715467	          0.01000001	          0.02363989	          0.57556725	          0.01000000	          0.15492006	          0.01000000	          0.00999999	          0.34507255	          0.17869298	          0.24224169	
          1.08007073	         -4.73507588	         -2.95977138	          2.02987031	          1.20118901	          0.96816829	         -0.01518297	         29.15803719	         -0.19809946	        -12.90512470	        -24.36282979	          2.20048862	          0.25899696	         -3.00254454	         -1.15822769	         -1.08110234	         -5.22770374	          7.01916313	         17.50559724	         -8.48376802	         -0.80127908	          2.73127344	          0.15352548	          0.03885512	          0.01000000	          0.00999999	          0.04439985	          0.00999999	          0.21952889	          0.14429288	          0.29571195	          0.01936564	          0.00999999	          0.01142033	          0.01000001	          0.31089773	          0.02825817	          0.00999999	          0.01000000	          0.15232655	          0.01000002	          0.03053614	          0.57795478	          0.01000000	          0.18199443	          0.01000000	          0.00999999	          0.35918567	          0.19538728	          0.23290284	
          1.09248533	         -4.81936814	         -2.64257883	          2.31850089	          1.21477136	          0.96540265	         -0.01531724	         28.76022895	         -0.29113973	        -11.98423257	        -20.12828809	          1.80615550	          0.21150061	         -3.82775613	         -0.85996559	         -1.10666625	         -5.18567279	          7.40176096	         18.37524638	         -8.30582450	         -1.06332406	          2.46181567	          0.14594356	          0.06817326	          0.01000000	          0.00999999	          0.08194382	          0.00999999	          0.18189335	          0.14657122	          0.32028865	          0.01855948	          0.00999999	          0.01292970	          0.01000000	          0.30932437	          0.02773280	          0.00999999	          0.01000000	          0.14888597	          0.01000002	          0.03333943	          0.57788280	          0.01000000	          0.19818304	          0.01000000	          0.00999999	          0.37317714	          0.21373524	          0.19297448	
          1.10489994	         -4.92084044	         -2.36581261	          2.61492543	          1.22849044	          0.96240912	         -0.01540793	         28.38029908	         -0.39838533	        -11.00782293	        -16.13915439	          1.46714537	          0.17591877	         -4.60354593	         -0.61542530	         -1.13107290	         -5.22196306	          7.78118309	         19.34885241	         -8.10246671	         -1.26977171	          2.17592547	          0.14085501	          0.10606491	          0.01000000	          0.00999999	          0.11878317	          0.00999999	          0.15070995	          0.13741255	          0.33746179	          0.01886349	          0.00999999	          0.01206903	          0.01000001	          0.30596713	          0.02712853	          0.00999999	          0.01000000	          0.14027465	          0.01000002	          0.03751336	          0.57320087	          0.01000001	          0.20576655	          0.01000000	          0.00999999	          0.38657775	          0.23312361	          0.15989135	
          1.11731455	         -5.03816191	         -2.13495395	          2.91122228	          1.24233781	          0.95927935	         -0.01544105	         28.04835608	         -0.50724188	        -10.01925376	        -12.46717477	          1.19683325	          0.15193068	         -5.34050322	         -0.43051749	         -1.15872662	         -5.31512584	          8.13566465	         20.41357345	         -7.88046674	         -1.41165280	          1.86980706	          0.13380515	          0.15192006	          0.01000000	          0.00999999	          0.15164887	          0.01000000	          0.12487256	          0.11385486	          0.34801842	          0.02001553	          0.00999999	          0.01000008	          0.01000006	          0.30568985	          0.02594994	          0.00999999	          0.01000000	          0.12871543	          0.01000002	          0.04096687	          0.56305422	          0.01000001	          0.21066584	          0.01000000	          0.00999999	          0.39899532	          0.25266484	          0.13247992	
          1.12972915	         -5.16965000	         -1.95101309	          3.19777015	          1.25629475	          0.95609768	         -0.01540342	         27.80213427	         -0.60451450	         -9.05418484	         -9.20106870	          1.00327077	          0.13876356	         -6.04565348	         -0.30551240	         -1.19775801	         -5.44883601	          8.43962915	         21.55845761	         -7.64865352	         -1.48391748	          1.53937019	          0.12927661	          0.19034777	          0.01000001	          0.00999999	          0.16918203	          0.01000000	          0.10346468	          0.09433583	          0.35308094	          0.02016064	          0.01000000	          0.01000000	          0.01000001	          0.31065149	          0.02418957	          0.00999999	          0.00999999	          0.11978299	          0.01000002	          0.04620654	          0.54549094	          0.01000002	          0.22189698	          0.01000000	          0.00999999	          0.40994437	          0.27148875	          0.10976784	
          1.14214376	         -5.31314238	         -1.81009433	          3.46617134	          1.27034652	          0.95293860	         -0.01528487	         27.67229267	         -0.67957931	         -8.14367524	         -6.41041026	          0.88667231	          0.13417665	         -6.72313479	         -0.23474489	         -1.25981825	         -5.61260850	          8.66562293	         22.77813596	         -7.41560107	         -1.48715863	          1.18114761	          0.12331470	          0.21788439	          0.01000001	          0.01000000	          0.17519355	          0.01020281	          0.08572692	          0.07816310	          0.35524257	          0.01670457	          0.01000003	          0.01000000	          0.01000000	          0.31415490	          0.02004265	          0.00999999	          0.01000000	          0.11537431	          0.01000002	          0.03828697	          0.51826894	          0.01000001	          0.24482809	          0.01000000	          0.00999999	          0.41875732	          0.28883267	          0.09094948	
          1.15455836	         -5.46589632	         -1.70516564	          3.71039930	          1.28449349	          0.94986393	         -0.01507591	         27.67393625	         -0.72412417	         -7.31019632	         -4.13346473	          0.84841109	          0.13650125	         -7.37363770	         -0.20922734	         -1.35627125	         -5.80564629	          8.79047370	         24.07111517	         -7.18771741	         -1.42699041	          0.79373532	          0.13311081	          0.21994002	          0.01000001	          0.01000000	          0.15764068	          0.04099908	          0.07103010	          0.06476298	          0.35293222	          0.01523765	          0.01000003	          0.01000000	          0.01000000	          0.31747333	          0.02605214	          0.00999999	          0.00999999	          0.11506085	          0.01000002	          0.03172325	          0.47776787	          0.01000004	          0.28202235	          0.01000000	          0.00999999	          0.42478399	          0.30369651	          0.07535729	
          1.16697297	         -5.62405395	         -1.62559699	          3.92891730	          1.29878035	          0.94692368	         -0.01477290	         27.79824565	         -0.73596605	         -6.57115202	         -2.39060046	          0.88064985	          0.14511789	         -7.99918288	         -0.21679882	         -1.49344906	         -6.03226154	          8.79277445	         25.43956432	         -6.96357604	         -1.31516016	          0.37797472	          0.14105322	          0.22179733	          0.01000001	          0.01000000	          0.14022649	          0.06869422	          0.11531773	          0.05366016	          0.34506408	          0.01582675	          0.01000006	          0.01000000	          0.01000000	          0.32017935	          0.02980239	          0.00999999	          0.00999999	          0.11507852	          0.01000001	          0.02628473	          0.41701044	          0.01000003	          0.31922975	          0.01000000	          0.00999999	          0.42739512	          0.31552515	          0.06243820	
          1.17938758	         -5.78363074	         -1.56157913	          4.12057762	          1.31325473	          0.94415076	         -0.01437466	         28.03942663	         -0.71509531	         -5.93526086	         -1.22483317	          0.95816124	          0.15935743	         -8.60057022	         -0.24638564	         -1.67593240	         -6.30107170	          8.65862093	         26.88462237	         -6.74062295	         -1.16291828	         -0.06264556	          0.14802132	          0.22111159	          0.01000000	          0.01000001	          0.12427051	          0.09287762	          0.22141671	          0.04446077	          0.33123255	          0.01311380	          0.01031662	          0.01000000	          0.01000000	          0.32089014	          0.03681876	          0.00999999	          0.00999999	          0.11636203	          0.01000001	          0.02177857	          0.34551908	          0.01000001	          0.35533579	          0.01000000	          0.00999999	          0.42606813	          0.32375372	          0.05173393	
          1.19180218	         -5.94064477	         -1.50581917	          4.28426848	          1.32796301	          0.94155988	         -0.01388108	         28.39661094	         -0.66185056	         -5.40431420	         -0.69774567	          1.04842783	          0.17793730	         -9.17950818	         -0.28969695	         -1.90969343	         -6.62051393	          8.38249542	         28.40285048	         -6.51594208	         -0.97882507	         -0.52392342	          0.15662329	          0.21395147	          0.01000000	          0.01000001	          0.10800221	          0.11374355	          0.30376035	          0.03683851	          0.31086010	          0.01086565	          0.01000001	          0.01179284	          0.01000000	          0.32434628	          0.04530232	          0.00999999	          0.00999999	          0.11878632	          0.01000001	          0.01804493	          0.28628403	          0.01173932	          0.38972285	          0.01000001	          0.00999999	          0.42053034	          0.32796782	          0.04286477	
          1.20421679	         -6.09105683	         -1.45217379	          4.41950803	          1.34296443	          0.93914973	         -0.01329608	         28.85255293	         -0.57755253	         -4.97690276	         -0.83439653	          1.11018108	          0.19642867	         -9.73687208	         -0.33968072	         -2.20202715	         -7.00350065	          7.96546287	         29.98754028	         -6.28418341	         -0.77019905	         -1.00070042	          0.16922081	          0.20987864	          0.01000000	          0.01000000	          0.10055014	          0.13191728	          0.34478083	          0.03052300	          0.28401355	          0.01000002	          0.01000000	          0.02038787	          0.00999999	          0.34286725	          0.05452148	          0.00999999	          0.00999999	          0.11276273	          0.01000001	          0.01495138	          0.23720411	          0.02180235	          0.42182578	          0.01000002	          0.00999999	          0.41080278	          0.32818738	          0.03551613	
          1.21663139	         -6.23088695	         -1.39199655	          4.52431253	          1.35833014	          0.93690446	         -0.01263122	         29.36799036	         -0.46660557	         -4.66039382	         -1.61109324	          1.12467967	          0.21343080	        -10.26934084	         -0.38630434	         -2.55737904	         -7.47330716	          7.41144513	         31.63319551	         -6.03796265	         -0.54575629	         -1.48544818	          0.18800125	          0.19449180	          0.01000000	          0.01000000	          0.10862377	          0.14423456	          0.34110147	          0.02529020	          0.23532289	          0.01000000	          0.00999999	          0.03151614	          0.00999999	          0.34896996	          0.05734380	          0.00999999	          0.00999999	          0.09343093	          0.01000000	          0.01238819	          0.19653835	          0.03944881	          0.45279120	          0.01000029	          0.01000000	          0.39664390	          0.32422488	          0.02942732	
          1.22904600	         -6.35668858	         -1.31225072	          4.59608164	          1.37413374	          0.93480044	         -0.01190565	         29.87289718	         -0.34011931	         -4.47809668	         -2.93321116	          0.99840347	          0.22497732	        -10.76350083	         -0.41621559	         -2.97012759	         -8.07180531	          6.72466511	         33.33853248	         -5.76916505	         -0.31842276	         -1.96730933	          0.18916558	          0.16580933	          0.01000000	          0.00999999	          0.12951638	          0.15345709	          0.28262380	          0.02095450	          0.19497963	          0.01000000	          0.00999999	          0.02745066	          0.01200926	          0.37083539	          0.06278993	          0.00999999	          0.00999999	          0.07741333	          0.01000000	          0.01026443	          0.16284423	          0.05145677	          0.47828120	          0.03090649	          0.01000000	          0.37853024	          0.31691176	          0.02438236	
          1.24146061	         -6.46548387	         -1.21113131	          4.63467806	          1.39043588	          0.93282012	         -0.01112108	         30.27712979	         -0.21452116	         -4.42636556	         -4.68548327	          0.71665949	          0.23603075	        -11.19441805	         -0.43269380	         -3.42167389	         -8.85882097	          5.91510240	         35.09798433	         -5.47053982	         -0.09437722	         -2.43737342	          0.15673544	          0.13738335	          0.00999999	          0.00999999	          0.27080242	          0.15266260	          0.23417138	          0.03591551	          0.16155274	          0.01000001	          0.00999999	          0.02274458	          0.00999999	          0.40592457	          0.11460367	          0.00999999	          0.00999999	          0.06414176	          0.01000003	          0.01000042	          0.13492657	          0.04300880	          0.49989021	          0.02560796	          0.01000004	          0.35500774	          0.30487436	          0.02020230	
          1.25387521	         -6.55460721	         -1.13527271	          4.64406140	          1.40723401	          0.93100413	         -0.01028195	         30.48183353	         -0.13210011	         -4.24821775	         -6.64310060	          0.34491290	          0.20209210	        -11.50461034	         -0.49459640	         -3.88046172	         -9.93921713	          5.00325069	         36.90358622	         -5.13804206	          0.17055586	         -2.89172251	          0.12986505	          0.11546091	          0.00999999	          0.00999999	          0.22437664	          0.14633400	          0.19402555	          0.07225169	          0.13385648	          0.01000000	          0.00999999	          0.01884530	          0.01324029	          0.43615231	          0.11626772	          0.00999999	          0.00999999	          0.05314543	          0.01000339	          0.01556411	          0.11179504	          0.03563547	          0.49541932	          0.02121779	          0.02539955	          0.32671140	          0.28906939	          0.01673886	
          1.26628982	         -6.62461830	         -1.08213583	          4.62138312	          1.42437673	          0.92944459	         -0.00933379	         30.47584313	         -0.06447627	         -4.07300946	         -8.36757422	          0.00404238	          0.19284968	        -11.64619936	         -0.60643357	         -4.34747752	        -11.37134918	          3.95600970	         38.74616973	         -4.79217561	          0.46216047	         -3.32390580	          0.13767502	          0.09566654	          0.01000000	          0.06468851	          0.21234632	          0.13434327	          0.16076223	          0.08835182	          0.11090841	          0.00999999	          0.00999999	          0.01561450	          0.01097041	          0.53123748	          0.10409490	          0.00999999	          0.00999999	          0.04403429	          0.01000001	          0.01289648	          0.09262914	          0.02952620	          0.49285971	          0.01758026	          0.02121774	          0.29051326	          0.26769655	          0.01386919	
          1.27870442	         -6.67507024	         -1.02851247	          4.56651125	          1.44162494	          0.92825368	         -0.00826441	         30.34488332	          0.00637427	         -3.97862313	         -9.87810311	         -0.49583854	          0.16966476	        -11.53567543	         -0.75123261	         -4.82652184	        -13.27838376	          2.75933660	         40.57658054	         -4.46492958	          0.75273413	         -3.72605409	          0.14755395	          0.07926567	          0.00999999	          0.12186466	          0.26656117	          0.12421038	          0.13320149	          0.12061903	          0.09189451	          0.00999999	          0.00999999	          0.01293759	          0.00999999	          0.57780076	          0.13472112	          0.00999999	          0.00999999	          0.03648515	          0.01061993	          0.03075246	          0.07674900	          0.02446429	          0.47706573	          0.01456634	          0.01758022	          0.24070828	          0.24343693	          0.01149148	
          1.29111903	         -6.70419266	         -0.98499161	          4.48772457	          1.45879691	          0.92752663	         -0.00709408	         30.17136473	          0.09237173	         -3.92759356	        -11.38311773	         -0.76865479	          0.13339689	        -11.10738274	         -0.95002699	         -5.31785747	        -15.75040817	          1.40371436	         42.27915757	         -4.17277254	          1.05405635	         -4.09719780	          0.15521601	          0.06567653	          0.00999999	          0.17051557	          0.28899927	          0.11234961	          0.11036572	          0.18632485	          0.07614031	          0.00999999	          0.02090090	          0.01071959	          0.00999999	          0.59738658	          0.17355275	          0.00999999	          0.00999999	          0.03023021	          0.07492730	          0.02548133	          0.06359132	          0.02027019	          0.44680973	          0.01206912	          0.01456631	          0.19944177	          0.20339147	          0.00999999	
          1.30353364	         -6.71227271	         -0.95754697	          4.38786656	          1.47571419	          0.92739088	         -0.00584932	         29.99915776	          0.19811483	         -3.89623526	        -12.97221223	         -0.62391753	          0.10052812	        -10.32252590	         -1.21580691	         -5.83630507	        -18.82057275	         -0.10655467	         43.59092108	         -3.92824019	          1.37219852	         -4.43372701	          0.15665620	          0.05441709	          0.00999999	          0.19897985	          0.28955531	          0.10297860	          0.09144486	          0.20175531	          0.06308698	          0.00999999	          0.06172246	          0.00999999	          0.00999999	          0.57323713	          0.20045804	          0.00999999	          0.00999999	          0.02504761	          0.14713486	          0.03123004	          0.05268937	          0.01679511	          0.39589126	          0.01000002	          0.01206909	          0.16524990	          0.16852247	          0.00999999	
          1.31594824	         -6.70177338	         -0.94382172	          4.27143620	          1.49227940	          0.92791986	         -0.00456601	         29.78349840	          0.32681273	         -3.84844541	        -14.54703407	         -0.04507935	          0.10254795	         -9.18623601	         -1.55382941	         -6.40667937	        -22.45823265	         -1.67473533	         44.03412712	         -3.73403669	          1.70390279	         -4.73510443	          0.15139673	          0.04508794	          0.00999999	          0.21215305	          0.23991458	          0.09372256	          0.07576775	          0.18860395	          0.05227148	          0.00999999	          0.12905896	          0.00999999	          0.00999999	          0.48479528	          0.21283548	          0.00999999	          0.00999999	          0.02075350	          0.19435907	          0.02587613	          0.04365645	          0.01391579	          0.33120289	          0.01000000	          0.00999999	          0.13691980	          0.13963134	          0.00999999	
          1.32836285	         -6.67706915	         -0.93400363	          4.14015320	          1.50846089	          0.92916758	         -0.00328482	         29.42036643	          0.47611903	         -3.76199914	        -15.90640183	          0.93568129	          0.21481661	         -7.73524103	         -1.96308774	         -7.03106239	        -26.56400021	         -3.31530655	         43.35817194	         -3.58667993	          2.03852471	         -4.99892164	          0.13973821	          0.03735816	          0.00999999	          0.21566991	          0.19878414	          0.08472206	          0.06277829	          0.17168343	          0.04331017	          0.00999999	          0.16336412	          0.00999999	          0.00999999	          0.40168302	          0.22084508	          0.00999999	          0.00999999	          0.01719556	          0.19528251	          0.02144003	          0.05639569	          0.01153010	          0.27442217	          0.01000000	          0.00999999	          0.11344656	          0.11569324	          0.00999999	
          1.34077745	         -6.64241765	         -0.91446203	          3.99317667	          1.52426082	          0.93110064	         -0.00202666	         28.84727306	          0.63341007	         -3.64382866	        -16.88533917	          2.02479783	          0.43246660	         -6.03851550	         -2.43413142	         -7.70115408	        -30.92765283	         -5.21865920	         41.71624759	         -3.48120531	          2.35891317	         -5.22228877	          0.11734666	          0.03095356	          0.00999999	          0.20675069	          0.16470501	          0.07991390	          0.05201572	          0.14225041	          0.03588517	          0.00999999	          0.18055516	          0.00999999	          0.00999999	          0.33281936	          0.22241386	          0.00999999	          0.00999999	          0.01424759	          0.17649541	          0.01776443	          0.08541702	          0.00999999	          0.22737582	          0.01000000	          0.00999999	          0.09399753	          0.09585903	          0.00999999	
          1.35319206	         -6.60068587	         -0.86814132	          3.83138359	          1.53969354	          0.93358727	         -0.00079216	         28.05842960	          0.77802578	         -3.50042606	        -17.43299042	          2.99845665	          0.72242566	         -4.17316434	         -2.95157187	         -8.40956432	        -35.36550621	         -7.33125498	         39.04192470	         -3.41488210	          2.64093656	         -5.40677087	          0.09722900	          0.02564694	          0.00999999	          0.20268243	          0.13646833	          0.07713346	          0.04309826	          0.11786334	          0.02973309	          0.00999999	          0.18575347	          0.00999999	          0.00999999	          0.28575487	          0.22517564	          0.00999999	          0.01000000	          0.01180502	          0.16233678	          0.01471899	          0.10054834	          0.00999999	          0.18839500	          0.01000000	          0.00999999	          0.07788279	          0.07942517	          0.05447895	
          1.36560667	         -6.55307796	         -0.78370325	          3.65575384	          1.55477555	          0.93644480	          0.00041756	         27.08510945	          0.89322003	         -3.33131985	        -17.60200413	          3.83033120	          1.04086108	         -2.23022808	         -3.49387041	         -9.12986497	        -39.74529658	         -9.23178173	         35.05990538	         -3.38592290	          2.86732076	         -5.55440820	          0.08056027	          0.02125009	          0.00999999	          0.20107676	          0.11307249	          0.07593374	          0.03570959	          0.09928276	          0.02463571	          0.00999999	          0.17526015	          0.00999999	          0.00999999	          0.25629121	          0.22899435	          0.01000000	          0.01000001	          0.00999999	          0.13450612	          0.02542106	          0.12738255	          0.00999999	          0.15609696	          0.01000000	          0.00999999	          0.06453073	          0.06580868	          0.18620932	
          1.37802127	         -6.49953010	         -0.66350999	          3.46740170	          1.56952462	          0.93948461	          0.00158353	         25.98517915	          0.97313126	         -3.14354652	        -17.50397937	          4.55707182	          1.35623026	         -0.31660374	         -4.02076921	         -9.81391015	        -43.88008507	        -10.31419397	         30.10598290	         -3.39208326	          3.03933595	         -5.66612723	          0.06674919	          0.01760702	          0.00999999	          0.18627058	          0.09368759	          0.07811360	          0.02958761	          0.08759109	          0.02041222	          0.00999999	          0.16069110	          0.00999999	          0.00999999	          0.23258846	          0.22945107	          0.01000000	          0.01000012	          0.00999999	          0.11144668	          0.05526484	          0.19724317	          0.00999999	          0.13774287	          0.00999999	          0.00999999	          0.07766800	          0.05452658	          0.21390469	
          1.39043588	         -6.43950854	         -0.50018167	          3.26736534	          1.58396089	          0.94260080	          0.00267950	         24.81255670	          1.00239747	         -2.94561533	        -17.23952848	          5.18949836	          1.65553150	          1.49949601	         -4.46460624	        -10.45939742	        -47.48564673	        -10.17904986	         25.70318136	         -3.43284465	          3.14886687	         -5.74344794	          0.05530585	          0.01458851	          0.00999999	          0.16519054	          0.07762599	          0.07822872	          0.02451518	          0.07319568	          0.01691279	          0.00999999	          0.14415442	          0.00999999	          0.00999999	          0.21393227	          0.21864526	          0.01000003	          0.01000013	          0.00999999	          0.09835359	          0.04579101	          0.23019471	          0.00999999	          0.12682359	          0.01000000	          0.00999999	          0.06435276	          0.04517866	          0.25565343	
          1.40285048	         -6.37220477	         -0.28474462	          3.06128633	          1.59809689	          0.94575260	          0.00371097	         23.60276081	          0.96714400	         -2.74282009	        -16.87430675	          5.72786899	          1.93599425	          3.23840917	         -4.80744291	        -11.07501062	        -50.51245650	         -9.63304887	         21.96893542	         -3.51050803	          3.18312815	         -5.79296903	          0.04582434	          0.01208749	          0.00999999	          0.14067550	          0.06431795	          0.07842672	          0.02031235	          0.06547060	          0.01401330	          0.00999999	          0.13260938	          0.00999999	          0.00999999	          0.19497735	          0.20682036	          0.01127426	          0.01000005	          0.00999999	          0.11426391	          0.03794079	          0.28363851	          0.00999999	          0.12037615	          0.01000000	          0.00999999	          0.05907521	          0.03743333	          0.25553775	
          1.41526509	         -6.29684204	         -0.01371193	          2.85153999	          1.61194628	          0.94888257	          0.00467899	         22.37070444	          0.86094633	         -2.54202023	        -16.43568595	          6.17066080	          2.20633706	          4.91927159	         -5.03329856	        -11.65259494	        -52.99583832	         -8.91758494	         18.76541552	         -3.62688996	          3.13720283	         -5.81705266	          0.03796831	          0.01001523	          0.00999999	          0.11988552	          0.05329142	          0.07826711	          0.01683005	          0.06103298	          0.01161089	          0.00999999	          0.12496052	          0.01000000	          0.01000000	          0.17266329	          0.20175080	          0.02443818	          0.01000004	          0.00999999	          0.12596041	          0.03143633	          0.34483444	          0.00999999	          0.11602443	          0.01000000	          0.00999999	          0.05240880	          0.03101584	          0.24795908	
          1.42767970	         -6.21298961	          0.31090239	          2.64051498	          1.62552277	          0.95193999	          0.00558735	         21.11902080	          0.68484012	         -2.34529356	        -15.92654346	          6.50202874	          2.48941897	          6.55807894	         -5.13413009	        -12.18492179	        -54.99304319	         -8.02493991	         16.01738844	         -3.78234695	          3.01144232	         -5.81719464	          0.03145911	          0.00999999	          0.00999999	          0.10390789	          0.04415525	          0.07805591	          0.01394474	          0.05874475	          0.00999999	          0.00999999	          0.11856474	          0.04174235	          0.01000000	          0.16280140	          0.19846578	          0.03547316	          0.01000003	          0.00999999	          0.14063054	          0.02604697	          0.42111537	          0.00999999	          0.11328985	          0.01000000	          0.00999999	          0.04342395	          0.02569855	          0.23652687	
          1.44009430	         -6.12077937	          0.68144329	          2.43013714	          1.63882660	          0.95489060	          0.00643898	         19.85692759	          0.44618057	         -2.15271505	        -15.35793048	          6.70314287	          2.81500139	          8.17391293	         -5.11170125	        -12.66710327	        -56.55933395	         -7.01727765	         13.66595166	         -3.97744150	          2.81320317	         -5.79496013	          0.02606583	          0.00999999	          0.00999999	          0.09240869	          0.03658537	          0.07646556	          0.01155409	          0.05619188	          0.00999999	          0.01000000	          0.11354486	          0.06913944	          0.01000000	          0.14093443	          0.19745206	          0.04953029	          0.01000003	          0.00999999	          0.15267452	          0.02158155	          0.51162722	          0.00999999	          0.11087953	          0.01000000	          0.00999999	          0.03597944	          0.02129284	          0.22469352	
          1.45250891	         -6.02078003	          1.08764807	          2.22255501	          1.65185518	          0.95770673	          0.00723745	         18.59273834	          0.15521620	         -1.96605500	        -14.74803501	          6.80979013	          3.19511394	          9.78605969	         -4.97609508	        -13.09792369	        -57.75606897	         -5.93528156	         11.65355170	         -4.21210424	          2.55273854	         -5.75238575	          0.02159716	          0.00999999	          0.00999999	          0.08467683	          0.03031325	          0.07398294	          0.01000000	          0.05114286	          0.00999999	          0.01000000	          0.10845514	          0.09282411	          0.01000008	          0.11677296	          0.19771028	          0.06344553	          0.01000002	          0.00999999	          0.16395346	          0.01788167	          0.61462227	          0.00999999	          0.10855621	          0.01000001	          0.00999999	          0.02981120	          0.01764244	          0.21659132	
          1.46492351	         -5.91396029	          1.51810948	          2.02003795	          1.66460802	          0.96036477	          0.00798756	         17.33090156	         -0.17619029	         -1.78811782	        -14.10619058	          6.84233110	          3.64004039	         11.41403803	         -4.74404146	        -13.47878895	        -58.65456282	         -4.81637485	          9.92701692	         -4.48520240	          2.24145247	         -5.69204217	          0.01789459	          0.00999999	          0.00999999	          0.08112285	          0.02511641	          0.07153153	          0.01000001	          0.04622192	          0.00999999	          0.01000000	          0.09955979	          0.11369546	          0.02209564	          0.09675367	          0.20110249	          0.07298959	          0.01000002	          0.00999999	          0.17519448	          0.01481609	          0.72184818	          0.00999999	          0.10534776	          0.01000001	          0.00999999	          0.02470043	          0.01461786	          0.21239714	
          1.47733812	         -5.80162338	          1.96123319	          1.82358001	          1.67708596	          0.96284858	          0.00869327	         16.07894093	         -0.53559184	         -1.62125605	        -13.44398272	          6.80308407	          4.16388910	         13.07471430	         -4.43526182	        -13.81345143	        -59.32944890	         -3.68179768	          8.44215017	         -4.79463092	          1.89168909	         -5.61656977	          0.01482679	          0.00999999	          0.00999999	          0.08089474	          0.02081051	          0.06747741	          0.01000001	          0.03829779	          0.00999999	          0.01000000	          0.08249149	          0.13308847	          0.03684495	          0.08016644	          0.20102023	          0.06244163	          0.01000004	          0.00999999	          0.19222820	          0.01227607	          0.81854190	          0.00999999	          0.09960218	          0.01000001	          0.00999999	          0.02046584	          0.01211181	          0.21101907	
          1.48975273	         -5.68522216	          2.40578368	          1.63216655	          1.68929115	          0.96514214	          0.00935146	         14.85734272	         -0.91104213	         -1.46553151	        -12.80344968	          6.73213944	          4.76092095	         14.77865977	         -4.06829889	        -14.10688898	        -59.84582224	         -2.56193668	          7.16194919	         -5.13767398	          1.51796703	         -5.52912024	          0.01228492	          0.00999999	          0.00999999	          0.07990186	          0.01724280	          0.06116302	          0.01000001	          0.03173211	          0.00999999	          0.01000000	          0.06834933	          0.15082538	          0.04933298	          0.06642288	          0.20337044	          0.05173678	          0.01000005	          0.00999999	          0.20725654	          0.01017152	          0.89064981	          0.00999999	          0.09490731	          0.01000001	          0.00999999	          0.01695722	          0.01003538	          0.21470389	
          1.50216733	         -5.56618257	          2.84223107	          1.44431923	          1.70124355	          0.96723074	          0.00996020	         13.67807825	         -1.29191441	         -1.32348348	        -12.20961041	          6.65296994	          5.42019698	         16.52547373	         -3.66086088	        -14.36737586	        -60.24821878	         -1.48473957	          6.05803916	         -5.50926224	          1.13288740	         -5.43331019	          0.01017882	          0.00999999	          0.00999999	          0.07915904	          0.01428673	          0.05394405	          0.01000002	          0.02629203	          0.00999999	          0.01000000	          0.05663167	          0.16708690	          0.06053946	          0.05503549	          0.20698035	          0.04286714	          0.01000004	          0.00999999	          0.21570888	          0.01000005	          0.92542372	          0.00999999	          0.09468794	          0.01000001	          0.00999999	          0.01405011	          0.00999999	          0.22845652	
          1.51458194	         -5.44602999	          3.26165691	          1.25819752	          1.71298062	          0.96910640	          0.01052195	         12.54125054	         -1.66751592	         -1.19643101	        -11.66601462	          6.57707262	          6.13000674	         18.30397654	         -3.23093945	        -14.60503347	        -60.55283269	         -0.48852805	          5.10831634	         -5.90206407	          0.74759354	         -5.33188972	          0.01000000	          0.00999999	          0.00999999	          0.07931382	          0.01183745	          0.04591549	          0.01000004	          0.02204951	          0.00999999	          0.01000000	          0.04692285	          0.18220794	          0.07082029	          0.04560033	          0.20987989	          0.03551809	          0.01000011	          0.00999999	          0.21800372	          0.01000003	          0.90980340	          0.00999999	          0.10019098	          0.01000002	          0.00999999	          0.01164139	          0.00999999	          0.24192164	
          1.52699655	         -5.32650084	          3.65532862	          1.07121799	          1.72455587	          0.97076995	          0.01104073	         11.43771321	         -2.02700248	         -1.08550047	        -11.15901857	          6.50571664	          6.87958529	         20.08925208	         -2.79413261	        -14.82893499	        -60.73845903	          0.42912262	          4.29722985	         -6.30656249	          0.37288093	         -5.22573943	          0.01042419	          0.00999999	          0.00999999	          0.07720751	          0.00999999	          0.03932952	          0.01000011	          0.02191279	          0.00999999	          0.01000001	          0.03887850	          0.19622048	          0.08030748	          0.03778271	          0.21587534	          0.02942894	          0.01000004	          0.00999999	          0.21240173	          0.01000001	          0.82580377	          0.00999999	          0.10758037	          0.01000023	          0.00999999	          0.00999999	          0.00999999	          0.25957965	
          1.53941115	         -5.20941638	          4.01412195	          0.88092836	          1.73603788	          0.97223250	          0.01152308	         10.35405639	         -2.35903970	         -0.99517297	        -10.66893415	          6.43772515	          7.65761389	         21.83986511	         -2.36333441	        -15.04621607	        -60.73245993	          1.26249331	          3.61070549	         -6.71109301	          0.01953370	         -5.11481300	          0.01566543	          0.01000000	          0.00999999	          0.07602494	          0.01000000	          0.03415079	          0.09596325	          0.03045035	          0.01000000	          0.01000001	          0.03221325	          0.20951619	          0.08906357	          0.03130532	          0.21762371	          0.02438371	          0.01000009	          0.00999999	          0.20359062	          0.01000000	          0.68422974	          0.00999999	          0.11532513	          0.04590529	          0.00999999	          0.00999999	          0.00999999	          0.28348259	
          1.55182576	         -5.09678131	          4.32718288	          0.68567148	          1.74749369	          0.97350663	          0.01197002	          9.28856824	         -2.65116875	         -0.92951204	        -10.19713535	          6.37185981	          8.45482101	         23.50382762	         -1.94805593	        -15.25711047	        -60.42233931	          1.99629960	          3.02890730	         -7.10386914	         -0.29848275	         -4.99742341	          0.02380370	          0.01000000	          0.00999999	          0.07650421	          0.01000000	          0.03223135	          0.18058053	          0.03489119	          0.01000000	          0.01000001	          0.02669068	          0.22192097	          0.09666170	          0.02593841	          0.21785914	          0.02020342	          0.01000026	          0.00999999	          0.19241976	          0.01000000	          0.56692685	          0.00999999	          0.12277475	          0.06625453	          0.00999999	          0.00999999	          0.00999999	          0.30808068	
          1.56424036	         -4.99062153	          4.58321929	          0.48515845	          1.75898355	          0.97459551	          0.01237994	          8.23990339	         -2.89065330	         -0.88618769	         -9.74357445	          6.30111822	          9.26638731	         25.03487641	         -1.55804473	        -15.45520682	        -59.71692606	          2.63948477	          2.53278827	         -7.47391298	         -0.56625698	         -4.87161589	          0.02973702	          0.01000000	          0.00999999	          0.08180292	          0.01000000	          0.02992408	          0.25151460	          0.03405955	          0.01000000	          0.01000001	          0.02211489	          0.23329126	          0.10316403	          0.02149158	          0.21887987	          0.01673979	          0.01060922	          0.00999999	          0.15943182	          0.01000000	          0.46973412	          0.00999999	          0.13047879	          0.07220710	          0.00999999	          0.00999999	          0.00999999	          0.33443561	
          1.57665497	         -4.89297378	          4.77164584	          0.28061634	          1.77055779	          0.97549121	          0.01275680	          7.20191287	         -3.06526938	         -0.86229021	         -9.29944174	          6.22148469	         10.08838519	         26.40013174	         -1.20809011	        -15.63231543	        -58.56585536	          3.19331505	          2.10761180	         -7.81182773	         -0.77087065	         -4.73688045	          0.03696621	          0.01000001	          0.00999999	          0.08688644	          0.01000000	          0.03117497	          0.30783551	          0.02952256	          0.01000000	          0.01000001	          0.01832356	          0.24375160	          0.10860688	          0.01780712	          0.21779253	          0.01386995	          0.01208680	          0.00999999	          0.13209918	          0.00999999	          0.38920390	          0.00999999	          0.13854550	          0.07197584	          0.01000000	          0.00999999	          0.00999999	          0.36029244	
          1.58906958	         -4.80580941	          4.88567233	          0.07270952	          1.78225922	          0.97617904	          0.01310357	          6.16613844	         -3.16679983	         -0.85451201	         -8.85170580	          6.13228217	         10.91679645	         27.57535339	         -0.90741979	        -15.77640477	        -56.94371778	          3.65057790	          1.74189429	         -8.10963256	         -0.90359587	         -4.59211958	          0.04194003	          0.01000001	          0.00999999	          0.09085186	          0.01000000	          0.03176146	          0.35655369	          0.02446128	          0.01000000	          0.01000001	          0.01518221	          0.25347204	          0.11296698	          0.01475431	          0.21586574	          0.01149212	          0.01001491	          0.00999999	          0.10945238	          0.00999999	          0.32247961	          0.00999999	          0.14514076	          0.06673701	          0.01000000	          0.00999999	          0.00999999	          0.38345165	
          1.60148418	         -4.73099248	          4.92160925	         -0.13826710	          1.79412456	          0.97663982	          0.01342125	          5.12355854	         -3.19048686	         -0.86078175	         -8.38586944	          6.03379260	         11.74799223	         28.54279694	         -0.65934906	        -15.87239920	        -54.84206375	          3.99879295	          1.42716272	         -8.36061852	         -0.95907604	         -4.43594826	          0.04615898	          0.01000000	          0.00999999	          0.09319863	          0.01000000	          0.02812907	          0.40160676	          0.02026769	          0.01000000	          0.01000001	          0.01257940	          0.26268994	          0.11683049	          0.01222487	          0.21369733	          0.00999999	          0.01000006	          0.00999999	          0.09068810	          0.00999999	          0.26719439	          0.00999999	          0.15019854	          0.05818925	          0.01000000	          0.00999999	          0.00999999	          0.40051681	
          1.61389879	         -4.67022633	          4.87833570	         -0.35197283	          1.80618380	          0.97684921	          0.01371085	          4.06694519	         -3.13439899	         -0.87972918	         -7.89296581	          5.94191943	         12.56447458	         29.29108845	         -0.46354297	        -15.90413012	        -52.26614514	          4.22002144	          1.15829065	         -8.55954923	         -0.93513790	         -4.26759205	          0.04973478	          0.01000000	          0.00999999	          0.09409567	          0.01000000	          0.02379831	          0.44078511	          0.01679305	          0.01000001	          0.01000001	          0.01042282	          0.27207465	          0.12114858	          0.02957906	          0.20972238	          0.01000000	          0.01000003	          0.00999999	          0.07514073	          0.00999999	          0.22138716	          0.00999999	          0.15510923	          0.04821398	          0.00999999	          0.00999999	          0.00999999	          0.40701976	
          1.62631339	         -4.62488370	          4.75802250	         -0.56871956	          1.81845812	          0.97676875	          0.01397499	          2.99601257	         -3.00030131	         -0.90830869	         -7.38101247	          5.89713620	         13.32859919	         29.81658447	         -0.31692479	        -15.85531194	        -49.23465499	          4.28941627	          0.93246739	         -8.70303297	         -0.83369689	         -4.08616619	          0.05119428	          0.01000000	          0.00999999	          0.09336184	          0.01000000	          0.01971845	          0.47886209	          0.01391408	          0.01000002	          0.01000001	          0.00999999	          0.28230207	          0.12652246	          0.08018590	          0.20418349	          0.01000000	          0.01000001	          0.00999999	          0.06225876	          0.00999999	          0.18343302	          0.01000000	          0.15955001	          0.03994832	          0.00999999	          0.00999999	          0.00999999	          0.40141250	
          1.63872800	         -4.59612660	          4.56533358	         -0.78864872	          1.83095659	          0.97634724	          0.01421712	          1.91883426	         -2.79297332	         -0.94222215	         -6.86969918	          5.92266235	         14.02648098	         30.12427254	         -0.21492106	        -15.70731996	        -45.77817285	          4.18862976	          0.74753281	         -8.78998212	         -0.65983135	         -3.89195984	          0.04571769	          0.01000000	          0.00999999	          0.09440485	          0.01000000	          0.01633807	          0.51309675	          0.01152869	          0.01868774	          0.01000001	          0.00999999	          0.29351313	          0.13313889	          0.12875112	          0.19668301	          0.01000001	          0.01000000	          0.00999999	          0.05158525	          0.00999999	          0.15198565	          0.01000000	          0.16843141	          0.03309969	          0.00999999	          0.00999999	          0.00999999	          0.38608414	
          1.65114261	         -4.58525536	          4.30851263	         -1.01332242	          1.84367004	          0.97554062	          0.01444152	          0.85198008	         -2.52156351	         -0.97572455	         -6.38538157	          6.01097564	         14.68640005	         30.22730060	         -0.15066257	        -15.43677873	        -41.93504737	          3.92348591	          0.60088749	         -8.82264926	         -0.42302178	         -3.68553106	          0.03794297	          0.01000000	          0.01000000	          0.10086459	          0.01000001	          0.01899918	          0.53761884	          0.01000000	          0.04180928	          0.01000000	          0.00999999	          0.30553130	          0.14156691	          0.16996428	          0.18640613	          0.01000002	          0.01000000	          0.00999999	          0.04274159	          0.00999999	          0.12592956	          0.01727918	          0.18542711	          0.02742517	          0.00999999	          0.00999999	          0.00999999	          0.36709452	
          1.66355721	         -4.59351884	          4.00071433	         -1.24663335	          1.85658205	          0.97432169	          0.01465012	         -0.18486030	         -2.20118172	         -1.00474147	         -5.95977909	          6.16244021	         15.33905212	         30.14272052	         -0.11545499	        -15.01921082	        -37.74902629	          3.53658506	          0.48697265	         -8.80493076	         -0.13778101	         -3.46613102	          0.03517077	          0.01000000	          0.01000000	          0.11352251	          0.01000002	          0.02472750	          0.55522679	          0.01000001	          0.07492982	          0.01000000	          0.01000000	          0.31815278	          0.15174731	          0.20443468	          0.17738588	          0.01000001	          0.01000000	          0.00999999	          0.03541406	          0.00999999	          0.11777463	          0.04285746	          0.20930702	          0.02272350	          0.00999999	          0.01000000	          0.01000000	          0.34860919	
          1.67597182	         -4.62151270	          3.65951179	         -1.49307635	          1.86968549	          0.97267952	          0.01484285	         -1.17840631	         -1.85187895	         -1.02979483	         -5.61539885	          6.38067172	         16.01106919	         29.89626406	         -0.10615117	        -14.44509577	        -33.30138987	          3.08876603	          0.39544690	         -8.73958085	          0.17696415	         -3.23276311	          0.03388089	          0.01000000	          0.01000000	          0.13214405	          0.01000001	          0.02048847	          0.56921612	          0.01000000	          0.11727447	          0.01000000	          0.00999999	          0.33133438	          0.16411476	          0.22984434	          0.17192903	          0.01000005	          0.01000000	          0.00999999	          0.02934276	          0.00999999	          0.21396481	          0.09397382	          0.23583070	          0.01985796	          0.00999999	          0.01000000	          0.01000000	          0.32908426	
          1.68838642	         -4.66889063	          3.30511592	         -1.75409948	          1.88296758	          0.97061667	          0.01502098	         -2.11957018	         -1.49608023	         -1.05473578	         -5.36883379	          6.66926927	         16.72573184	         29.54855970	         -0.13303546	        -13.73357105	        -28.78396781	          2.63400446	          0.31989467	         -8.63044020	          0.49855791	         -2.98761098	          0.02979337	          0.00999999	          0.01000000	          0.14715467	          0.01000001	          0.02363989	          0.57556725	          0.01000000	          0.15492006	          0.01000000	          0.00999999	          0.34507255	          0.17869298	          0.24224169	          0.16323089	          0.02024298	          0.01000000	          0.00999999	          0.02431231	          0.00999999	          0.24160827	          0.12712780	          0.26638456	          0.02035640	          0.00999999	          0.01000002	          0.01000001	          0.31562212	
          1.70080103	         -4.73507588	          2.95977138	         -2.02987031	          1.89640695	          0.96816829	          0.01518297	         -3.00254454	         -1.15822769	         -1.08110234	         -5.22770374	          7.01916313	         17.50559724	         29.15803719	         -0.19809946	        -12.90512470	        -24.36282979	          2.20048862	          0.25899696	         -8.48376802	          0.80127908	         -2.73127344	          0.02825817	          0.00999999	          0.01000000	          0.15232655	          0.01000002	          0.03053614	          0.57795478	          0.01000000	          0.18199443	          0.01000000	          0.00999999	          0.35918567	          0.19538728	          0.23290284	          0.15352548	          0.03885512	          0.01000000	          0.00999999	          0.04439985	          0.00999999	          0.21952889	          0.14429288	          0.29571195	          0.01936564	          0.00999999	          0.01142033	          0.01000001	          0.31089773	
          1.71321564	         -4.81936814	          2.64257883	         -2.31850089	          1.90998930	          0.96540265	          0.01531724	         -3.82775613	         -0.85996559	         -1.10666625	         -5.18567279	          7.40176096	         18.37524638	         28.76022895	         -0.29113973	        -11.98423257	        -20.12828809	          1.80615550	          0.21150061	         -8.30582450	          1.06332406	         -2.46181567	          0.02773280	          0.00999999	          0.01000000	          0.14888597	          0.01000002	          0.03333943	          0.57788280	          0.01000000	          0.19818304	          0.01000000	          0.00999999	          0.37317714	          0.21373524	          0.19297448	          0.14594356	          0.06817326	          0.01000000	          0.00999999	          0.08194382	          0.00999999	          0.18189335	          0.14657122	          0.32028865	          0.01855948	          0.00999999	          0.01292970	          0.01000000	          0.30932437	
          1.72563024	         -4.92084044	          2.36581261	         -2.61492543	          1.92370838	          0.96240912	          0.01540793	         -4.60354593	         -0.61542530	         -1.13107290	         -5.22196306	          7.78118309	         19.34885241	         28.38029908	         -0.39838533	        -11.00782293	        -16.13915439	          1.46714537	          0.17591877	         -8.10246671	          1.26977171	         -2.17592547	          0.02712853	          0.00999999	          0.01000000	          0.14027465	          0.01000002	          0.03751336	          0.57320087	          0.01000001	          0.20576655	          0.01000000	          0.00999999	          0.38657775	          0.23312361	          0.15989135	          0.14085501	          0.10606491	          0.01000000	          0.00999999	          0.11878317	          0.00999999	          0.15070995	          0.13741255	          0.33746179	          0.01886349	          0.00999999	          0.01206903	          0.01000001	          0.30596713	
          1.73804485	         -5.03816191	          2.13495395	         -2.91122228	          1.93755575	          0.95927935	          0.01544105	         -5.34050322	         -0.43051749	         -1.15872662	         -5.31512584	          8.13566465	         20.41357345	         28.04835608	         -0.50724188	        -10.01925376	        -12.46717477	          1.19683325	          0.15193068	         -7.88046674	          1.41165280	         -1.86980706	          0.02594994	          0.00999999	          0.01000000	          0.12871543	          0.01000002	          0.04096687	          0.56305422	          0.01000001	          0.21066584	          0.01000000	          0.00999999	          0.39899532	          0.25266484	          0.13247992	          0.13380515	          0.15192006	          0.01000000	          0.00999999	          0.15164887	          0.01000000	          0.12487256	          0.11385486	          0.34801842	          0.02001553	          0.00999999	          0.01000008	          0.01000006	          0.30568985	
          1.75045945	         -5.16965000	          1.95101309	         -3.19777015	          1.95151269	          0.95609768	          0.01540342	         -6.04565348	         -0.30551240	         -1.19775801	         -5.44883601	          8.43962915	         21.55845761	         27.80213427	         -0.60451450	         -9.05418484	         -9.20106870	          1.00327077	          0.13876356	         -7.64865352	          1.48391748	         -1.53937019	          0.02418957	          0.00999999	          0.00999999	          0.11978299	          0.01000002	          0.04620654	          0.54549094	          0.01000002	          0.22189698	          0.01000000	          0.00999999	          0.40994437	          0.27148875	          0.10976784	          0.12927661	          0.19034777	          0.01000001	          0.00999999	          0.16918203	          0.01000000	          0.10346468	          0.09433583	          0.35308094	          0.02016064	          0.01000000	          0.01000000	          0.01000001	          0.31065149	
          1.76287406	         -5.31314238	          1.81009433	         -3.46617134	          1.96556445	          0.95293860	          0.01528487	         -6.72313479	         -0.23474489	         -1.25981825	         -5.61260850	          8.66562293	         22.77813596	         27.67229267	         -0.67957931	         -8.14367524	         -6.41041026	          0.88667231	          0.13417665	         -7.41560107	          1.48715863	         -1.18114761	          0.02004265	          0.00999999	          0.01000000	          0.11537431	          0.01000002	          0.03828697	          0.51826894	          0.01000001	          0.24482809	          0.01000000	          0.00999999	          0.41875732	          0.28883267	          0.09094948	          0.12331470	          0.21788439	          0.01000001	          0.01000000	          0.17519355	          0.01020281	          0.08572692	          0.07816310	          0.35524257	          0.01670457	          0.01000003	          0.01000000	          0.01000000	          0.31415490	
          1.77528867	         -5.46589632	          1.70516564	         -3.71039930	          1.97971143	          0.94986393	          0.01507591	         -7.37363770	         -0.20922734	         -1.35627125	         -5.80564629	          8.79047370	         24.07111517	         27.67393625	         -0.72412417	         -7.31019632	         -4.13346473	          0.84841109	          0.13650125	         -7.18771741	          1.42699041	         -0.79373532	          0.02605214	          0.00999999	          0.00999999	          0.11506085	          0.01000002	          0.03172325	          0.47776787	          0.01000004	          0.28202235	          0.01000000	          0.00999999	          0.42478399	          0.30369651	          0.07535729	          0.13311081	          0.21994002	          0.01000001	          0.01000000	          0.15764068	          0.04099908	          0.07103010	          0.06476298	          0.35293222	          0.01523765	          0.01000003	          0.01000000	          0.01000000	          0.31747333	
          1.78770327	         -5.62405395	          1.62559699	         -3.92891730	          1.99399829	          0.94692368	          0.01477290	         -7.99918288	         -0.21679882	         -1.49344906	         -6.03226154	          8.79277445	         25.43956432	         27.79824565	         -0.73596605	         -6.57115202	         -2.39060046	          0.88064985	          0.14511789	         -6.96357604	          1.31516016	         -0.37797472	          0.02980239	          0.00999999	          0.00999999	          0.11507852	          0.01000001	          0.02628473	          0.41701044	          0.01000003	          0.31922975	          0.01000000	          0.00999999	          0.42739512	          0.31552515	          0.06243820	          0.14105322	          0.22179733	          0.01000001	          0.01000000	          0.14022649	          0.06869422	          0.11531773	          0.05366016	          0.34506408	          0.01582675	          0.01000006	          0.01000000	          0.01000000	          0.32017935	
          1.80011788	         -5.78363074	          1.56157913	         -4.12057762	          2.00847267	          0.94415076	          0.01437466	         -8.60057022	         -0.24638564	         -1.67593240	         -6.30107170	          8.65862093	         26.88462237	         28.03942663	         -0.71509531	         -5.93526086	         -1.22483317	          0.95816124	          0.15935743	         -6.74062295	          1.16291828	          0.06264556	          0.03681876	          0.00999999	          0.00999999	          0.11636203	          0.01000001	          0.02177857	          0.34551908	          0.01000001	          0.35533579	          0.01000000	          0.00999999	          0.42606813	          0.32375372	          0.05173393	          0.14802132	          0.22111159	          0.01000000	          0.01000001	          0.12427051	          0.09287762	          0.22141671	          0.04446077	          0.33123255	          0.01311380	          0.01031662	          0.01000000	          0.01000000	          0.32089014	
          1.81253248	         -5.94064477	          1.50581917	         -4.28426848	          2.02318094	          0.94155988	          0.01388108	         -9.17950818	         -0.28969695	         -1.90969343	         -6.62051393	          8.38249542	         28.40285048	         28.39661094	         -0.66185056	         -5.40431420	         -0.69774567	          1.04842783	          0.17793730	         -6.51594208	          0.97882507	          0.52392342	          0.04530232	          0.00999999	          0.00999999	          0.11878632	          0.01000001	          0.01804493	          0.28628403	          0.01173932	          0.38972285	          0.01000001	          0.00999999	          0.42053034	          0.32796782	          0.04286477	          0.15662329	          0.21395147	          0.01000000	          0.01000001	          0.10800221	          0.11374355	          0.30376035	          0.03683851	          0.31086010	          0.01086565	          0.01000001	          0.01179284	          0.01000000	          0.32434628	
          1.82494709	         -6.09105683	          1.45217379	         -4.41950803	          2.03818237	          0.93914973	          0.01329608	         -9.73687208	         -0.33968072	         -2.20202715	         -7.00350065	          7.96546287	         29.98754028	         28.85255293	         -0.57755253	         -4.97690276	         -0.83439653	          1.11018108	          0.19642867	         -6.28418341	          0.77019905	          1.00070042	          0.05452148	          0.00999999	          0.00999999	          0.11276273	          0.01000001	          0.01495138	          0.23720411	          0.02180235	          0.42182578	          0.01000002	          0.00999999	          0.41080278	          0.32818738	          0.03551613	          0.16922081	          0.20987864	          0.01000000	          0.01000000	          0.10055014	          0.13191728	          0.34478083	          0.03052300	          0.28401355	          0.01000002	          0.01000000	          0.02038787	          0.00999999	          0.34286725	
          1.83736170	         -6.23088695	          1.39199655	         -4.52431253	          2.05354808	          0.93690446	          0.01263122	        -10.26934084	         -0.38630434	         -2.55737904	         -7.47330716	          7.41144513	         31.63319551	         29.36799036	         -0.46660557	         -4.66039382	         -1.61109324	          1.12467967	          0.21343080	         -6.03796265	          0.54575629	          1.48544818	          0.05734380	          0.00999999	          0.00999999	          0.09343093	          0.01000000	          0.01238819	          0.19653835	          0.03944881	          0.45279120	          0.01000029	          0.01000000	          0.39664390	          0.32422488	          0.02942732	          0.18800125	          0.19449180	          0.01000000	          0.01000000	          0.10862377	          0.14423456	          0.34110147	          0.02529020	          0.23532289	          0.01000000	          0.00999999	          0.03151614	          0.00999999	          0.34896996	
          1.84977630	         -6.35668858	          1.31225072	         -4.59608164	          2.06935168	          0.93480044	          0.01190565	        -10.76350083	         -0.41621559	         -2.97012759	         -8.07180531	          6.72466511	         33.33853248	         29.87289718	         -0.34011931	         -4.47809668	         -2.93321116	          0.99840347	          0.22497732	         -5.76916505	          0.31842276	          1.96730933	          0.06278993	          0.00999999	          0.00999999	          0.07741333	          0.01000000	          0.01026443	          0.16284423	          0.05145677	          0.47828120	          0.03090649	          0.01000000	          0.37853024	          0.31691176	          0.02438236	          0.18916558	          0.16580933	          0.01000000	          0.00999999	          0.12951638	          0.15345709	          0.28262380	          0.02095450	          0.19497963	          0.01000000	          0.00999999	          0.02745066	          0.01200926	          0.37083539	
          1.86219091	         -6.46548387	          1.21113131	         -4.63467806	          2.08565382	          0.93282012	          0.01112108	        -11.19441805	         -0.43269380	         -3.42167389	         -8.85882097	          5.91510240	         35.09798433	         30.27712979	         -0.21452116	         -4.42636556	         -4.68548327	          0.71665949	          0.23603075	         -5.47053982	          0.09437722	          2.43737342	          0.11460367	          0.00999999	          0.00999999	          0.06414176	          0.01000003	          0.01000042	          0.13492657	          0.04300880	          0.49989021	          0.02560796	          0.01000004	          0.35500774	          0.30487436	          0.02020230	          0.15673544	          0.13738335	          0.00999999	          0.00999999	          0.27080242	          0.15266260	          0.23417138	          0.03591551	          0.16155274	          0.01000001	          0.00999999	          0.02274458	          0.00999999	          0.40592457	
          1.87460551	         -6.55460721	          1.13527271	         -4.64406140	          2.10245195	          0.93100413	          0.01028195	        -11.50461034	         -0.49459640	         -3.88046172	         -9.93921713	          5.00325069	         36.90358622	         30.48183353	         -0.13210011	         -4.24821775	         -6.64310060	          0.34491290	          0.20209210	         -5.13804206	         -0.17055586	          2.89172251	          0.11626772	          0.00999999	          0.00999999	          0.05314543	          0.01000339	          0.01556411	          0.11179504	          0.03563547	          0.49541932	          0.02121779	          0.02539955	          0.32671140	          0.28906939	          0.01673886	          0.12986505	          0.11546091	          0.00999999	          0.00999999	          0.22437664	          0.14633400	          0.19402555	          0.07225169	          0.13385648	          0.01000000	          0.00999999	          0.01884530	          0.01324029	          0.43615231	
          1.88702012	         -6.62461830	          1.08213583	         -4.62138312	          2.11959467	          0.92944459	          0.00933379	        -11.64619936	         -0.60643357	         -4.34747752	        -11.37134918	          3.95600970	         38.74616973	         30.47584313	         -0.06447627	         -4.07300946	         -8.36757422	          0.00404238	          0.19284968	         -4.79217561	         -0.46216047	          3.32390580	          0.10409490	          0.00999999	          0.00999999	          0.04403429	          0.01000001	          0.01289648	          0.09262914	          0.02952620	          0.49285971	          0.01758026	          0.02121774	          0.29051326	          0.26769655	          0.01386919	          0.13767502	          0.09566654	          0.01000000	          0.06468851	          0.21234632	          0.13434327	          0.16076223	          0.08835182	          0.11090841	          0.00999999	          0.00999999	          0.01561450	          0.01097041	          0.53123748	
          1.89943473	         -6.67507024	          1.02851247	         -4.56651125	          2.13684288	          0.92825368	          0.00826441	        -11.53567543	         -0.75123261	         -4.82652184	        -13.27838376	          2.75933660	         40.57658054	         30.34488332	          0.00637427	         -3.97862313	         -9.87810311	         -0.49583854	          0.16966476	         -4.46492958	         -0.75273413	          3.72605409	          0.13472112	          0.00999999	          0.00999999	          0.03648515	          0.01061993	          0.03075246	          0.07674900	          0.02446429	          0.47706573	          0.01456634	          0.01758022	          0.24070828	          0.24343693	          0.01149148	          0.14755395	          0.07926567	          0.00999999	          0.12186466	          0.26656117	          0.12421038	          0.13320149	          0.12061903	          0.09189451	          0.00999999	          0.00999999	          0.01293759	          0.00999999	          0.57780076	
          1.91184933	         -6.70419266	          0.98499161	         -4.48772457	          2.15401485	          0.92752663	          0.00709408	        -11.10738274	         -0.95002699	         -5.31785747	        -15.75040817	          1.40371436	         42.27915757	         30.17136473	          0.09237173	         -3.92759356	        -11.38311773	         -0.76865479	          0.13339689	         -4.17277254	         -1.05405635	          4.09719780	          0.17355275	          0.00999999	          0.00999999	          0.03023021	          0.07492730	          0.02548133	          0.06359132	          0.02027019	          0.44680973	          0.01206912	          0.01456631	          0.19944177	          0.20339147	          0.00999999	          0.15521601	          0.06567653	          0.00999999	          0.17051557	          0.28899927	          0.11234961	          0.11036572	          0.18632485	          0.07614031	          0.00999999	          0.02090090	          0.01071959	          0.00999999	          0.59738658	
          1.92426394	         -6.71227271	          0.95754697	         -4.38786656	          2.17093213	          0.92739088	          0.00584932	        -10.32252590	         -1.21580691	         -5.83630507	        -18.82057275	         -0.10655467	         43.59092108	         29.99915776	          0.19811483	         -3.89623526	        -12.97221223	         -0.62391753	          0.10052812	         -3.92824019	         -1.37219852	          4.43372701	          0.20045804	          0.00999999	          0.00999999	          0.02504761	          0.14713486	          0.03123004	          0.05268937	          0.01679511	          0.39589126	          0.01000002	          0.01206909	          0.16524990	          0.16852247	          0.00999999	          0.15665620	          0.05441709	          0.00999999	          0.19897985	          0.28955531	          0.10297860	          0.09144486	          0.20175531	          0.06308698	          0.00999999	          0.06172246	          0.00999999	          0.00999999	          0.57323713	
          1.93667855	         -6.70177338	          0.94382172	         -4.27143620	          2.18749734	          0.92791986	          0.00456601	         -9.18623601	         -1.55382941	         -6.40667937	        -22.45823265	         -1.67473533	         44.03412712	         29.78349840	          0.32681273	         -3.84844541	        -14.54703407	         -0.04507935	          0.10254795	         -3.73403669	         -1.70390279	          4.73510443	          0.21283548	          0.00999999	          0.00999999	          0.02075350	          0.19435907	          0.02587613	          0.04365645	          0.01391579	          0.33120289	          0.01000000	          0.00999999	          0.13691980	          0.13963134	          0.00999999	          0.15139673	          0.04508794	          0.00999999	          0.21215305	          0.23991458	          0.09372256	          0.07576775	          0.18860395	          0.05227148	          0.00999999	          0.12905896	          0.00999999	          0.00999999	          0.48479528	
          1.94909315	         -6.67706915	          0.93400363	         -4.14015320	          2.20367883	          0.92916758	          0.00328482	         -7.73524103	         -1.96308774	         -7.03106239	        -26.56400021	         -3.31530655	         43.35817194	         29.42036643	          0.47611903	         -3.76199914	        -15.90640183	          0.93568129	          0.21481661	         -3.58667993	         -2.03852471	          4.99892164	          0.22084508	          0.00999999	          0.00999999	          0.01719556	          0.19528251	          0.02144003	          0.05639569	          0.01153010	          0.27442217	          0.01000000	          0.00999999	          0.11344656	          0.11569324	          0.00999999	          0.13973821	          0.03735816	          0.00999999	          0.21566991	          0.19878414	          0.08472206	          0.06277829	          0.17168343	          0.04331017	          0.00999999	          0.16336412	          0.00999999	          0.00999999	          0.40168302	
          1.96150776	         -6.64241765	          0.91446203	         -3.99317667	          2.21947876	          0.93110064	          0.00202666	         -6.03851550	         -2.43413142	         -7.70115408	        -30.92765283	         -5.21865920	         41.71624759	         28.84727306	          0.63341007	         -3.64382866	        -16.88533917	          2.02479783	          0.43246660	         -3.48120531	         -2.35891317	          5.22228877	          0.22241386	          0.00999999	          0.00999999	          0.01424759	          0.17649541	          0.01776443	          0.08541702	          0.00999999	          0.22737582	          0.01000000	          0.00999999	          0.09399753	          0.09585903	          0.00999999	          0.11734666	          0.03095356	          0.00999999	          0.20675069	          0.16470501	          0.07991390	          0.05201572	          0.14225041	          0.03588517	          0.00999999	          0.18055516	          0.00999999	          0.00999999	          0.33281936	
          1.97392236	         -6.60068587	          0.86814132	         -3.83138359	          2.23491148	          0.93358727	          0.00079216	         -4.17316434	         -2.95157187	         -8.40956432	        -35.36550621	         -7.33125498	         39.04192470	         28.05842960	          0.77802578	         -3.50042606	        -17.43299042	          2.99845665	          0.72242566	         -3.41488210	         -2.64093656	          5.40677087	          0.22517564	          0.00999999	          0.01000000	          0.01180502	          0.16233678	          0.01471899	          0.10054834	          0.00999999	          0.18839500	          0.01000000	          0.00999999	          0.07788279	          0.07942517	          0.05447895	          0.09722900	          0.02564694	          0.00999999	          0.20268243	          0.13646833	          0.07713346	          0.04309826	          0.11786334	          0.02973309	          0.00999999	          0.18575347	          0.00999999	          0.00999999	          0.28575487	
          1.98633697	         -6.55307796	          0.78370325	         -3.65575384	          2.24999349	          0.93644480	         -0.00041756	         -2.23022808	         -3.49387041	         -9.12986497	        -39.74529658	         -9.23178173	         35.05990538	         27.08510945	          0.89322003	         -3.33131985	        -17.60200413	          3.83033120	          1.04086108	         -3.38592290	         -2.86732076	          5.55440820	          0.22899435	          0.01000000	          0.01000001	          0.00999999	          0.13450612	          0.02542106	          0.12738255	          0.00999999	          0.15609696	          0.01000000	          0.00999999	          0.06453073	          0.06580868	          0.18620932	          0.08056027	          0.02125009	          0.00999999	          0.20107676	          0.11307249	          0.07593374	          0.03570959	          0.09928276	          0.02463571	          0.00999999	          0.17526015	          0.00999999	          0.00999999	          0.25629121	
          1.99875158	         -6.49953010	          0.66350999	         -3.46740170	          2.26474256	          0.93948461	         -0.00158353	         -0.31660374	         -4.02076921	         -9.81391015	        -43.88008507	        -10.31419397	         30.10598290	         25.98517915	          0.97313126	         -3.14354652	        -17.50397937	          4.55707182	          1.35623026	         -3.39208326	         -3.03933595	          5.66612723	          0.22945107	          0.01000000	          0.01000012	          0.00999999	          0.11144668	          0.05526484	          0.19724317	          0.00999999	          0.13774287	          0.00999999	          0.00999999	          0.07766800	          0.05452658	          0.21390469	          0.06674919	          0.01760702	          0.00999999	          0.18627058	          0.09368759	          0.07811360	          0.02958761	          0.08759109	          0.02041222	          0.00999999	          0.16069110	          0.00999999	          0.00999999	          0.23258846	
          2.01116618	         -6.43950854	          0.50018167	         -3.26736534	          2.27917882	          0.94260080	         -0.00267950	          1.49949601	         -4.46460624	        -10.45939742	        -47.48564673	        -10.17904986	         25.70318136	         24.81255670	          1.00239747	         -2.94561533	        -17.23952848	          5.18949836	          1.65553150	         -3.43284465	         -3.14886687	          5.74344794	          0.21864526	          0.01000003	          0.01000013	          0.00999999	          0.09835359	          0.04579101	          0.23019471	          0.00999999	          0.12682359	          0.01000000	          0.00999999	          0.06435276	          0.04517866	          0.25565343	          0.05530585	          0.01458851	          0.00999999	          0.16519054	          0.07762599	          0.07822872	          0.02451518	          0.07319568	          0.01691279	          0.00999999	          0.14415442	          0.00999999	          0.00999999	          0.21393227	
          2.02358079	         -6.37220477	          0.28474462	         -3.06128633	          2.29331483	          0.94575260	         -0.00371097	          3.23840917	         -4.80744291	        -11.07501062	        -50.51245650	         -9.63304887	         21.96893542	         23.60276081	          0.96714400	         -2.74282009	        -16.87430675	          5.72786899	          1.93599425	         -3.51050803	         -3.18312815	          5.79296903	          0.20682036	          0.01127426	          0.01000005	          0.00999999	          0.11426391	          0.03794079	          0.28363851	          0.00999999	          0.12037615	          0.01000000	          0.00999999	          0.05907521	          0.03743333	          0.25553775	          0.04582434	          0.01208749	          0.00999999	          0.14067550	          0.06431795	          0.07842672	          0.02031235	          0.06547060	          0.01401330	          0.00999999	          0.13260938	          0.00999999	          0.00999999	          0.19497735	
          2.03599539	         -6.29684204	          0.01371193	         -2.85153999	          2.30716422	          0.94888257	         -0.00467899	          4.91927159	         -5.03329856	        -11.65259494	        -52.99583832	         -8.91758494	         18.76541552	         22.37070444	          0.86094633	         -2.54202023	        -16.43568595	          6.17066080	          2.20633706	         -3.62688996	         -3.13720283	          5.81705266	          0.20175080	          0.02443818	          0.01000004	          0.00999999	          0.12596041	          0.03143633	          0.34483444	          0.00999999	          0.11602443	          0.01000000	          0.00999999	          0.05240880	          0.03101584	          0.24795908	          0.03796831	          0.01001523	          0.00999999	          0.11988552	          0.05329142	          0.07826711	          0.01683005	          0.06103298	          0.01161089	          0.00999999	          0.12496052	          0.01000000	          0.01000000	          0.17266329	
          2.04841000	         -6.21298961	         -0.31090239	         -2.64051498	          2.32074071	          0.95193999	         -0.00558735	          6.55807894	         -5.13413009	        -12.18492179	        -54.99304319	         -8.02493991	         16.01738844	         21.11902080	          0.68484012	         -2.34529356	        -15.92654346	          6.50202874	          2.48941897	         -3.78234695	         -3.01144232	          5.81719464	          0.19846578	          0.03547316	          0.01000003	          0.00999999	          0.14063054	          0.02604697	          0.42111537	          0.00999999	          0.11328985	          0.01000000	          0.00999999	          0.04342395	          0.02569855	          0.23652687	          0.03145911	          0.00999999	          0.00999999	          0.10390789	          0.04415525	          0.07805591	          0.01394474	          0.05874475	          0.00999999	          0.00999999	          0.11856474	          0.04174235	          0.01000000	          0.16280140	
          2.06082461	         -6.12077937	         -0.68144329	         -2.43013714	          2.33404454	          0.95489060	         -0.00643898	          8.17391293	         -5.11170125	        -12.66710327	        -56.55933395	         -7.01727765	         13.66595166	         19.85692759	          0.44618057	         -2.15271505	        -15.35793048	          6.70314287	          2.81500139	         -3.97744150	         -2.81320317	          5.79496013	          0.19745206	          0.04953029	          0.01000003	          0.00999999	          0.15267452	          0.02158155	          0.51162722	          0.00999999	          0.11087953	          0.01000000	          0.00999999	          0.03597944	          0.02129284	          0.22469352	          0.02606583	          0.00999999	          0.00999999	          0.09240869	          0.03658537	          0.07646556	          0.01155409	          0.05619188	          0.00999999	          0.01000000	          0.11354486	          0.06913944	          0.01000000	          0.14093443	
          2.07323921	         -6.02078003	         -1.08764807	         -2.22255501	          2.34707312	          0.95770673	         -0.00723745	          9.78605969	         -4.97609508	        -13.09792369	        -57.75606897	         -5.93528156	         11.65355170	         18.59273834	          0.15521620	         -1.96605500	        -14.74803501	          6.80979013	          3.19511394	         -4.21210424	         -2.55273854	          5.75238575	          0.19771028	          0.06344553	          0.01000002	          0.00999999	          0.16395346	          0.01788167	          0.61462227	          0.00999999	          0.10855621	          0.01000001	          0.00999999	          0.02981120	          0.01764244	          0.21659132	          0.02159716	          0.00999999	          0.00999999	          0.08467683	          0.03031325	          0.07398294	          0.01000000	          0.05114286	          0.00999999	          0.01000000	          0.10845514	          0.09282411	          0.01000008	          0.11677296	
          2.08565382	         -5.91396029	         -1.51810948	         -2.02003795	          2.35982596	          0.96036477	         -0.00798756	         11.41403803	         -4.74404146	        -13.47878895	        -58.65456282	         -4.81637485	          9.92701692	         17.33090156	         -0.17619029	         -1.78811782	        -14.10619058	          6.84233110	          3.64004039	         -4.48520240	         -2.24145247	          5.69204217	          0.20110249	          0.07298959	          0.01000002	          0.00999999	          0.17519448	          0.01481609	          0.72184818	          0.00999999	          0.10534776	          0.01000001	          0.00999999	          0.02470043	          0.01461786	          0.21239714	          0.01789459	          0.00999999	          0.00999999	          0.08112285	          0.02511641	          0.07153153	          0.01000001	          0.04622192	          0.00999999	          0.01000000	          0.09955979	          0.11369546	          0.02209564	          0.09675367	
          2.09806842	         -5.80162338	         -1.96123319	         -1.82358001	          2.37230390	          0.96284858	         -0.00869327	         13.07471430	         -4.43526182	        -13.81345143	        -59.32944890	         -3.68179768	          8.44215017	         16.07894093	         -0.53559184	         -1.62125605	        -13.44398272	          6.80308407	          4.16388910	         -4.79463092	         -1.89168909	          5.61656977	          0.20102023	          0.06244163	          0.01000004	          0.00999999	          0.19222820	          0.01227607	          0.81854190	          0.00999999	          0.09960218	          0.01000001	          0.00999999	          0.02046584	          0.01211181	          0.21101907	          0.01482679	          0.00999999	          0.00999999	          0.08089474	          0.02081051	          0.06747741	          0.01000001	          0.03829779	          0.00999999	          0.01000000	          0.08249149	          0.13308847	          0.03684495	          0.08016644	
          2.11048303	         -5.68522216	         -2.40578368	         -1.63216655	          2.38450909	          0.96514214	         -0.00935146	         14.77865977	         -4.06829889	        -14.10688898	        -59.84582224	         -2.56193668	          7.16194919	         14.85734272	         -0.91104213	         -1.46553151	        -12.80344968	          6.73213944	          4.76092095	         -5.13767398	         -1.51796703	          5.52912024	          0.20337044	          0.05173678	          0.01000005	          0.00999999	          0.20725654	          0.01017152	          0.89064981	          0.00999999	          0.09490731	          0.01000001	          0.00999999	          0.01695722	          0.01003538	          0.21470389	          0.01228492	          0.00999999	          0.00999999	          0.07990186	          0.01724280	          0.06116302	          0.01000001	          0.03173211	          0.00999999	          0.01000000	          0.06834933	          0.15082538	          0.04933298	          0.06642288	
          2.12289764	         -5.56618257	         -2.84223107	         -1.44431923	          2.39646149	          0.96723074	         -0.00996020	         16.52547373	         -3.66086088	        -14.36737586	        -60.24821878	         -1.48473957	          6.05803916	         13.67807825	         -1.29191441	         -1.32348348	        -12.20961041	          6.65296994	          5.42019698	         -5.50926224	         -1.13288740	          5.43331019	          0.20698035	          0.04286714	          0.01000004	          0.00999999	          0.21570888	          0.01000005	          0.92542372	          0.00999999	          0.09468794	          0.01000001	          0.00999999	          0.01405011	          0.00999999	          0.22845652	          0.01017882	          0.00999999	          0.00999999	          0.07915904	          0.01428673	          0.05394405	          0.01000002	          0.02629203	          0.00999999	          0.01000000	          0.05663167	          0.16708690	          0.06053946	          0.05503549	
          2.13531224	         -5.44602999	         -3.26165691	         -1.25819752	          2.40819856	          0.96910640	         -0.01052195	         18.30397654	         -3.23093945	        -14.60503347	        -60.55283269	         -0.48852805	          5.10831634	         12.54125054	         -1.66751592	         -1.19643101	        -11.66601462	          6.57707262	          6.13000674	         -5.90206407	         -0.74759354	          5.33188972	          0.20987989	          0.03551809	          0.01000011	          0.00999999	          0.21800372	          0.01000003	          0.90980340	          0.00999999	          0.10019098	          0.01000002	          0.00999999	          0.01164139	          0.00999999	          0.24192164	          0.01000000	          0.00999999	          0.00999999	          0.07931382	          0.01183745	          0.04591549	          0.01000004	          0.02204951	          0.00999999	          0.01000000	          0.04692285	          0.18220794	          0.07082029	          0.04560033	
          2.14772685	         -5.32650084	         -3.65532862	         -1.07121799	          2.41977381	          0.97076995	         -0.01104073	         20.08925208	         -2.79413261	        -14.82893499	        -60.73845903	          0.42912262	          4.29722985	         11.43771321	         -2.02700248	         -1.08550047	        -11.15901857	          6.50571664	          6.87958529	         -6.30656249	         -0.37288093	          5.22573943	          0.21587534	          0.02942894	          0.01000004	          0.00999999	          0.21240173	          0.01000001	          0.82580377	          0.00999999	          0.10758037	          0.01000023	          0.00999999	          0.00999999	          0.00999999	          0.25957965	          0.01042419	          0.00999999	          0.00999999	          0.07720751	          0.00999999	          0.03932952	          0.01000011	          0.02191279	          0.00999999	          0.01000001	          0.03887850	          0.19622048	          0.08030748	          0.03778271	
          2.16014145	         -5.20941638	         -4.01412195	         -0.88092836	          2.43125582	          0.97223250	         -0.01152308	         21.83986511	         -2.36333441	        -15.04621607	        -60.73245993	          1.26249331	          3.61070549	         10.35405639	         -2.35903970	         -0.99517297	        -10.66893415	          6.43772515	          7.65761389	         -6.71109301	         -0.01953370	          5.11481300	          0.21762371	          0.02438371	          0.01000009	          0.00999999	          0.20359062	          0.01000000	          0.68422974	          0.00999999	          0.11532513	          0.04590529	          0.00999999	          0.00999999	          0.00999999	          0.28348259	          0.01566543	          0.01000000	          0.00999999	          0.07602494	          0.01000000	          0.03415079	          0.09596325	          0.03045035	          0.01000000	          0.01000001	          0.03221325	          0.20951619	          0.08906357	          0.03130532	
          2.17255606	         -5.09678131	         -4.32718288	         -0.68567148	          2.44271163	          0.97350663	         -0.01197002	         23.50382762	         -1.94805593	        -15.25711047	        -60.42233931	          1.99629960	          3.02890730	          9.28856824	         -2.65116875	         -0.92951204	        -10.19713535	          6.37185981	          8.45482101	         -7.10386914	          0.29848275	          4.99742341	          0.21785914	          0.02020342	          0.01000026	          0.00999999	          0.19241976	          0.01000000	          0.56692685	          0.00999999	          0.12277475	          0.06625453	          0.00999999	          0.00999999	          0.00999999	          0.30808068	          0.02380370	          0.01000000	          0.00999999	          0.07650421	          0.01000000	          0.03223135	          0.18058053	          0.03489119	          0.01000000	          0.01000001	          0.02669068	          0.22192097	          0.09666170	          0.02593841	
          2.18497067	         -4.99062153	         -4.58321929	         -0.48515845	          2.45420149	          0.97459551	         -0.01237994	         25.03487641	         -1.55804473	        -15.45520682	        -59.71692606	          2.63948477	          2.53278827	          8.23990339	         -2.89065330	         -0.88618769	         -9.74357445	          6.30111822	          9.26638731	         -7.47391298	          0.56625698	          4.87161589	          0.21887987	          0.01673979	          0.01060922	          0.00999999	          0.15943182	          0.01000000	          0.46973412	          0.00999999	          0.13047879	          0.07220710	          0.00999999	          0.00999999	          0.00999999	          0.33443561	          0.02973702	          0.01000000	          0.00999999	          0.08180292	          0.01000000	          0.02992408	          0.25151460	          0.03405955	          0.01000000	          0.01000001	          0.02211489	          0.23329126	          0.10316403	          0.02149158	
          2.19738527	         -4.89297378	         -4.77164584	         -0.28061634	          2.46577573	          0.97549121	         -0.01275680	         26.40013174	         -1.20809011	        -15.63231543	        -58.56585536	          3.19331505	          2.10761180	          7.20191287	         -3.06526938	         -0.86229021	         -9.29944174	          6.22148469	         10.08838519	         -7.81182773	          0.77087065	          4.73688045	          0.21779253	          0.01386995	          0.01208680	          0.00999999	          0.13209918	          0.00999999	          0.38920390	          0.00999999	          0.13854550	          0.07197584	          0.01000000	          0.00999999	          0.00999999	          0.36029244	          0.03696621	          0.01000001	          0.00999999	          0.08688644	          0.01000000	          0.03117497	          0.30783551	          0.02952256	          0.01000000	          0.01000001	          0.01832356	          0.24375160	          0.10860688	          0.01780712	
          2.20979988	         -4.80580941	         -4.88567233	         -0.07270952	          2.47747716	          0.97617904	         -0.01310357	         27.57535339	         -0.90741979	        -15.77640477	        -56.94371778	          3.65057790	          1.74189429	          6.16613844	         -3.16679983	         -0.85451201	         -8.85170580	          6.13228217	         10.91679645	         -8.10963256	          0.90359587	          4.59211958	          0.21586574	          0.01149212	          0.01001491	          0.00999999	          0.10945238	          0.00999999	          0.32247961	          0.00999999	          0.14514076	          0.06673701	          0.01000000	          0.00999999	          0.00999999	          0.38345165	          0.04194003	          0.01000001	          0.00999999	          0.09085186	          0.01000000	          0.03176146	          0.35655369	          0.02446128	          0.01000000	          0.01000001	          0.01518221	          0.25347204	          0.11296698	          0.01475431	
          2.22221448	         -4.73099248	         -4.92160925	          0.13826710	          2.48934250	          0.97663982	         -0.01342125	         28.54279694	         -0.65934906	        -15.87239920	        -54.84206375	          3.99879295	          1.42716272	          5.12355854	         -3.19048686	         -0.86078175	         -8.38586944	          6.03379260	         11.74799223	         -8.36061852	          0.95907604	          4.43594826	          0.21369733	          0.00999999	          0.01000006	          0.00999999	          0.09068810	          0.00999999	          0.26719439	          0.00999999	          0.15019854	          0.05818925	          0.01000000	          0.00999999	          0.00999999	          0.40051681	          0.04615898	          0.01000000	          0.00999999	          0.09319863	          0.01000000	          0.02812907	          0.40160676	          0.02026769	          0.01000000	          0.01000001	          0.01257940	          0.26268994	          0.11683049	          0.01222487	
          2.23462909	         -4.67022633	         -4.87833570	          0.35197283	          2.50140174	          0.97684921	         -0.01371085	         29.29108845	         -0.46354297	        -15.90413012	        -52.26614514	          4.22002144	          1.15829065	          4.06694519	         -3.13439899	         -0.87972918	         -7.89296581	          5.94191943	         12.56447458	         -8.55954923	          0.93513790	          4.26759205	          0.20972238	          0.01000000	          0.01000003	          0.00999999	          0.07514073	          0.00999999	          0.22138716	          0.00999999	          0.15510923	          0.04821398	          0.00999999	          0.00999999	          0.00999999	          0.40701976	          0.04973478	          0.01000000	          0.00999999	          0.09409567	          0.01000000	          0.02379831	          0.44078511	          0.01679305	          0.01000001	          0.01000001	          0.01042282	          0.27207465	          0.12114858	          0.02957906	
          2.24704370	         -4.62488370	         -4.75802250	          0.56871956	          2.51367606	          0.97676875	         -0.01397499	         29.81658447	         -0.31692479	        -15.85531194	        -49.23465499	          4.28941627	          0.93246739	          2.99601257	         -3.00030131	         -0.90830869	         -7.38101247	          5.89713620	         13.32859919	         -8.70303297	          0.83369689	          4.08616619	          0.20418349	          0.01000000	          0.01000001	          0.00999999	          0.06225876	          0.00999999	          0.18343302	          0.01000000	          0.15955001	          0.03994832	          0.00999999	          0.00999999	          0.00999999	          0.40141250	          0.05119428	          0.01000000	          0.00999999	          0.09336184	          0.01000000	          0.01971845	          0.47886209	          0.01391408	          0.01000002	          0.01000001	          0.00999999	          0.28230207	          0.12652246	          0.08018590	
          2.25945830	         -4.59612660	         -4.56533358	          0.78864872	          2.52617453	          0.97634724	         -0.01421712	         30.12427254	         -0.21492106	        -15.70731996	        -45.77817285	          4.18862976	          0.74753281	          1.91883426	         -2.79297332	         -0.94222215	         -6.86969918	          5.92266235	         14.02648098	         -8.78998212	          0.65983135	          3.89195984	          0.19668301	          0.01000001	          0.01000000	          0.00999999	          0.05158525	          0.00999999	          0.15198565	          0.01000000	          0.16843141	          0.03309969	          0.00999999	          0.00999999	          0.00999999	          0.38608414	          0.04571769	          0.01000000	          0.00999999	          0.09440485	          0.01000000	          0.01633807	          0.51309675	          0.01152869	          0.01868774	          0.01000001	          0.00999999	          0.29351313	          0.13313889	          0.12875112	
          2.27187291	         -4.58525536	         -4.30851263	          1.01332242	          2.53888798	          0.97554062	         -0.01444152	         30.22730060	         -0.15066257	        -15.43677873	        -41.93504737	          3.92348591	          0.60088749	          0.85198008	         -2.52156351	         -0.97572455	         -6.38538157	          6.01097564	         14.68640005	         -8.82264926	          0.42302178	          3.68553106	          0.18640613	          0.01000002	          0.01000000	          0.00999999	          0.04274159	          0.00999999	          0.12592956	          0.01727918	          0.18542711	          0.02742517	          0.00999999	          0.00999999	          0.00999999	          0.36709452	          0.03794297	          0.01000000	          0.01000000	          0.10086459	          0.01000001	          0.01899918	          0.53761884	          0.01000000	          0.04180928	          0.01000000	          0.00999999	          0.30553130	          0.14156691	          0.16996428	
          2.28428751	         -4.59351884	         -4.00071433	          1.24663335	          2.55179998	          0.97432169	         -0.01465012	         30.14272052	         -0.11545499	        -15.01921082	        -37.74902629	          3.53658506	          0.48697265	         -0.18486030	         -2.20118172	         -1.00474147	         -5.95977909	          6.16244021	         15.33905212	         -8.80493076	          0.13778101	          3.46613102	          0.17738588	          0.01000001	          0.01000000	          0.00999999	          0.03541406	          0.00999999	          0.11777463	          0.04285746	          0.20930702	          0.02272350	          0.00999999	          0.01000000	          0.01000000	          0.34860919	          0.03517077	          0.01000000	          0.01000000	          0.11352251	          0.01000002	          0.02472750	          0.55522679	          0.01000001	          0.07492982	          0.01000000	          0.01000000	          0.31815278	          0.15174731	          0.20443468	
          2.29670212	         -4.62151270	         -3.65951179	          1.49307635	          2.56490343	          0.97267952	         -0.01484285	         29.89626406	         -0.10615117	        -14.44509577	        -33.30138987	          3.08876603	          0.39544690	         -1.17840631	         -1.85187895	         -1.02979483	         -5.61539885	          6.38067172	         16.01106919	         -8.73958085	         -0.17696415	          3.23276311	          0.17192903	          0.01000005	          0.01000000	          0.00999999	          0.02934276	          0.00999999	          0.21396481	          0.09397382	          0.23583070	          0.01985796	          0.00999999	          0.01000000	          0.01000000	          0.32908426	          0.03388089	          0.01000000	          0.01000000	          0.13214405	          0.01000001	          0.02048847	          0.56921612	          0.01000000	          0.11727447	          0.01000000	          0.00999999	          0.33133438	          0.16411476	          0.22984434	
          2.30911673	         -4.66889063	         -3.30511592	          1.75409948	          2.57818552	          0.97061667	         -0.01502098	         29.54855970	         -0.13303546	        -13.73357105	        -28.78396781	          2.63400446	          0.31989467	         -2.11957018	         -1.49608023	         -1.05473578	         -5.36883379	          6.66926927	         16.72573184	         -8.63044020	         -0.49855791	          2.98761098	          0.16323089	          0.02024298	          0.01000000	          0.00999999	          0.02431231	          0.00999999	          0.24160827	          0.12712780	          0.26638456	          0.02035640	          0.00999999	          0.01000002	          0.01000001	          0.31562212	          0.02979337	          0.00999999	          0.01000000	          0.14715467	          0.01000001	          0.02363989	          0.57556725	          0.01000000	          0.15492006	          0.01000000	          0.00999999	          0.34507255	          0.17869298	          0.24224169	
          2.32153133	         -4.73507588	         -2.95977138	          2.02987031	          2.59162489	          0.96816829	         -0.01518297	         29.15803719	         -0.19809946	        -12.90512470	        -24.36282979	          2.20048862	          0.25899696	         -3.00254454	         -1.15822769	         -1.08110234	         -5.22770374	          7.01916313	         17.50559724	         -8.48376802	         -0.80127908	          2.73127344	          0.15352548	          0.03885512	          0.01000000	          0.00999999	          0.04439985	          0.00999999	          0.21952889	          0.14429288	          0.29571195	          0.01936564	          0.00999999	          0.01142033	          0.01000001	          0.31089773	          0.02825817	          0.00999999	          0.01000000	          0.15232655	          0.01000002	          0.03053614	          0.57795478	          0.01000000	          0.18199443	          0.01000000	          0.00999999	          0.35918567	          0.19538728	          0.23290284	
          2.33394594	         -4.81936814	         -2.64257883	          2.31850089	          2.60520724	          0.96540265	         -0.01531724	         28.76022895	         -0.29113973	        -11.98423257	        -20.12828809	          1.80615550	          0.21150061	         -3.82775613	         -0.85996559	         -1.10666625	         -5.18567279	          7.40176096	         18.37524638	         -8.30582450	         -1.06332406	          2.46181567	          0.14594356	          0.06817326	          0.01000000	          0.00999999	          0.08194382	          0.00999999	          0.18189335	          0.14657122	          0.32028865	          0.01855948	          0.00999999	          0.01292970	          0.01000000	          0.30932437	          0.02773280	          0.00999999	          0.01000000	          0.14888597	          0.01000002	          0.03333943	          0.57788280	          0.01000000	          0.19818304	          0.01000000	          0.00999999	          0.37317714	          0.21373524	          0.19297448	
          2.34636054	         -4.92084044	         -2.36581261	          2.61492543	          2.61892632	          0.96240912	         -0.01540793	         28.38029908	         -0.39838533	        -11.00782293	        -16.13915439	          1.46714537	          0.17591877	         -4.60354593	         -0.61542530	         -1.13107290	         -5.22196306	          7.78118309	         19.34885241	         -8.10246671	         -1.26977171	          2.17592547	          0.14085501	          0.10606491	          0.01000000	          0.00999999	          0.11878317	          0.00999999	          0.15070995	          0.13741255	          0.33746179	          0.01886349	          0.00999999	          0.01206903	          0.01000001	          0.30596713	          0.02712853	          0.00999999	          0.01000000	          0.14027465	          0.01000002	          0.03751336	          0.57320087	          0.01000001	          0.20576655	          0.01000000	          0.00999999	          0.38657775	          0.23312361	          0.15989135	
          2.35877515	         -5.03816191	         -2.13495395	          2.91122228	          2.63277369	          0.95927935	         -0.01544105	         28.04835608	         -0.50724188	        -10.01925376	        -12.46717477	          1.19683325	          0.15193068	         -5.34050322	         -0.43051749	         -1.15872662	         -5.31512584	          8.13566465	         20.41357345	         -7.88046674	         -1.41165280	          1.86980706	          0.13380515	          0.15192006	          0.01000000	          0.00999999	          0.15164887	          0.01000000	          0.12487256	          0.11385486	          0.34801842	          0.02001553	          0.00999999	          0.01000008	          0.01000006	          0.30568985	          0.02594994	          0.00999999	          0.01000000	          0.12871543	          0.01000002	          0.04096687	          0.56305422	          0.01000001	          0.21066584	          0.01000000	          0.00999999	          0.39899532	          0.25266484	          0.13247992	
          2.37118976	         -5.16965000	         -1.95101309	          3.19777015	          2.64673063	          0.95609768	         -0.01540342	         27.80213427	         -0.60451450	         -9.05418484	         -9.20106870	          1.00327077	          0.13876356	         -6.04565348	         -0.30551240	         -1.19775801	         -5.44883601	          8.43962915	         21.55845761	         -7.64865352	         -1.48391748	          1.53937019	          0.12927661	          0.19034777	          0.01000001	          0.00999999	          0.16918203	          0.01000000	          0.10346468	          0.09433583	          0.35308094	          0.02016064	          0.01000000	          0.01000000	          0.01000001	          0.31065149	          0.02418957	          0.00999999	          0.00999999	          0.11978299	          0.01000002	          0.04620654	          0.54549094	          0.01000002	          0.22189698	          0.01000000	          0.00999999	          0.40994437	          0.27148875	          0.10976784	
          2.38360436	         -5.31314238	         -1.81009433	          3.46617134	          2.66078239	          0.95293860	         -0.01528487	         27.67229267	         -0.67957931	         -8.14367524	         -6.41041026	          0.88667231	          0.13417665	         -6.72313479	         -0.23474489	         -1.25981825	         -5.61260850	          8.66562293	         22.77813596	         -7.41560107	         -1.48715863	          1.18114761	          0.12331470	          0.21788439	          0.01000001	          0.01000000	          0.17519355	          0.01020281	          0.08572692	          0.07816310	          0.35524257	          0.01670457	          0.01000003	          0.01000000	          0.01000000	          0.31415490	          0.02004265	          0.00999999	          0.01000000	          0.11537431	          0.01000002	          0.03828697	          0.51826894	          0.01000001	          0.24482809	          0.01000000	          0.00999999	          0.41875732	          0.28883267	          0.09094948	
          2.39601897	         -5.46589632	         -1.70516564	          3.71039930	          2.67492937	          0.94986393	         -0.01507591	         27.67393625	         -0.72412417	         -7.31019632	         -4.13346473	          0.84841109	          0.13650125	         -7.37363770	         -0.20922734	         -1.35627125	         -5.80564629	          8.79047370	         24.07111517	         -7.18771741	         -1.42699041	          0.79373532	          0.13311081	          0.21994002	          0.01000001	          0.01000000	          0.15764068	          0.04099908	          0.07103010	          0.06476298	          0.35293222	          0.01523765	          0.01000003	          0.01000000	          0.01000000	          0.31747333	          0.02605214	          0.00999999	          0.00999999	          0.11506085	          0.01000002	          0.03172325	          0.47776787	          0.01000004	          0.28202235	          0.01000000	          0.00999999	          0.42478399	          0.30369651	          0.07535729	
          2.40843358	         -5.62405395	         -1.62559699	          3.92891730	          2.68921623	          0.94692368	         -0.01477290	         27.79824565	         -0.73596605	         -6.57115202	         -2.39060046	          0.88064985	          0.14511789	         -7.99918288	         -0.21679882	         -1.49344906	         -6.03226154	          8.79277445	         25.43956432	         -6.96357604	         -1.31516016	          0.37797472	          0.14105322	          0.22179733	          0.01000001	          0.01000000	          0.14022649	          0.06869422	          0.11531773	          0.05366016	          0.34506408	          0.01582675	          0.01000006	          0.01000000	          0.01000000	          0.32017935	          0.02980239	          0.00999999	          0.00999999	          0.11507852	          0.01000001	          0.02628473	          0.41701044	          0.01000003	          0.31922975	          0.01000000	          0.00999999	          0.42739512	          0.31552515	          0.06243820	
          2.42084818	         -5.78363074	         -1.56157913	          4.12057762	          2.70369061	          0.94415076	         -0.01437466	         28.03942663	         -0.71509531	         -5.93526086	         -1.22483317	          0.95816124	          0.15935743	         -8.60057022	         -0.24638564	         -1.67593240	         -6.30107170	          8.65862093	         26.88462237	         -6.74062295	         -1.16291828	         -0.06264556	          0.14802132	          0.22111159	          0.01000000	          0.01000001	          0.12427051	          0.09287762	          0.22141671	          0.04446077	          0.33123255	          0.01311380	          0.01031662	          0.01000000	          0.01000000	          0.32089014	          0.03681876	          0.00999999	          0.00999999	          0.11636203	          0.01000001	          0.02177857	          0.34551908	          0.01000001	          0.35533579	          0.01000000	          0.00999999	          0.42606813	          0.32375372	          0.05173393	
          2.43326279	         -5.94064477	         -1.50581917	          4.28426848	          2.71839888	          0.94155988	         -0.01388108	         28.39661094	         -0.66185056	         -5.40431420	         -0.69774567	          1.04842783	          0.17793730	         -9.17950818	         -0.28969695	         -1.90969343	         -6.62051393	          8.38249542	         28.40285048	         -6.51594208	         -0.97882507	         -0.52392342	          0.15662329	          0.21395147	          0.01000000	          0.01000001	          0.10800221	          0.11374355	          0.30376035	          0.03683851	          0.31086010	          0.01086565	          0.01000001	          0.01179284	          0.01000000	          0.32434628	          0.04530232	          0.00999999	          0.00999999	          0.11878632	          0.01000001	          0.01804493	          0.28628403	          0.01173932	          0.38972285	          0.01000001	          0.00999999	          0.42053034	          0.32796782	          0.04286477	
          2.44567739	         -6.09105683	         -1.45217379	          4.41950803	          2.73340031	          0.93914973	         -0.01329608	         28.85255293	         -0.57755253	         -4.97690276	         -0.83439653	          1.11018108	          0.19642867	         -9.73687208	         -0.33968072	         -2.20202715	         -7.00350065	          7.96546287	         29.98754028	         -6.28418341	         -0.77019905	         -1.00070042	          0.16922081	          0.20987864	          0.01000000	          0.01000000	          0.10055014	          0.13191728	          0.34478083	          0.03052300	          0.28401355	          0.01000002	          0.01000000	          0.02038787	          0.00999999	          0.34286725	          0.05452148	          0.00999999	          0.00999999	          0.11276273	          0.01000001	          0.01495138	          0.23720411	          0.02180235	          0.42182578	          0.01000002	          0.00999999	          0.41080278	          0.32818738	          0.03551613	
          2.45809200	         -6.23088695	         -1.39199655	          4.52431253	          2.74876602	          0.93690446	         -0.01263122	         29.36799036	         -0.46660557	         -4.66039382	         -1.61109324	          1.12467967	          0.21343080	        -10.26934084	         -0.38630434	         -2.55737904	         -7.47330716	          7.41144513	         31.63319551	         -6.03796265	         -0.54575629	         -1.48544818	          0.18800125	          0.19449180	          0.01000000	          0.01000000	          0.10862377	          0.14423456	          0.34110147	          0.02529020	          0.23532289	          0.01000000	          0.00999999	          0.03151614	          0.00999999	          0.34896996	          0.05734380	          0.00999999	          0.00999999	          0.09343093	          0.01000000	          0.01238819	          0.19653835	          0.03944881	          0.45279120	          0.01000029	          0.01000000	          0.39664390	          0.32422488	          0.02942732	
          2.47050661	         -6.35668858	         -1.31225072	          4.59608164	          2.76456962	          0.93480044	         -0.01190565	         29.87289718	         -0.34011931	         -4.47809668	         -2.93321116	          0.99840347	          0.22497732	        -10.76350083	         -0.41621559	         -2.97012759	         -8.07180531	          6.72466511	         33.33853248	         -5.76916505	         -0.31842276	         -1.96730933	          0.18916558	          0.16580933	          0.01000000	          0.00999999	          0.12951638	          0.15345709	          0.28262380	          0.02095450	          0.19497963	          0.01000000	          0.00999999	          0.02745066	          0.01200926	          0.37083539	          0.06278993	          0.00999999	          0.00999999	          0.07741333	          0.01000000	          0.01026443	          0.16284423	          0.05145677	          0.47828120	          0.03090649	          0.01000000	          0.37853024	          0.31691176	          0.02438236	
