/vscmnt/brussel_pixiu_data/_data_brussel/112/vsc11236/PredSimResults/SUBJ06mtu3D/worker6.mot
version=1
nRows=200
nColumns=50
inDegrees=yes
endheader
                time	         pelvis_tilt	         pelvis_list	     pelvis_rotation	           pelvis_tx	           pelvis_ty	           pelvis_tz	       hip_flexion_r	     hip_adduction_r	      hip_rotation_r	        knee_angle_r	       ankle_angle_r	         mtp_angle_r	       hip_flexion_l	     hip_adduction_l	      hip_rotation_l	        knee_angle_l	       ankle_angle_l	         mtp_angle_l	    lumbar_extension	      lumbar_bending	     lumbar_rotation	 ercspn_r/activation	 intobl_r/activation	 extobl_r/activation	    abd_r/activation	    add_r/activation	hamstrings_r/activation	bifemsh_r/activation	glut_max_r/activation	iliopsoas_r/activation	rect_fem_r/activation	  vasti_r/activation	gastroc_r/activation	 soleus_r/activation	tib_ant_r/activation	 ercspn_l/activation	 intobl_l/activation	 extobl_l/activation	    abd_l/activation	    add_l/activation	hamstrings_l/activation	bifemsh_l/activation	glut_max_l/activation	iliopsoas_l/activation	rect_fem_l/activation	  vasti_l/activation	gastroc_l/activation	 soleus_l/activation	tib_ant_l/activation	
          0.00000000	         -6.80582298	         -1.70880451	          4.85970302	          0.00000000	          0.92729685	         -0.01131006	         31.67567393	          0.27885233	         -2.30041133	         -5.32038049	          3.94614168	          0.22701233	        -11.21978797	         -0.90666054	          0.65707139	         -8.56503997	          9.71735017	         30.42541521	         -5.01015924	          0.40248840	          0.42264575	          0.13087977	          0.11954954	          0.01000118	          0.01000016	          0.20508207	          0.16000479	          0.21260966	          0.06354872	          0.16469876	          0.01001142	          0.01000051	          0.03560502	          0.01464039	          0.40897514	          0.10171418	          0.01000058	          0.01000087	          0.05556190	          0.03041564	          0.01292559	          0.13570414	          0.04592253	          0.46495361	          0.01211362	          0.01000320	          0.38792958	          0.32011990	          0.01523778	
          0.01259445	         -6.87459155	         -1.62370324	          4.86075951	          0.01752774	          0.92526780	         -0.01055803	         31.69436268	          0.35284125	         -2.14058407	         -7.12637147	          3.60247020	          0.19241296	        -11.49909975	         -0.90938103	          0.21495632	         -9.88548416	          8.90670850	         32.41726337	         -4.64003800	          0.66007798	          0.03360493	          0.10817712	          0.11521316	          0.01000104	          0.04173558	          0.16950316	          0.14565072	          0.17572594	          0.09799123	          0.13612514	          0.01000123	          0.01000040	          0.02942803	          0.01210091	          0.47246372	          0.09774052	          0.01000047	          0.01000127	          0.04592249	          0.03100063	          0.01859691	          0.11216122	          0.03795557	          0.46279306	          0.01002187	          0.01634754	          0.35745799	          0.29894034	          0.01259420	
          0.02518890	         -6.93052832	         -1.55354157	          4.82230544	          0.03520324	          0.92365292	         -0.00968709	         31.54997097	          0.43635037	         -2.02425603	         -8.64298360	          3.07780384	          0.18206873	        -11.53116210	         -0.93714908	         -0.24369923	        -11.66198437	          7.91900490	         34.49055368	         -4.27422219	          0.93768033	         -0.34075094	          0.12497076	          0.09522513	          0.01000104	          0.10126445	          0.19391025	          0.12887601	          0.14524062	          0.14130607	          0.11250878	          0.01000083	          0.01000023	          0.02432267	          0.01000170	          0.51914155	          0.11427267	          0.01000049	          0.01000094	          0.03795541	          0.02566343	          0.04170105	          0.09270276	          0.03137074	          0.45418489	          0.01034436	          0.01771692	          0.31099440	          0.25615924	          0.01040928	
          0.03778335	         -6.97255154	         -1.49147710	          4.74929622	          0.05279992	          0.92260805	         -0.00871572	         31.34277107	          0.53729125	         -1.94379400	        -10.05853663	          2.55896284	          0.14894832	        -11.24305538	         -0.98563854	         -0.72597385	        -13.99060087	          6.72019898	         36.57538173	         -3.93766415	          1.22895364	         -0.69733976	          0.13562723	          0.07870468	          0.01000095	          0.14793296	          0.24810133	          0.11260630	          0.12004354	          0.18433652	          0.09298962	          0.01000150	          0.01266530	          0.02010316	          0.01003340	          0.54468651	          0.14618042	          0.01000056	          0.01000086	          0.03137053	          0.07613475	          0.04087069	          0.07662027	          0.02592827	          0.43274764	          0.01003632	          0.01464344	          0.25704004	          0.21171825	          0.01000015	
          0.05037780	         -6.99897932	         -1.44300466	          4.64670346	          0.07016560	          0.92221477	         -0.00767047	         31.11455929	          0.66048574	         -1.88019139	        -11.48883243	          2.31637810	          0.12040373	        -10.58245026	         -1.06579647	         -1.24361880	        -16.93812812	          5.29521984	         38.51187201	         -3.64183307	          1.54039345	         -1.03294694	          0.13155307	          0.06505035	          0.01000086	          0.17769648	          0.25198376	          0.10192340	          0.09921805	          0.19780109	          0.07685685	          0.01000124	          0.06428709	          0.01661570	          0.01000303	          0.56107221	          0.17193244	          0.01000069	          0.01000089	          0.02592806	          0.15936190	          0.04808063	          0.06332836	          0.02143000	          0.38902039	          0.01000380	          0.01210304	          0.21244610	          0.17498722	          0.01000027	
          0.06297225	         -7.01154487	         -1.41019482	          4.51790219	          0.08718385	          0.92255402	         -0.00658121	         30.79974401	          0.81063334	         -1.80173226	        -12.77826696	          2.26055100	          0.09520833	         -9.53564359	         -1.18833820	         -1.81027056	        -20.48850037	          3.64917983	         39.97035790	         -3.39305566	          1.87359654	         -1.34520851	          0.12366262	          0.05376493	          0.01000101	          0.18944096	          0.21086990	          0.09163434	          0.08200578	          0.18689500	          0.06352296	          0.01000106	          0.11553449	          0.01373336	          0.01000409	          0.55516301	          0.17818417	          0.01000101	          0.01000098	          0.02142980	          0.19078584	          0.03979655	          0.05234437	          0.01771212	          0.33010947	          0.01000174	          0.01000338	          0.17558875	          0.14462864	          0.01000043	
          0.07556670	         -7.01283760	         -1.38723288	          4.36688824	          0.10379373	          0.92364116	         -0.00547972	         30.34078240	          0.98335662	         -1.68627733	        -13.81937606	          2.40888024	          0.07506902	         -8.13431152	         -1.36118470	         -2.43380732	        -24.56305602	          1.89010396	         40.42951527	         -3.19383371	          2.22153756	         -1.63266916	          0.11582034	          0.04443749	          0.01000098	          0.19254605	          0.17428696	          0.08359163	          0.06777981	          0.17027656	          0.05250237	          0.01000099	          0.14741843	          0.01135123	          0.01000205	          0.53642641	          0.18638095	          0.01000095	          0.01000121	          0.01771195	          0.17615607	          0.03289894	          0.05429003	          0.01463926	          0.27283913	          0.01000136	          0.01000014	          0.14512580	          0.11953698	          0.01000050	
          0.08816116	         -7.00519234	         -1.36595142	          4.19451497	          0.11999582	          0.92542209	         -0.00438592	         29.71047187	          1.16869871	         -1.53325632	        -14.55994949	          2.75100751	          0.06579045	         -6.44339476	         -1.58829525	         -3.10255621	        -29.00487664	         -0.00451837	         39.71031606	         -3.04055901	          2.57303388	         -1.89200077	          0.09573060	          0.03672831	          0.01000095	          0.19344645	          0.14405029	          0.07756836	          0.05602186	          0.14995253	          0.04339375	          0.01000106	          0.16859256	          0.01000115	          0.01000155	          0.50028144	          0.19404613	          0.01000074	          0.01000119	          0.01463911	          0.17653092	          0.02719496	          0.07461401	          0.01209951	          0.22550437	          0.01000140	          0.01000011	          0.11994790	          0.09879849	          0.04459292	
          0.10075561	         -6.99078347	         -1.33168596	          4.00212783	          0.13577758	          0.92777460	         -0.00331098	         28.91264175	          1.34818795	         -1.34085041	        -14.99470150	          3.23925744	          0.07862532	         -4.53907883	         -1.86114310	         -3.80982543	        -33.65397864	         -1.88627363	         37.53491306	         -2.93316067	          2.90725802	         -2.12315735	          0.07912262	          0.03035656	          0.01000097	          0.20493508	          0.11905922	          0.07316661	          0.04630367	          0.12871836	          0.03586538	          0.01000098	          0.16488384	          0.01000170	          0.01000186	          0.45756851	          0.20104116	          0.01000123	          0.01000191	          0.01209939	          0.14695909	          0.02248051	          0.06370233	          0.01000042	          0.18638176	          0.01000160	          0.01000010	          0.09913815	          0.08165793	          0.14144776	
          0.11335006	         -6.97079315	         -1.27507886	          3.79439525	          0.15112766	          0.93052039	         -0.00226799	         27.98596860	          1.50707471	         -1.10599883	        -15.17491476	          3.78204844	          0.12598453	         -2.52476291	         -2.16927834	         -4.54637962	        -38.32932715	         -3.42730941	         33.74980537	         -2.87160496	          3.20917002	         -2.32967986	          0.06539585	          0.02509029	          0.01000094	          0.20692412	          0.09840383	          0.06906572	          0.03827133	          0.11780399	          0.02964312	          0.01000092	          0.15326701	          0.01000121	          0.01000153	          0.41780572	          0.21001704	          0.01000244	          0.01001077	          0.01000032	          0.12146369	          0.01858415	          0.09167684	          0.01000014	          0.15404721	          0.01000139	          0.01000007	          0.08193877	          0.06749110	          0.26404248	
          0.12594451	         -6.94517913	         -1.19083696	          3.57310226	          0.16607057	          0.93348077	         -0.00126579	         26.97022622	          1.63273668	         -0.85248653	        -15.15764987	          4.29234492	          0.20540942	         -0.52258701	         -2.48541533	         -5.28407407	        -42.78127524	         -4.20797426	         28.95012972	         -2.85218001	          3.46853912	         -2.51253338	          0.05405060	          0.02073780	          0.01000081	          0.19527211	          0.08133193	          0.06906086	          0.03163239	          0.11327226	          0.02450037	          0.01000103	          0.14162193	          0.01000092	          0.01000134	          0.38462234	          0.21658262	          0.01000143	          0.01193370	          0.01000015	          0.10039130	          0.01536336	          0.14399018	          0.01000012	          0.13973331	          0.01000141	          0.01000005	          0.08935822	          0.05578211	          0.28385615	
          0.13853896	         -6.91369833	         -1.06659310	          3.33891620	          0.18065381	          0.93656847	         -0.00031264	         25.89005170	          1.70696243	         -0.60011144	        -14.98714673	          4.74246277	          0.30816171	          1.38386258	         -2.75900798	         -6.01918740	        -46.68713742	         -3.94031108	         24.66593689	         -2.87015291	          3.66804043	         -2.67228712	          0.04467368	          0.01714042	          0.01000087	          0.17878787	          0.06722183	          0.06803691	          0.02614518	          0.10366215	          0.02024984	          0.01000111	          0.12693480	          0.01000093	          0.01000152	          0.35787062	          0.20767664	          0.01000153	          0.01011419	          0.01000014	          0.08297530	          0.01270244	          0.17307930	          0.01000012	          0.13564563	          0.01000184	          0.01000006	          0.07409531	          0.04610448	          0.31025762	
          0.15113341	         -6.87595282	         -0.89177073	          3.09833661	          0.19490575	          0.93975818	          0.00059908	         24.76549598	          1.71636350	         -0.34925374	        -14.70432887	          5.13665549	          0.42877694	          3.20890774	         -2.97445537	         -6.75823144	        -49.98442861	         -3.45908322	         21.04006396	         -2.92494774	          3.79184610	         -2.81453228	          0.03692353	          0.01416713	          0.01000094	          0.16165798	          0.05555969	          0.06759965	          0.02160995	          0.08986869	          0.01673675	          0.01000115	          0.11338243	          0.01000093	          0.01000166	          0.33643934	          0.19785975	          0.01000277	          0.01823220	          0.01000014	          0.08002034	          0.01050910	          0.21249411	          0.01000014	          0.13303212	          0.01000206	          0.01000007	          0.07760552	          0.03810583	          0.30233638	
          0.16372786	         -6.83142470	         -0.66239631	          2.85723006	          0.20884326	          0.94299042	          0.00147370	         23.61165386	          1.65500811	         -0.10020093	        -14.33799992	          5.47367438	          0.56755283	          4.97096267	         -3.12117745	         -7.49438271	        -52.70725580	         -2.96092188	         17.94218152	         -3.01755343	          3.83294608	         -2.94467384	          0.03051795	          0.01170992	          0.01000098	          0.14047416	          0.04592080	          0.06781468	          0.01786157	          0.08168989	          0.01383316	          0.01000120	          0.10451283	          0.01000088	          0.01000169	          0.31857101	          0.18824517	          0.01000362	          0.02050354	          0.01000015	          0.10262792	          0.01002038	          0.26278479	          0.01000015	          0.13087370	          0.01000285	          0.01000008	          0.08020130	          0.03149488	          0.29901505	
          0.17632231	         -6.77968985	         -0.37470410	          2.61697933	          0.22248298	          0.94620479	          0.00230609	         22.43333964	          1.51750446	          0.14318011	        -13.89768820	          5.75391723	          0.72670294	          6.68520873	         -3.17609499	         -8.20701257	        -54.90366408	         -2.46077008	         15.29696627	         -3.14853938	          3.78697553	         -3.06388274	          0.02522366	          0.01000150	          0.01000102	          0.12041953	          0.03795415	          0.06701631	          0.01476360	          0.07215202	          0.01143340	          0.01000132	          0.09727110	          0.01000115	          0.01000274	          0.30337581	          0.18083709	          0.01000545	          0.02718157	          0.01000016	          0.12847102	          0.01002203	          0.32496027	          0.01000018	          0.12785659	          0.01000370	          0.01000010	          0.08053386	          0.02603087	          0.29701100	
          0.18891676	         -6.72056334	         -0.03298764	          2.37806011	          0.23583527	          0.94934947	          0.00309034	         21.23527562	          1.30784156	          0.38374768	        -13.39098989	          5.97285497	          0.91254097	          8.36810327	         -3.12468237	         -8.87673015	        -56.62763285	         -1.98951274	         13.03620773	         -3.31824582	          3.65947043	         -3.17321103	          0.02084788	          0.01000139	          0.01000107	          0.10437322	          0.03136963	          0.06572743	          0.01220341	          0.06372876	          0.01000048	          0.01000139	          0.08949247	          0.02478051	          0.01000281	          0.29397537	          0.17507942	          0.01017691	          0.03327387	          0.01000017	          0.15598627	          0.01001872	          0.40027898	          0.01000020	          0.12574435	          0.01000461	          0.01000012	          0.08068080	          0.02151482	          0.29686928	
          0.20151121	         -6.65420637	          0.35430233	          2.14075931	          0.24890059	          0.95237840	          0.00382202	         20.02922122	          1.03449671	          0.62323901	        -12.83390922	          6.11455713	          1.13549673	         10.03716973	         -2.96228011	         -9.49046290	        -57.94329863	         -1.52632527	         11.10303358	         -3.52725002	          3.46068574	         -3.27382122	          0.01723132	          0.01000128	          0.01000104	          0.09422663	          0.02592746	          0.06365646	          0.01008838	          0.06054494	          0.01000065	          0.01000159	          0.08356496	          0.04695427	          0.01000303	          0.28836329	          0.17508233	          0.02816028	          0.03128497	          0.01000016	          0.17068697	          0.01001307	          0.49047386	          0.01000021	          0.12504702	          0.01000576	          0.01000014	          0.07749100	          0.01778228	          0.29901714	
          0.21410566	         -6.58095051	          0.77727024	          1.90673342	          0.26168232	          0.95525211	          0.00450443	         18.82355498	          0.70729012	          0.85730112	        -12.24472118	          6.20877281	          1.40054544	         11.71108220	         -2.69741795	        -10.04567792	        -58.92575108	         -1.04368339	          9.44732257	         -3.77474201	          3.20043509	         -3.36631805	          0.01424230	          0.01000118	          0.01000104	          0.08779314	          0.02142944	          0.05996263	          0.01000604	          0.05648424	          0.01000065	          0.01000189	          0.07815643	          0.06612762	          0.01000373	          0.28418184	          0.17571300	          0.04581359	          0.02929540	          0.01000015	          0.18486590	          0.01000921	          0.59010511	          0.01000021	          0.12509214	          0.01000685	          0.01000015	          0.06722111	          0.01469731	          0.29873929	
          0.22670011	         -6.50146133	          1.22483341	          1.67825002	          0.27418688	          0.95793787	          0.00514277	         17.62455548	          0.33782049	          1.08267965	        -11.63921377	          6.28728013	          1.70517073	         13.40750268	         -2.34607726	        -10.54353978	        -59.65258464	         -0.51540176	          8.02887877	         -4.05886127	          2.88950703	         -3.45180711	          0.01177222	          0.01000110	          0.01000105	          0.08420571	          0.01771180	          0.05502588	          0.01000804	          0.05173078	          0.01000069	          0.01000224	          0.07147195	          0.08454311	          0.01000416	          0.28014554	          0.17681909	          0.05905564	          0.02838657	          0.01000014	          0.19722442	          0.01000639	          0.69150099	          0.01000020	          0.12489806	          0.01000780	          0.01000016	          0.05556007	          0.01214761	          0.29634312	
          0.23929456	         -6.41672316	          1.68536629	          1.45698566	          0.28642294	          0.96040887	          0.00574299	         16.44149249	         -0.06116522	          1.29547878	        -11.03664998	          6.36788739	          2.04461025	         15.14169915	         -1.92872634	        -10.98799811	        -60.19494097	          0.03326694	          6.81328924	         -4.37707200	          2.53975692	         -3.53183432	          0.01000244	          0.01000108	          0.01000104	          0.08337523	          0.01463917	          0.04891279	          0.01000825	          0.04885573	          0.01000074	          0.01000276	          0.05999088	          0.10228424	          0.01000522	          0.27521283	          0.17886753	          0.06499557	          0.02748684	          0.01000013	          0.20580735	          0.01000419	          0.78276410	          0.01000020	          0.12347212	          0.01000937	          0.01000016	          0.04592132	          0.01004044	          0.29584302	
          0.25188902	         -6.32786777	          2.14721029	          1.24341682	          0.29840252	          0.96264189	          0.00631055	         15.29173879	         -0.47607465	          1.49288954	        -10.47085752	          6.46501548	          2.41555937	         16.92298317	         -1.46825365	        -11.38611176	        -60.61285660	          0.56793648	          5.76847921	         -4.72611968	          2.16404143	         -3.60825654	          0.01000229	          0.01000096	          0.01000110	          0.08410224	          0.01209970	          0.04044009	          0.01001051	          0.04198138	          0.01000083	          0.01000301	          0.04958419	          0.11949722	          0.01000563	          0.26979967	          0.17806962	          0.05560809	          0.03281899	          0.01000013	          0.21694401	          0.01000311	          0.84793671	          0.01000020	          0.12048557	          0.01000932	          0.01000017	          0.03795462	          0.01000062	          0.29889960	
          0.26448347	         -6.23615901	          2.59796170	          1.03638915	          0.31014764	          0.96462044	          0.00684552	         14.19138727	         -0.89201113	          1.67621997	         -9.97246516	          6.58518000	          2.81788985	         18.74933775	         -0.98665488	        -11.74517205	        -60.94372359	          1.07509001	          4.86607136	         -5.10146156	          1.77817060	         -3.68322390	          0.01000233	          0.01000100	          0.01000111	          0.08575139	          0.01000159	          0.03342613	          0.01001596	          0.03688289	          0.01000099	          0.01000346	          0.04098232	          0.13591652	          0.01000631	          0.26362794	          0.17988296	          0.04596271	          0.03204652	          0.01000013	          0.22235715	          0.01000198	          0.87364858	          0.01000020	          0.11910853	          0.01001396	          0.01000018	          0.03137003	          0.01000090	          0.30182746	
          0.27707792	         -6.14274385	          3.02622482	          0.83376470	          0.32170235	          0.96633909	          0.00734951	         13.14434866	         -1.29526294	          1.84448489	         -9.55278597	          6.73412647	          3.25246540	         20.60362233	         -0.50557155	        -12.07530149	        -61.19275659	          1.56883956	          4.08802350	         -5.49560555	          1.39686873	         -3.75803038	          0.01000221	          0.01000098	          0.01000109	          0.09338375	          0.01000105	          0.02762804	          0.01003034	          0.03100270	          0.01000124	          0.01000440	          0.03387263	          0.15167774	          0.01000590	          0.25711616	          0.18681294	          0.03798949	          0.03409790	          0.01000012	          0.18874169	          0.01000131	          0.84809703	          0.01000020	          0.11988263	          0.01005809	          0.01000020	          0.02592776	          0.01000089	          0.30640062	
          0.28967237	         -6.04872633	          3.42021141	          0.63494645	          0.33312926	          0.96780460	          0.00783379	         12.14101521	         -1.67175730	          1.99484573	         -9.20038910	          6.91120576	          3.71879838	         22.45645033	         -0.05387689	        -12.39240117	        -61.32915898	          2.04316206	          3.42183210	         -5.89851740	          1.03337931	         -3.83533024	          0.01000202	          0.01000106	          0.01000108	          0.09999084	          0.01000097	          0.02283580	          0.01454751	          0.02990058	          0.01000145	          0.01000496	          0.02799638	          0.16694320	          0.01000509	          0.24983496	          0.19085570	          0.03139914	          0.02866244	          0.01000013	          0.15599812	          0.01000092	          0.76116386	          0.01000021	          0.12325913	          0.03409746	          0.01000025	          0.02142966	          0.01000088	          0.31179531	
          0.30226682	         -5.95538570	          3.77182238	          0.43887429	          0.34450211	          0.96903647	          0.00830624	         11.16509073	         -2.01174664	          2.12040169	         -8.89157482	          7.10943004	          4.21501744	         24.26246012	          0.34999827	        -12.70623874	        -61.26965047	          2.49323398	          2.85527174	         -6.29887328	          0.69734522	         -3.91575118	          0.01000343	          0.01000138	          0.01000100	          0.10118239	          0.01000101	          0.01887512	          0.04496057	          0.03375946	          0.01000174	          0.01000769	          0.02313965	          0.18194592	          0.01000567	          0.24181574	          0.19455586	          0.02595200	          0.02369436	          0.01000014	          0.12893440	          0.01000063	          0.62911243	          0.01000022	          0.12903514	          0.05753029	          0.01000033	          0.01771193	          0.01000086	          0.31779217	
          0.31486127	         -5.86417212	          4.07586766	          0.24365908	          0.35589138	          0.97005798	          0.00877245	         10.20499252	         -2.30833578	          2.21887858	         -8.60999737	          7.32003662	          4.73788113	         25.96747369	          0.69968636	        -13.01645217	        -60.90121963	          2.91623568	          2.37382255	         -6.68595378	          0.39543706	         -3.99812947	          0.01007580	          0.01000179	          0.01000096	          0.10067702	          0.01000112	          0.01560195	          0.06536508	          0.03533574	          0.01000217	          0.01001398	          0.01912558	          0.19673028	          0.01000619	          0.23486543	          0.19644769	          0.02144985	          0.01958677	          0.01000016	          0.10656578	          0.01000047	          0.51996831	          0.01000024	          0.13420088	          0.06774183	          0.01000048	          0.01463920	          0.01000089	          0.32423289	
          0.32745572	         -5.77677940	          4.32632194	          0.04789797	          0.36735556	          0.97088367	          0.00923520	          9.25120099	         -2.55407429	          2.29413660	         -8.34126798	          7.53457301	          5.28237127	         27.52499662	          0.99248699	        -13.31359321	        -60.13392475	          3.31170250	          1.96318058	         -7.05052839	          0.13560482	         -4.08057687	          0.01367564	          0.01000199	          0.01000097	          0.10153620	          0.01000125	          0.01289825	          0.08408367	          0.03455763	          0.01000244	          0.01001370	          0.01580801	          0.21127557	          0.01000670	          0.22973954	          0.19506771	          0.01772880	          0.01619382	          0.01000021	          0.08807783	          0.01000041	          0.42975926	          0.01000029	          0.13823885	          0.06902135	          0.01000083	          0.01209961	          0.01000081	          0.32994256	
          0.34005017	         -5.69498867	          4.51660271	         -0.14939319	          0.37894406	          0.97151618	          0.00969106	          8.29422112	         -2.74168458	          2.35050918	         -8.07069139	          7.74819688	          5.84219914	         28.89938495	          1.22795075	        -13.58239566	        -58.91078628	          3.66778278	          1.61096072	         -7.38443476	         -0.07246580	         -4.15989497	          0.01872167	          0.01000247	          0.01000097	          0.10302179	          0.01000149	          0.01073830	          0.09379174	          0.03146492	          0.01000246	          0.01001066	          0.01306627	          0.22569302	          0.01000686	          0.22673339	          0.19213209	          0.01465336	          0.01339595	          0.01000027	          0.07279732	          0.01000037	          0.35520050	          0.01000037	          0.14103118	          0.06476765	          0.01000136	          0.01000103	          0.01000102	          0.33531692	
          0.35264462	         -5.62041878	          4.64195144	         -0.34956409	          0.39070063	          0.97194776	          0.01013435	          7.32403410	         -2.86613263	          2.39324987	         -7.78276030	          7.95868670	          6.41071285	         30.06312088	          1.40879390	        -13.80595733	        -57.20032599	          3.97226991	          1.30677762	         -7.68043251	         -0.22079744	         -4.23180358	          0.02357142	          0.01000283	          0.01000098	          0.10406215	          0.01000183	          0.01355668	          0.10845551	          0.02600906	          0.01000246	          0.01001015	          0.01080108	          0.24017637	          0.01000727	          0.22615893	          0.19010507	          0.01211163	          0.01109629	          0.01000036	          0.06016781	          0.01000036	          0.29357694	          0.01000050	          0.14331499	          0.05910154	          0.01000155	          0.01000054	          0.01000079	          0.34196192	
          0.36523907	         -5.55440558	          4.69899197	         -0.55381109	          0.40266188	          0.97216097	          0.01056109	          6.33418684	         -2.92381198	          2.42715035	         -7.46924347	          8.16870580	          6.98166012	         30.99735630	          1.53875839	        -13.96697402	        -54.99383078	          4.21097958	          1.04226323	         -7.93250225	         -0.30354089	         -4.29234454	          0.02704500	          0.01000234	          0.01000104	          0.10458163	          0.01000221	          0.01373205	          0.14169586	          0.02149763	          0.01000288	          0.01000863	          0.01000445	          0.25484485	          0.01000673	          0.22771791	          0.18704696	          0.01001163	          0.01002229	          0.01000050	          0.04972939	          0.01000037	          0.24264451	          0.01000079	          0.14558497	          0.05163853	          0.01000125	          0.01000051	          0.01000082	          0.34493533	
          0.37783352	         -5.49817867	          4.68634460	         -0.76291976	          0.41485409	          0.97213110	          0.01096867	          5.32320218	         -2.91321335	          2.45521903	         -7.12996451	          8.38222940	          7.55166531	         31.69161084	          1.62283570	        -14.04793617	        -52.29956488	          4.38330612	          0.81582144	         -8.13648925	         -0.31770807	         -4.33855700	          0.02806486	          0.01000197	          0.01000112	          0.10421077	          0.01000267	          0.01215073	          0.18545461	          0.01776856	          0.01000335	          0.01000757	          0.01000465	          0.26984992	          0.01000599	          0.23085348	          0.18277781	          0.01000336	          0.01001284	          0.01000068	          0.04110193	          0.01000039	          0.20054846	          0.01000137	          0.15159332	          0.04450930	          0.01000085	          0.01000053	          0.01000097	          0.34560370	
          0.39042797	         -5.45301429	          4.60517211	         -0.97759210	          0.42728882	          0.97182883	          0.01135697	          4.29582306	         -2.83527769	          2.48113513	         -6.77508783	          8.60757069	          8.11978279	         32.14573714	          1.66755928	        -14.02830320	        -49.13719539	          4.48037440	          0.63138566	         -8.29086450	         -0.26410773	         -4.36812918	          0.02431767	          0.01000148	          0.01000130	          0.10286086	          0.01000299	          0.01009480	          0.23704375	          0.01468634	          0.01000558	          0.01000652	          0.01000271	          0.28514636	          0.01000523	          0.23468176	          0.17717957	          0.01316008	          0.01000764	          0.01000088	          0.03397126	          0.01000043	          0.16575594	          0.01000739	          0.16678733	          0.03753351	          0.01000060	          0.01000060	          0.01000114	          0.34319049	
          0.40302242	         -5.42034160	          4.45894706	         -1.19821808	          0.43996569	          0.97122245	          0.01172774	          3.26223067	         -2.69328549	          2.50832364	         -6.42365056	          8.85620340	          8.68809709	         32.36925645	          1.68070293	        -13.88085259	        -45.53329893	          4.50114971	          0.49266213	         -8.39608725	         -0.14707131	         -4.37953793	          0.02531589	          0.01000148	          0.01000131	          0.10383732	          0.01000347	          0.01002178	          0.28724399	          0.01213899	          0.01001034	          0.01000619	          0.01000193	          0.30079752	          0.01000413	          0.23781976	          0.17523593	          0.01360236	          0.01000677	          0.01000071	          0.02807770	          0.01000044	          0.13700071	          0.02517843	          0.19263075	          0.03179818	          0.01000042	          0.01000119	          0.01000244	          0.34113610	
          0.41561687	         -5.40141296	          4.25384000	         -1.42662741	          0.45289727	          0.97028358	          0.01208353	          2.22852045	         -2.49388622	          2.54018101	         -6.08776727	          9.13542294	          9.26209867	         32.36881177	          1.66788727	        -13.58508868	        -41.50706830	          4.46980222	          0.39387087	         -8.45038988	          0.02627072	         -4.37082724	          0.02366547	          0.01000160	          0.01000134	          0.10895130	          0.01000463	          0.01002804	          0.33141178	          0.01003424	          0.01822362	          0.01000567	          0.01000153	          0.31686116	          0.01000325	          0.23874366	          0.17029365	          0.01125905	          0.01000658	          0.01000055	          0.02320664	          0.01000044	          0.11326213	          0.04942307	          0.22657681	          0.02705761	          0.01000034	          0.01000171	          0.01000234	          0.34131797	
          0.42821133	         -5.39739242	          4.00011198	         -1.66512497	          0.46609057	          0.96898523	          0.01242630	          1.20296814	         -2.24845810	          2.57931993	         -5.78289619	          9.45397228	          9.85006936	         32.16466150	          1.62992637	        -13.12908057	        -37.11733080	          4.41511254	          0.31764511	         -8.45292183	          0.24449329	         -4.34088871	          0.02278789	          0.01000153	          0.01000138	          0.12276375	          0.01000455	          0.01002448	          0.36794271	          0.01000340	          0.04048000	          0.01000514	          0.01000138	          0.33353675	          0.01000282	          0.23532042	          0.16449738	          0.01549239	          0.01000566	          0.01000047	          0.01918071	          0.01000046	          0.21765067	          0.08795684	          0.26393739	          0.02580915	          0.01000036	          0.01000529	          0.01000641	          0.34096022	
          0.44080578	         -5.40880226	          3.71335530	         -1.91380308	          0.47952902	          0.96729822	          0.01275988	          0.19688244	         -1.97369602	          2.62277441	         -5.52939681	          9.82536761	         10.46271863	         31.82795169	          1.55482734	        -12.52246469	        -32.57085425	          4.36655335	          0.25470676	         -8.40666379	          0.48911581	         -4.29034034	          0.02216544	          0.01000155	          0.01000145	          0.13581572	          0.01000525	          0.01036156	          0.39859401	          0.01000551	          0.06290076	          0.01000446	          0.01000132	          0.35076122	          0.01000254	          0.22569169	          0.15520449	          0.02339568	          0.01000511	          0.01000044	          0.01585335	          0.01000050	          0.25204108	          0.11909121	          0.30412922	          0.02549121	          0.01000040	          0.01000381	          0.01000462	          0.34179912	
          0.45340023	         -5.43581261	          3.41251833	         -2.17219915	          0.49318858	          0.96522202	          0.01308284	         -0.77957294	         -1.68993904	          2.66886258	         -5.34371628	         10.25452061	         11.11182645	         31.42978520	          1.43528966	        -11.78229814	        -28.06080931	          4.32445001	          0.20458952	         -8.31664655	          0.73834631	         -4.21919423	          0.01968702	          0.01000152	          0.01000149	          0.14825416	          0.01000596	          0.01377658	          0.42682936	          0.01000634	          0.08807507	          0.01000401	          0.01000121	          0.36843123	          0.01000270	          0.20944696	          0.14604646	          0.03276719	          0.01000450	          0.01000041	          0.01310349	          0.01000055	          0.25998007	          0.14400297	          0.34144927	          0.02573023	          0.01000045	          0.01000783	          0.01000789	          0.34207484	
          0.46599468	         -5.47823362	          3.11699969	         -2.43969574	          0.50704784	          0.96278869	          0.01339054	         -1.71950487	         -1.41820648	          2.71519079	         -5.23105145	         10.71376079	         11.83093435	         31.02365947	          1.27111766	        -10.93132557	        -23.72288163	          4.28814564	          0.16744750	         -8.18845540	          0.97003860	         -4.12711237	          0.01627774	          0.01000148	          0.01000142	          0.15966576	          0.01000586	          0.01762848	          0.45554191	          0.01000598	          0.11308160	          0.01000322	          0.01000091	          0.38589552	          0.03991678	          0.18142289	          0.14060249	          0.04630831	          0.01000497	          0.01000037	          0.01083160	          0.01000063	          0.22159396	          0.15897068	          0.37348409	          0.02502288	          0.01000049	          0.01000684	          0.01000561	          0.34312267	
          0.47858913	         -5.53561046	          2.84429465	         -2.71515249	          0.52110341	          0.96007017	          0.01367663	         -2.63112102	         -1.17785796	          2.75795880	         -5.16400084	         11.13998180	         12.67302786	         30.63665548	          1.06948359	         -9.99587917	        -19.62067274	          4.25117746	          0.14112872	         -8.02593943	          1.16372467	         -4.01300742	          0.01345684	          0.01000142	          0.01000126	          0.16416920	          0.01000485	          0.02566509	          0.48182783	          0.01001354	          0.13447892	          0.01000267	          0.01000075	          0.40243894	          0.09828297	          0.14994854	          0.13838666	          0.07020096	          0.01001069	          0.01000034	          0.02024459	          0.01000077	          0.18315861	          0.16348635	          0.39749263	          0.02442397	          0.01000054	          0.01008961	          0.01001017	          0.34519629	
          0.49118358	         -5.60721830	          2.60809359	         -2.99498754	          0.53535890	          0.95715883	          0.01393161	         -3.52986121	         -0.98428599	          2.79553679	         -5.10964688	         11.50130308	         13.65305843	         30.28689254	          0.84361337	         -9.00785460	        -15.79916192	          4.21809284	          0.12387678	         -7.83268887	          1.30218829	         -3.87472956	          0.01113205	          0.01000133	          0.01000121	          0.15178255	          0.01000629	          0.03449986	          0.50453769	          0.01002073	          0.14670821	          0.01000238	          0.01000066	          0.41780880	          0.15352986	          0.12393413	          0.13105981	          0.11097285	          0.01000875	          0.01000040	          0.06106339	          0.01000091	          0.15138596	          0.14745337	          0.40982454	          0.02492371	          0.01000063	          0.01000544	          0.01000599	          0.34856975	
          0.50377803	         -5.69229547	          2.41775567	         -3.27171308	          0.54979822	          0.95414154	          0.01413695	         -4.41975134	         -0.84784063	          2.82617458	         -5.06065789	         11.79920644	         14.74773014	         29.99880471	          0.61566520	         -8.00499576	        -12.31836643	          4.20275616	          0.11410561	         -7.61590501	          1.37246253	         -3.70844179	          0.01000734	          0.01000125	          0.01000122	          0.13435493	          0.01000696	          0.04717133	          0.51988807	          0.01387652	          0.16503978	          0.01000203	          0.01000061	          0.43193848	          0.20226202	          0.10243285	          0.12084561	          0.16249823	          0.01002438	          0.01000053	          0.10203098	          0.01000135	          0.12512449	          0.12187286	          0.41531718	          0.02354452	          0.01000087	          0.01000402	          0.01000900	          0.35176840	
          0.51637248	         -5.79005308	          2.27551681	         -3.53597340	          0.56438677	          0.95108763	          0.01427248	         -5.29411201	         -0.76978528	          2.83628458	         -5.02572689	         12.02919423	         15.93722481	         29.80181042	          0.40793332	         -7.02211638	         -9.24139886	          4.22522177	          0.11119786	         -7.38608296	          1.36890100	         -3.50878091	          0.01000472	          0.01000113	          0.01000129	          0.12184625	          0.01000671	          0.06010567	          0.52371687	          0.01813992	          0.19841152	          0.01000180	          0.01000058	          0.44440377	          0.24428298	          0.08466180	          0.10923348	          0.20153729	          0.02132237	          0.01000089	          0.12414204	          0.01000482	          0.10341965	          0.10072940	          0.41561961	          0.01949016	          0.01000134	          0.01000183	          0.01000388	          0.35340750	
          0.52896693	         -5.89921626	          2.17694749	         -3.78039138	          0.57909256	          0.94805078	          0.01432326	         -6.13932013	         -0.74316605	          2.81036147	         -5.02679040	         12.18453063	         17.21071540	         29.71570194	          0.23557641	         -6.08906685	         -6.60749998	          4.28523303	          0.11473830	         -7.15360826	          1.29388278	         -3.27270371	          0.01000548	          0.01000102	          0.01000109	          0.11510802	          0.01000620	          0.05867670	          0.51357899	          0.02373291	          0.24518112	          0.01000193	          0.01000057	          0.45454263	          0.27930461	          0.06997383	          0.11628264	          0.20428617	          0.01768676	          0.01000117	          0.11553729	          0.04596485	          0.08548504	          0.08325396	          0.41280224	          0.01651252	          0.01000163	          0.01000332	          0.01000689	          0.35309083	
          0.54156138	         -6.01702754	          2.11103598	         -4.00249153	          0.59393552	          0.94507499	          0.01428241	         -6.94654619	         -0.75410425	          2.73669939	         -5.08502617	         12.25292932	         18.56677924	         29.73493036	          0.10330088	         -5.23338467	         -4.44200218	          4.36655163	          0.12495048	         -6.91985670	          1.15952646	         -3.00038849	          0.01000473	          0.01000089	          0.01000099	          0.11214520	          0.01000529	          0.04854581	          0.48449546	          0.02904134	          0.29271579	          0.01000211	          0.01000056	          0.46170882	          0.30766327	          0.05783407	          0.12203214	          0.19913007	          0.01463091	          0.01000155	          0.10154063	          0.08141110	          0.07975173	          0.06881029	          0.40354306	          0.01410512	          0.01000172	          0.01000231	          0.01000390	          0.35289064	
          0.55415583	         -6.14042342	          2.06592608	         -4.20189425	          0.60895274	          0.94219366	          0.01414464	         -7.70939100	         -0.78858954	          2.60968350	         -5.22025454	         12.22231757	         20.00916489	         29.84561646	          0.01279739	         -4.47361052	         -2.77029141	          4.43347675	          0.14037617	         -6.68309172	          0.98049057	         -2.69435949	          0.01000528	          0.01000077	          0.01000094	          0.11064924	          0.01000494	          0.04013528	          0.42568536	          0.03212217	          0.33948215	          0.01000239	          0.01000058	          0.46509752	          0.32924072	          0.04780044	          0.12682687	          0.19559495	          0.01209753	          0.01000357	          0.08791555	          0.11261132	          0.15956008	          0.05687244	          0.38701866	          0.01555735	          0.01000376	          0.01352737	          0.01002384	          0.35485358	
          0.56675028	         -6.26624134	          2.03169501	         -4.37780412	          0.62417393	          0.93942909	          0.01390643	         -8.42306760	         -0.83539411	          2.42897693	         -5.44989741	         12.08472280	         21.54103399	         30.05079665	         -0.03527043	         -3.81964698	         -1.66758588	          4.46227583	          0.15939638	         -6.44261554	          0.76885684	         -2.35852481	          0.01158816	          0.01000068	          0.01000088	          0.11020751	          0.01000510	          0.03317830	          0.35183930	          0.03490274	          0.38281211	          0.01000298	          0.01000061	          0.46411687	          0.34378116	          0.03950755	          0.13371350	          0.18790803	          0.01000819	          0.01001559	          0.07405577	          0.13942502	          0.23895964	          0.04700568	          0.36410021	          0.01287954	          0.01001553	          0.02412906	          0.01000584	          0.36502581	
          0.57934473	         -6.39100233	          1.99939022	         -4.52967183	          0.63963942	          0.93679095	          0.01356803	         -9.08751113	         -0.88432772	          2.19018719	         -5.78505487	         11.83535842	         23.16141411	         30.34997831	         -0.04147813	         -3.27330518	         -1.20728651	          4.46336687	          0.17755712	         -6.19601964	          0.53539767	         -1.99734772	          0.02311860	          0.01000064	          0.01000081	          0.11054306	          0.01000501	          0.02742708	          0.29080042	          0.04137160	          0.42206969	          0.01000376	          0.01000069	          0.45864010	          0.35157052	          0.03265339	          0.14063935	          0.18053698	          0.01000549	          0.01202450	          0.06814121	          0.16041675	          0.30049392	          0.03885071	          0.33479216	          0.01065103	          0.01000280	          0.03629626	          0.01000128	          0.37231995	
          0.59193919	         -6.51085387	          1.96017294	         -4.65680103	          0.65541341	          0.93427414	          0.01313011	         -9.70525588	         -0.92505169	          1.88381546	         -6.23619120	         11.47222189	         24.86675381	         30.71888121	         -0.00634198	         -2.83602238	         -1.40679259	          4.45376143	          0.19197024	         -5.93706857	          0.29137315	         -1.61502191	          0.03408312	          0.01000060	          0.01000071	          0.09840785	          0.01000458	          0.02267341	          0.24035036	          0.05426691	          0.44792280	          0.01000641	          0.01000086	          0.44835106	          0.35266036	          0.02698835	          0.15395233	          0.17257317	          0.01000462	          0.01420779	          0.07635622	          0.17455556	          0.32565800	          0.03211054	          0.29170588	          0.01000651	          0.01000102	          0.04275507	          0.01002133	          0.38413408	
          0.60453364	         -6.62191782	          1.90236203	         -4.75662098	          0.67157486	          0.93186142	          0.01260131	        -10.27478507	         -0.94462195	          1.51125771	         -6.82503595	         10.99669175	         26.65121408	         31.10538236	          0.06692089	         -2.52510706	         -2.21296781	          4.45022720	          0.20615410	         -5.65732941	          0.04956924	         -1.21867759	          0.03142692	          0.01000049	          0.01000062	          0.08133548	          0.01000263	          0.01874623	          0.19865260	          0.06226170	          0.44850099	          0.01001348	          0.01000099	          0.43334796	          0.34802555	          0.02230615	          0.16823672	          0.15907737	          0.01000388	          0.01187262	          0.07314797	          0.17796403	          0.31122534	          0.02653974	          0.24109827	          0.01000262	          0.01000041	          0.04983396	          0.01000060	          0.38000075	
          0.61712809	         -6.72112101	          1.81431395	         -4.82483690	          0.68818664	          0.92953307	          0.01199505	        -10.78814404	         -0.93236613	          1.09195216	         -7.58260936	         10.41011038	         28.50649892	         31.44772492	          0.16861441	         -2.36152142	         -3.53782355	          4.29727084	          0.21474070	         -5.35045418	         -0.17834880	         -0.81923636	          0.05352570	          0.01000077	          0.01000082	          0.06722467	          0.01001048	          0.01552440	          0.16418884	          0.05556158	          0.44604386	          0.01462652	          0.01000336	          0.41361366	          0.33685602	          0.01843627	          0.15834832	          0.14464080	          0.01000342	          0.01000337	          0.11398171	          0.17786596	          0.25723601	          0.02193550	          0.19927015	          0.01000283	          0.01000045	          0.04118942	          0.01098245	          0.41005900	
          0.62972254	         -6.80582298	          1.70880451	         -4.85970302	          0.70528924	          0.92729685	          0.01131006	        -11.21978797	         -0.90666054	          0.65707139	         -8.56503997	          9.71735017	         30.42541521	         31.67567393	          0.27885233	         -2.30041133	         -5.32038049	          3.94614168	          0.22701233	         -5.01015924	         -0.40248840	         -0.42264575	          0.10171418	          0.01000058	          0.01000087	          0.05556190	          0.03041564	          0.01292559	          0.13570414	          0.04592253	          0.46495361	          0.01211362	          0.01000320	          0.38792958	          0.32011990	          0.01523778	          0.13087977	          0.11954954	          0.01000118	          0.01000016	          0.20508207	          0.16000479	          0.21260966	          0.06354872	          0.16469876	          0.01001142	          0.01000051	          0.03560502	          0.01464039	          0.40897514	
          0.64231699	         -6.87459155	          1.62370324	         -4.86075951	          0.72281698	          0.92526780	          0.01055803	        -11.49909975	         -0.90938103	          0.21495632	         -9.88548416	          8.90670850	         32.41726337	         31.69436268	          0.35284125	         -2.14058407	         -7.12637147	          3.60247020	          0.19241296	         -4.64003800	         -0.66007798	         -0.03360493	          0.09774052	          0.01000047	          0.01000127	          0.04592249	          0.03100063	          0.01859691	          0.11216122	          0.03795557	          0.46279306	          0.01002187	          0.01634754	          0.35745799	          0.29894034	          0.01259420	          0.10817712	          0.11521316	          0.01000104	          0.04173558	          0.16950316	          0.14565072	          0.17572594	          0.09799123	          0.13612514	          0.01000123	          0.01000040	          0.02942803	          0.01210091	          0.47246372	
          0.65491144	         -6.93052832	          1.55354157	         -4.82230544	          0.74049248	          0.92365292	          0.00968709	        -11.53116210	         -0.93714908	         -0.24369923	        -11.66198437	          7.91900490	         34.49055368	         31.54997097	          0.43635037	         -2.02425603	         -8.64298360	          3.07780384	          0.18206873	         -4.27422219	         -0.93768033	          0.34075094	          0.11427267	          0.01000049	          0.01000094	          0.03795541	          0.02566343	          0.04170105	          0.09270276	          0.03137074	          0.45418489	          0.01034436	          0.01771692	          0.31099440	          0.25615924	          0.01040928	          0.12497076	          0.09522513	          0.01000104	          0.10126445	          0.19391025	          0.12887601	          0.14524062	          0.14130607	          0.11250878	          0.01000083	          0.01000023	          0.02432267	          0.01000170	          0.51914155	
          0.66750589	         -6.97255154	          1.49147710	         -4.74929622	          0.75808916	          0.92260805	          0.00871572	        -11.24305538	         -0.98563854	         -0.72597385	        -13.99060087	          6.72019898	         36.57538173	         31.34277107	          0.53729125	         -1.94379400	        -10.05853663	          2.55896284	          0.14894832	         -3.93766415	         -1.22895364	          0.69733976	          0.14618042	          0.01000056	          0.01000086	          0.03137053	          0.07613475	          0.04087069	          0.07662027	          0.02592827	          0.43274764	          0.01003632	          0.01464344	          0.25704004	          0.21171825	          0.01000015	          0.13562723	          0.07870468	          0.01000095	          0.14793296	          0.24810133	          0.11260630	          0.12004354	          0.18433652	          0.09298962	          0.01000150	          0.01266530	          0.02010316	          0.01003340	          0.54468651	
          0.68010034	         -6.99897932	          1.44300466	         -4.64670346	          0.77545484	          0.92221477	          0.00767047	        -10.58245026	         -1.06579647	         -1.24361880	        -16.93812812	          5.29521984	         38.51187201	         31.11455929	          0.66048574	         -1.88019139	        -11.48883243	          2.31637810	          0.12040373	         -3.64183307	         -1.54039345	          1.03294694	          0.17193244	          0.01000069	          0.01000089	          0.02592806	          0.15936190	          0.04808063	          0.06332836	          0.02143000	          0.38902039	          0.01000380	          0.01210304	          0.21244610	          0.17498722	          0.01000027	          0.13155307	          0.06505035	          0.01000086	          0.17769648	          0.25198376	          0.10192340	          0.09921805	          0.19780109	          0.07685685	          0.01000124	          0.06428709	          0.01661570	          0.01000303	          0.56107221	
          0.69269479	         -7.01154487	          1.41019482	         -4.51790219	          0.79247309	          0.92255402	          0.00658121	         -9.53564359	         -1.18833820	         -1.81027056	        -20.48850037	          3.64917983	         39.97035790	         30.79974401	          0.81063334	         -1.80173226	        -12.77826696	          2.26055100	          0.09520833	         -3.39305566	         -1.87359654	          1.34520851	          0.17818417	          0.01000101	          0.01000098	          0.02142980	          0.19078584	          0.03979655	          0.05234437	          0.01771212	          0.33010947	          0.01000174	          0.01000338	          0.17558875	          0.14462864	          0.01000043	          0.12366262	          0.05376493	          0.01000101	          0.18944096	          0.21086990	          0.09163434	          0.08200578	          0.18689500	          0.06352296	          0.01000106	          0.11553449	          0.01373336	          0.01000409	          0.55516301	
          0.70528924	         -7.01283760	          1.38723288	         -4.36688824	          0.80908297	          0.92364116	          0.00547972	         -8.13431152	         -1.36118470	         -2.43380732	        -24.56305602	          1.89010396	         40.42951527	         30.34078240	          0.98335662	         -1.68627733	        -13.81937606	          2.40888024	          0.07506902	         -3.19383371	         -2.22153756	          1.63266916	          0.18638095	          0.01000095	          0.01000121	          0.01771195	          0.17615607	          0.03289894	          0.05429003	          0.01463926	          0.27283913	          0.01000136	          0.01000014	          0.14512580	          0.11953698	          0.01000050	          0.11582034	          0.04443749	          0.01000098	          0.19254605	          0.17428696	          0.08359163	          0.06777981	          0.17027656	          0.05250237	          0.01000099	          0.14741843	          0.01135123	          0.01000205	          0.53642641	
          0.71788369	         -7.00519234	          1.36595142	         -4.19451497	          0.82528507	          0.92542209	          0.00438592	         -6.44339476	         -1.58829525	         -3.10255621	        -29.00487664	         -0.00451837	         39.71031606	         29.71047187	          1.16869871	         -1.53325632	        -14.55994949	          2.75100751	          0.06579045	         -3.04055901	         -2.57303388	          1.89200077	          0.19404613	          0.01000074	          0.01000119	          0.01463911	          0.17653092	          0.02719496	          0.07461401	          0.01209951	          0.22550437	          0.01000140	          0.01000011	          0.11994790	          0.09879849	          0.04459292	          0.09573060	          0.03672831	          0.01000095	          0.19344645	          0.14405029	          0.07756836	          0.05602186	          0.14995253	          0.04339375	          0.01000106	          0.16859256	          0.01000115	          0.01000155	          0.50028144	
          0.73047814	         -6.99078347	          1.33168596	         -4.00212783	          0.84106682	          0.92777460	          0.00331098	         -4.53907883	         -1.86114310	         -3.80982543	        -33.65397864	         -1.88627363	         37.53491306	         28.91264175	          1.34818795	         -1.34085041	        -14.99470150	          3.23925744	          0.07862532	         -2.93316067	         -2.90725802	          2.12315735	          0.20104116	          0.01000123	          0.01000191	          0.01209939	          0.14695909	          0.02248051	          0.06370233	          0.01000042	          0.18638176	          0.01000160	          0.01000010	          0.09913815	          0.08165793	          0.14144776	          0.07912262	          0.03035656	          0.01000097	          0.20493508	          0.11905922	          0.07316661	          0.04630367	          0.12871836	          0.03586538	          0.01000098	          0.16488384	          0.01000170	          0.01000186	          0.45756851	
          0.74307259	         -6.97079315	          1.27507886	         -3.79439525	          0.85641690	          0.93052039	          0.00226799	         -2.52476291	         -2.16927834	         -4.54637962	        -38.32932715	         -3.42730941	         33.74980537	         27.98596860	          1.50707471	         -1.10599883	        -15.17491476	          3.78204844	          0.12598453	         -2.87160496	         -3.20917002	          2.32967986	          0.21001704	          0.01000244	          0.01001077	          0.01000032	          0.12146369	          0.01858415	          0.09167684	          0.01000014	          0.15404721	          0.01000139	          0.01000007	          0.08193877	          0.06749110	          0.26404248	          0.06539585	          0.02509029	          0.01000094	          0.20692412	          0.09840383	          0.06906572	          0.03827133	          0.11780399	          0.02964312	          0.01000092	          0.15326701	          0.01000121	          0.01000153	          0.41780572	
          0.75566705	         -6.94517913	          1.19083696	         -3.57310226	          0.87135981	          0.93348077	          0.00126579	         -0.52258701	         -2.48541533	         -5.28407407	        -42.78127524	         -4.20797426	         28.95012972	         26.97022622	          1.63273668	         -0.85248653	        -15.15764987	          4.29234492	          0.20540942	         -2.85218001	         -3.46853912	          2.51253338	          0.21658262	          0.01000143	          0.01193370	          0.01000015	          0.10039130	          0.01536336	          0.14399018	          0.01000012	          0.13973331	          0.01000141	          0.01000005	          0.08935822	          0.05578211	          0.28385615	          0.05405060	          0.02073780	          0.01000081	          0.19527211	          0.08133193	          0.06906086	          0.03163239	          0.11327226	          0.02450037	          0.01000103	          0.14162193	          0.01000092	          0.01000134	          0.38462234	
          0.76826150	         -6.91369833	          1.06659310	         -3.33891620	          0.88594305	          0.93656847	          0.00031264	          1.38386258	         -2.75900798	         -6.01918740	        -46.68713742	         -3.94031108	         24.66593689	         25.89005170	          1.70696243	         -0.60011144	        -14.98714673	          4.74246277	          0.30816171	         -2.87015291	         -3.66804043	          2.67228712	          0.20767664	          0.01000153	          0.01011419	          0.01000014	          0.08297530	          0.01270244	          0.17307930	          0.01000012	          0.13564563	          0.01000184	          0.01000006	          0.07409531	          0.04610448	          0.31025762	          0.04467368	          0.01714042	          0.01000087	          0.17878787	          0.06722183	          0.06803691	          0.02614518	          0.10366215	          0.02024984	          0.01000111	          0.12693480	          0.01000093	          0.01000152	          0.35787062	
          0.78085595	         -6.87595282	          0.89177073	         -3.09833661	          0.90019499	          0.93975818	         -0.00059908	          3.20890774	         -2.97445537	         -6.75823144	        -49.98442861	         -3.45908322	         21.04006396	         24.76549598	          1.71636350	         -0.34925374	        -14.70432887	          5.13665549	          0.42877694	         -2.92494774	         -3.79184610	          2.81453228	          0.19785975	          0.01000277	          0.01823220	          0.01000014	          0.08002034	          0.01050910	          0.21249411	          0.01000014	          0.13303212	          0.01000206	          0.01000007	          0.07760552	          0.03810583	          0.30233638	          0.03692353	          0.01416713	          0.01000094	          0.16165798	          0.05555969	          0.06759965	          0.02160995	          0.08986869	          0.01673675	          0.01000115	          0.11338243	          0.01000093	          0.01000166	          0.33643934	
          0.79345040	         -6.83142470	          0.66239631	         -2.85723006	          0.91413250	          0.94299042	         -0.00147370	          4.97096267	         -3.12117745	         -7.49438271	        -52.70725580	         -2.96092188	         17.94218152	         23.61165386	          1.65500811	         -0.10020093	        -14.33799992	          5.47367438	          0.56755283	         -3.01755343	         -3.83294608	          2.94467384	          0.18824517	          0.01000362	          0.02050354	          0.01000015	          0.10262792	          0.01002038	          0.26278479	          0.01000015	          0.13087370	          0.01000285	          0.01000008	          0.08020130	          0.03149488	          0.29901505	          0.03051795	          0.01170992	          0.01000098	          0.14047416	          0.04592080	          0.06781468	          0.01786157	          0.08168989	          0.01383316	          0.01000120	          0.10451283	          0.01000088	          0.01000169	          0.31857101	
          0.80604485	         -6.77968985	          0.37470410	         -2.61697933	          0.92777222	          0.94620479	         -0.00230609	          6.68520873	         -3.17609499	         -8.20701257	        -54.90366408	         -2.46077008	         15.29696627	         22.43333964	          1.51750446	          0.14318011	        -13.89768820	          5.75391723	          0.72670294	         -3.14853938	         -3.78697553	          3.06388274	          0.18083709	          0.01000545	          0.02718157	          0.01000016	          0.12847102	          0.01002203	          0.32496027	          0.01000018	          0.12785659	          0.01000370	          0.01000010	          0.08053386	          0.02603087	          0.29701100	          0.02522366	          0.01000150	          0.01000102	          0.12041953	          0.03795415	          0.06701631	          0.01476360	          0.07215202	          0.01143340	          0.01000132	          0.09727110	          0.01000115	          0.01000274	          0.30337581	
          0.81863930	         -6.72056334	          0.03298764	         -2.37806011	          0.94112451	          0.94934947	         -0.00309034	          8.36810327	         -3.12468237	         -8.87673015	        -56.62763285	         -1.98951274	         13.03620773	         21.23527562	          1.30784156	          0.38374768	        -13.39098989	          5.97285497	          0.91254097	         -3.31824582	         -3.65947043	          3.17321103	          0.17507942	          0.01017691	          0.03327387	          0.01000017	          0.15598627	          0.01001872	          0.40027898	          0.01000020	          0.12574435	          0.01000461	          0.01000012	          0.08068080	          0.02151482	          0.29686928	          0.02084788	          0.01000139	          0.01000107	          0.10437322	          0.03136963	          0.06572743	          0.01220341	          0.06372876	          0.01000048	          0.01000139	          0.08949247	          0.02478051	          0.01000281	          0.29397537	
          0.83123375	         -6.65420637	         -0.35430233	         -2.14075931	          0.95418983	          0.95237840	         -0.00382202	         10.03716973	         -2.96228011	         -9.49046290	        -57.94329863	         -1.52632527	         11.10303358	         20.02922122	          1.03449671	          0.62323901	        -12.83390922	          6.11455713	          1.13549673	         -3.52725002	         -3.46068574	          3.27382122	          0.17508233	          0.02816028	          0.03128497	          0.01000016	          0.17068697	          0.01001307	          0.49047386	          0.01000021	          0.12504702	          0.01000576	          0.01000014	          0.07749100	          0.01778228	          0.29901714	          0.01723132	          0.01000128	          0.01000104	          0.09422663	          0.02592746	          0.06365646	          0.01008838	          0.06054494	          0.01000065	          0.01000159	          0.08356496	          0.04695427	          0.01000303	          0.28836329	
          0.84382820	         -6.58095051	         -0.77727024	         -1.90673342	          0.96697157	          0.95525211	         -0.00450443	         11.71108220	         -2.69741795	        -10.04567792	        -58.92575108	         -1.04368339	          9.44732257	         18.82355498	          0.70729012	          0.85730112	        -12.24472118	          6.20877281	          1.40054544	         -3.77474201	         -3.20043509	          3.36631805	          0.17571300	          0.04581359	          0.02929540	          0.01000015	          0.18486590	          0.01000921	          0.59010511	          0.01000021	          0.12509214	          0.01000685	          0.01000015	          0.06722111	          0.01469731	          0.29873929	          0.01424230	          0.01000118	          0.01000104	          0.08779314	          0.02142944	          0.05996263	          0.01000604	          0.05648424	          0.01000065	          0.01000189	          0.07815643	          0.06612762	          0.01000373	          0.28418184	
          0.85642265	         -6.50146133	         -1.22483341	         -1.67825002	          0.97947613	          0.95793787	         -0.00514277	         13.40750268	         -2.34607726	        -10.54353978	        -59.65258464	         -0.51540176	          8.02887877	         17.62455548	          0.33782049	          1.08267965	        -11.63921377	          6.28728013	          1.70517073	         -4.05886127	         -2.88950703	          3.45180711	          0.17681909	          0.05905564	          0.02838657	          0.01000014	          0.19722442	          0.01000639	          0.69150099	          0.01000020	          0.12489806	          0.01000780	          0.01000016	          0.05556007	          0.01214761	          0.29634312	          0.01177222	          0.01000110	          0.01000105	          0.08420571	          0.01771180	          0.05502588	          0.01000804	          0.05173078	          0.01000069	          0.01000224	          0.07147195	          0.08454311	          0.01000416	          0.28014554	
          0.86901710	         -6.41672316	         -1.68536629	         -1.45698566	          0.99171218	          0.96040887	         -0.00574299	         15.14169915	         -1.92872634	        -10.98799811	        -60.19494097	          0.03326694	          6.81328924	         16.44149249	         -0.06116522	          1.29547878	        -11.03664998	          6.36788739	          2.04461025	         -4.37707200	         -2.53975692	          3.53183432	          0.17886753	          0.06499557	          0.02748684	          0.01000013	          0.20580735	          0.01000419	          0.78276410	          0.01000020	          0.12347212	          0.01000937	          0.01000016	          0.04592132	          0.01004044	          0.29584302	          0.01000244	          0.01000108	          0.01000104	          0.08337523	          0.01463917	          0.04891279	          0.01000825	          0.04885573	          0.01000074	          0.01000276	          0.05999088	          0.10228424	          0.01000522	          0.27521283	
          0.88161155	         -6.32786777	         -2.14721029	         -1.24341682	          1.00369176	          0.96264189	         -0.00631055	         16.92298317	         -1.46825365	        -11.38611176	        -60.61285660	          0.56793648	          5.76847921	         15.29173879	         -0.47607465	          1.49288954	        -10.47085752	          6.46501548	          2.41555937	         -4.72611968	         -2.16404143	          3.60825654	          0.17806962	          0.05560809	          0.03281899	          0.01000013	          0.21694401	          0.01000311	          0.84793671	          0.01000020	          0.12048557	          0.01000932	          0.01000017	          0.03795462	          0.01000062	          0.29889960	          0.01000229	          0.01000096	          0.01000110	          0.08410224	          0.01209970	          0.04044009	          0.01001051	          0.04198138	          0.01000083	          0.01000301	          0.04958419	          0.11949722	          0.01000563	          0.26979967	
          0.89420600	         -6.23615901	         -2.59796170	         -1.03638915	          1.01543688	          0.96462044	         -0.00684552	         18.74933775	         -0.98665488	        -11.74517205	        -60.94372359	          1.07509001	          4.86607136	         14.19138727	         -0.89201113	          1.67621997	         -9.97246516	          6.58518000	          2.81788985	         -5.10146156	         -1.77817060	          3.68322390	          0.17988296	          0.04596271	          0.03204652	          0.01000013	          0.22235715	          0.01000198	          0.87364858	          0.01000020	          0.11910853	          0.01001396	          0.01000018	          0.03137003	          0.01000090	          0.30182746	          0.01000233	          0.01000100	          0.01000111	          0.08575139	          0.01000159	          0.03342613	          0.01001596	          0.03688289	          0.01000099	          0.01000346	          0.04098232	          0.13591652	          0.01000631	          0.26362794	
          0.90680045	         -6.14274385	         -3.02622482	         -0.83376470	          1.02699159	          0.96633909	         -0.00734951	         20.60362233	         -0.50557155	        -12.07530149	        -61.19275659	          1.56883956	          4.08802350	         13.14434866	         -1.29526294	          1.84448489	         -9.55278597	          6.73412647	          3.25246540	         -5.49560555	         -1.39686873	          3.75803038	          0.18681294	          0.03798949	          0.03409790	          0.01000012	          0.18874169	          0.01000131	          0.84809703	          0.01000020	          0.11988263	          0.01005809	          0.01000020	          0.02592776	          0.01000089	          0.30640062	          0.01000221	          0.01000098	          0.01000109	          0.09338375	          0.01000105	          0.02762804	          0.01003034	          0.03100270	          0.01000124	          0.01000440	          0.03387263	          0.15167774	          0.01000590	          0.25711616	
          0.91939490	         -6.04872633	         -3.42021141	         -0.63494645	          1.03841850	          0.96780460	         -0.00783379	         22.45645033	         -0.05387689	        -12.39240117	        -61.32915898	          2.04316206	          3.42183210	         12.14101521	         -1.67175730	          1.99484573	         -9.20038910	          6.91120576	          3.71879838	         -5.89851740	         -1.03337931	          3.83533024	          0.19085570	          0.03139914	          0.02866244	          0.01000013	          0.15599812	          0.01000092	          0.76116386	          0.01000021	          0.12325913	          0.03409746	          0.01000025	          0.02142966	          0.01000088	          0.31179531	          0.01000202	          0.01000106	          0.01000108	          0.09999084	          0.01000097	          0.02283580	          0.01454751	          0.02990058	          0.01000145	          0.01000496	          0.02799638	          0.16694320	          0.01000509	          0.24983496	
          0.93198936	         -5.95538570	         -3.77182238	         -0.43887429	          1.04979135	          0.96903647	         -0.00830624	         24.26246012	          0.34999827	        -12.70623874	        -61.26965047	          2.49323398	          2.85527174	         11.16509073	         -2.01174664	          2.12040169	         -8.89157482	          7.10943004	          4.21501744	         -6.29887328	         -0.69734522	          3.91575118	          0.19455586	          0.02595200	          0.02369436	          0.01000014	          0.12893440	          0.01000063	          0.62911243	          0.01000022	          0.12903514	          0.05753029	          0.01000033	          0.01771193	          0.01000086	          0.31779217	          0.01000343	          0.01000138	          0.01000100	          0.10118239	          0.01000101	          0.01887512	          0.04496057	          0.03375946	          0.01000174	          0.01000769	          0.02313965	          0.18194592	          0.01000567	          0.24181574	
          0.94458381	         -5.86417212	         -4.07586766	         -0.24365908	          1.06118062	          0.97005798	         -0.00877245	         25.96747369	          0.69968636	        -13.01645217	        -60.90121963	          2.91623568	          2.37382255	         10.20499252	         -2.30833578	          2.21887858	         -8.60999737	          7.32003662	          4.73788113	         -6.68595378	         -0.39543706	          3.99812947	          0.19644769	          0.02144985	          0.01958677	          0.01000016	          0.10656578	          0.01000047	          0.51996831	          0.01000024	          0.13420088	          0.06774183	          0.01000048	          0.01463920	          0.01000089	          0.32423289	          0.01007580	          0.01000179	          0.01000096	          0.10067702	          0.01000112	          0.01560195	          0.06536508	          0.03533574	          0.01000217	          0.01001398	          0.01912558	          0.19673028	          0.01000619	          0.23486543	
          0.95717826	         -5.77677940	         -4.32632194	         -0.04789797	          1.07264480	          0.97088367	         -0.00923520	         27.52499662	          0.99248699	        -13.31359321	        -60.13392475	          3.31170250	          1.96318058	          9.25120099	         -2.55407429	          2.29413660	         -8.34126798	          7.53457301	          5.28237127	         -7.05052839	         -0.13560482	          4.08057687	          0.19506771	          0.01772880	          0.01619382	          0.01000021	          0.08807783	          0.01000041	          0.42975926	          0.01000029	          0.13823885	          0.06902135	          0.01000083	          0.01209961	          0.01000081	          0.32994256	          0.01367564	          0.01000199	          0.01000097	          0.10153620	          0.01000125	          0.01289825	          0.08408367	          0.03455763	          0.01000244	          0.01001370	          0.01580801	          0.21127557	          0.01000670	          0.22973954	
          0.96977271	         -5.69498867	         -4.51660271	          0.14939319	          1.08423330	          0.97151618	         -0.00969106	         28.89938495	          1.22795075	        -13.58239566	        -58.91078628	          3.66778278	          1.61096072	          8.29422112	         -2.74168458	          2.35050918	         -8.07069139	          7.74819688	          5.84219914	         -7.38443476	          0.07246580	          4.15989497	          0.19213209	          0.01465336	          0.01339595	          0.01000027	          0.07279732	          0.01000037	          0.35520050	          0.01000037	          0.14103118	          0.06476765	          0.01000136	          0.01000103	          0.01000102	          0.33531692	          0.01872167	          0.01000247	          0.01000097	          0.10302179	          0.01000149	          0.01073830	          0.09379174	          0.03146492	          0.01000246	          0.01001066	          0.01306627	          0.22569302	          0.01000686	          0.22673339	
          0.98236716	         -5.62041878	         -4.64195144	          0.34956409	          1.09598987	          0.97194776	         -0.01013435	         30.06312088	          1.40879390	        -13.80595733	        -57.20032599	          3.97226991	          1.30677762	          7.32403410	         -2.86613263	          2.39324987	         -7.78276030	          7.95868670	          6.41071285	         -7.68043251	          0.22079744	          4.23180358	          0.19010507	          0.01211163	          0.01109629	          0.01000036	          0.06016781	          0.01000036	          0.29357694	          0.01000050	          0.14331499	          0.05910154	          0.01000155	          0.01000054	          0.01000079	          0.34196192	          0.02357142	          0.01000283	          0.01000098	          0.10406215	          0.01000183	          0.01355668	          0.10845551	          0.02600906	          0.01000246	          0.01001015	          0.01080108	          0.24017637	          0.01000727	          0.22615893	
          0.99496161	         -5.55440558	         -4.69899197	          0.55381109	          1.10795112	          0.97216097	         -0.01056109	         30.99735630	          1.53875839	        -13.96697402	        -54.99383078	          4.21097958	          1.04226323	          6.33418684	         -2.92381198	          2.42715035	         -7.46924347	          8.16870580	          6.98166012	         -7.93250225	          0.30354089	          4.29234454	          0.18704696	          0.01001163	          0.01002229	          0.01000050	          0.04972939	          0.01000037	          0.24264451	          0.01000079	          0.14558497	          0.05163853	          0.01000125	          0.01000051	          0.01000082	          0.34493533	          0.02704500	          0.01000234	          0.01000104	          0.10458163	          0.01000221	          0.01373205	          0.14169586	          0.02149763	          0.01000288	          0.01000863	          0.01000445	          0.25484485	          0.01000673	          0.22771791	
          1.00755606	         -5.49817867	         -4.68634460	          0.76291976	          1.12014333	          0.97213110	         -0.01096867	         31.69161084	          1.62283570	        -14.04793617	        -52.29956488	          4.38330612	          0.81582144	          5.32320218	         -2.91321335	          2.45521903	         -7.12996451	          8.38222940	          7.55166531	         -8.13648925	          0.31770807	          4.33855700	          0.18277781	          0.01000336	          0.01001284	          0.01000068	          0.04110193	          0.01000039	          0.20054846	          0.01000137	          0.15159332	          0.04450930	          0.01000085	          0.01000053	          0.01000097	          0.34560370	          0.02806486	          0.01000197	          0.01000112	          0.10421077	          0.01000267	          0.01215073	          0.18545461	          0.01776856	          0.01000335	          0.01000757	          0.01000465	          0.26984992	          0.01000599	          0.23085348	
          1.02015051	         -5.45301429	         -4.60517211	          0.97759210	          1.13257806	          0.97182883	         -0.01135697	         32.14573714	          1.66755928	        -14.02830320	        -49.13719539	          4.48037440	          0.63138566	          4.29582306	         -2.83527769	          2.48113513	         -6.77508783	          8.60757069	          8.11978279	         -8.29086450	          0.26410773	          4.36812918	          0.17717957	          0.01316008	          0.01000764	          0.01000088	          0.03397126	          0.01000043	          0.16575594	          0.01000739	          0.16678733	          0.03753351	          0.01000060	          0.01000060	          0.01000114	          0.34319049	          0.02431767	          0.01000148	          0.01000130	          0.10286086	          0.01000299	          0.01009480	          0.23704375	          0.01468634	          0.01000558	          0.01000652	          0.01000271	          0.28514636	          0.01000523	          0.23468176	
          1.03274496	         -5.42034160	         -4.45894706	          1.19821808	          1.14525494	          0.97122245	         -0.01172774	         32.36925645	          1.68070293	        -13.88085259	        -45.53329893	          4.50114971	          0.49266213	          3.26223067	         -2.69328549	          2.50832364	         -6.42365056	          8.85620340	          8.68809709	         -8.39608725	          0.14707131	          4.37953793	          0.17523593	          0.01360236	          0.01000677	          0.01000071	          0.02807770	          0.01000044	          0.13700071	          0.02517843	          0.19263075	          0.03179818	          0.01000042	          0.01000119	          0.01000244	          0.34113610	          0.02531589	          0.01000148	          0.01000131	          0.10383732	          0.01000347	          0.01002178	          0.28724399	          0.01213899	          0.01001034	          0.01000619	          0.01000193	          0.30079752	          0.01000413	          0.23781976	
          1.04533941	         -5.40141296	         -4.25384000	          1.42662741	          1.15818651	          0.97028358	         -0.01208353	         32.36881177	          1.66788727	        -13.58508868	        -41.50706830	          4.46980222	          0.39387087	          2.22852045	         -2.49388622	          2.54018101	         -6.08776727	          9.13542294	          9.26209867	         -8.45038988	         -0.02627072	          4.37082724	          0.17029365	          0.01125905	          0.01000658	          0.01000055	          0.02320664	          0.01000044	          0.11326213	          0.04942307	          0.22657681	          0.02705761	          0.01000034	          0.01000171	          0.01000234	          0.34131797	          0.02366547	          0.01000160	          0.01000134	          0.10895130	          0.01000463	          0.01002804	          0.33141178	          0.01003424	          0.01822362	          0.01000567	          0.01000153	          0.31686116	          0.01000325	          0.23874366	
          1.05793386	         -5.39739242	         -4.00011198	          1.66512497	          1.17137981	          0.96898523	         -0.01242630	         32.16466150	          1.62992637	        -13.12908057	        -37.11733080	          4.41511254	          0.31764511	          1.20296814	         -2.24845810	          2.57931993	         -5.78289619	          9.45397228	          9.85006936	         -8.45292183	         -0.24449329	          4.34088871	          0.16449738	          0.01549239	          0.01000566	          0.01000047	          0.01918071	          0.01000046	          0.21765067	          0.08795684	          0.26393739	          0.02580915	          0.01000036	          0.01000529	          0.01000641	          0.34096022	          0.02278789	          0.01000153	          0.01000138	          0.12276375	          0.01000455	          0.01002448	          0.36794271	          0.01000340	          0.04048000	          0.01000514	          0.01000138	          0.33353675	          0.01000282	          0.23532042	
          1.07052831	         -5.40880226	         -3.71335530	          1.91380308	          1.18481826	          0.96729822	         -0.01275988	         31.82795169	          1.55482734	        -12.52246469	        -32.57085425	          4.36655335	          0.25470676	          0.19688244	         -1.97369602	          2.62277441	         -5.52939681	          9.82536761	         10.46271863	         -8.40666379	         -0.48911581	          4.29034034	          0.15520449	          0.02339568	          0.01000511	          0.01000044	          0.01585335	          0.01000050	          0.25204108	          0.11909121	          0.30412922	          0.02549121	          0.01000040	          0.01000381	          0.01000462	          0.34179912	          0.02216544	          0.01000155	          0.01000145	          0.13581572	          0.01000525	          0.01036156	          0.39859401	          0.01000551	          0.06290076	          0.01000446	          0.01000132	          0.35076122	          0.01000254	          0.22569169	
          1.08312276	         -5.43581261	         -3.41251833	          2.17219915	          1.19847782	          0.96522202	         -0.01308284	         31.42978520	          1.43528966	        -11.78229814	        -28.06080931	          4.32445001	          0.20458952	         -0.77957294	         -1.68993904	          2.66886258	         -5.34371628	         10.25452061	         11.11182645	         -8.31664655	         -0.73834631	          4.21919423	          0.14604646	          0.03276719	          0.01000450	          0.01000041	          0.01310349	          0.01000055	          0.25998007	          0.14400297	          0.34144927	          0.02573023	          0.01000045	          0.01000783	          0.01000789	          0.34207484	          0.01968702	          0.01000152	          0.01000149	          0.14825416	          0.01000596	          0.01377658	          0.42682936	          0.01000634	          0.08807507	          0.01000401	          0.01000121	          0.36843123	          0.01000270	          0.20944696	
          1.09571722	         -5.47823362	         -3.11699969	          2.43969574	          1.21233708	          0.96278869	         -0.01339054	         31.02365947	          1.27111766	        -10.93132557	        -23.72288163	          4.28814564	          0.16744750	         -1.71950487	         -1.41820648	          2.71519079	         -5.23105145	         10.71376079	         11.83093435	         -8.18845540	         -0.97003860	          4.12711237	          0.14060249	          0.04630831	          0.01000497	          0.01000037	          0.01083160	          0.01000063	          0.22159396	          0.15897068	          0.37348409	          0.02502288	          0.01000049	          0.01000684	          0.01000561	          0.34312267	          0.01627774	          0.01000148	          0.01000142	          0.15966576	          0.01000586	          0.01762848	          0.45554191	          0.01000598	          0.11308160	          0.01000322	          0.01000091	          0.38589552	          0.03991678	          0.18142289	
          1.10831167	         -5.53561046	         -2.84429465	          2.71515249	          1.22639265	          0.96007017	         -0.01367663	         30.63665548	          1.06948359	         -9.99587917	        -19.62067274	          4.25117746	          0.14112872	         -2.63112102	         -1.17785796	          2.75795880	         -5.16400084	         11.13998180	         12.67302786	         -8.02593943	         -1.16372467	          4.01300742	          0.13838666	          0.07020096	          0.01001069	          0.01000034	          0.02024459	          0.01000077	          0.18315861	          0.16348635	          0.39749263	          0.02442397	          0.01000054	          0.01008961	          0.01001017	          0.34519629	          0.01345684	          0.01000142	          0.01000126	          0.16416920	          0.01000485	          0.02566509	          0.48182783	          0.01001354	          0.13447892	          0.01000267	          0.01000075	          0.40243894	          0.09828297	          0.14994854	
          1.12090612	         -5.60721830	         -2.60809359	          2.99498754	          1.24064815	          0.95715883	         -0.01393161	         30.28689254	          0.84361337	         -9.00785460	        -15.79916192	          4.21809284	          0.12387678	         -3.52986121	         -0.98428599	          2.79553679	         -5.10964688	         11.50130308	         13.65305843	         -7.83268887	         -1.30218829	          3.87472956	          0.13105981	          0.11097285	          0.01000875	          0.01000040	          0.06106339	          0.01000091	          0.15138596	          0.14745337	          0.40982454	          0.02492371	          0.01000063	          0.01000544	          0.01000599	          0.34856975	          0.01113205	          0.01000133	          0.01000121	          0.15178255	          0.01000629	          0.03449986	          0.50453769	          0.01002073	          0.14670821	          0.01000238	          0.01000066	          0.41780880	          0.15352986	          0.12393413	
          1.13350057	         -5.69229547	         -2.41775567	          3.27171308	          1.25508746	          0.95414154	         -0.01413695	         29.99880471	          0.61566520	         -8.00499576	        -12.31836643	          4.20275616	          0.11410561	         -4.41975134	         -0.84784063	          2.82617458	         -5.06065789	         11.79920644	         14.74773014	         -7.61590501	         -1.37246253	          3.70844179	          0.12084561	          0.16249823	          0.01002438	          0.01000053	          0.10203098	          0.01000135	          0.12512449	          0.12187286	          0.41531718	          0.02354452	          0.01000087	          0.01000402	          0.01000900	          0.35176840	          0.01000734	          0.01000125	          0.01000122	          0.13435493	          0.01000696	          0.04717133	          0.51988807	          0.01387652	          0.16503978	          0.01000203	          0.01000061	          0.43193848	          0.20226202	          0.10243285	
          1.14609502	         -5.79005308	         -2.27551681	          3.53597340	          1.26967601	          0.95108763	         -0.01427248	         29.80181042	          0.40793332	         -7.02211638	         -9.24139886	          4.22522177	          0.11119786	         -5.29411201	         -0.76978528	          2.83628458	         -5.02572689	         12.02919423	         15.93722481	         -7.38608296	         -1.36890100	          3.50878091	          0.10923348	          0.20153729	          0.02132237	          0.01000089	          0.12414204	          0.01000482	          0.10341965	          0.10072940	          0.41561961	          0.01949016	          0.01000134	          0.01000183	          0.01000388	          0.35340750	          0.01000472	          0.01000113	          0.01000129	          0.12184625	          0.01000671	          0.06010567	          0.52371687	          0.01813992	          0.19841152	          0.01000180	          0.01000058	          0.44440377	          0.24428298	          0.08466180	
          1.15868947	         -5.89921626	         -2.17694749	          3.78039138	          1.28438180	          0.94805078	         -0.01432326	         29.71570194	          0.23557641	         -6.08906685	         -6.60749998	          4.28523303	          0.11473830	         -6.13932013	         -0.74316605	          2.81036147	         -5.02679040	         12.18453063	         17.21071540	         -7.15360826	         -1.29388278	          3.27270371	          0.11628264	          0.20428617	          0.01768676	          0.01000117	          0.11553729	          0.04596485	          0.08548504	          0.08325396	          0.41280224	          0.01651252	          0.01000163	          0.01000332	          0.01000689	          0.35309083	          0.01000548	          0.01000102	          0.01000109	          0.11510802	          0.01000620	          0.05867670	          0.51357899	          0.02373291	          0.24518112	          0.01000193	          0.01000057	          0.45454263	          0.27930461	          0.06997383	
          1.17128392	         -6.01702754	         -2.11103598	          4.00249153	          1.29922476	          0.94507499	         -0.01428241	         29.73493036	          0.10330088	         -5.23338467	         -4.44200218	          4.36655163	          0.12495048	         -6.94654619	         -0.75410425	          2.73669939	         -5.08502617	         12.25292932	         18.56677924	         -6.91985670	         -1.15952646	          3.00038849	          0.12203214	          0.19913007	          0.01463091	          0.01000155	          0.10154063	          0.08141110	          0.07975173	          0.06881029	          0.40354306	          0.01410512	          0.01000172	          0.01000231	          0.01000390	          0.35289064	          0.01000473	          0.01000089	          0.01000099	          0.11214520	          0.01000529	          0.04854581	          0.48449546	          0.02904134	          0.29271579	          0.01000211	          0.01000056	          0.46170882	          0.30766327	          0.05783407	
          1.18387837	         -6.14042342	         -2.06592608	          4.20189425	          1.31424199	          0.94219366	         -0.01414464	         29.84561646	          0.01279739	         -4.47361052	         -2.77029141	          4.43347675	          0.14037617	         -7.70939100	         -0.78858954	          2.60968350	         -5.22025454	         12.22231757	         20.00916489	         -6.68309172	         -0.98049057	          2.69435949	          0.12682687	          0.19559495	          0.01209753	          0.01000357	          0.08791555	          0.11261132	          0.15956008	          0.05687244	          0.38701866	          0.01555735	          0.01000376	          0.01352737	          0.01002384	          0.35485358	          0.01000528	          0.01000077	          0.01000094	          0.11064924	          0.01000494	          0.04013528	          0.42568536	          0.03212217	          0.33948215	          0.01000239	          0.01000058	          0.46509752	          0.32924072	          0.04780044	
          1.19647282	         -6.26624134	         -2.03169501	          4.37780412	          1.32946317	          0.93942909	         -0.01390643	         30.05079665	         -0.03527043	         -3.81964698	         -1.66758588	          4.46227583	          0.15939638	         -8.42306760	         -0.83539411	          2.42897693	         -5.44989741	         12.08472280	         21.54103399	         -6.44261554	         -0.76885684	          2.35852481	          0.13371350	          0.18790803	          0.01000819	          0.01001559	          0.07405577	          0.13942502	          0.23895964	          0.04700568	          0.36410021	          0.01287954	          0.01001553	          0.02412906	          0.01000584	          0.36502581	          0.01158816	          0.01000068	          0.01000088	          0.11020751	          0.01000510	          0.03317830	          0.35183930	          0.03490274	          0.38281211	          0.01000298	          0.01000061	          0.46411687	          0.34378116	          0.03950755	
          1.20906727	         -6.39100233	         -1.99939022	          4.52967183	          1.34492867	          0.93679095	         -0.01356803	         30.34997831	         -0.04147813	         -3.27330518	         -1.20728651	          4.46336687	          0.17755712	         -9.08751113	         -0.88432772	          2.19018719	         -5.78505487	         11.83535842	         23.16141411	         -6.19601964	         -0.53539767	          1.99734772	          0.14063935	          0.18053698	          0.01000549	          0.01202450	          0.06814121	          0.16041675	          0.30049392	          0.03885071	          0.33479216	          0.01065103	          0.01000280	          0.03629626	          0.01000128	          0.37231995	          0.02311860	          0.01000064	          0.01000081	          0.11054306	          0.01000501	          0.02742708	          0.29080042	          0.04137160	          0.42206969	          0.01000376	          0.01000069	          0.45864010	          0.35157052	          0.03265339	
          1.22166172	         -6.51085387	         -1.96017294	          4.65680103	          1.36070265	          0.93427414	         -0.01313011	         30.71888121	         -0.00634198	         -2.83602238	         -1.40679259	          4.45376143	          0.19197024	         -9.70525588	         -0.92505169	          1.88381546	         -6.23619120	         11.47222189	         24.86675381	         -5.93706857	         -0.29137315	          1.61502191	          0.15395233	          0.17257317	          0.01000462	          0.01420779	          0.07635622	          0.17455556	          0.32565800	          0.03211054	          0.29170588	          0.01000651	          0.01000102	          0.04275507	          0.01002133	          0.38413408	          0.03408312	          0.01000060	          0.01000071	          0.09840785	          0.01000458	          0.02267341	          0.24035036	          0.05426691	          0.44792280	          0.01000641	          0.01000086	          0.44835106	          0.35266036	          0.02698835	
          1.23425617	         -6.62191782	         -1.90236203	          4.75662098	          1.37686411	          0.93186142	         -0.01260131	         31.10538236	          0.06692089	         -2.52510706	         -2.21296781	          4.45022720	          0.20615410	        -10.27478507	         -0.94462195	          1.51125771	         -6.82503595	         10.99669175	         26.65121408	         -5.65732941	         -0.04956924	          1.21867759	          0.16823672	          0.15907737	          0.01000388	          0.01187262	          0.07314797	          0.17796403	          0.31122534	          0.02653974	          0.24109827	          0.01000262	          0.01000041	          0.04983396	          0.01000060	          0.38000075	          0.03142692	          0.01000049	          0.01000062	          0.08133548	          0.01000263	          0.01874623	          0.19865260	          0.06226170	          0.44850099	          0.01001348	          0.01000099	          0.43334796	          0.34802555	          0.02230615	
          1.24685062	         -6.72112101	         -1.81431395	          4.82483690	          1.39347588	          0.92953307	         -0.01199505	         31.44772492	          0.16861441	         -2.36152142	         -3.53782355	          4.29727084	          0.21474070	        -10.78814404	         -0.93236613	          1.09195216	         -7.58260936	         10.41011038	         28.50649892	         -5.35045418	          0.17834880	          0.81923636	          0.15834832	          0.14464080	          0.01000342	          0.01000337	          0.11398171	          0.17786596	          0.25723601	          0.02193550	          0.19927015	          0.01000283	          0.01000045	          0.04118942	          0.01098245	          0.41005900	          0.05352570	          0.01000077	          0.01000082	          0.06722467	          0.01001048	          0.01552440	          0.16418884	          0.05556158	          0.44604386	          0.01462652	          0.01000336	          0.41361366	          0.33685602	          0.01843627	
          1.25944508	         -6.80582298	         -1.70880451	          4.85970302	          1.41057848	          0.92729685	         -0.01131006	         31.67567393	          0.27885233	         -2.30041133	         -5.32038049	          3.94614168	          0.22701233	        -11.21978797	         -0.90666054	          0.65707139	         -8.56503997	          9.71735017	         30.42541521	         -5.01015924	          0.40248840	          0.42264575	          0.13087977	          0.11954954	          0.01000118	          0.01000016	          0.20508207	          0.16000479	          0.21260966	          0.06354872	          0.16469876	          0.01001142	          0.01000051	          0.03560502	          0.01464039	          0.40897514	          0.10171418	          0.01000058	          0.01000087	          0.05556190	          0.03041564	          0.01292559	          0.13570414	          0.04592253	          0.46495361	          0.01211362	          0.01000320	          0.38792958	          0.32011990	          0.01523778	
          1.27203953	         -6.87459155	         -1.62370324	          4.86075951	          1.42810623	          0.92526780	         -0.01055803	         31.69436268	          0.35284125	         -2.14058407	         -7.12637147	          3.60247020	          0.19241296	        -11.49909975	         -0.90938103	          0.21495632	         -9.88548416	          8.90670850	         32.41726337	         -4.64003800	          0.66007798	          0.03360493	          0.10817712	          0.11521316	          0.01000104	          0.04173558	          0.16950316	          0.14565072	          0.17572594	          0.09799123	          0.13612514	          0.01000123	          0.01000040	          0.02942803	          0.01210091	          0.47246372	          0.09774052	          0.01000047	          0.01000127	          0.04592249	          0.03100063	          0.01859691	          0.11216122	          0.03795557	          0.46279306	          0.01002187	          0.01634754	          0.35745799	          0.29894034	          0.01259420	
          1.28463398	         -6.93052832	         -1.55354157	          4.82230544	          1.44578172	          0.92365292	         -0.00968709	         31.54997097	          0.43635037	         -2.02425603	         -8.64298360	          3.07780384	          0.18206873	        -11.53116210	         -0.93714908	         -0.24369923	        -11.66198437	          7.91900490	         34.49055368	         -4.27422219	          0.93768033	         -0.34075094	          0.12497076	          0.09522513	          0.01000104	          0.10126445	          0.19391025	          0.12887601	          0.14524062	          0.14130607	          0.11250878	          0.01000083	          0.01000023	          0.02432267	          0.01000170	          0.51914155	          0.11427267	          0.01000049	          0.01000094	          0.03795541	          0.02566343	          0.04170105	          0.09270276	          0.03137074	          0.45418489	          0.01034436	          0.01771692	          0.31099440	          0.25615924	          0.01040928	
          1.29722843	         -6.97255154	         -1.49147710	          4.74929622	          1.46337840	          0.92260805	         -0.00871572	         31.34277107	          0.53729125	         -1.94379400	        -10.05853663	          2.55896284	          0.14894832	        -11.24305538	         -0.98563854	         -0.72597385	        -13.99060087	          6.72019898	         36.57538173	         -3.93766415	          1.22895364	         -0.69733976	          0.13562723	          0.07870468	          0.01000095	          0.14793296	          0.24810133	          0.11260630	          0.12004354	          0.18433652	          0.09298962	          0.01000150	          0.01266530	          0.02010316	          0.01003340	          0.54468651	          0.14618042	          0.01000056	          0.01000086	          0.03137053	          0.07613475	          0.04087069	          0.07662027	          0.02592827	          0.43274764	          0.01003632	          0.01464344	          0.25704004	          0.21171825	          0.01000015	
          1.30982288	         -6.99897932	         -1.44300466	          4.64670346	          1.48074408	          0.92221477	         -0.00767047	         31.11455929	          0.66048574	         -1.88019139	        -11.48883243	          2.31637810	          0.12040373	        -10.58245026	         -1.06579647	         -1.24361880	        -16.93812812	          5.29521984	         38.51187201	         -3.64183307	          1.54039345	         -1.03294694	          0.13155307	          0.06505035	          0.01000086	          0.17769648	          0.25198376	          0.10192340	          0.09921805	          0.19780109	          0.07685685	          0.01000124	          0.06428709	          0.01661570	          0.01000303	          0.56107221	          0.17193244	          0.01000069	          0.01000089	          0.02592806	          0.15936190	          0.04808063	          0.06332836	          0.02143000	          0.38902039	          0.01000380	          0.01210304	          0.21244610	          0.17498722	          0.01000027	
          1.32241733	         -7.01154487	         -1.41019482	          4.51790219	          1.49776233	          0.92255402	         -0.00658121	         30.79974401	          0.81063334	         -1.80173226	        -12.77826696	          2.26055100	          0.09520833	         -9.53564359	         -1.18833820	         -1.81027056	        -20.48850037	          3.64917983	         39.97035790	         -3.39305566	          1.87359654	         -1.34520851	          0.12366262	          0.05376493	          0.01000101	          0.18944096	          0.21086990	          0.09163434	          0.08200578	          0.18689500	          0.06352296	          0.01000106	          0.11553449	          0.01373336	          0.01000409	          0.55516301	          0.17818417	          0.01000101	          0.01000098	          0.02142980	          0.19078584	          0.03979655	          0.05234437	          0.01771212	          0.33010947	          0.01000174	          0.01000338	          0.17558875	          0.14462864	          0.01000043	
          1.33501178	         -7.01283760	         -1.38723288	          4.36688824	          1.51437221	          0.92364116	         -0.00547972	         30.34078240	          0.98335662	         -1.68627733	        -13.81937606	          2.40888024	          0.07506902	         -8.13431152	         -1.36118470	         -2.43380732	        -24.56305602	          1.89010396	         40.42951527	         -3.19383371	          2.22153756	         -1.63266916	          0.11582034	          0.04443749	          0.01000098	          0.19254605	          0.17428696	          0.08359163	          0.06777981	          0.17027656	          0.05250237	          0.01000099	          0.14741843	          0.01135123	          0.01000205	          0.53642641	          0.18638095	          0.01000095	          0.01000121	          0.01771195	          0.17615607	          0.03289894	          0.05429003	          0.01463926	          0.27283913	          0.01000136	          0.01000014	          0.14512580	          0.11953698	          0.01000050	
          1.34760623	         -7.00519234	         -1.36595142	          4.19451497	          1.53057431	          0.92542209	         -0.00438592	         29.71047187	          1.16869871	         -1.53325632	        -14.55994949	          2.75100751	          0.06579045	         -6.44339476	         -1.58829525	         -3.10255621	        -29.00487664	         -0.00451837	         39.71031606	         -3.04055901	          2.57303388	         -1.89200077	          0.09573060	          0.03672831	          0.01000095	          0.19344645	          0.14405029	          0.07756836	          0.05602186	          0.14995253	          0.04339375	          0.01000106	          0.16859256	          0.01000115	          0.01000155	          0.50028144	          0.19404613	          0.01000074	          0.01000119	          0.01463911	          0.17653092	          0.02719496	          0.07461401	          0.01209951	          0.22550437	          0.01000140	          0.01000011	          0.11994790	          0.09879849	          0.04459292	
          1.36020068	         -6.99078347	         -1.33168596	          4.00212783	          1.54635606	          0.92777460	         -0.00331098	         28.91264175	          1.34818795	         -1.34085041	        -14.99470150	          3.23925744	          0.07862532	         -4.53907883	         -1.86114310	         -3.80982543	        -33.65397864	         -1.88627363	         37.53491306	         -2.93316067	          2.90725802	         -2.12315735	          0.07912262	          0.03035656	          0.01000097	          0.20493508	          0.11905922	          0.07316661	          0.04630367	          0.12871836	          0.03586538	          0.01000098	          0.16488384	          0.01000170	          0.01000186	          0.45756851	          0.20104116	          0.01000123	          0.01000191	          0.01209939	          0.14695909	          0.02248051	          0.06370233	          0.01000042	          0.18638176	          0.01000160	          0.01000010	          0.09913815	          0.08165793	          0.14144776	
          1.37279513	         -6.97079315	         -1.27507886	          3.79439525	          1.56170614	          0.93052039	         -0.00226799	         27.98596860	          1.50707471	         -1.10599883	        -15.17491476	          3.78204844	          0.12598453	         -2.52476291	         -2.16927834	         -4.54637962	        -38.32932715	         -3.42730941	         33.74980537	         -2.87160496	          3.20917002	         -2.32967986	          0.06539585	          0.02509029	          0.01000094	          0.20692412	          0.09840383	          0.06906572	          0.03827133	          0.11780399	          0.02964312	          0.01000092	          0.15326701	          0.01000121	          0.01000153	          0.41780572	          0.21001704	          0.01000244	          0.01001077	          0.01000032	          0.12146369	          0.01858415	          0.09167684	          0.01000014	          0.15404721	          0.01000139	          0.01000007	          0.08193877	          0.06749110	          0.26404248	
          1.38538958	         -6.94517913	         -1.19083696	          3.57310226	          1.57664905	          0.93348077	         -0.00126579	         26.97022622	          1.63273668	         -0.85248653	        -15.15764987	          4.29234492	          0.20540942	         -0.52258701	         -2.48541533	         -5.28407407	        -42.78127524	         -4.20797426	         28.95012972	         -2.85218001	          3.46853912	         -2.51253338	          0.05405060	          0.02073780	          0.01000081	          0.19527211	          0.08133193	          0.06906086	          0.03163239	          0.11327226	          0.02450037	          0.01000103	          0.14162193	          0.01000092	          0.01000134	          0.38462234	          0.21658262	          0.01000143	          0.01193370	          0.01000015	          0.10039130	          0.01536336	          0.14399018	          0.01000012	          0.13973331	          0.01000141	          0.01000005	          0.08935822	          0.05578211	          0.28385615	
          1.39798403	         -6.91369833	         -1.06659310	          3.33891620	          1.59123229	          0.93656847	         -0.00031264	         25.89005170	          1.70696243	         -0.60011144	        -14.98714673	          4.74246277	          0.30816171	          1.38386258	         -2.75900798	         -6.01918740	        -46.68713742	         -3.94031108	         24.66593689	         -2.87015291	          3.66804043	         -2.67228712	          0.04467368	          0.01714042	          0.01000087	          0.17878787	          0.06722183	          0.06803691	          0.02614518	          0.10366215	          0.02024984	          0.01000111	          0.12693480	          0.01000093	          0.01000152	          0.35787062	          0.20767664	          0.01000153	          0.01011419	          0.01000014	          0.08297530	          0.01270244	          0.17307930	          0.01000012	          0.13564563	          0.01000184	          0.01000006	          0.07409531	          0.04610448	          0.31025762	
          1.41057848	         -6.87595282	         -0.89177073	          3.09833661	          1.60548423	          0.93975818	          0.00059908	         24.76549598	          1.71636350	         -0.34925374	        -14.70432887	          5.13665549	          0.42877694	          3.20890774	         -2.97445537	         -6.75823144	        -49.98442861	         -3.45908322	         21.04006396	         -2.92494774	          3.79184610	         -2.81453228	          0.03692353	          0.01416713	          0.01000094	          0.16165798	          0.05555969	          0.06759965	          0.02160995	          0.08986869	          0.01673675	          0.01000115	          0.11338243	          0.01000093	          0.01000166	          0.33643934	          0.19785975	          0.01000277	          0.01823220	          0.01000014	          0.08002034	          0.01050910	          0.21249411	          0.01000014	          0.13303212	          0.01000206	          0.01000007	          0.07760552	          0.03810583	          0.30233638	
          1.42317293	         -6.83142470	         -0.66239631	          2.85723006	          1.61942175	          0.94299042	          0.00147370	         23.61165386	          1.65500811	         -0.10020093	        -14.33799992	          5.47367438	          0.56755283	          4.97096267	         -3.12117745	         -7.49438271	        -52.70725580	         -2.96092188	         17.94218152	         -3.01755343	          3.83294608	         -2.94467384	          0.03051795	          0.01170992	          0.01000098	          0.14047416	          0.04592080	          0.06781468	          0.01786157	          0.08168989	          0.01383316	          0.01000120	          0.10451283	          0.01000088	          0.01000169	          0.31857101	          0.18824517	          0.01000362	          0.02050354	          0.01000015	          0.10262792	          0.01002038	          0.26278479	          0.01000015	          0.13087370	          0.01000285	          0.01000008	          0.08020130	          0.03149488	          0.29901505	
          1.43576739	         -6.77968985	         -0.37470410	          2.61697933	          1.63306146	          0.94620479	          0.00230609	         22.43333964	          1.51750446	          0.14318011	        -13.89768820	          5.75391723	          0.72670294	          6.68520873	         -3.17609499	         -8.20701257	        -54.90366408	         -2.46077008	         15.29696627	         -3.14853938	          3.78697553	         -3.06388274	          0.02522366	          0.01000150	          0.01000102	          0.12041953	          0.03795415	          0.06701631	          0.01476360	          0.07215202	          0.01143340	          0.01000132	          0.09727110	          0.01000115	          0.01000274	          0.30337581	          0.18083709	          0.01000545	          0.02718157	          0.01000016	          0.12847102	          0.01002203	          0.32496027	          0.01000018	          0.12785659	          0.01000370	          0.01000010	          0.08053386	          0.02603087	          0.29701100	
          1.44836184	         -6.72056334	         -0.03298764	          2.37806011	          1.64641375	          0.94934947	          0.00309034	         21.23527562	          1.30784156	          0.38374768	        -13.39098989	          5.97285497	          0.91254097	          8.36810327	         -3.12468237	         -8.87673015	        -56.62763285	         -1.98951274	         13.03620773	         -3.31824582	          3.65947043	         -3.17321103	          0.02084788	          0.01000139	          0.01000107	          0.10437322	          0.03136963	          0.06572743	          0.01220341	          0.06372876	          0.01000048	          0.01000139	          0.08949247	          0.02478051	          0.01000281	          0.29397537	          0.17507942	          0.01017691	          0.03327387	          0.01000017	          0.15598627	          0.01001872	          0.40027898	          0.01000020	          0.12574435	          0.01000461	          0.01000012	          0.08068080	          0.02151482	          0.29686928	
          1.46095629	         -6.65420637	          0.35430233	          2.14075931	          1.65947908	          0.95237840	          0.00382202	         20.02922122	          1.03449671	          0.62323901	        -12.83390922	          6.11455713	          1.13549673	         10.03716973	         -2.96228011	         -9.49046290	        -57.94329863	         -1.52632527	         11.10303358	         -3.52725002	          3.46068574	         -3.27382122	          0.01723132	          0.01000128	          0.01000104	          0.09422663	          0.02592746	          0.06365646	          0.01008838	          0.06054494	          0.01000065	          0.01000159	          0.08356496	          0.04695427	          0.01000303	          0.28836329	          0.17508233	          0.02816028	          0.03128497	          0.01000016	          0.17068697	          0.01001307	          0.49047386	          0.01000021	          0.12504702	          0.01000576	          0.01000014	          0.07749100	          0.01778228	          0.29901714	
          1.47355074	         -6.58095051	          0.77727024	          1.90673342	          1.67226081	          0.95525211	          0.00450443	         18.82355498	          0.70729012	          0.85730112	        -12.24472118	          6.20877281	          1.40054544	         11.71108220	         -2.69741795	        -10.04567792	        -58.92575108	         -1.04368339	          9.44732257	         -3.77474201	          3.20043509	         -3.36631805	          0.01424230	          0.01000118	          0.01000104	          0.08779314	          0.02142944	          0.05996263	          0.01000604	          0.05648424	          0.01000065	          0.01000189	          0.07815643	          0.06612762	          0.01000373	          0.28418184	          0.17571300	          0.04581359	          0.02929540	          0.01000015	          0.18486590	          0.01000921	          0.59010511	          0.01000021	          0.12509214	          0.01000685	          0.01000015	          0.06722111	          0.01469731	          0.29873929	
          1.48614519	         -6.50146133	          1.22483341	          1.67825002	          1.68476537	          0.95793787	          0.00514277	         17.62455548	          0.33782049	          1.08267965	        -11.63921377	          6.28728013	          1.70517073	         13.40750268	         -2.34607726	        -10.54353978	        -59.65258464	         -0.51540176	          8.02887877	         -4.05886127	          2.88950703	         -3.45180711	          0.01177222	          0.01000110	          0.01000105	          0.08420571	          0.01771180	          0.05502588	          0.01000804	          0.05173078	          0.01000069	          0.01000224	          0.07147195	          0.08454311	          0.01000416	          0.28014554	          0.17681909	          0.05905564	          0.02838657	          0.01000014	          0.19722442	          0.01000639	          0.69150099	          0.01000020	          0.12489806	          0.01000780	          0.01000016	          0.05556007	          0.01214761	          0.29634312	
          1.49873964	         -6.41672316	          1.68536629	          1.45698566	          1.69700142	          0.96040887	          0.00574299	         16.44149249	         -0.06116522	          1.29547878	        -11.03664998	          6.36788739	          2.04461025	         15.14169915	         -1.92872634	        -10.98799811	        -60.19494097	          0.03326694	          6.81328924	         -4.37707200	          2.53975692	         -3.53183432	          0.01000244	          0.01000108	          0.01000104	          0.08337523	          0.01463917	          0.04891279	          0.01000825	          0.04885573	          0.01000074	          0.01000276	          0.05999088	          0.10228424	          0.01000522	          0.27521283	          0.17886753	          0.06499557	          0.02748684	          0.01000013	          0.20580735	          0.01000419	          0.78276410	          0.01000020	          0.12347212	          0.01000937	          0.01000016	          0.04592132	          0.01004044	          0.29584302	
          1.51133409	         -6.32786777	          2.14721029	          1.24341682	          1.70898100	          0.96264189	          0.00631055	         15.29173879	         -0.47607465	          1.49288954	        -10.47085752	          6.46501548	          2.41555937	         16.92298317	         -1.46825365	        -11.38611176	        -60.61285660	          0.56793648	          5.76847921	         -4.72611968	          2.16404143	         -3.60825654	          0.01000229	          0.01000096	          0.01000110	          0.08410224	          0.01209970	          0.04044009	          0.01001051	          0.04198138	          0.01000083	          0.01000301	          0.04958419	          0.11949722	          0.01000563	          0.26979967	          0.17806962	          0.05560809	          0.03281899	          0.01000013	          0.21694401	          0.01000311	          0.84793671	          0.01000020	          0.12048557	          0.01000932	          0.01000017	          0.03795462	          0.01000062	          0.29889960	
          1.52392854	         -6.23615901	          2.59796170	          1.03638915	          1.72072612	          0.96462044	          0.00684552	         14.19138727	         -0.89201113	          1.67621997	         -9.97246516	          6.58518000	          2.81788985	         18.74933775	         -0.98665488	        -11.74517205	        -60.94372359	          1.07509001	          4.86607136	         -5.10146156	          1.77817060	         -3.68322390	          0.01000233	          0.01000100	          0.01000111	          0.08575139	          0.01000159	          0.03342613	          0.01001596	          0.03688289	          0.01000099	          0.01000346	          0.04098232	          0.13591652	          0.01000631	          0.26362794	          0.17988296	          0.04596271	          0.03204652	          0.01000013	          0.22235715	          0.01000198	          0.87364858	          0.01000020	          0.11910853	          0.01001396	          0.01000018	          0.03137003	          0.01000090	          0.30182746	
          1.53652299	         -6.14274385	          3.02622482	          0.83376470	          1.73228083	          0.96633909	          0.00734951	         13.14434866	         -1.29526294	          1.84448489	         -9.55278597	          6.73412647	          3.25246540	         20.60362233	         -0.50557155	        -12.07530149	        -61.19275659	          1.56883956	          4.08802350	         -5.49560555	          1.39686873	         -3.75803038	          0.01000221	          0.01000098	          0.01000109	          0.09338375	          0.01000105	          0.02762804	          0.01003034	          0.03100270	          0.01000124	          0.01000440	          0.03387263	          0.15167774	          0.01000590	          0.25711616	          0.18681294	          0.03798949	          0.03409790	          0.01000012	          0.18874169	          0.01000131	          0.84809703	          0.01000020	          0.11988263	          0.01005809	          0.01000020	          0.02592776	          0.01000089	          0.30640062	
          1.54911744	         -6.04872633	          3.42021141	          0.63494645	          1.74370774	          0.96780460	          0.00783379	         12.14101521	         -1.67175730	          1.99484573	         -9.20038910	          6.91120576	          3.71879838	         22.45645033	         -0.05387689	        -12.39240117	        -61.32915898	          2.04316206	          3.42183210	         -5.89851740	          1.03337931	         -3.83533024	          0.01000202	          0.01000106	          0.01000108	          0.09999084	          0.01000097	          0.02283580	          0.01454751	          0.02990058	          0.01000145	          0.01000496	          0.02799638	          0.16694320	          0.01000509	          0.24983496	          0.19085570	          0.03139914	          0.02866244	          0.01000013	          0.15599812	          0.01000092	          0.76116386	          0.01000021	          0.12325913	          0.03409746	          0.01000025	          0.02142966	          0.01000088	          0.31179531	
          1.56171189	         -5.95538570	          3.77182238	          0.43887429	          1.75508060	          0.96903647	          0.00830624	         11.16509073	         -2.01174664	          2.12040169	         -8.89157482	          7.10943004	          4.21501744	         24.26246012	          0.34999827	        -12.70623874	        -61.26965047	          2.49323398	          2.85527174	         -6.29887328	          0.69734522	         -3.91575118	          0.01000343	          0.01000138	          0.01000100	          0.10118239	          0.01000101	          0.01887512	          0.04496057	          0.03375946	          0.01000174	          0.01000769	          0.02313965	          0.18194592	          0.01000567	          0.24181574	          0.19455586	          0.02595200	          0.02369436	          0.01000014	          0.12893440	          0.01000063	          0.62911243	          0.01000022	          0.12903514	          0.05753029	          0.01000033	          0.01771193	          0.01000086	          0.31779217	
          1.57430634	         -5.86417212	          4.07586766	          0.24365908	          1.76646986	          0.97005798	          0.00877245	         10.20499252	         -2.30833578	          2.21887858	         -8.60999737	          7.32003662	          4.73788113	         25.96747369	          0.69968636	        -13.01645217	        -60.90121963	          2.91623568	          2.37382255	         -6.68595378	          0.39543706	         -3.99812947	          0.01007580	          0.01000179	          0.01000096	          0.10067702	          0.01000112	          0.01560195	          0.06536508	          0.03533574	          0.01000217	          0.01001398	          0.01912558	          0.19673028	          0.01000619	          0.23486543	          0.19644769	          0.02144985	          0.01958677	          0.01000016	          0.10656578	          0.01000047	          0.51996831	          0.01000024	          0.13420088	          0.06774183	          0.01000048	          0.01463920	          0.01000089	          0.32423289	
          1.58690079	         -5.77677940	          4.32632194	          0.04789797	          1.77793404	          0.97088367	          0.00923520	          9.25120099	         -2.55407429	          2.29413660	         -8.34126798	          7.53457301	          5.28237127	         27.52499662	          0.99248699	        -13.31359321	        -60.13392475	          3.31170250	          1.96318058	         -7.05052839	          0.13560482	         -4.08057687	          0.01367564	          0.01000199	          0.01000097	          0.10153620	          0.01000125	          0.01289825	          0.08408367	          0.03455763	          0.01000244	          0.01001370	          0.01580801	          0.21127557	          0.01000670	          0.22973954	          0.19506771	          0.01772880	          0.01619382	          0.01000021	          0.08807783	          0.01000041	          0.42975926	          0.01000029	          0.13823885	          0.06902135	          0.01000083	          0.01209961	          0.01000081	          0.32994256	
          1.59949525	         -5.69498867	          4.51660271	         -0.14939319	          1.78952254	          0.97151618	          0.00969106	          8.29422112	         -2.74168458	          2.35050918	         -8.07069139	          7.74819688	          5.84219914	         28.89938495	          1.22795075	        -13.58239566	        -58.91078628	          3.66778278	          1.61096072	         -7.38443476	         -0.07246580	         -4.15989497	          0.01872167	          0.01000247	          0.01000097	          0.10302179	          0.01000149	          0.01073830	          0.09379174	          0.03146492	          0.01000246	          0.01001066	          0.01306627	          0.22569302	          0.01000686	          0.22673339	          0.19213209	          0.01465336	          0.01339595	          0.01000027	          0.07279732	          0.01000037	          0.35520050	          0.01000037	          0.14103118	          0.06476765	          0.01000136	          0.01000103	          0.01000102	          0.33531692	
          1.61208970	         -5.62041878	          4.64195144	         -0.34956409	          1.80127911	          0.97194776	          0.01013435	          7.32403410	         -2.86613263	          2.39324987	         -7.78276030	          7.95868670	          6.41071285	         30.06312088	          1.40879390	        -13.80595733	        -57.20032599	          3.97226991	          1.30677762	         -7.68043251	         -0.22079744	         -4.23180358	          0.02357142	          0.01000283	          0.01000098	          0.10406215	          0.01000183	          0.01355668	          0.10845551	          0.02600906	          0.01000246	          0.01001015	          0.01080108	          0.24017637	          0.01000727	          0.22615893	          0.19010507	          0.01211163	          0.01109629	          0.01000036	          0.06016781	          0.01000036	          0.29357694	          0.01000050	          0.14331499	          0.05910154	          0.01000155	          0.01000054	          0.01000079	          0.34196192	
          1.62468415	         -5.55440558	          4.69899197	         -0.55381109	          1.81324036	          0.97216097	          0.01056109	          6.33418684	         -2.92381198	          2.42715035	         -7.46924347	          8.16870580	          6.98166012	         30.99735630	          1.53875839	        -13.96697402	        -54.99383078	          4.21097958	          1.04226323	         -7.93250225	         -0.30354089	         -4.29234454	          0.02704500	          0.01000234	          0.01000104	          0.10458163	          0.01000221	          0.01373205	          0.14169586	          0.02149763	          0.01000288	          0.01000863	          0.01000445	          0.25484485	          0.01000673	          0.22771791	          0.18704696	          0.01001163	          0.01002229	          0.01000050	          0.04972939	          0.01000037	          0.24264451	          0.01000079	          0.14558497	          0.05163853	          0.01000125	          0.01000051	          0.01000082	          0.34493533	
          1.63727860	         -5.49817867	          4.68634460	         -0.76291976	          1.82543257	          0.97213110	          0.01096867	          5.32320218	         -2.91321335	          2.45521903	         -7.12996451	          8.38222940	          7.55166531	         31.69161084	          1.62283570	        -14.04793617	        -52.29956488	          4.38330612	          0.81582144	         -8.13648925	         -0.31770807	         -4.33855700	          0.02806486	          0.01000197	          0.01000112	          0.10421077	          0.01000267	          0.01215073	          0.18545461	          0.01776856	          0.01000335	          0.01000757	          0.01000465	          0.26984992	          0.01000599	          0.23085348	          0.18277781	          0.01000336	          0.01001284	          0.01000068	          0.04110193	          0.01000039	          0.20054846	          0.01000137	          0.15159332	          0.04450930	          0.01000085	          0.01000053	          0.01000097	          0.34560370	
          1.64987305	         -5.45301429	          4.60517211	         -0.97759210	          1.83786730	          0.97182883	          0.01135697	          4.29582306	         -2.83527769	          2.48113513	         -6.77508783	          8.60757069	          8.11978279	         32.14573714	          1.66755928	        -14.02830320	        -49.13719539	          4.48037440	          0.63138566	         -8.29086450	         -0.26410773	         -4.36812918	          0.02431767	          0.01000148	          0.01000130	          0.10286086	          0.01000299	          0.01009480	          0.23704375	          0.01468634	          0.01000558	          0.01000652	          0.01000271	          0.28514636	          0.01000523	          0.23468176	          0.17717957	          0.01316008	          0.01000764	          0.01000088	          0.03397126	          0.01000043	          0.16575594	          0.01000739	          0.16678733	          0.03753351	          0.01000060	          0.01000060	          0.01000114	          0.34319049	
          1.66246750	         -5.42034160	          4.45894706	         -1.19821808	          1.85054418	          0.97122245	          0.01172774	          3.26223067	         -2.69328549	          2.50832364	         -6.42365056	          8.85620340	          8.68809709	         32.36925645	          1.68070293	        -13.88085259	        -45.53329893	          4.50114971	          0.49266213	         -8.39608725	         -0.14707131	         -4.37953793	          0.02531589	          0.01000148	          0.01000131	          0.10383732	          0.01000347	          0.01002178	          0.28724399	          0.01213899	          0.01001034	          0.01000619	          0.01000193	          0.30079752	          0.01000413	          0.23781976	          0.17523593	          0.01360236	          0.01000677	          0.01000071	          0.02807770	          0.01000044	          0.13700071	          0.02517843	          0.19263075	          0.03179818	          0.01000042	          0.01000119	          0.01000244	          0.34113610	
          1.67506195	         -5.40141296	          4.25384000	         -1.42662741	          1.86347575	          0.97028358	          0.01208353	          2.22852045	         -2.49388622	          2.54018101	         -6.08776727	          9.13542294	          9.26209867	         32.36881177	          1.66788727	        -13.58508868	        -41.50706830	          4.46980222	          0.39387087	         -8.45038988	          0.02627072	         -4.37082724	          0.02366547	          0.01000160	          0.01000134	          0.10895130	          0.01000463	          0.01002804	          0.33141178	          0.01003424	          0.01822362	          0.01000567	          0.01000153	          0.31686116	          0.01000325	          0.23874366	          0.17029365	          0.01125905	          0.01000658	          0.01000055	          0.02320664	          0.01000044	          0.11326213	          0.04942307	          0.22657681	          0.02705761	          0.01000034	          0.01000171	          0.01000234	          0.34131797	
          1.68765640	         -5.39739242	          4.00011198	         -1.66512497	          1.87666906	          0.96898523	          0.01242630	          1.20296814	         -2.24845810	          2.57931993	         -5.78289619	          9.45397228	          9.85006936	         32.16466150	          1.62992637	        -13.12908057	        -37.11733080	          4.41511254	          0.31764511	         -8.45292183	          0.24449329	         -4.34088871	          0.02278789	          0.01000153	          0.01000138	          0.12276375	          0.01000455	          0.01002448	          0.36794271	          0.01000340	          0.04048000	          0.01000514	          0.01000138	          0.33353675	          0.01000282	          0.23532042	          0.16449738	          0.01549239	          0.01000566	          0.01000047	          0.01918071	          0.01000046	          0.21765067	          0.08795684	          0.26393739	          0.02580915	          0.01000036	          0.01000529	          0.01000641	          0.34096022	
          1.70025085	         -5.40880226	          3.71335530	         -1.91380308	          1.89010750	          0.96729822	          0.01275988	          0.19688244	         -1.97369602	          2.62277441	         -5.52939681	          9.82536761	         10.46271863	         31.82795169	          1.55482734	        -12.52246469	        -32.57085425	          4.36655335	          0.25470676	         -8.40666379	          0.48911581	         -4.29034034	          0.02216544	          0.01000155	          0.01000145	          0.13581572	          0.01000525	          0.01036156	          0.39859401	          0.01000551	          0.06290076	          0.01000446	          0.01000132	          0.35076122	          0.01000254	          0.22569169	          0.15520449	          0.02339568	          0.01000511	          0.01000044	          0.01585335	          0.01000050	          0.25204108	          0.11909121	          0.30412922	          0.02549121	          0.01000040	          0.01000381	          0.01000462	          0.34179912	
          1.71284530	         -5.43581261	          3.41251833	         -2.17219915	          1.90376706	          0.96522202	          0.01308284	         -0.77957294	         -1.68993904	          2.66886258	         -5.34371628	         10.25452061	         11.11182645	         31.42978520	          1.43528966	        -11.78229814	        -28.06080931	          4.32445001	          0.20458952	         -8.31664655	          0.73834631	         -4.21919423	          0.01968702	          0.01000152	          0.01000149	          0.14825416	          0.01000596	          0.01377658	          0.42682936	          0.01000634	          0.08807507	          0.01000401	          0.01000121	          0.36843123	          0.01000270	          0.20944696	          0.14604646	          0.03276719	          0.01000450	          0.01000041	          0.01310349	          0.01000055	          0.25998007	          0.14400297	          0.34144927	          0.02573023	          0.01000045	          0.01000783	          0.01000789	          0.34207484	
          1.72543975	         -5.47823362	          3.11699969	         -2.43969574	          1.91762632	          0.96278869	          0.01339054	         -1.71950487	         -1.41820648	          2.71519079	         -5.23105145	         10.71376079	         11.83093435	         31.02365947	          1.27111766	        -10.93132557	        -23.72288163	          4.28814564	          0.16744750	         -8.18845540	          0.97003860	         -4.12711237	          0.01627774	          0.01000148	          0.01000142	          0.15966576	          0.01000586	          0.01762848	          0.45554191	          0.01000598	          0.11308160	          0.01000322	          0.01000091	          0.38589552	          0.03991678	          0.18142289	          0.14060249	          0.04630831	          0.01000497	          0.01000037	          0.01083160	          0.01000063	          0.22159396	          0.15897068	          0.37348409	          0.02502288	          0.01000049	          0.01000684	          0.01000561	          0.34312267	
          1.73803420	         -5.53561046	          2.84429465	         -2.71515249	          1.93168190	          0.96007017	          0.01367663	         -2.63112102	         -1.17785796	          2.75795880	         -5.16400084	         11.13998180	         12.67302786	         30.63665548	          1.06948359	         -9.99587917	        -19.62067274	          4.25117746	          0.14112872	         -8.02593943	          1.16372467	         -4.01300742	          0.01345684	          0.01000142	          0.01000126	          0.16416920	          0.01000485	          0.02566509	          0.48182783	          0.01001354	          0.13447892	          0.01000267	          0.01000075	          0.40243894	          0.09828297	          0.14994854	          0.13838666	          0.07020096	          0.01001069	          0.01000034	          0.02024459	          0.01000077	          0.18315861	          0.16348635	          0.39749263	          0.02442397	          0.01000054	          0.01008961	          0.01001017	          0.34519629	
          1.75062865	         -5.60721830	          2.60809359	         -2.99498754	          1.94593739	          0.95715883	          0.01393161	         -3.52986121	         -0.98428599	          2.79553679	         -5.10964688	         11.50130308	         13.65305843	         30.28689254	          0.84361337	         -9.00785460	        -15.79916192	          4.21809284	          0.12387678	         -7.83268887	          1.30218829	         -3.87472956	          0.01113205	          0.01000133	          0.01000121	          0.15178255	          0.01000629	          0.03449986	          0.50453769	          0.01002073	          0.14670821	          0.01000238	          0.01000066	          0.41780880	          0.15352986	          0.12393413	          0.13105981	          0.11097285	          0.01000875	          0.01000040	          0.06106339	          0.01000091	          0.15138596	          0.14745337	          0.40982454	          0.02492371	          0.01000063	          0.01000544	          0.01000599	          0.34856975	
          1.76322311	         -5.69229547	          2.41775567	         -3.27171308	          1.96037671	          0.95414154	          0.01413695	         -4.41975134	         -0.84784063	          2.82617458	         -5.06065789	         11.79920644	         14.74773014	         29.99880471	          0.61566520	         -8.00499576	        -12.31836643	          4.20275616	          0.11410561	         -7.61590501	          1.37246253	         -3.70844179	          0.01000734	          0.01000125	          0.01000122	          0.13435493	          0.01000696	          0.04717133	          0.51988807	          0.01387652	          0.16503978	          0.01000203	          0.01000061	          0.43193848	          0.20226202	          0.10243285	          0.12084561	          0.16249823	          0.01002438	          0.01000053	          0.10203098	          0.01000135	          0.12512449	          0.12187286	          0.41531718	          0.02354452	          0.01000087	          0.01000402	          0.01000900	          0.35176840	
          1.77581756	         -5.79005308	          2.27551681	         -3.53597340	          1.97496525	          0.95108763	          0.01427248	         -5.29411201	         -0.76978528	          2.83628458	         -5.02572689	         12.02919423	         15.93722481	         29.80181042	          0.40793332	         -7.02211638	         -9.24139886	          4.22522177	          0.11119786	         -7.38608296	          1.36890100	         -3.50878091	          0.01000472	          0.01000113	          0.01000129	          0.12184625	          0.01000671	          0.06010567	          0.52371687	          0.01813992	          0.19841152	          0.01000180	          0.01000058	          0.44440377	          0.24428298	          0.08466180	          0.10923348	          0.20153729	          0.02132237	          0.01000089	          0.12414204	          0.01000482	          0.10341965	          0.10072940	          0.41561961	          0.01949016	          0.01000134	          0.01000183	          0.01000388	          0.35340750	
          1.78841201	         -5.89921626	          2.17694749	         -3.78039138	          1.98967104	          0.94805078	          0.01432326	         -6.13932013	         -0.74316605	          2.81036147	         -5.02679040	         12.18453063	         17.21071540	         29.71570194	          0.23557641	         -6.08906685	         -6.60749998	          4.28523303	          0.11473830	         -7.15360826	          1.29388278	         -3.27270371	          0.01000548	          0.01000102	          0.01000109	          0.11510802	          0.01000620	          0.05867670	          0.51357899	          0.02373291	          0.24518112	          0.01000193	          0.01000057	          0.45454263	          0.27930461	          0.06997383	          0.11628264	          0.20428617	          0.01768676	          0.01000117	          0.11553729	          0.04596485	          0.08548504	          0.08325396	          0.41280224	          0.01651252	          0.01000163	          0.01000332	          0.01000689	          0.35309083	
          1.80100646	         -6.01702754	          2.11103598	         -4.00249153	          2.00451400	          0.94507499	          0.01428241	         -6.94654619	         -0.75410425	          2.73669939	         -5.08502617	         12.25292932	         18.56677924	         29.73493036	          0.10330088	         -5.23338467	         -4.44200218	          4.36655163	          0.12495048	         -6.91985670	          1.15952646	         -3.00038849	          0.01000473	          0.01000089	          0.01000099	          0.11214520	          0.01000529	          0.04854581	          0.48449546	          0.02904134	          0.29271579	          0.01000211	          0.01000056	          0.46170882	          0.30766327	          0.05783407	          0.12203214	          0.19913007	          0.01463091	          0.01000155	          0.10154063	          0.08141110	          0.07975173	          0.06881029	          0.40354306	          0.01410512	          0.01000172	          0.01000231	          0.01000390	          0.35289064	
          1.81360091	         -6.14042342	          2.06592608	         -4.20189425	          2.01953123	          0.94219366	          0.01414464	         -7.70939100	         -0.78858954	          2.60968350	         -5.22025454	         12.22231757	         20.00916489	         29.84561646	          0.01279739	         -4.47361052	         -2.77029141	          4.43347675	          0.14037617	         -6.68309172	          0.98049057	         -2.69435949	          0.01000528	          0.01000077	          0.01000094	          0.11064924	          0.01000494	          0.04013528	          0.42568536	          0.03212217	          0.33948215	          0.01000239	          0.01000058	          0.46509752	          0.32924072	          0.04780044	          0.12682687	          0.19559495	          0.01209753	          0.01000357	          0.08791555	          0.11261132	          0.15956008	          0.05687244	          0.38701866	          0.01555735	          0.01000376	          0.01352737	          0.01002384	          0.35485358	
          1.82619536	         -6.26624134	          2.03169501	         -4.37780412	          2.03475241	          0.93942909	          0.01390643	         -8.42306760	         -0.83539411	          2.42897693	         -5.44989741	         12.08472280	         21.54103399	         30.05079665	         -0.03527043	         -3.81964698	         -1.66758588	          4.46227583	          0.15939638	         -6.44261554	          0.76885684	         -2.35852481	          0.01158816	          0.01000068	          0.01000088	          0.11020751	          0.01000510	          0.03317830	          0.35183930	          0.03490274	          0.38281211	          0.01000298	          0.01000061	          0.46411687	          0.34378116	          0.03950755	          0.13371350	          0.18790803	          0.01000819	          0.01001559	          0.07405577	          0.13942502	          0.23895964	          0.04700568	          0.36410021	          0.01287954	          0.01001553	          0.02412906	          0.01000584	          0.36502581	
          1.83878981	         -6.39100233	          1.99939022	         -4.52967183	          2.05021791	          0.93679095	          0.01356803	         -9.08751113	         -0.88432772	          2.19018719	         -5.78505487	         11.83535842	         23.16141411	         30.34997831	         -0.04147813	         -3.27330518	         -1.20728651	          4.46336687	          0.17755712	         -6.19601964	          0.53539767	         -1.99734772	          0.02311860	          0.01000064	          0.01000081	          0.11054306	          0.01000501	          0.02742708	          0.29080042	          0.04137160	          0.42206969	          0.01000376	          0.01000069	          0.45864010	          0.35157052	          0.03265339	          0.14063935	          0.18053698	          0.01000549	          0.01202450	          0.06814121	          0.16041675	          0.30049392	          0.03885071	          0.33479216	          0.01065103	          0.01000280	          0.03629626	          0.01000128	          0.37231995	
          1.85138426	         -6.51085387	          1.96017294	         -4.65680103	          2.06599189	          0.93427414	          0.01313011	         -9.70525588	         -0.92505169	          1.88381546	         -6.23619120	         11.47222189	         24.86675381	         30.71888121	         -0.00634198	         -2.83602238	         -1.40679259	          4.45376143	          0.19197024	         -5.93706857	          0.29137315	         -1.61502191	          0.03408312	          0.01000060	          0.01000071	          0.09840785	          0.01000458	          0.02267341	          0.24035036	          0.05426691	          0.44792280	          0.01000641	          0.01000086	          0.44835106	          0.35266036	          0.02698835	          0.15395233	          0.17257317	          0.01000462	          0.01420779	          0.07635622	          0.17455556	          0.32565800	          0.03211054	          0.29170588	          0.01000651	          0.01000102	          0.04275507	          0.01002133	          0.38413408	
          1.86397871	         -6.62191782	          1.90236203	         -4.75662098	          2.08215335	          0.93186142	          0.01260131	        -10.27478507	         -0.94462195	          1.51125771	         -6.82503595	         10.99669175	         26.65121408	         31.10538236	          0.06692089	         -2.52510706	         -2.21296781	          4.45022720	          0.20615410	         -5.65732941	          0.04956924	         -1.21867759	          0.03142692	          0.01000049	          0.01000062	          0.08133548	          0.01000263	          0.01874623	          0.19865260	          0.06226170	          0.44850099	          0.01001348	          0.01000099	          0.43334796	          0.34802555	          0.02230615	          0.16823672	          0.15907737	          0.01000388	          0.01187262	          0.07314797	          0.17796403	          0.31122534	          0.02653974	          0.24109827	          0.01000262	          0.01000041	          0.04983396	          0.01000060	          0.38000075	
          1.87657316	         -6.72112101	          1.81431395	         -4.82483690	          2.09876512	          0.92953307	          0.01199505	        -10.78814404	         -0.93236613	          1.09195216	         -7.58260936	         10.41011038	         28.50649892	         31.44772492	          0.16861441	         -2.36152142	         -3.53782355	          4.29727084	          0.21474070	         -5.35045418	         -0.17834880	         -0.81923636	          0.05352570	          0.01000077	          0.01000082	          0.06722467	          0.01001048	          0.01552440	          0.16418884	          0.05556158	          0.44604386	          0.01462652	          0.01000336	          0.41361366	          0.33685602	          0.01843627	          0.15834832	          0.14464080	          0.01000342	          0.01000337	          0.11398171	          0.17786596	          0.25723601	          0.02193550	          0.19927015	          0.01000283	          0.01000045	          0.04118942	          0.01098245	          0.41005900	
          1.88916761	         -6.80582298	          1.70880451	         -4.85970302	          2.11586773	          0.92729685	          0.01131006	        -11.21978797	         -0.90666054	          0.65707139	         -8.56503997	          9.71735017	         30.42541521	         31.67567393	          0.27885233	         -2.30041133	         -5.32038049	          3.94614168	          0.22701233	         -5.01015924	         -0.40248840	         -0.42264575	          0.10171418	          0.01000058	          0.01000087	          0.05556190	          0.03041564	          0.01292559	          0.13570414	          0.04592253	          0.46495361	          0.01211362	          0.01000320	          0.38792958	          0.32011990	          0.01523778	          0.13087977	          0.11954954	          0.01000118	          0.01000016	          0.20508207	          0.16000479	          0.21260966	          0.06354872	          0.16469876	          0.01001142	          0.01000051	          0.03560502	          0.01464039	          0.40897514	
          1.90176206	         -6.87459155	          1.62370324	         -4.86075951	          2.13339547	          0.92526780	          0.01055803	        -11.49909975	         -0.90938103	          0.21495632	         -9.88548416	          8.90670850	         32.41726337	         31.69436268	          0.35284125	         -2.14058407	         -7.12637147	          3.60247020	          0.19241296	         -4.64003800	         -0.66007798	         -0.03360493	          0.09774052	          0.01000047	          0.01000127	          0.04592249	          0.03100063	          0.01859691	          0.11216122	          0.03795557	          0.46279306	          0.01002187	          0.01634754	          0.35745799	          0.29894034	          0.01259420	          0.10817712	          0.11521316	          0.01000104	          0.04173558	          0.16950316	          0.14565072	          0.17572594	          0.09799123	          0.13612514	          0.01000123	          0.01000040	          0.02942803	          0.01210091	          0.47246372	
          1.91435651	         -6.93052832	          1.55354157	         -4.82230544	          2.15107096	          0.92365292	          0.00968709	        -11.53116210	         -0.93714908	         -0.24369923	        -11.66198437	          7.91900490	         34.49055368	         31.54997097	          0.43635037	         -2.02425603	         -8.64298360	          3.07780384	          0.18206873	         -4.27422219	         -0.93768033	          0.34075094	          0.11427267	          0.01000049	          0.01000094	          0.03795541	          0.02566343	          0.04170105	          0.09270276	          0.03137074	          0.45418489	          0.01034436	          0.01771692	          0.31099440	          0.25615924	          0.01040928	          0.12497076	          0.09522513	          0.01000104	          0.10126445	          0.19391025	          0.12887601	          0.14524062	          0.14130607	          0.11250878	          0.01000083	          0.01000023	          0.02432267	          0.01000170	          0.51914155	
          1.92695096	         -6.97255154	          1.49147710	         -4.74929622	          2.16866764	          0.92260805	          0.00871572	        -11.24305538	         -0.98563854	         -0.72597385	        -13.99060087	          6.72019898	         36.57538173	         31.34277107	          0.53729125	         -1.94379400	        -10.05853663	          2.55896284	          0.14894832	         -3.93766415	         -1.22895364	          0.69733976	          0.14618042	          0.01000056	          0.01000086	          0.03137053	          0.07613475	          0.04087069	          0.07662027	          0.02592827	          0.43274764	          0.01003632	          0.01464344	          0.25704004	          0.21171825	          0.01000015	          0.13562723	          0.07870468	          0.01000095	          0.14793296	          0.24810133	          0.11260630	          0.12004354	          0.18433652	          0.09298962	          0.01000150	          0.01266530	          0.02010316	          0.01003340	          0.54468651	
          1.93954542	         -6.99897932	          1.44300466	         -4.64670346	          2.18603333	          0.92221477	          0.00767047	        -10.58245026	         -1.06579647	         -1.24361880	        -16.93812812	          5.29521984	         38.51187201	         31.11455929	          0.66048574	         -1.88019139	        -11.48883243	          2.31637810	          0.12040373	         -3.64183307	         -1.54039345	          1.03294694	          0.17193244	          0.01000069	          0.01000089	          0.02592806	          0.15936190	          0.04808063	          0.06332836	          0.02143000	          0.38902039	          0.01000380	          0.01210304	          0.21244610	          0.17498722	          0.01000027	          0.13155307	          0.06505035	          0.01000086	          0.17769648	          0.25198376	          0.10192340	          0.09921805	          0.19780109	          0.07685685	          0.01000124	          0.06428709	          0.01661570	          0.01000303	          0.56107221	
          1.95213987	         -7.01154487	          1.41019482	         -4.51790219	          2.20305158	          0.92255402	          0.00658121	         -9.53564359	         -1.18833820	         -1.81027056	        -20.48850037	          3.64917983	         39.97035790	         30.79974401	          0.81063334	         -1.80173226	        -12.77826696	          2.26055100	          0.09520833	         -3.39305566	         -1.87359654	          1.34520851	          0.17818417	          0.01000101	          0.01000098	          0.02142980	          0.19078584	          0.03979655	          0.05234437	          0.01771212	          0.33010947	          0.01000174	          0.01000338	          0.17558875	          0.14462864	          0.01000043	          0.12366262	          0.05376493	          0.01000101	          0.18944096	          0.21086990	          0.09163434	          0.08200578	          0.18689500	          0.06352296	          0.01000106	          0.11553449	          0.01373336	          0.01000409	          0.55516301	
          1.96473432	         -7.01283760	          1.38723288	         -4.36688824	          2.21966145	          0.92364116	          0.00547972	         -8.13431152	         -1.36118470	         -2.43380732	        -24.56305602	          1.89010396	         40.42951527	         30.34078240	          0.98335662	         -1.68627733	        -13.81937606	          2.40888024	          0.07506902	         -3.19383371	         -2.22153756	          1.63266916	          0.18638095	          0.01000095	          0.01000121	          0.01771195	          0.17615607	          0.03289894	          0.05429003	          0.01463926	          0.27283913	          0.01000136	          0.01000014	          0.14512580	          0.11953698	          0.01000050	          0.11582034	          0.04443749	          0.01000098	          0.19254605	          0.17428696	          0.08359163	          0.06777981	          0.17027656	          0.05250237	          0.01000099	          0.14741843	          0.01135123	          0.01000205	          0.53642641	
          1.97732877	         -7.00519234	          1.36595142	         -4.19451497	          2.23586355	          0.92542209	          0.00438592	         -6.44339476	         -1.58829525	         -3.10255621	        -29.00487664	         -0.00451837	         39.71031606	         29.71047187	          1.16869871	         -1.53325632	        -14.55994949	          2.75100751	          0.06579045	         -3.04055901	         -2.57303388	          1.89200077	          0.19404613	          0.01000074	          0.01000119	          0.01463911	          0.17653092	          0.02719496	          0.07461401	          0.01209951	          0.22550437	          0.01000140	          0.01000011	          0.11994790	          0.09879849	          0.04459292	          0.09573060	          0.03672831	          0.01000095	          0.19344645	          0.14405029	          0.07756836	          0.05602186	          0.14995253	          0.04339375	          0.01000106	          0.16859256	          0.01000115	          0.01000155	          0.50028144	
          1.98992322	         -6.99078347	          1.33168596	         -4.00212783	          2.25164530	          0.92777460	          0.00331098	         -4.53907883	         -1.86114310	         -3.80982543	        -33.65397864	         -1.88627363	         37.53491306	         28.91264175	          1.34818795	         -1.34085041	        -14.99470150	          3.23925744	          0.07862532	         -2.93316067	         -2.90725802	          2.12315735	          0.20104116	          0.01000123	          0.01000191	          0.01209939	          0.14695909	          0.02248051	          0.06370233	          0.01000042	          0.18638176	          0.01000160	          0.01000010	          0.09913815	          0.08165793	          0.14144776	          0.07912262	          0.03035656	          0.01000097	          0.20493508	          0.11905922	          0.07316661	          0.04630367	          0.12871836	          0.03586538	          0.01000098	          0.16488384	          0.01000170	          0.01000186	          0.45756851	
          2.00251767	         -6.97079315	          1.27507886	         -3.79439525	          2.26699538	          0.93052039	          0.00226799	         -2.52476291	         -2.16927834	         -4.54637962	        -38.32932715	         -3.42730941	         33.74980537	         27.98596860	          1.50707471	         -1.10599883	        -15.17491476	          3.78204844	          0.12598453	         -2.87160496	         -3.20917002	          2.32967986	          0.21001704	          0.01000244	          0.01001077	          0.01000032	          0.12146369	          0.01858415	          0.09167684	          0.01000014	          0.15404721	          0.01000139	          0.01000007	          0.08193877	          0.06749110	          0.26404248	          0.06539585	          0.02509029	          0.01000094	          0.20692412	          0.09840383	          0.06906572	          0.03827133	          0.11780399	          0.02964312	          0.01000092	          0.15326701	          0.01000121	          0.01000153	          0.41780572	
          2.01511212	         -6.94517913	          1.19083696	         -3.57310226	          2.28193829	          0.93348077	          0.00126579	         -0.52258701	         -2.48541533	         -5.28407407	        -42.78127524	         -4.20797426	         28.95012972	         26.97022622	          1.63273668	         -0.85248653	        -15.15764987	          4.29234492	          0.20540942	         -2.85218001	         -3.46853912	          2.51253338	          0.21658262	          0.01000143	          0.01193370	          0.01000015	          0.10039130	          0.01536336	          0.14399018	          0.01000012	          0.13973331	          0.01000141	          0.01000005	          0.08935822	          0.05578211	          0.28385615	          0.05405060	          0.02073780	          0.01000081	          0.19527211	          0.08133193	          0.06906086	          0.03163239	          0.11327226	          0.02450037	          0.01000103	          0.14162193	          0.01000092	          0.01000134	          0.38462234	
          2.02770657	         -6.91369833	          1.06659310	         -3.33891620	          2.29652153	          0.93656847	          0.00031264	          1.38386258	         -2.75900798	         -6.01918740	        -46.68713742	         -3.94031108	         24.66593689	         25.89005170	          1.70696243	         -0.60011144	        -14.98714673	          4.74246277	          0.30816171	         -2.87015291	         -3.66804043	          2.67228712	          0.20767664	          0.01000153	          0.01011419	          0.01000014	          0.08297530	          0.01270244	          0.17307930	          0.01000012	          0.13564563	          0.01000184	          0.01000006	          0.07409531	          0.04610448	          0.31025762	          0.04467368	          0.01714042	          0.01000087	          0.17878787	          0.06722183	          0.06803691	          0.02614518	          0.10366215	          0.02024984	          0.01000111	          0.12693480	          0.01000093	          0.01000152	          0.35787062	
          2.04030102	         -6.87595282	          0.89177073	         -3.09833661	          2.31077347	          0.93975818	         -0.00059908	          3.20890774	         -2.97445537	         -6.75823144	        -49.98442861	         -3.45908322	         21.04006396	         24.76549598	          1.71636350	         -0.34925374	        -14.70432887	          5.13665549	          0.42877694	         -2.92494774	         -3.79184610	          2.81453228	          0.19785975	          0.01000277	          0.01823220	          0.01000014	          0.08002034	          0.01050910	          0.21249411	          0.01000014	          0.13303212	          0.01000206	          0.01000007	          0.07760552	          0.03810583	          0.30233638	          0.03692353	          0.01416713	          0.01000094	          0.16165798	          0.05555969	          0.06759965	          0.02160995	          0.08986869	          0.01673675	          0.01000115	          0.11338243	          0.01000093	          0.01000166	          0.33643934	
          2.05289547	         -6.83142470	          0.66239631	         -2.85723006	          2.32471099	          0.94299042	         -0.00147370	          4.97096267	         -3.12117745	         -7.49438271	        -52.70725580	         -2.96092188	         17.94218152	         23.61165386	          1.65500811	         -0.10020093	        -14.33799992	          5.47367438	          0.56755283	         -3.01755343	         -3.83294608	          2.94467384	          0.18824517	          0.01000362	          0.02050354	          0.01000015	          0.10262792	          0.01002038	          0.26278479	          0.01000015	          0.13087370	          0.01000285	          0.01000008	          0.08020130	          0.03149488	          0.29901505	          0.03051795	          0.01170992	          0.01000098	          0.14047416	          0.04592080	          0.06781468	          0.01786157	          0.08168989	          0.01383316	          0.01000120	          0.10451283	          0.01000088	          0.01000169	          0.31857101	
          2.06548992	         -6.77968985	          0.37470410	         -2.61697933	          2.33835071	          0.94620479	         -0.00230609	          6.68520873	         -3.17609499	         -8.20701257	        -54.90366408	         -2.46077008	         15.29696627	         22.43333964	          1.51750446	          0.14318011	        -13.89768820	          5.75391723	          0.72670294	         -3.14853938	         -3.78697553	          3.06388274	          0.18083709	          0.01000545	          0.02718157	          0.01000016	          0.12847102	          0.01002203	          0.32496027	          0.01000018	          0.12785659	          0.01000370	          0.01000010	          0.08053386	          0.02603087	          0.29701100	          0.02522366	          0.01000150	          0.01000102	          0.12041953	          0.03795415	          0.06701631	          0.01476360	          0.07215202	          0.01143340	          0.01000132	          0.09727110	          0.01000115	          0.01000274	          0.30337581	
          2.07808437	         -6.72056334	          0.03298764	         -2.37806011	          2.35170300	          0.94934947	         -0.00309034	          8.36810327	         -3.12468237	         -8.87673015	        -56.62763285	         -1.98951274	         13.03620773	         21.23527562	          1.30784156	          0.38374768	        -13.39098989	          5.97285497	          0.91254097	         -3.31824582	         -3.65947043	          3.17321103	          0.17507942	          0.01017691	          0.03327387	          0.01000017	          0.15598627	          0.01001872	          0.40027898	          0.01000020	          0.12574435	          0.01000461	          0.01000012	          0.08068080	          0.02151482	          0.29686928	          0.02084788	          0.01000139	          0.01000107	          0.10437322	          0.03136963	          0.06572743	          0.01220341	          0.06372876	          0.01000048	          0.01000139	          0.08949247	          0.02478051	          0.01000281	          0.29397537	
          2.09067882	         -6.65420637	         -0.35430233	         -2.14075931	          2.36476832	          0.95237840	         -0.00382202	         10.03716973	         -2.96228011	         -9.49046290	        -57.94329863	         -1.52632527	         11.10303358	         20.02922122	          1.03449671	          0.62323901	        -12.83390922	          6.11455713	          1.13549673	         -3.52725002	         -3.46068574	          3.27382122	          0.17508233	          0.02816028	          0.03128497	          0.01000016	          0.17068697	          0.01001307	          0.49047386	          0.01000021	          0.12504702	          0.01000576	          0.01000014	          0.07749100	          0.01778228	          0.29901714	          0.01723132	          0.01000128	          0.01000104	          0.09422663	          0.02592746	          0.06365646	          0.01008838	          0.06054494	          0.01000065	          0.01000159	          0.08356496	          0.04695427	          0.01000303	          0.28836329	
          2.10327328	         -6.58095051	         -0.77727024	         -1.90673342	          2.37755005	          0.95525211	         -0.00450443	         11.71108220	         -2.69741795	        -10.04567792	        -58.92575108	         -1.04368339	          9.44732257	         18.82355498	          0.70729012	          0.85730112	        -12.24472118	          6.20877281	          1.40054544	         -3.77474201	         -3.20043509	          3.36631805	          0.17571300	          0.04581359	          0.02929540	          0.01000015	          0.18486590	          0.01000921	          0.59010511	          0.01000021	          0.12509214	          0.01000685	          0.01000015	          0.06722111	          0.01469731	          0.29873929	          0.01424230	          0.01000118	          0.01000104	          0.08779314	          0.02142944	          0.05996263	          0.01000604	          0.05648424	          0.01000065	          0.01000189	          0.07815643	          0.06612762	          0.01000373	          0.28418184	
          2.11586773	         -6.50146133	         -1.22483341	         -1.67825002	          2.39005461	          0.95793787	         -0.00514277	         13.40750268	         -2.34607726	        -10.54353978	        -59.65258464	         -0.51540176	          8.02887877	         17.62455548	          0.33782049	          1.08267965	        -11.63921377	          6.28728013	          1.70517073	         -4.05886127	         -2.88950703	          3.45180711	          0.17681909	          0.05905564	          0.02838657	          0.01000014	          0.19722442	          0.01000639	          0.69150099	          0.01000020	          0.12489806	          0.01000780	          0.01000016	          0.05556007	          0.01214761	          0.29634312	          0.01177222	          0.01000110	          0.01000105	          0.08420571	          0.01771180	          0.05502588	          0.01000804	          0.05173078	          0.01000069	          0.01000224	          0.07147195	          0.08454311	          0.01000416	          0.28014554	
          2.12846218	         -6.41672316	         -1.68536629	         -1.45698566	          2.40229067	          0.96040887	         -0.00574299	         15.14169915	         -1.92872634	        -10.98799811	        -60.19494097	          0.03326694	          6.81328924	         16.44149249	         -0.06116522	          1.29547878	        -11.03664998	          6.36788739	          2.04461025	         -4.37707200	         -2.53975692	          3.53183432	          0.17886753	          0.06499557	          0.02748684	          0.01000013	          0.20580735	          0.01000419	          0.78276410	          0.01000020	          0.12347212	          0.01000937	          0.01000016	          0.04592132	          0.01004044	          0.29584302	          0.01000244	          0.01000108	          0.01000104	          0.08337523	          0.01463917	          0.04891279	          0.01000825	          0.04885573	          0.01000074	          0.01000276	          0.05999088	          0.10228424	          0.01000522	          0.27521283	
          2.14105663	         -6.32786777	         -2.14721029	         -1.24341682	          2.41427025	          0.96264189	         -0.00631055	         16.92298317	         -1.46825365	        -11.38611176	        -60.61285660	          0.56793648	          5.76847921	         15.29173879	         -0.47607465	          1.49288954	        -10.47085752	          6.46501548	          2.41555937	         -4.72611968	         -2.16404143	          3.60825654	          0.17806962	          0.05560809	          0.03281899	          0.01000013	          0.21694401	          0.01000311	          0.84793671	          0.01000020	          0.12048557	          0.01000932	          0.01000017	          0.03795462	          0.01000062	          0.29889960	          0.01000229	          0.01000096	          0.01000110	          0.08410224	          0.01209970	          0.04044009	          0.01001051	          0.04198138	          0.01000083	          0.01000301	          0.04958419	          0.11949722	          0.01000563	          0.26979967	
          2.15365108	         -6.23615901	         -2.59796170	         -1.03638915	          2.42601536	          0.96462044	         -0.00684552	         18.74933775	         -0.98665488	        -11.74517205	        -60.94372359	          1.07509001	          4.86607136	         14.19138727	         -0.89201113	          1.67621997	         -9.97246516	          6.58518000	          2.81788985	         -5.10146156	         -1.77817060	          3.68322390	          0.17988296	          0.04596271	          0.03204652	          0.01000013	          0.22235715	          0.01000198	          0.87364858	          0.01000020	          0.11910853	          0.01001396	          0.01000018	          0.03137003	          0.01000090	          0.30182746	          0.01000233	          0.01000100	          0.01000111	          0.08575139	          0.01000159	          0.03342613	          0.01001596	          0.03688289	          0.01000099	          0.01000346	          0.04098232	          0.13591652	          0.01000631	          0.26362794	
          2.16624553	         -6.14274385	         -3.02622482	         -0.83376470	          2.43757008	          0.96633909	         -0.00734951	         20.60362233	         -0.50557155	        -12.07530149	        -61.19275659	          1.56883956	          4.08802350	         13.14434866	         -1.29526294	          1.84448489	         -9.55278597	          6.73412647	          3.25246540	         -5.49560555	         -1.39686873	          3.75803038	          0.18681294	          0.03798949	          0.03409790	          0.01000012	          0.18874169	          0.01000131	          0.84809703	          0.01000020	          0.11988263	          0.01005809	          0.01000020	          0.02592776	          0.01000089	          0.30640062	          0.01000221	          0.01000098	          0.01000109	          0.09338375	          0.01000105	          0.02762804	          0.01003034	          0.03100270	          0.01000124	          0.01000440	          0.03387263	          0.15167774	          0.01000590	          0.25711616	
          2.17883998	         -6.04872633	         -3.42021141	         -0.63494645	          2.44899698	          0.96780460	         -0.00783379	         22.45645033	         -0.05387689	        -12.39240117	        -61.32915898	          2.04316206	          3.42183210	         12.14101521	         -1.67175730	          1.99484573	         -9.20038910	          6.91120576	          3.71879838	         -5.89851740	         -1.03337931	          3.83533024	          0.19085570	          0.03139914	          0.02866244	          0.01000013	          0.15599812	          0.01000092	          0.76116386	          0.01000021	          0.12325913	          0.03409746	          0.01000025	          0.02142966	          0.01000088	          0.31179531	          0.01000202	          0.01000106	          0.01000108	          0.09999084	          0.01000097	          0.02283580	          0.01454751	          0.02990058	          0.01000145	          0.01000496	          0.02799638	          0.16694320	          0.01000509	          0.24983496	
          2.19143443	         -5.95538570	         -3.77182238	         -0.43887429	          2.46036984	          0.96903647	         -0.00830624	         24.26246012	          0.34999827	        -12.70623874	        -61.26965047	          2.49323398	          2.85527174	         11.16509073	         -2.01174664	          2.12040169	         -8.89157482	          7.10943004	          4.21501744	         -6.29887328	         -0.69734522	          3.91575118	          0.19455586	          0.02595200	          0.02369436	          0.01000014	          0.12893440	          0.01000063	          0.62911243	          0.01000022	          0.12903514	          0.05753029	          0.01000033	          0.01771193	          0.01000086	          0.31779217	          0.01000343	          0.01000138	          0.01000100	          0.10118239	          0.01000101	          0.01887512	          0.04496057	          0.03375946	          0.01000174	          0.01000769	          0.02313965	          0.18194592	          0.01000567	          0.24181574	
          2.20402888	         -5.86417212	         -4.07586766	         -0.24365908	          2.47175910	          0.97005798	         -0.00877245	         25.96747369	          0.69968636	        -13.01645217	        -60.90121963	          2.91623568	          2.37382255	         10.20499252	         -2.30833578	          2.21887858	         -8.60999737	          7.32003662	          4.73788113	         -6.68595378	         -0.39543706	          3.99812947	          0.19644769	          0.02144985	          0.01958677	          0.01000016	          0.10656578	          0.01000047	          0.51996831	          0.01000024	          0.13420088	          0.06774183	          0.01000048	          0.01463920	          0.01000089	          0.32423289	          0.01007580	          0.01000179	          0.01000096	          0.10067702	          0.01000112	          0.01560195	          0.06536508	          0.03533574	          0.01000217	          0.01001398	          0.01912558	          0.19673028	          0.01000619	          0.23486543	
          2.21662333	         -5.77677940	         -4.32632194	         -0.04789797	          2.48322328	          0.97088367	         -0.00923520	         27.52499662	          0.99248699	        -13.31359321	        -60.13392475	          3.31170250	          1.96318058	          9.25120099	         -2.55407429	          2.29413660	         -8.34126798	          7.53457301	          5.28237127	         -7.05052839	         -0.13560482	          4.08057687	          0.19506771	          0.01772880	          0.01619382	          0.01000021	          0.08807783	          0.01000041	          0.42975926	          0.01000029	          0.13823885	          0.06902135	          0.01000083	          0.01209961	          0.01000081	          0.32994256	          0.01367564	          0.01000199	          0.01000097	          0.10153620	          0.01000125	          0.01289825	          0.08408367	          0.03455763	          0.01000244	          0.01001370	          0.01580801	          0.21127557	          0.01000670	          0.22973954	
          2.22921778	         -5.69498867	         -4.51660271	          0.14939319	          2.49481179	          0.97151618	         -0.00969106	         28.89938495	          1.22795075	        -13.58239566	        -58.91078628	          3.66778278	          1.61096072	          8.29422112	         -2.74168458	          2.35050918	         -8.07069139	          7.74819688	          5.84219914	         -7.38443476	          0.07246580	          4.15989497	          0.19213209	          0.01465336	          0.01339595	          0.01000027	          0.07279732	          0.01000037	          0.35520050	          0.01000037	          0.14103118	          0.06476765	          0.01000136	          0.01000103	          0.01000102	          0.33531692	          0.01872167	          0.01000247	          0.01000097	          0.10302179	          0.01000149	          0.01073830	          0.09379174	          0.03146492	          0.01000246	          0.01001066	          0.01306627	          0.22569302	          0.01000686	          0.22673339	
          2.24181223	         -5.62041878	         -4.64195144	          0.34956409	          2.50656836	          0.97194776	         -0.01013435	         30.06312088	          1.40879390	        -13.80595733	        -57.20032599	          3.97226991	          1.30677762	          7.32403410	         -2.86613263	          2.39324987	         -7.78276030	          7.95868670	          6.41071285	         -7.68043251	          0.22079744	          4.23180358	          0.19010507	          0.01211163	          0.01109629	          0.01000036	          0.06016781	          0.01000036	          0.29357694	          0.01000050	          0.14331499	          0.05910154	          0.01000155	          0.01000054	          0.01000079	          0.34196192	          0.02357142	          0.01000283	          0.01000098	          0.10406215	          0.01000183	          0.01355668	          0.10845551	          0.02600906	          0.01000246	          0.01001015	          0.01080108	          0.24017637	          0.01000727	          0.22615893	
          2.25440668	         -5.55440558	         -4.69899197	          0.55381109	          2.51852960	          0.97216097	         -0.01056109	         30.99735630	          1.53875839	        -13.96697402	        -54.99383078	          4.21097958	          1.04226323	          6.33418684	         -2.92381198	          2.42715035	         -7.46924347	          8.16870580	          6.98166012	         -7.93250225	          0.30354089	          4.29234454	          0.18704696	          0.01001163	          0.01002229	          0.01000050	          0.04972939	          0.01000037	          0.24264451	          0.01000079	          0.14558497	          0.05163853	          0.01000125	          0.01000051	          0.01000082	          0.34493533	          0.02704500	          0.01000234	          0.01000104	          0.10458163	          0.01000221	          0.01373205	          0.14169586	          0.02149763	          0.01000288	          0.01000863	          0.01000445	          0.25484485	          0.01000673	          0.22771791	
          2.26700114	         -5.49817867	         -4.68634460	          0.76291976	          2.53072181	          0.97213110	         -0.01096867	         31.69161084	          1.62283570	        -14.04793617	        -52.29956488	          4.38330612	          0.81582144	          5.32320218	         -2.91321335	          2.45521903	         -7.12996451	          8.38222940	          7.55166531	         -8.13648925	          0.31770807	          4.33855700	          0.18277781	          0.01000336	          0.01001284	          0.01000068	          0.04110193	          0.01000039	          0.20054846	          0.01000137	          0.15159332	          0.04450930	          0.01000085	          0.01000053	          0.01000097	          0.34560370	          0.02806486	          0.01000197	          0.01000112	          0.10421077	          0.01000267	          0.01215073	          0.18545461	          0.01776856	          0.01000335	          0.01000757	          0.01000465	          0.26984992	          0.01000599	          0.23085348	
          2.27959559	         -5.45301429	         -4.60517211	          0.97759210	          2.54315655	          0.97182883	         -0.01135697	         32.14573714	          1.66755928	        -14.02830320	        -49.13719539	          4.48037440	          0.63138566	          4.29582306	         -2.83527769	          2.48113513	         -6.77508783	          8.60757069	          8.11978279	         -8.29086450	          0.26410773	          4.36812918	          0.17717957	          0.01316008	          0.01000764	          0.01000088	          0.03397126	          0.01000043	          0.16575594	          0.01000739	          0.16678733	          0.03753351	          0.01000060	          0.01000060	          0.01000114	          0.34319049	          0.02431767	          0.01000148	          0.01000130	          0.10286086	          0.01000299	          0.01009480	          0.23704375	          0.01468634	          0.01000558	          0.01000652	          0.01000271	          0.28514636	          0.01000523	          0.23468176	
          2.29219004	         -5.42034160	         -4.45894706	          1.19821808	          2.55583342	          0.97122245	         -0.01172774	         32.36925645	          1.68070293	        -13.88085259	        -45.53329893	          4.50114971	          0.49266213	          3.26223067	         -2.69328549	          2.50832364	         -6.42365056	          8.85620340	          8.68809709	         -8.39608725	          0.14707131	          4.37953793	          0.17523593	          0.01360236	          0.01000677	          0.01000071	          0.02807770	          0.01000044	          0.13700071	          0.02517843	          0.19263075	          0.03179818	          0.01000042	          0.01000119	          0.01000244	          0.34113610	          0.02531589	          0.01000148	          0.01000131	          0.10383732	          0.01000347	          0.01002178	          0.28724399	          0.01213899	          0.01001034	          0.01000619	          0.01000193	          0.30079752	          0.01000413	          0.23781976	
          2.30478449	         -5.40141296	         -4.25384000	          1.42662741	          2.56876499	          0.97028358	         -0.01208353	         32.36881177	          1.66788727	        -13.58508868	        -41.50706830	          4.46980222	          0.39387087	          2.22852045	         -2.49388622	          2.54018101	         -6.08776727	          9.13542294	          9.26209867	         -8.45038988	         -0.02627072	          4.37082724	          0.17029365	          0.01125905	          0.01000658	          0.01000055	          0.02320664	          0.01000044	          0.11326213	          0.04942307	          0.22657681	          0.02705761	          0.01000034	          0.01000171	          0.01000234	          0.34131797	          0.02366547	          0.01000160	          0.01000134	          0.10895130	          0.01000463	          0.01002804	          0.33141178	          0.01003424	          0.01822362	          0.01000567	          0.01000153	          0.31686116	          0.01000325	          0.23874366	
          2.31737894	         -5.39739242	         -4.00011198	          1.66512497	          2.58195830	          0.96898523	         -0.01242630	         32.16466150	          1.62992637	        -13.12908057	        -37.11733080	          4.41511254	          0.31764511	          1.20296814	         -2.24845810	          2.57931993	         -5.78289619	          9.45397228	          9.85006936	         -8.45292183	         -0.24449329	          4.34088871	          0.16449738	          0.01549239	          0.01000566	          0.01000047	          0.01918071	          0.01000046	          0.21765067	          0.08795684	          0.26393739	          0.02580915	          0.01000036	          0.01000529	          0.01000641	          0.34096022	          0.02278789	          0.01000153	          0.01000138	          0.12276375	          0.01000455	          0.01002448	          0.36794271	          0.01000340	          0.04048000	          0.01000514	          0.01000138	          0.33353675	          0.01000282	          0.23532042	
          2.32997339	         -5.40880226	         -3.71335530	          1.91380308	          2.59539674	          0.96729822	         -0.01275988	         31.82795169	          1.55482734	        -12.52246469	        -32.57085425	          4.36655335	          0.25470676	          0.19688244	         -1.97369602	          2.62277441	         -5.52939681	          9.82536761	         10.46271863	         -8.40666379	         -0.48911581	          4.29034034	          0.15520449	          0.02339568	          0.01000511	          0.01000044	          0.01585335	          0.01000050	          0.25204108	          0.11909121	          0.30412922	          0.02549121	          0.01000040	          0.01000381	          0.01000462	          0.34179912	          0.02216544	          0.01000155	          0.01000145	          0.13581572	          0.01000525	          0.01036156	          0.39859401	          0.01000551	          0.06290076	          0.01000446	          0.01000132	          0.35076122	          0.01000254	          0.22569169	
          2.34256784	         -5.43581261	         -3.41251833	          2.17219915	          2.60905630	          0.96522202	         -0.01308284	         31.42978520	          1.43528966	        -11.78229814	        -28.06080931	          4.32445001	          0.20458952	         -0.77957294	         -1.68993904	          2.66886258	         -5.34371628	         10.25452061	         11.11182645	         -8.31664655	         -0.73834631	          4.21919423	          0.14604646	          0.03276719	          0.01000450	          0.01000041	          0.01310349	          0.01000055	          0.25998007	          0.14400297	          0.34144927	          0.02573023	          0.01000045	          0.01000783	          0.01000789	          0.34207484	          0.01968702	          0.01000152	          0.01000149	          0.14825416	          0.01000596	          0.01377658	          0.42682936	          0.01000634	          0.08807507	          0.01000401	          0.01000121	          0.36843123	          0.01000270	          0.20944696	
          2.35516229	         -5.47823362	         -3.11699969	          2.43969574	          2.62291556	          0.96278869	         -0.01339054	         31.02365947	          1.27111766	        -10.93132557	        -23.72288163	          4.28814564	          0.16744750	         -1.71950487	         -1.41820648	          2.71519079	         -5.23105145	         10.71376079	         11.83093435	         -8.18845540	         -0.97003860	          4.12711237	          0.14060249	          0.04630831	          0.01000497	          0.01000037	          0.01083160	          0.01000063	          0.22159396	          0.15897068	          0.37348409	          0.02502288	          0.01000049	          0.01000684	          0.01000561	          0.34312267	          0.01627774	          0.01000148	          0.01000142	          0.15966576	          0.01000586	          0.01762848	          0.45554191	          0.01000598	          0.11308160	          0.01000322	          0.01000091	          0.38589552	          0.03991678	          0.18142289	
          2.36775674	         -5.53561046	         -2.84429465	          2.71515249	          2.63697114	          0.96007017	         -0.01367663	         30.63665548	          1.06948359	         -9.99587917	        -19.62067274	          4.25117746	          0.14112872	         -2.63112102	         -1.17785796	          2.75795880	         -5.16400084	         11.13998180	         12.67302786	         -8.02593943	         -1.16372467	          4.01300742	          0.13838666	          0.07020096	          0.01001069	          0.01000034	          0.02024459	          0.01000077	          0.18315861	          0.16348635	          0.39749263	          0.02442397	          0.01000054	          0.01008961	          0.01001017	          0.34519629	          0.01345684	          0.01000142	          0.01000126	          0.16416920	          0.01000485	          0.02566509	          0.48182783	          0.01001354	          0.13447892	          0.01000267	          0.01000075	          0.40243894	          0.09828297	          0.14994854	
          2.38035119	         -5.60721830	         -2.60809359	          2.99498754	          2.65122663	          0.95715883	         -0.01393161	         30.28689254	          0.84361337	         -9.00785460	        -15.79916192	          4.21809284	          0.12387678	         -3.52986121	         -0.98428599	          2.79553679	         -5.10964688	         11.50130308	         13.65305843	         -7.83268887	         -1.30218829	          3.87472956	          0.13105981	          0.11097285	          0.01000875	          0.01000040	          0.06106339	          0.01000091	          0.15138596	          0.14745337	          0.40982454	          0.02492371	          0.01000063	          0.01000544	          0.01000599	          0.34856975	          0.01113205	          0.01000133	          0.01000121	          0.15178255	          0.01000629	          0.03449986	          0.50453769	          0.01002073	          0.14670821	          0.01000238	          0.01000066	          0.41780880	          0.15352986	          0.12393413	
          2.39294564	         -5.69229547	         -2.41775567	          3.27171308	          2.66566595	          0.95414154	         -0.01413695	         29.99880471	          0.61566520	         -8.00499576	        -12.31836643	          4.20275616	          0.11410561	         -4.41975134	         -0.84784063	          2.82617458	         -5.06065789	         11.79920644	         14.74773014	         -7.61590501	         -1.37246253	          3.70844179	          0.12084561	          0.16249823	          0.01002438	          0.01000053	          0.10203098	          0.01000135	          0.12512449	          0.12187286	          0.41531718	          0.02354452	          0.01000087	          0.01000402	          0.01000900	          0.35176840	          0.01000734	          0.01000125	          0.01000122	          0.13435493	          0.01000696	          0.04717133	          0.51988807	          0.01387652	          0.16503978	          0.01000203	          0.01000061	          0.43193848	          0.20226202	          0.10243285	
          2.40554009	         -5.79005308	         -2.27551681	          3.53597340	          2.68025449	          0.95108763	         -0.01427248	         29.80181042	          0.40793332	         -7.02211638	         -9.24139886	          4.22522177	          0.11119786	         -5.29411201	         -0.76978528	          2.83628458	         -5.02572689	         12.02919423	         15.93722481	         -7.38608296	         -1.36890100	          3.50878091	          0.10923348	          0.20153729	          0.02132237	          0.01000089	          0.12414204	          0.01000482	          0.10341965	          0.10072940	          0.41561961	          0.01949016	          0.01000134	          0.01000183	          0.01000388	          0.35340750	          0.01000472	          0.01000113	          0.01000129	          0.12184625	          0.01000671	          0.06010567	          0.52371687	          0.01813992	          0.19841152	          0.01000180	          0.01000058	          0.44440377	          0.24428298	          0.08466180	
          2.41813454	         -5.89921626	         -2.17694749	          3.78039138	          2.69496029	          0.94805078	         -0.01432326	         29.71570194	          0.23557641	         -6.08906685	         -6.60749998	          4.28523303	          0.11473830	         -6.13932013	         -0.74316605	          2.81036147	         -5.02679040	         12.18453063	         17.21071540	         -7.15360826	         -1.29388278	          3.27270371	          0.11628264	          0.20428617	          0.01768676	          0.01000117	          0.11553729	          0.04596485	          0.08548504	          0.08325396	          0.41280224	          0.01651252	          0.01000163	          0.01000332	          0.01000689	          0.35309083	          0.01000548	          0.01000102	          0.01000109	          0.11510802	          0.01000620	          0.05867670	          0.51357899	          0.02373291	          0.24518112	          0.01000193	          0.01000057	          0.45454263	          0.27930461	          0.06997383	
          2.43072900	         -6.01702754	         -2.11103598	          4.00249153	          2.70980324	          0.94507499	         -0.01428241	         29.73493036	          0.10330088	         -5.23338467	         -4.44200218	          4.36655163	          0.12495048	         -6.94654619	         -0.75410425	          2.73669939	         -5.08502617	         12.25292932	         18.56677924	         -6.91985670	         -1.15952646	          3.00038849	          0.12203214	          0.19913007	          0.01463091	          0.01000155	          0.10154063	          0.08141110	          0.07975173	          0.06881029	          0.40354306	          0.01410512	          0.01000172	          0.01000231	          0.01000390	          0.35289064	          0.01000473	          0.01000089	          0.01000099	          0.11214520	          0.01000529	          0.04854581	          0.48449546	          0.02904134	          0.29271579	          0.01000211	          0.01000056	          0.46170882	          0.30766327	          0.05783407	
          2.44332345	         -6.14042342	         -2.06592608	          4.20189425	          2.72482047	          0.94219366	         -0.01414464	         29.84561646	          0.01279739	         -4.47361052	         -2.77029141	          4.43347675	          0.14037617	         -7.70939100	         -0.78858954	          2.60968350	         -5.22025454	         12.22231757	         20.00916489	         -6.68309172	         -0.98049057	          2.69435949	          0.12682687	          0.19559495	          0.01209753	          0.01000357	          0.08791555	          0.11261132	          0.15956008	          0.05687244	          0.38701866	          0.01555735	          0.01000376	          0.01352737	          0.01002384	          0.35485358	          0.01000528	          0.01000077	          0.01000094	          0.11064924	          0.01000494	          0.04013528	          0.42568536	          0.03212217	          0.33948215	          0.01000239	          0.01000058	          0.46509752	          0.32924072	          0.04780044	
          2.45591790	         -6.26624134	         -2.03169501	          4.37780412	          2.74004165	          0.93942909	         -0.01390643	         30.05079665	         -0.03527043	         -3.81964698	         -1.66758588	          4.46227583	          0.15939638	         -8.42306760	         -0.83539411	          2.42897693	         -5.44989741	         12.08472280	         21.54103399	         -6.44261554	         -0.76885684	          2.35852481	          0.13371350	          0.18790803	          0.01000819	          0.01001559	          0.07405577	          0.13942502	          0.23895964	          0.04700568	          0.36410021	          0.01287954	          0.01001553	          0.02412906	          0.01000584	          0.36502581	          0.01158816	          0.01000068	          0.01000088	          0.11020751	          0.01000510	          0.03317830	          0.35183930	          0.03490274	          0.38281211	          0.01000298	          0.01000061	          0.46411687	          0.34378116	          0.03950755	
          2.46851235	         -6.39100233	         -1.99939022	          4.52967183	          2.75550715	          0.93679095	         -0.01356803	         30.34997831	         -0.04147813	         -3.27330518	         -1.20728651	          4.46336687	          0.17755712	         -9.08751113	         -0.88432772	          2.19018719	         -5.78505487	         11.83535842	         23.16141411	         -6.19601964	         -0.53539767	          1.99734772	          0.14063935	          0.18053698	          0.01000549	          0.01202450	          0.06814121	          0.16041675	          0.30049392	          0.03885071	          0.33479216	          0.01065103	          0.01000280	          0.03629626	          0.01000128	          0.37231995	          0.02311860	          0.01000064	          0.01000081	          0.11054306	          0.01000501	          0.02742708	          0.29080042	          0.04137160	          0.42206969	          0.01000376	          0.01000069	          0.45864010	          0.35157052	          0.03265339	
          2.48110680	         -6.51085387	         -1.96017294	          4.65680103	          2.77128113	          0.93427414	         -0.01313011	         30.71888121	         -0.00634198	         -2.83602238	         -1.40679259	          4.45376143	          0.19197024	         -9.70525588	         -0.92505169	          1.88381546	         -6.23619120	         11.47222189	         24.86675381	         -5.93706857	         -0.29137315	          1.61502191	          0.15395233	          0.17257317	          0.01000462	          0.01420779	          0.07635622	          0.17455556	          0.32565800	          0.03211054	          0.29170588	          0.01000651	          0.01000102	          0.04275507	          0.01002133	          0.38413408	          0.03408312	          0.01000060	          0.01000071	          0.09840785	          0.01000458	          0.02267341	          0.24035036	          0.05426691	          0.44792280	          0.01000641	          0.01000086	          0.44835106	          0.35266036	          0.02698835	
          2.49370125	         -6.62191782	         -1.90236203	          4.75662098	          2.78744259	          0.93186142	         -0.01260131	         31.10538236	          0.06692089	         -2.52510706	         -2.21296781	          4.45022720	          0.20615410	        -10.27478507	         -0.94462195	          1.51125771	         -6.82503595	         10.99669175	         26.65121408	         -5.65732941	         -0.04956924	          1.21867759	          0.16823672	          0.15907737	          0.01000388	          0.01187262	          0.07314797	          0.17796403	          0.31122534	          0.02653974	          0.24109827	          0.01000262	          0.01000041	          0.04983396	          0.01000060	          0.38000075	          0.03142692	          0.01000049	          0.01000062	          0.08133548	          0.01000263	          0.01874623	          0.19865260	          0.06226170	          0.44850099	          0.01001348	          0.01000099	          0.43334796	          0.34802555	          0.02230615	
          2.50629570	         -6.72112101	         -1.81431395	          4.82483690	          2.80405436	          0.92953307	         -0.01199505	         31.44772492	          0.16861441	         -2.36152142	         -3.53782355	          4.29727084	          0.21474070	        -10.78814404	         -0.93236613	          1.09195216	         -7.58260936	         10.41011038	         28.50649892	         -5.35045418	          0.17834880	          0.81923636	          0.15834832	          0.14464080	          0.01000342	          0.01000337	          0.11398171	          0.17786596	          0.25723601	          0.02193550	          0.19927015	          0.01000283	          0.01000045	          0.04118942	          0.01098245	          0.41005900	          0.05352570	          0.01000077	          0.01000082	          0.06722467	          0.01001048	          0.01552440	          0.16418884	          0.05556158	          0.44604386	          0.01462652	          0.01000336	          0.41361366	          0.33685602	          0.01843627	
