/vscmnt/brussel_pixiu_data/_data_brussel/112/vsc11236/PredSimResults/SUBJ06mtu3D/worker7.mot
version=1
nRows=200
nColumns=50
inDegrees=yes
endheader
                time	         pelvis_tilt	         pelvis_list	     pelvis_rotation	           pelvis_tx	           pelvis_ty	           pelvis_tz	       hip_flexion_r	     hip_adduction_r	      hip_rotation_r	        knee_angle_r	       ankle_angle_r	         mtp_angle_r	       hip_flexion_l	     hip_adduction_l	      hip_rotation_l	        knee_angle_l	       ankle_angle_l	         mtp_angle_l	    lumbar_extension	      lumbar_bending	     lumbar_rotation	 ercspn_r/activation	 intobl_r/activation	 extobl_r/activation	    abd_r/activation	    add_r/activation	hamstrings_r/activation	bifemsh_r/activation	glut_max_r/activation	iliopsoas_r/activation	rect_fem_r/activation	  vasti_r/activation	gastroc_r/activation	 soleus_r/activation	tib_ant_r/activation	 ercspn_l/activation	 intobl_l/activation	 extobl_l/activation	    abd_l/activation	    add_l/activation	hamstrings_l/activation	bifemsh_l/activation	glut_max_l/activation	iliopsoas_l/activation	rect_fem_l/activation	  vasti_l/activation	gastroc_l/activation	 soleus_l/activation	tib_ant_l/activation	
          0.00000000	         -7.35587872	         -0.78430204	          3.81492054	          0.00000000	          0.93067115	         -0.00918196	         31.21957577	         -0.18297725	         -2.53797527	         -4.99559814	         -0.46758366	          0.23725854	        -10.94183457	          0.22345208	         -1.22413745	         -7.85058772	          5.68724879	         35.14906566	         -4.42455355	         -0.74977559	         -1.58346857	          0.15661345	          0.14199827	          0.00999999	          0.00999999	          0.23045024	          0.20127502	          0.24392608	          0.05350576	          0.17066639	          0.00999999	          0.00999999	          0.02109050	          0.01452256	          0.41134530	          0.11621833	          0.00999999	          0.00999999	          0.06424775	          0.00999999	          0.01000000	          0.15276688	          0.04397064	          0.51701669	          0.01205096	          0.00999999	          0.37962061	          0.29510543	          0.02109050	
          0.01230579	         -7.43270613	         -0.74838231	          3.87477236	          0.01656589	          0.92899082	         -0.00840406	         31.32311458	         -0.09237259	         -2.34103521	         -6.86035752	         -0.81890315	          0.20300387	        -11.13383294	          0.14404785	         -1.59575368	         -9.14262169	          4.84638228	         37.01404563	         -4.12660964	         -0.47164974	         -1.91719113	          0.12995926	          0.11783145	          0.00999999	          0.01590523	          0.19122969	          0.18631599	          0.20241207	          0.08928984	          0.14162051	          0.00999999	          0.00999999	          0.01750109	          0.01205095	          0.48729180	          0.10843742	          0.00999999	          0.00999999	          0.05331337	          0.01205095	          0.02581620	          0.12676734	          0.03648724	          0.50566840	          0.01000000	          0.01872941	          0.34959851	          0.27933390	          0.01750109	
          0.02461158	         -7.49301694	         -0.73067740	          3.90331803	          0.03339248	          0.92763215	         -0.00749911	         31.25148665	          0.00330647	         -2.21348605	         -8.43839464	         -1.28562657	          0.18829389	        -11.11006550	          0.02562690	         -1.98767938	        -10.85455139	          3.86304916	         38.93579773	         -3.82542405	         -0.17345944	         -2.23453139	          0.13971705	          0.09777760	          0.00999999	          0.06359622	          0.19977162	          0.16538949	          0.16796337	          0.11415127	          0.11751798	          0.00999999	          0.00999999	          0.01452256	          0.00999999	          0.57292665	          0.10711250	          0.00999999	          0.00999999	          0.04423992	          0.00999999	          0.02142256	          0.10519268	          0.03027744	          0.49012550	          0.00999999	          0.01750109	          0.30931775	          0.25888489	          0.01452256	
          0.03691737	         -7.53529869	         -0.71401008	          3.90317077	          0.05027849	          0.92668455	         -0.00647937	         31.08911958	          0.10278491	         -2.15354671	         -9.88308966	         -1.75396944	          0.15916267	        -10.80445473	         -0.11811838	         -2.40107387	        -13.07852907	          2.70706473	         40.86660334	         -3.54705362	          0.12556873	         -2.53053166	          0.15359289	          0.08113674	          0.00999999	          0.12127329	          0.25011533	          0.15041574	          0.13937752	          0.15822400	          0.09751749	          0.00999999	          0.00999999	          0.01205095	          0.00999999	          0.61703696	          0.14288967	          0.00999999	          0.00999999	          0.03671068	          0.03489572	          0.03012290	          0.08728984	          0.02512449	          0.45982350	          0.00999999	          0.01452256	          0.25667467	          0.23252402	          0.01205095	
          0.04922316	         -7.55812354	         -0.70568954	          3.88050586	          0.06706040	          0.92624313	         -0.00536974	         30.90146909	          0.21586764	         -2.12106107	        -11.36491511	         -1.89386624	          0.12000397	        -10.16768960	         -0.30114407	         -2.83935448	        -15.87249600	          1.34868378	         42.67878561	         -3.30437353	          0.43348379	         -2.80405302	          0.16138779	          0.06732800	          0.00999999	          0.17143868	          0.27921755	          0.13136506	          0.11565673	          0.21167715	          0.08092089	          0.00999999	          0.00999999	          0.00999999	          0.00999999	          0.62206088	          0.18455988	          0.00999999	          0.00999999	          0.03046286	          0.08322159	          0.03371455	          0.07243390	          0.02084853	          0.41687984	          0.00999999	          0.01205095	          0.21299096	          0.19295054	          0.00999999	
          0.06152896	         -7.56136271	         -0.71016204	          3.83816201	          0.08357562	          0.92640472	         -0.00419328	         30.73967418	          0.34859227	         -2.08694656	        -12.98450752	         -1.53974478	          0.09558413	         -9.17726544	         -0.53442303	         -3.31174471	        -19.24337619	         -0.19466273	         44.05676174	         -3.10756712	          0.75375502	         -3.05323200	          0.16976250	          0.05586938	          0.00999999	          0.20453310	          0.29373552	          0.11596802	          0.09597300	          0.22800850	          0.06714889	          0.00999999	          0.04231472	          0.00999999	          0.00999999	          0.55151427	          0.21687330	          0.00999999	          0.00999999	          0.02527835	          0.16160384	          0.03366444	          0.06010631	          0.01730030	          0.35353727	          0.00999999	          0.00999999	          0.17674183	          0.16011210	          0.00999999	
          0.07383475	         -7.54717088	         -0.72224296	          3.78020780	          0.09976496	          0.92721280	         -0.00298546	         30.54901088	          0.49853121	         -2.02852352	        -14.62267472	         -0.71273651	          0.14939099	         -7.85505765	         -0.82044679	         -3.83722675	        -23.14095644	         -1.79247071	         44.44828491	         -2.95331882	          1.07949781	         -3.27812117	          0.16626244	          0.04636092	          0.00999999	          0.22296901	          0.27386288	          0.10439193	          0.07963927	          0.21490508	          0.05572076	          0.00999999	          0.10455704	          0.00999999	          0.00999999	          0.45765153	          0.23722484	          0.00999999	          0.00999999	          0.02097621	          0.20869591	          0.02793506	          0.05759949	          0.01435594	          0.29336843	          0.00999999	          0.00999999	          0.14666197	          0.13286247	          0.00999999	
          0.08614054	         -7.52015750	         -0.73255764	          3.70688651	          0.11563515	          0.92868860	         -0.00178083	         30.21206230	          0.65893703	         -1.94164818	        -16.03775672	          0.43182898	          0.33342209	         -6.25227784	         -1.15811403	         -4.41752616	        -27.42752493	         -3.51339050	         43.71279323	         -2.83171293	          1.39971952	         -3.47551681	          0.15694328	          0.03847071	          0.00999999	          0.22361281	          0.22725390	          0.09506460	          0.06608538	          0.19586681	          0.04623759	          0.00999999	          0.12725967	          0.00999999	          0.00999999	          0.37976338	          0.23077799	          0.00999999	          0.00999999	          0.01740625	          0.20013581	          0.02318077	          0.06792668	          0.01191269	          0.24343978	          0.00999999	          0.00999999	          0.12170143	          0.11025048	          0.00999999	
          0.09844633	         -7.48485434	         -0.72928025	          3.61920640	          0.13118849	          0.93074655	         -0.00060637	         29.68570870	          0.81481332	         -1.83553841	        -17.09494018	          1.58026951	          0.62061897	         -4.43434447	         -1.54193920	         -5.04717881	        -31.90366123	         -5.51339657	         42.00479475	         -2.73806131	          1.70148335	         -3.64246844	          0.14248281	          0.03192334	          0.00999999	          0.21619571	          0.18857734	          0.09062012	          0.05483825	          0.16855126	          0.03836837	          0.00999999	          0.14692520	          0.00999999	          0.00999999	          0.31513109	          0.22130363	          0.00999999	          0.00999999	          0.01444386	          0.19232440	          0.01923562	          0.08988302	          0.00999999	          0.20200853	          0.00999999	          0.00999999	          0.10098895	          0.09148685	          0.00999999	
          0.11075212	         -7.44447452	         -0.70164712	          3.51856361	          0.14643711	          0.93323847	          0.00052469	         28.96095095	          0.95189739	         -1.71324830	        -17.74430241	          2.56016603	          0.97470221	         -2.47240085	         -1.96511266	         -5.72202975	        -36.40017846	         -7.71273248	         39.25657710	         -2.66987606	          1.97150565	         -3.77774099	          0.11823352	          0.02649028	          0.00999999	          0.21170228	          0.15648319	          0.08845487	          0.04550528	          0.14276810	          0.03183842	          0.00999999	          0.16264908	          0.00999999	          0.00999999	          0.27424904	          0.22234374	          0.00999999	          0.00999999	          0.01198565	          0.18334442	          0.01596189	          0.10761215	          0.00999999	          0.16762851	          0.00999999	          0.00999999	          0.08380154	          0.07591661	          0.06123483	
          0.12305791	         -7.40080598	         -0.64163290	          3.40529447	          0.16138575	          0.93600182	          0.00161319	         28.05346128	          1.05986359	         -1.57085538	        -18.01560571	          3.38844872	          1.35955163	         -0.44993339	         -2.41468554	         -6.42261732	        -40.80279418	         -9.67665210	         35.20617743	         -2.62719142	          2.19677595	         -3.88210044	          0.09811125	          0.02198187	          0.00999999	          0.21173768	          0.12985116	          0.08680048	          0.03776069	          0.12578295	          0.02641981	          0.00999999	          0.16273001	          0.00999999	          0.00999999	          0.25162713	          0.22474104	          0.00999999	          0.00999999	          0.00999999	          0.15888767	          0.02208478	          0.14682829	          0.00999999	          0.14329802	          0.00999999	          0.00999999	          0.06953928	          0.06299629	          0.19528590	
          0.13536370	         -7.35465655	         -0.55099367	          3.27974942	          0.17603425	          0.93888683	          0.00264939	         27.00872961	          1.13593362	         -1.41208653	        -17.99891514	          4.12152277	          1.74514972	          1.53579126	         -2.86030558	         -7.10624269	        -44.94052764	        -10.77302853	         30.25262308	         -2.61049602	          2.37701239	         -3.95620544	          0.08141360	          0.01824076	          0.00999999	          0.20033951	          0.10775167	          0.09040955	          0.03133416	          0.11248357	          0.02192340	          0.00999999	          0.15552356	          0.00999999	          0.00999999	          0.23201022	          0.22392314	          0.00999999	          0.00999999	          0.00999999	          0.13184643	          0.04257451	          0.20977277	          0.00999999	          0.13235608	          0.00999999	          0.00999999	          0.09065806	          0.05227489	          0.22532611	
          0.14766949	         -7.30629527	         -0.42110862	          3.14321224	          0.19038209	          0.94182544	          0.00361470	         25.87667404	          1.16605676	         -1.24365274	        -17.78396679	          4.76833944	          2.11469588	          3.42761826	         -3.24511135	         -7.76927025	        -48.54373884	        -10.67474054	         25.86849180	         -2.62225957	          2.50184761	         -4.00196738	          0.06755774	          0.01513635	          0.00999999	          0.17712974	          0.08941331	          0.09177008	          0.02600137	          0.09837115	          0.01819223	          0.00999999	          0.14450800	          0.00999999	          0.00999999	          0.21608484	          0.21072346	          0.00999999	          0.00999999	          0.00999999	          0.13068842	          0.04439638	          0.25211376	          0.00999999	          0.12527056	          0.00999999	          0.00999999	          0.07522888	          0.04337818	          0.27215853	
          0.15997528	         -7.25523845	         -0.24269547	          2.99970476	          0.20441739	          0.94479998	          0.00451179	         24.69574873	          1.13712817	         -1.07112095	        -17.43662445	          5.32073844	          2.46152311	          5.25706289	         -3.54603320	         -8.40646747	        -51.58770293	        -10.21979942	         22.14001601	         -2.66862228	          2.55890257	         -4.02383029	          0.05606003	          0.01256028	          0.00999999	          0.15313858	          0.07419598	          0.09332063	          0.02157617	          0.08802402	          0.01509608	          0.00999999	          0.13457010	          0.00999999	          0.00999999	          0.19833054	          0.20112772	          0.00999999	          0.00999999	          0.00999999	          0.15062567	          0.04190746	          0.30677218	          0.00999999	          0.11713250	          0.00999999	          0.00999999	          0.07523864	          0.03599561	          0.27320824	
          0.17228108	         -7.20057511	         -0.01356976	          2.85124115	          0.21814197	          0.94776622	          0.00533956	         23.48649646	          1.04450203	         -0.89859048	        -16.99067727	          5.75841680	          2.80039945	          7.04555770	         -3.74464709	         -9.00453383	        -54.11419960	         -9.63114242	         18.93786941	         -2.75332838	          2.54515179	         -4.02416446	          0.04651912	          0.01042263	          0.00999999	          0.13279487	          0.06156849	          0.09526278	          0.01790410	          0.08048369	          0.01252686	          0.00999999	          0.12599966	          0.03118759	          0.00999999	          0.18920438	          0.19617811	          0.00999999	          0.00999999	          0.00999999	          0.17090841	          0.03477519	          0.36762679	          0.00999999	          0.10818657	          0.00999999	          0.00999999	          0.07644539	          0.02986948	          0.27112171	
          0.18458687	         -7.14137479	          0.26448811	          2.69904410	          0.23155981	          0.95068048	          0.00609606	         22.26481796	          0.88889038	         -0.72565195	        -16.47200566	          6.06245158	          3.15885407	          8.80810553	         -3.82816370	         -9.55352029	        -56.17946036	         -8.93210459	         16.18615039	         -2.87851465	          2.46237804	         -4.00535798	          0.03951630	          0.00999999	          0.00999999	          0.11623431	          0.05109009	          0.09602386	          0.01485699	          0.07158835	          0.01039490	          0.00999999	          0.11895991	          0.05875947	          0.00999999	          0.17893916	          0.19260213	          0.00999999	          0.00999999	          0.00999999	          0.19221890	          0.02885677	          0.44108536	          0.00999999	          0.10031517	          0.00999999	          0.00999999	          0.07197248	          0.02478597	          0.26781549	
          0.19689266	         -7.07690525	          0.58539787	          2.54423366	          0.24467676	          0.95350495	          0.00677892	         21.04243003	          0.67576067	         -0.55250689	        -15.90679252	          6.25936097	          3.55165399	         10.55757690	         -3.79315448	        -10.04931069	        -57.83627136	         -8.14437536	         13.82716792	         -3.04488549	          2.31755253	         -3.96976201	          0.03711134	          0.00999999	          0.00999999	          0.10532605	          0.04239502	          0.09579659	          0.01232846	          0.06762131	          0.00999999	          0.00999999	          0.11381948	          0.08137803	          0.00999999	          0.16197230	          0.19386262	          0.02672196	          0.00999999	          0.00999999	          0.20294432	          0.02394561	          0.52914613	          0.00999999	          0.09615020	          0.00999999	          0.00999999	          0.05972342	          0.02056762	          0.25765083	
          0.20919845	         -7.00676468	          0.94145249	          2.38874872	          0.25750740	          0.95620887	          0.00739105	         19.81973395	          0.41235043	         -0.38349594	        -15.30162567	          6.37543712	          3.98717114	         12.30418856	         -3.64625872	        -10.49477435	        -59.13894732	         -7.25251282	         11.80349861	         -3.25092948	          2.11798098	         -3.91890422	          0.03471356	          0.00999999	          0.00999999	          0.09799681	          0.03517977	          0.09427829	          0.01023027	          0.06336455	          0.00999999	          0.00999999	          0.10847547	          0.10231781	          0.00999999	          0.13440609	          0.19619601	          0.04501721	          0.00999999	          0.00999999	          0.21191334	          0.01987029	          0.62936521	          0.00999999	          0.09420756	          0.00999999	          0.00999999	          0.04955903	          0.01706720	          0.24766237	
          0.22150424	         -6.93104758	          1.32370429	          2.23511845	          0.27006544	          0.95876938	          0.00793903	         18.59520295	          0.10779309	         -0.22201358	        -14.65830346	          6.43128043	          4.46778060	         14.05964732	         -3.40130772	        -10.89427217	        -60.14490681	         -6.28720654	         10.06678293	         -3.49447029	          1.87160912	         -3.85491593	          0.03032763	          0.00999999	          0.00999999	          0.09274438	          0.02919249	          0.09112754	          0.00999999	          0.05779157	          0.00999999	          0.00999999	          0.10141117	          0.12188528	          0.00999999	          0.11153139	          0.19961730	          0.05868727	          0.00999999	          0.00999999	          0.21835942	          0.01648855	          0.73521063	          0.00999999	          0.09211794	          0.00999999	          0.00999999	          0.04112453	          0.01416251	          0.24082859	
          0.23381003	         -6.85024136	          1.72254813	          2.08536666	          0.28235947	          0.96116437	          0.00843200	         17.37540168	         -0.22749971	         -0.07024571	        -13.99377713	          6.45256075	          4.98795971	         15.83661909	         -3.07685873	        -11.25312326	        -60.91689161	         -5.29950202	          8.57209208	         -3.77356589	          1.58721871	         -3.78115380	          0.02516614	          0.00999999	          0.00999999	          0.09041142	          0.02422420	          0.08678454	          0.00999999	          0.05017484	          0.00999999	          0.00999999	          0.08568537	          0.14041145	          0.01481134	          0.09254976	          0.20045493	          0.05360386	          0.00999999	          0.00999999	          0.22938304	          0.01368235	          0.83438324	          0.00999999	          0.08817635	          0.00999999	          0.00999999	          0.03412551	          0.01175218	          0.23665581	
          0.24611582	         -6.76514588	          2.12782528	          1.93975166	          0.29439354	          0.96337027	          0.00887474	         16.18138839	         -0.58215570	          0.07181267	        -13.34702165	          6.44725198	          5.55151023	         17.64443615	         -2.69209422	        -11.57632184	        -61.51527667	         -4.32677567	          7.28117807	         -4.08636715	          1.27630214	         -3.70182095	          0.02088309	          0.00999999	          0.00999999	          0.09003728	          0.02010146	          0.08088687	          0.00999999	          0.04176133	          0.00999999	          0.00999999	          0.07110249	          0.15769022	          0.02704406	          0.07679862	          0.20241090	          0.04448097	          0.00999999	          0.00999999	          0.23807177	          0.01135374	          0.90902108	          0.00999999	          0.08532057	          0.00999999	          0.00999999	          0.02831766	          0.00999999	          0.23887604	
          0.25842161	         -6.67677589	          2.52967632	          1.79704998	          0.30618278	          0.96537042	          0.00927064	         15.02904482	         -0.94475663	          0.20298223	        -12.74631897	          6.41784221	          6.16640215	         19.48378357	         -2.26615418	        -11.87007871	        -61.98432097	         -3.39383184	          6.16415807	         -4.42920929	          0.95090285	         -3.62066219	          0.01732898	          0.00999999	          0.00999999	          0.08963252	          0.01668037	          0.07355473	          0.00999999	          0.03470783	          0.00999999	          0.00999999	          0.05900149	          0.17370701	          0.03962766	          0.06372819	          0.20558772	          0.03691071	          0.00999999	          0.00999999	          0.24072703	          0.00999999	          0.95002219	          0.00999999	          0.08549639	          0.00999999	          0.00999999	          0.02349825	          0.00999999	          0.24994435	
          0.27072741	         -6.58632045	          2.91825109	          1.65545087	          0.31775849	          0.96715731	          0.00962550	         13.92235426	         -1.30355004	          0.32098346	        -12.20291016	          6.38202785	          6.82882973	         21.34548033	         -1.81873089	        -12.14119233	        -62.34432530	         -2.52117323	          5.19899809	         -4.79610976	          0.62269680	         -3.54049292	          0.01506192	          0.00999999	          0.00999999	          0.08872782	          0.01384152	          0.06609873	          0.00999999	          0.03028525	          0.00999999	          0.00999999	          0.04895997	          0.18857914	          0.05139882	          0.05288223	          0.21035531	          0.03062884	          0.00999999	          0.00999999	          0.23585369	          0.00999999	          0.94345787	          0.00999999	          0.08806990	          0.00999999	          0.00999999	          0.01949906	          0.00999999	          0.26161640	
          0.28303320	         -6.49509751	          3.28337617	          1.51272119	          0.32917116	          0.96873234	          0.00994650	         12.85410466	         -1.64632897	          0.42288277	        -11.70827975	          6.34855221	          7.53110933	         23.20660385	         -1.36852994	        -12.39589737	        -62.58112729	         -1.69317815	          4.37260826	         -5.17828157	          0.30352084	         -3.46271333	          0.01865363	          0.00999999	          0.00999999	          0.08769577	          0.01148582	          0.05969911	          0.00999999	          0.02957839	          0.00999999	          0.00999999	          0.04062743	          0.20244279	          0.06203672	          0.04388216	          0.21443725	          0.02541609	          0.00999999	          0.00999999	          0.22874631	          0.00999999	          0.86515066	          0.00999999	          0.09240567	          0.00999999	          0.00999999	          0.01618050	          0.00999999	          0.27629077	
          0.29533899	         -6.40444993	          3.61411523	          1.36634550	          0.34049116	          0.97010760	          0.01023681	         11.81021602	         -1.96046273	          0.50378570	        -11.24305326	          6.31959111	          8.26301948	         25.02718199	         -0.93102971	        -12.63757032	        -62.63016045	         -0.91252266	          3.67312658	         -5.56381690	          0.00704543	         -3.38636874	          0.02666907	          0.00999999	          0.00999999	          0.08891211	          0.00999999	          0.05441098	          0.09575033	          0.03748673	          0.00999999	          0.00999999	          0.03371301	          0.21558312	          0.07195282	          0.03641381	          0.21946660	          0.02109050	          0.01000000	          0.00999999	          0.20200860	          0.00999999	          0.71790985	          0.00999999	          0.09797853	          0.01000000	          0.00999999	          0.01342672	          0.00999999	          0.29406999	
          0.30764478	         -6.31563000	          3.89922817	          1.21466844	          0.35179206	          0.97129662	          0.01050053	         10.78536841	         -2.23296029	          0.55936485	        -10.80413932	          6.29453938	          9.01604274	         26.75644482	         -0.52210608	        -12.86797246	        -62.39202116	         -0.19647959	          3.08239139	         -5.94003945	         -0.25270768	         -3.30976210	          0.03261044	          0.00999999	          0.00999999	          0.09253508	          0.00999999	          0.05171222	          0.17392519	          0.04114400	          0.00999999	          0.00999999	          0.02797536	          0.22794904	          0.08046959	          0.03021651	          0.22149469	          0.01750109	          0.01000001	          0.00999999	          0.16762857	          0.00999999	          0.59572809	          0.00999999	          0.10150941	          0.03198085	          0.00999999	          0.01114162	          0.00999999	          0.31419927	
          0.31995057	         -6.23006380	          4.12806689	          1.05769957	          0.36313514	          0.97230590	          0.01074234	          9.77432391	         -2.45141345	          0.59131725	        -10.38524015	          6.26512009	          9.78547019	         28.34963116	         -0.15740750	        -13.08391249	        -61.78048956	          0.44323088	          2.58080780	         -6.29621417	         -0.46271946	         -3.23205051	          0.04085123	          0.00999999	          0.00999999	          0.09560452	          0.00999999	          0.05017445	          0.23677315	          0.04174176	          0.00999999	          0.00999999	          0.02321421	          0.23950257	          0.08758547	          0.02507393	          0.22158378	          0.01452256	          0.01268538	          0.00999999	          0.13909970	          0.00999999	          0.49434056	          0.00999999	          0.10399887	          0.04494086	          0.00999999	          0.00999999	          0.00999999	          0.33816530	
          0.33225636	         -6.14918547	          4.29230429	          0.89562719	          0.37457232	          0.97313352	          0.01096420	          8.76911041	         -2.60610943	          0.60171972	         -9.97476223	          6.22642340	         10.56713450	         29.77057542	          0.15269201	        -13.27662194	        -60.73718984	          1.00000946	          2.15212529	         -6.62321821	         -0.61225734	         -3.15192351	          0.04781103	          0.00999999	          0.00999999	          0.09784190	          0.00999999	          0.04950688	          0.28634737	          0.04060967	          0.00999999	          0.00999999	          0.01926336	          0.25027312	          0.09314335	          0.02080658	          0.22075122	          0.01205095	          0.01190368	          0.00999999	          0.11542619	          0.00999999	          0.41020828	          0.00999999	          0.10584820	          0.04953360	          0.00999999	          0.00999999	          0.00999999	          0.36512073	
          0.34456215	         -6.07436171	          4.38593152	          0.72848481	          0.38614931	          0.97377026	          0.01116611	          7.75949634	         -2.69000100	          0.59268325	         -9.55695946	          6.17590795	         11.35661050	         30.99032914	          0.40308213	        -13.43372353	        -59.22750645	          1.46913529	          1.78263250	         -6.91308469	         -0.69308027	         -3.06744651	          0.05313976	          0.00999999	          0.00999999	          0.09929181	          0.00999999	          0.04926862	          0.32507191	          0.03801585	          0.00999999	          0.00999999	          0.01598491	          0.26041585	          0.09732565	          0.01726549	          0.21931790	          0.00999999	          0.01000000	          0.00999999	          0.09578170	          0.00999999	          0.34039454	          0.00999999	          0.10748637	          0.04977442	          0.00999999	          0.00999999	          0.00999999	          0.39065261	
          0.35686794	         -6.00693993	          4.40537671	          0.55612783	          0.39790595	          0.97420087	          0.01134793	          6.73411924	         -2.69875911	          0.56692810	         -9.11366365	          6.11200166	         12.14946719	         31.98647498	          0.59292847	        -13.54131683	        -57.23500091	          1.85029814	          1.46213119	         -7.15900455	         -0.69994606	         -2.97653390	          0.05839628	          0.00999999	          0.00999999	          0.10008421	          0.00999999	          0.04967888	          0.35547785	          0.03466387	          0.00999999	          0.00999999	          0.01326442	          0.27012691	          0.10051258	          0.01432706	          0.21754469	          0.00999999	          0.00999999	          0.00999999	          0.07948052	          0.00999999	          0.28246247	          0.00999999	          0.10981524	          0.04702345	          0.00999999	          0.00999999	          0.00999999	          0.41272614	
          0.36917373	         -5.94827515	          4.34976282	          0.37821146	          0.40987557	          0.97440463	          0.01151053	          5.68190190	         -2.63099425	          0.52798474	         -8.62770291	          6.03967244	         12.93564800	         32.74382561	          0.72474911	        -13.58501966	        -54.75770685	          2.13107145	          1.18387482	         -7.35546909	         -0.63115033	         -2.87717563	          0.06099723	          0.01000000	          0.00999999	          0.10019407	          0.00999999	          0.05172315	          0.38081753	          0.02970016	          0.00999999	          0.00999999	          0.01100694	          0.27997941	          0.10389823	          0.02169726	          0.21428009	          0.00999999	          0.00999999	          0.00999999	          0.06595366	          0.00999999	          0.23438991	          0.00999999	          0.11405270	          0.04265188	          0.00999999	          0.00999999	          0.00999999	          0.42735961	
          0.38147953	         -5.89975920	          4.22091094	          0.19405351	          0.42207964	          0.97434968	          0.01165622	          4.59808461	         -2.48829105	          0.48160076	         -8.09664473	          5.98847169	         13.68396672	         33.25673733	          0.80340876	        -13.54932431	        -51.80899210	          2.28925666	          0.94408349	         -7.49911586	         -0.48847003	         -2.76777881	          0.05964588	          0.00999999	          0.00999999	          0.09873660	          0.00999999	          0.05103263	          0.40925761	          0.02464546	          0.00999999	          0.00999999	          0.00999999	          0.29065733	          0.10836606	          0.06928894	          0.20693281	          0.00999999	          0.00999999	          0.00999999	          0.05472894	          0.00999999	          0.19449887	          0.00999999	          0.12366508	          0.03731813	          0.00999999	          0.00999999	          0.00999999	          0.43063300	
          0.39378532	         -5.86286788	          4.02351917	          0.00308312	          0.43452265	          0.97398716	          0.01178803	          3.48943718	         -2.27549360	          0.43390228	         -7.53792070	          5.98880589	         14.37120481	         33.53130166	          0.83575588	        -13.41560146	        -48.41840523	          2.30235523	          0.74289562	         -7.58945663	         -0.27723971	         -2.64775576	          0.05708968	          0.00999999	          0.00999999	          0.09801336	          0.00999999	          0.04606038	          0.44915589	          0.02045103	          0.00999999	          0.00999999	          0.00999999	          0.30239138	          0.11392961	          0.12323025	          0.20081477	          0.00999999	          0.00999999	          0.00999999	          0.04541457	          0.00999999	          0.16139693	          0.01800997	          0.14188055	          0.03193780	          0.00999999	          0.00999999	          0.00999999	          0.42031509	
          0.40609111	         -5.83918070	          3.76483315	         -0.19585166	          0.44720498	          0.97327024	          0.01191066	          2.36579485	         -2.00030223	          0.38964041	         -6.96721324	          6.03654707	         15.01522434	         33.57840394	          0.82862506	        -13.16625196	        -44.61835548	          2.15788294	          0.58270151	         -7.62662263	         -0.00610179	         -2.51694309	          0.05296459	          0.00999999	          0.00999999	          0.09813983	          0.00999999	          0.03822133	          0.50105184	          0.01697045	          0.00999999	          0.00999999	          0.00999999	          0.31521525	          0.12130234	          0.17371419	          0.19705857	          0.00999999	          0.00999999	          0.00999999	          0.03768542	          0.00999999	          0.13392863	          0.03548649	          0.16720283	          0.02772878	          0.00999999	          0.00999999	          0.00999999	          0.40251328	
          0.41839690	         -5.83036111	          3.45438310	         -0.40455739	          0.46012795	          0.97216409	          0.01203079	          1.23806156	         -1.67305381	          0.35315957	         -6.40206989	          6.12762642	         15.64223764	         33.41059445	          0.78819289	        -12.78399961	        -40.43893711	          1.87823050	          0.46281503	         -7.61055743	          0.31318506	         -2.37567239	          0.04637543	          0.00999999	          0.00999999	          0.10177289	          0.00999999	          0.03171641	          0.55763491	          0.01408223	          0.01536475	          0.00999999	          0.00999999	          0.32877276	          0.13104197	          0.21709165	          0.19368133	          0.00999999	          0.00999999	          0.00999999	          0.03127170	          0.00999999	          0.11113519	          0.05773564	          0.19553552	          0.02426656	          0.00999999	          0.00999999	          0.00999999	          0.38350982	
          0.43070269	         -5.83793585	          3.10539196	         -0.62460901	          0.47328567	          0.97064508	          0.01215430	          0.12008018	         -1.30868471	          0.32741210	         -5.86552765	          6.26244181	         16.28037715	         33.05438242	          0.71805417	        -12.25273017	        -35.94591012	          1.51728574	          0.37324959	         -7.54262161	          0.66455198	         -2.22558722	          0.03848275	          0.00999999	          0.00999999	          0.12050408	          0.00999999	          0.02652189	          0.60497410	          0.01168556	          0.05172744	          0.00999999	          0.00999999	          0.34311684	          0.14324481	          0.24582980	          0.18454351	          0.00999999	          0.00999999	          0.00999999	          0.02594954	          0.00999999	          0.23231481	          0.09727293	          0.22583160	          0.02325496	          0.00999999	          0.00999999	          0.00999999	          0.36251155	
          0.44300848	         -5.86275139	          2.73766171	         -0.85776718	          0.48664382	          0.96869765	          0.01228486	         -0.96548210	         -0.92954577	          0.31249421	         -5.39595451	          6.45240569	         16.95701668	         32.58466817	          0.61113892	        -11.57883882	        -31.34637251	          1.13996760	          0.30219791	         -7.42915959	          1.02499898	         -2.06868787	          0.03193334	          0.00999999	          0.00999999	          0.14017579	          0.00999999	          0.02317376	          0.64130151	          0.00999999	          0.09534985	          0.00999999	          0.00999999	          0.35796596	          0.15768862	          0.25963188	          0.17228318	          0.00999999	          0.00999999	          0.00999999	          0.02153317	          0.00999999	          0.26614507	          0.12985870	          0.25535767	          0.02259195	          0.00999999	          0.00999999	          0.00999999	          0.34823099	
          0.45531427	         -5.90500577	          2.37451509	         -1.10551028	          0.50017027	          0.96634502	          0.01241764	         -2.00141008	         -0.56149419	          0.30429954	         -5.02033004	          6.69680572	         17.70008316	         32.06437067	          0.46621102	        -10.78278540	        -26.81205152	          0.78324687	          0.24421233	         -7.27756794	          1.36903457	         -1.90646044	          0.02649857	          0.00999999	          0.00999999	          0.15717354	          0.00999999	          0.03014296	          0.66492640	          0.00999999	          0.13899698	          0.00999999	          0.00999999	          0.37317050	          0.17438730	          0.23843540	          0.16160999	          0.01525950	          0.00999999	          0.00999999	          0.01810863	          0.00999999	          0.25251504	          0.15576879	          0.28653969	          0.02019610	          0.00999999	          0.00999999	          0.00999999	          0.33796647	
          0.46762006	         -5.96436084	          2.03670222	         -1.36821654	          0.51384768	          0.96364919	          0.01254299	         -2.98312681	         -0.22738131	          0.29772230	         -4.74050217	          6.97206347	         18.53872517	         31.52899414	          0.28933348	         -9.89207900	        -22.43526940	          0.46485985	          0.19885058	         -7.09441262	          1.67413218	         -1.73843567	          0.02198876	          0.00999999	          0.00999999	          0.15678671	          0.00999999	          0.03084012	          0.67640944	          0.00999999	          0.16450497	          0.00999999	          0.00999999	          0.38825359	          0.19291278	          0.19785585	          0.15029892	          0.03940502	          0.00999999	          0.00999999	          0.04888296	          0.00999999	          0.20953927	          0.16135237	          0.31594257	          0.01980188	          0.00999999	          0.01000000	          0.00999999	          0.33317171	
          0.47992585	         -6.04016681	          1.74194382	         -1.64297201	          0.52766284	          0.96069495	          0.01264534	         -3.91273123	          0.05260106	          0.29505218	         -4.54855696	          7.25913093	         19.47960413	         30.99893772	          0.09801542	         -8.93902854	        -18.25965795	          0.19221173	          0.16441453	         -6.88682996	          1.91981083	         -1.56168306	          0.01824647	          0.00999999	          0.00999999	          0.14693700	          0.00999999	          0.03084343	          0.67669518	          0.00999999	          0.17781460	          0.00999999	          0.00999999	          0.40285870	          0.21245043	          0.16418258	          0.14235608	          0.07981581	          0.00999999	          0.00999999	          0.08764814	          0.00999999	          0.17387758	          0.15676037	          0.34133312	          0.01984253	          0.00999999	          0.01017924	          0.00999999	          0.33112121	
          0.49223165	         -6.13147896	          1.49917473	         -1.92270042	          0.54160085	          0.95756898	          0.01271049	         -4.79744933	          0.26807179	          0.29430379	         -4.42840952	          7.54096804	         20.51093522	         30.50034588	         -0.09158937	         -7.96424547	        -14.33938297	         -0.02834341	          0.14009149	         -6.66267115	          2.09317074	         -1.37213364	          0.01514109	          0.00999999	          0.00999999	          0.13442408	          0.00999999	          0.03769299	          0.66425019	          0.00999999	          0.19205335	          0.00999999	          0.00999999	          0.41663882	          0.23223496	          0.13624019	          0.13438892	          0.12739168	          0.00999999	          0.00999999	          0.12401465	          0.00999999	          0.14428519	          0.14396275	          0.35770448	          0.02040293	          0.00999999	          0.00999999	          0.00999999	          0.33289976	
          0.50453744	         -6.23709773	          1.31048479	         -2.19818029	          0.55563878	          0.95435316	          0.01272286	         -5.64333632	          0.41670925	          0.28882183	         -4.36405963	          7.79302122	         21.62281379	         30.06887140	         -0.26464519	         -7.01284586	        -10.75202879	         -0.18448655	          0.12556474	         -6.43132765	          2.18826132	         -1.16485065	          0.01256421	          0.00999999	          0.00999999	          0.12418248	          0.00999999	          0.04555847	          0.63823413	          0.00999999	          0.21839408	          0.00999999	          0.00999999	          0.42920691	          0.25145985	          0.11305334	          0.11804075	          0.18163300	          0.01000000	          0.00999999	          0.15505958	          0.01133796	          0.11972916	          0.11946159	          0.37371901	          0.01693054	          0.00999999	          0.00999999	          0.00999999	          0.33541851	
          0.51684323	         -6.35556428	          1.17390239	         -2.46030271	          0.56974203	          0.95112401	          0.01266309	         -6.44682566	          0.50112749	          0.26951773	         -4.35616565	          7.99369832	         22.80937037	         29.74906889	         -0.40597300	         -6.11680928	         -7.60201362	         -0.27200241	          0.12066023	         -6.20412759	          2.20435531	         -0.93432164	          0.01062231	          0.00999999	          0.00999999	          0.11677113	          0.00999999	          0.03780484	          0.59933745	          0.00999999	          0.26622584	          0.00999999	          0.00999999	          0.43978118	          0.26921552	          0.09381269	          0.12676960	          0.19743890	          0.00999999	          0.00999999	          0.14321382	          0.06173066	          0.09935234	          0.09913031	          0.38641196	          0.02209214	          0.00999999	          0.00999999	          0.00999999	          0.33369669	
          0.52914902	         -6.48395228	          1.08014767	         -2.70448548	          0.58391509	          0.94795625	          0.01252498	         -7.19891427	          0.53232290	          0.22991491	         -4.42246132	          8.12210819	         24.07185987	         29.56514790	         -0.51049540	         -5.30263813	         -4.98938863	         -0.28956118	          0.12552380	         -5.98541434	          2.14954887	         -0.67974316	          0.01178764	          0.00999999	          0.00999999	          0.11405131	          0.00999999	          0.03137080	          0.54548601	          0.00999999	          0.31227804	          0.00999999	          0.00999999	          0.44759709	          0.28489181	          0.07784662	          0.13335472	          0.20637888	          0.00999999	          0.00999999	          0.12771720	          0.10468957	          0.08244347	          0.08225923	          0.39193294	          0.02382171	          0.00999999	          0.00999999	          0.00999999	          0.33691632	
          0.54145481	         -6.61900866	          1.01761016	         -2.92904174	          0.59819008	          0.94491437	          0.01230351	         -7.89372373	          0.52380658	          0.16124207	         -4.57810249	          8.15567067	         25.41583399	         29.51836613	         -0.57540790	         -4.58771728	         -2.97221961	         -0.24900341	          0.13700179	         -5.77485465	          2.03658025	         -0.40196527	          0.01702677	          0.00999999	          0.00999999	          0.11400665	          0.00999999	          0.02603178	          0.46790769	          0.00999999	          0.35654486	          0.00999999	          0.00999999	          0.45180681	          0.29785656	          0.06459783	          0.14135829	          0.21047928	          0.00999999	          0.00999999	          0.10913721	          0.14181516	          0.09668282	          0.06825945	          0.38551022	          0.02109050	          0.00999999	          0.00999999	          0.00999999	          0.33965313	
          0.55376060	         -6.75719890	          0.97567304	         -3.13323828	          0.61261492	          0.94204501	          0.01199472	         -8.53452747	          0.48791838	          0.05498846	         -4.82423250	          8.07229684	         26.84499465	         29.60239873	         -0.59900569	         -3.97725518	         -1.59726860	         -0.16335290	          0.15404518	         -5.56954981	          1.87790470	         -0.10222450	          0.02572648	          0.00999999	          0.00999999	          0.11544174	          0.00999999	          0.02160141	          0.38827404	          0.00999999	          0.39633716	          0.00999999	          0.00999999	          0.45170570	          0.30751607	          0.05360386	          0.14899063	          0.21268677	          0.00999999	          0.00999999	          0.09303745	          0.17241849	          0.21098566	          0.05664231	          0.36880642	          0.01750109	          0.01108227	          0.00999999	          0.00999999	          0.33936591	
          0.56606639	         -6.89459590	          0.94578554	         -3.31603043	          0.62723937	          0.93937510	          0.01159472	         -9.12592839	          0.43445348	         -0.09639681	         -5.16277099	          7.85935956	         28.35753036	         29.81685303	         -0.58068422	         -3.47073995	         -0.93304697	         -0.06193663	          0.17577301	         -5.36592353	          1.68404364	          0.21704531	          0.03637654	          0.00999999	          0.00999999	          0.11878558	          0.00999999	          0.01792505	          0.32219331	          0.01104604	          0.43150105	          0.00999999	          0.00999999	          0.44700250	          0.31316088	          0.04448097	          0.15803106	          0.20509495	          0.00999999	          0.00999999	          0.07735940	          0.19624302	          0.29845689	          0.04700230	          0.34199740	          0.01452256	          0.00999999	          0.00999999	          0.00999999	          0.33961193	
          0.57837218	         -7.02700007	          0.92080466	         -3.47766640	          0.64212906	          0.93691351	          0.01110401	         -9.67156984	          0.37151210	         -0.30046757	         -5.60110882	          7.51163185	         29.94821962	         30.14163012	         -0.52136471	         -3.06753560	         -1.00182584	          0.00733758	          0.19741326	         -5.15770584	          1.46422432	          0.55260021	          0.04672641	          0.00999999	          0.00999999	          0.11244068	          0.00999999	          0.01487437	          0.26735893	          0.02100513	          0.46456248	          0.00999999	          0.00999999	          0.43753730	          0.31453272	          0.03691071	          0.17285046	          0.19719729	          0.00999999	          0.00999999	          0.07369857	          0.21156558	          0.34408743	          0.03900294	          0.29868505	          0.01205095	          0.00999999	          0.01564262	          0.00999999	          0.35851809	
          0.59067798	         -7.15021517	          0.89044677	         -3.61667148	          0.65736344	          0.93465285	          0.01053159	        -10.16926706	          0.31101472	         -0.56191147	         -6.16067758	          7.02863568	         31.61258302	         30.53008057	         -0.42628831	         -2.77809023	         -1.76412675	          0.01165928	          0.21760683	         -4.93635430	          1.22969985	          0.89779050	          0.04808136	          0.00999999	          0.00999999	          0.09330429	          0.00999999	          0.01234289	          0.22185686	          0.03738776	          0.48830940	          0.00999999	          0.00999999	          0.42333963	          0.31224905	          0.03062884	          0.19019262	          0.18570365	          0.00999999	          0.00999999	          0.07909398	          0.21856251	          0.34590391	          0.03236499	          0.24785156	          0.00999999	          0.00999999	          0.02653586	          0.00999999	          0.36559892	
          0.60298377	         -7.26083786	          0.84173752	         -3.72973874	          0.67301093	          0.93257474	          0.00989130	        -10.60283897	          0.26641642	         -0.87448919	         -6.88765381	          6.41563414	         33.34825194	         30.91759906	         -0.30703738	         -2.62058062	         -3.13523978	         -0.14103198	          0.22846066	         -4.69440962	          0.99379668	          1.24331533	          0.07050360	          0.00999999	          0.00999999	          0.07742475	          0.00999999	          0.01024224	          0.18409883	          0.04474571	          0.50443919	          0.01452256	          0.00999999	          0.40415756	          0.30514964	          0.02541609	          0.18374256	          0.17112162	          0.00999999	          0.00999999	          0.13086596	          0.22013875	          0.29395447	          0.02685676	          0.20566947	          0.00999999	          0.00999999	          0.02201970	          0.00999999	          0.40228295	
          0.61528956	         -7.35587872	          0.78430204	         -3.81492054	          0.68912430	          0.93067115	          0.00918196	        -10.94183457	          0.22345208	         -1.22413745	         -7.85058772	          5.68724879	         35.14906566	         31.21957577	         -0.18297725	         -2.53797527	         -4.99559814	         -0.46758366	          0.23725854	         -4.42455355	          0.74977559	          1.58346857	          0.11621833	          0.00999999	          0.00999999	          0.06424775	          0.00999999	          0.01000000	          0.15276688	          0.04397064	          0.51701669	          0.01205096	          0.00999999	          0.37962061	          0.29510543	          0.02109050	          0.15661345	          0.14199827	          0.00999999	          0.00999999	          0.23045024	          0.20127502	          0.24392608	          0.05350576	          0.17066639	          0.00999999	          0.00999999	          0.02109050	          0.01452256	          0.41134530	
          0.62759535	         -7.43270613	          0.74838231	         -3.87477236	          0.70569019	          0.92899082	          0.00840406	        -11.13383294	          0.14404785	         -1.59575368	         -9.14262169	          4.84638228	         37.01404563	         31.32311458	         -0.09237259	         -2.34103521	         -6.86035752	         -0.81890315	          0.20300387	         -4.12660964	          0.47164974	          1.91719113	          0.10843742	          0.00999999	          0.00999999	          0.05331337	          0.01205095	          0.02581620	          0.12676734	          0.03648724	          0.50566840	          0.01000000	          0.01872941	          0.34959851	          0.27933390	          0.01750109	          0.12995926	          0.11783145	          0.00999999	          0.01590523	          0.19122969	          0.18631599	          0.20241207	          0.08928984	          0.14162051	          0.00999999	          0.00999999	          0.01750109	          0.01205095	          0.48729180	
          0.63990114	         -7.49301694	          0.73067740	         -3.90331803	          0.72251678	          0.92763215	          0.00749911	        -11.11006550	          0.02562690	         -1.98767938	        -10.85455139	          3.86304916	         38.93579773	         31.25148665	          0.00330647	         -2.21348605	         -8.43839464	         -1.28562657	          0.18829389	         -3.82542405	          0.17345944	          2.23453139	          0.10711250	          0.00999999	          0.00999999	          0.04423992	          0.00999999	          0.02142256	          0.10519268	          0.03027744	          0.49012550	          0.00999999	          0.01750109	          0.30931775	          0.25888489	          0.01452256	          0.13971705	          0.09777760	          0.00999999	          0.06359622	          0.19977162	          0.16538949	          0.16796337	          0.11415127	          0.11751798	          0.00999999	          0.00999999	          0.01452256	          0.00999999	          0.57292665	
          0.65220693	         -7.53529869	          0.71401008	         -3.90317077	          0.73940280	          0.92668455	          0.00647937	        -10.80445473	         -0.11811838	         -2.40107387	        -13.07852907	          2.70706473	         40.86660334	         31.08911958	          0.10278491	         -2.15354671	         -9.88308966	         -1.75396944	          0.15916267	         -3.54705362	         -0.12556873	          2.53053166	          0.14288967	          0.00999999	          0.00999999	          0.03671068	          0.03489572	          0.03012290	          0.08728984	          0.02512449	          0.45982350	          0.00999999	          0.01452256	          0.25667467	          0.23252402	          0.01205095	          0.15359289	          0.08113674	          0.00999999	          0.12127329	          0.25011533	          0.15041574	          0.13937752	          0.15822400	          0.09751749	          0.00999999	          0.00999999	          0.01205095	          0.00999999	          0.61703696	
          0.66451272	         -7.55812354	          0.70568954	         -3.88050586	          0.75618470	          0.92624313	          0.00536974	        -10.16768960	         -0.30114407	         -2.83935448	        -15.87249600	          1.34868378	         42.67878561	         30.90146909	          0.21586764	         -2.12106107	        -11.36491511	         -1.89386624	          0.12000397	         -3.30437353	         -0.43348379	          2.80405302	          0.18455988	          0.00999999	          0.00999999	          0.03046286	          0.08322159	          0.03371455	          0.07243390	          0.02084853	          0.41687984	          0.00999999	          0.01205095	          0.21299096	          0.19295054	          0.00999999	          0.16138779	          0.06732800	          0.00999999	          0.17143868	          0.27921755	          0.13136506	          0.11565673	          0.21167715	          0.08092089	          0.00999999	          0.00999999	          0.00999999	          0.00999999	          0.62206088	
          0.67681851	         -7.56136271	          0.71016204	         -3.83816201	          0.77269993	          0.92640472	          0.00419328	         -9.17726544	         -0.53442303	         -3.31174471	        -19.24337619	         -0.19466273	         44.05676174	         30.73967418	          0.34859227	         -2.08694656	        -12.98450752	         -1.53974478	          0.09558413	         -3.10756712	         -0.75375502	          3.05323200	          0.21687330	          0.00999999	          0.00999999	          0.02527835	          0.16160384	          0.03366444	          0.06010631	          0.01730030	          0.35353727	          0.00999999	          0.00999999	          0.17674183	          0.16011210	          0.00999999	          0.16976250	          0.05586938	          0.00999999	          0.20453310	          0.29373552	          0.11596802	          0.09597300	          0.22800850	          0.06714889	          0.00999999	          0.04231472	          0.00999999	          0.00999999	          0.55151427	
          0.68912430	         -7.54717088	          0.72224296	         -3.78020780	          0.78888926	          0.92721280	          0.00298546	         -7.85505765	         -0.82044679	         -3.83722675	        -23.14095644	         -1.79247071	         44.44828491	         30.54901088	          0.49853121	         -2.02852352	        -14.62267472	         -0.71273651	          0.14939099	         -2.95331882	         -1.07949781	          3.27812117	          0.23722484	          0.00999999	          0.00999999	          0.02097621	          0.20869591	          0.02793506	          0.05759949	          0.01435594	          0.29336843	          0.00999999	          0.00999999	          0.14666197	          0.13286247	          0.00999999	          0.16626244	          0.04636092	          0.00999999	          0.22296901	          0.27386288	          0.10439193	          0.07963927	          0.21490508	          0.05572076	          0.00999999	          0.10455704	          0.00999999	          0.00999999	          0.45765153	
          0.70143010	         -7.52015750	          0.73255764	         -3.70688651	          0.80475945	          0.92868860	          0.00178083	         -6.25227784	         -1.15811403	         -4.41752616	        -27.42752493	         -3.51339050	         43.71279323	         30.21206230	          0.65893703	         -1.94164818	        -16.03775672	          0.43182898	          0.33342209	         -2.83171293	         -1.39971952	          3.47551681	          0.23077799	          0.00999999	          0.00999999	          0.01740625	          0.20013581	          0.02318077	          0.06792668	          0.01191269	          0.24343978	          0.00999999	          0.00999999	          0.12170143	          0.11025048	          0.00999999	          0.15694328	          0.03847071	          0.00999999	          0.22361281	          0.22725390	          0.09506460	          0.06608538	          0.19586681	          0.04623759	          0.00999999	          0.12725967	          0.00999999	          0.00999999	          0.37976338	
          0.71373589	         -7.48485434	          0.72928025	         -3.61920640	          0.82031280	          0.93074655	          0.00060637	         -4.43434447	         -1.54193920	         -5.04717881	        -31.90366123	         -5.51339657	         42.00479475	         29.68570870	          0.81481332	         -1.83553841	        -17.09494018	          1.58026951	          0.62061897	         -2.73806131	         -1.70148335	          3.64246844	          0.22130363	          0.00999999	          0.00999999	          0.01444386	          0.19232440	          0.01923562	          0.08988302	          0.00999999	          0.20200853	          0.00999999	          0.00999999	          0.10098895	          0.09148685	          0.00999999	          0.14248281	          0.03192334	          0.00999999	          0.21619571	          0.18857734	          0.09062012	          0.05483825	          0.16855126	          0.03836837	          0.00999999	          0.14692520	          0.00999999	          0.00999999	          0.31513109	
          0.72604168	         -7.44447452	          0.70164712	         -3.51856361	          0.83556141	          0.93323847	         -0.00052469	         -2.47240085	         -1.96511266	         -5.72202975	        -36.40017846	         -7.71273248	         39.25657710	         28.96095095	          0.95189739	         -1.71324830	        -17.74430241	          2.56016603	          0.97470221	         -2.66987606	         -1.97150565	          3.77774099	          0.22234374	          0.00999999	          0.00999999	          0.01198565	          0.18334442	          0.01596189	          0.10761215	          0.00999999	          0.16762851	          0.00999999	          0.00999999	          0.08380154	          0.07591661	          0.06123483	          0.11823352	          0.02649028	          0.00999999	          0.21170228	          0.15648319	          0.08845487	          0.04550528	          0.14276810	          0.03183842	          0.00999999	          0.16264908	          0.00999999	          0.00999999	          0.27424904	
          0.73834747	         -7.40080598	          0.64163290	         -3.40529447	          0.85051005	          0.93600182	         -0.00161319	         -0.44993339	         -2.41468554	         -6.42261732	        -40.80279418	         -9.67665210	         35.20617743	         28.05346128	          1.05986359	         -1.57085538	        -18.01560571	          3.38844872	          1.35955163	         -2.62719142	         -2.19677595	          3.88210044	          0.22474104	          0.00999999	          0.00999999	          0.00999999	          0.15888767	          0.02208478	          0.14682829	          0.00999999	          0.14329802	          0.00999999	          0.00999999	          0.06953928	          0.06299629	          0.19528590	          0.09811125	          0.02198187	          0.00999999	          0.21173768	          0.12985116	          0.08680048	          0.03776069	          0.12578295	          0.02641981	          0.00999999	          0.16273001	          0.00999999	          0.00999999	          0.25162713	
          0.75065326	         -7.35465655	          0.55099367	         -3.27974942	          0.86515856	          0.93888683	         -0.00264939	          1.53579126	         -2.86030558	         -7.10624269	        -44.94052764	        -10.77302853	         30.25262308	         27.00872961	          1.13593362	         -1.41208653	        -17.99891514	          4.12152277	          1.74514972	         -2.61049602	         -2.37701239	          3.95620544	          0.22392314	          0.00999999	          0.00999999	          0.00999999	          0.13184643	          0.04257451	          0.20977277	          0.00999999	          0.13235608	          0.00999999	          0.00999999	          0.09065806	          0.05227489	          0.22532611	          0.08141360	          0.01824076	          0.00999999	          0.20033951	          0.10775167	          0.09040955	          0.03133416	          0.11248357	          0.02192340	          0.00999999	          0.15552356	          0.00999999	          0.00999999	          0.23201022	
          0.76295905	         -7.30629527	          0.42110862	         -3.14321224	          0.87950639	          0.94182544	         -0.00361470	          3.42761826	         -3.24511135	         -7.76927025	        -48.54373884	        -10.67474054	         25.86849180	         25.87667404	          1.16605676	         -1.24365274	        -17.78396679	          4.76833944	          2.11469588	         -2.62225957	         -2.50184761	          4.00196738	          0.21072346	          0.00999999	          0.00999999	          0.00999999	          0.13068842	          0.04439638	          0.25211376	          0.00999999	          0.12527056	          0.00999999	          0.00999999	          0.07522888	          0.04337818	          0.27215853	          0.06755774	          0.01513635	          0.00999999	          0.17712974	          0.08941331	          0.09177008	          0.02600137	          0.09837115	          0.01819223	          0.00999999	          0.14450800	          0.00999999	          0.00999999	          0.21608484	
          0.77526484	         -7.25523845	          0.24269547	         -2.99970476	          0.89354170	          0.94479998	         -0.00451179	          5.25706289	         -3.54603320	         -8.40646747	        -51.58770293	        -10.21979942	         22.14001601	         24.69574873	          1.13712817	         -1.07112095	        -17.43662445	          5.32073844	          2.46152311	         -2.66862228	         -2.55890257	          4.02383029	          0.20112772	          0.00999999	          0.00999999	          0.00999999	          0.15062567	          0.04190746	          0.30677218	          0.00999999	          0.11713250	          0.00999999	          0.00999999	          0.07523864	          0.03599561	          0.27320824	          0.05606003	          0.01256028	          0.00999999	          0.15313858	          0.07419598	          0.09332063	          0.02157617	          0.08802402	          0.01509608	          0.00999999	          0.13457010	          0.00999999	          0.00999999	          0.19833054	
          0.78757063	         -7.20057511	          0.01356976	         -2.85124115	          0.90726628	          0.94776622	         -0.00533956	          7.04555770	         -3.74464709	         -9.00453383	        -54.11419960	         -9.63114242	         18.93786941	         23.48649646	          1.04450203	         -0.89859048	        -16.99067727	          5.75841680	          2.80039945	         -2.75332838	         -2.54515179	          4.02416446	          0.19617811	          0.00999999	          0.00999999	          0.00999999	          0.17090841	          0.03477519	          0.36762679	          0.00999999	          0.10818657	          0.00999999	          0.00999999	          0.07644539	          0.02986948	          0.27112171	          0.04651912	          0.01042263	          0.00999999	          0.13279487	          0.06156849	          0.09526278	          0.01790410	          0.08048369	          0.01252686	          0.00999999	          0.12599966	          0.03118759	          0.00999999	          0.18920438	
          0.79987642	         -7.14137479	         -0.26448811	         -2.69904410	          0.92068412	          0.95068048	         -0.00609606	          8.80810553	         -3.82816370	         -9.55352029	        -56.17946036	         -8.93210459	         16.18615039	         22.26481796	          0.88889038	         -0.72565195	        -16.47200566	          6.06245158	          3.15885407	         -2.87851465	         -2.46237804	          4.00535798	          0.19260213	          0.00999999	          0.00999999	          0.00999999	          0.19221890	          0.02885677	          0.44108536	          0.00999999	          0.10031517	          0.00999999	          0.00999999	          0.07197248	          0.02478597	          0.26781549	          0.03951630	          0.00999999	          0.00999999	          0.11623431	          0.05109009	          0.09602386	          0.01485699	          0.07158835	          0.01039490	          0.00999999	          0.11895991	          0.05875947	          0.00999999	          0.17893916	
          0.81218222	         -7.07690525	         -0.58539787	         -2.54423366	          0.93380106	          0.95350495	         -0.00677892	         10.55757690	         -3.79315448	        -10.04931069	        -57.83627136	         -8.14437536	         13.82716792	         21.04243003	          0.67576067	         -0.55250689	        -15.90679252	          6.25936097	          3.55165399	         -3.04488549	         -2.31755253	          3.96976201	          0.19386262	          0.02672196	          0.00999999	          0.00999999	          0.20294432	          0.02394561	          0.52914613	          0.00999999	          0.09615020	          0.00999999	          0.00999999	          0.05972342	          0.02056762	          0.25765083	          0.03711134	          0.00999999	          0.00999999	          0.10532605	          0.04239502	          0.09579659	          0.01232846	          0.06762131	          0.00999999	          0.00999999	          0.11381948	          0.08137803	          0.00999999	          0.16197230	
          0.82448801	         -7.00676468	         -0.94145249	         -2.38874872	          0.94663171	          0.95620887	         -0.00739105	         12.30418856	         -3.64625872	        -10.49477435	        -59.13894732	         -7.25251282	         11.80349861	         19.81973395	          0.41235043	         -0.38349594	        -15.30162567	          6.37543712	          3.98717114	         -3.25092948	         -2.11798098	          3.91890422	          0.19619601	          0.04501721	          0.00999999	          0.00999999	          0.21191334	          0.01987029	          0.62936521	          0.00999999	          0.09420756	          0.00999999	          0.00999999	          0.04955903	          0.01706720	          0.24766237	          0.03471356	          0.00999999	          0.00999999	          0.09799681	          0.03517977	          0.09427829	          0.01023027	          0.06336455	          0.00999999	          0.00999999	          0.10847547	          0.10231781	          0.00999999	          0.13440609	
          0.83679380	         -6.93104758	         -1.32370429	         -2.23511845	          0.95918975	          0.95876938	         -0.00793903	         14.05964732	         -3.40130772	        -10.89427217	        -60.14490681	         -6.28720654	         10.06678293	         18.59520295	          0.10779309	         -0.22201358	        -14.65830346	          6.43128043	          4.46778060	         -3.49447029	         -1.87160912	          3.85491593	          0.19961730	          0.05868727	          0.00999999	          0.00999999	          0.21835942	          0.01648855	          0.73521063	          0.00999999	          0.09211794	          0.00999999	          0.00999999	          0.04112453	          0.01416251	          0.24082859	          0.03032763	          0.00999999	          0.00999999	          0.09274438	          0.02919249	          0.09112754	          0.00999999	          0.05779157	          0.00999999	          0.00999999	          0.10141117	          0.12188528	          0.00999999	          0.11153139	
          0.84909959	         -6.85024136	         -1.72254813	         -2.08536666	          0.97148377	          0.96116437	         -0.00843200	         15.83661909	         -3.07685873	        -11.25312326	        -60.91689161	         -5.29950202	          8.57209208	         17.37540168	         -0.22749971	         -0.07024571	        -13.99377713	          6.45256075	          4.98795971	         -3.77356589	         -1.58721871	          3.78115380	          0.20045493	          0.05360386	          0.00999999	          0.00999999	          0.22938304	          0.01368235	          0.83438324	          0.00999999	          0.08817635	          0.00999999	          0.00999999	          0.03412551	          0.01175218	          0.23665581	          0.02516614	          0.00999999	          0.00999999	          0.09041142	          0.02422420	          0.08678454	          0.00999999	          0.05017484	          0.00999999	          0.00999999	          0.08568537	          0.14041145	          0.01481134	          0.09254976	
          0.86140538	         -6.76514588	         -2.12782528	         -1.93975166	          0.98351785	          0.96337027	         -0.00887474	         17.64443615	         -2.69209422	        -11.57632184	        -61.51527667	         -4.32677567	          7.28117807	         16.18138839	         -0.58215570	          0.07181267	        -13.34702165	          6.44725198	          5.55151023	         -4.08636715	         -1.27630214	          3.70182095	          0.20241090	          0.04448097	          0.00999999	          0.00999999	          0.23807177	          0.01135374	          0.90902108	          0.00999999	          0.08532057	          0.00999999	          0.00999999	          0.02831766	          0.00999999	          0.23887604	          0.02088309	          0.00999999	          0.00999999	          0.09003728	          0.02010146	          0.08088687	          0.00999999	          0.04176133	          0.00999999	          0.00999999	          0.07110249	          0.15769022	          0.02704406	          0.07679862	
          0.87371117	         -6.67677589	         -2.52967632	         -1.79704998	          0.99530708	          0.96537042	         -0.00927064	         19.48378357	         -2.26615418	        -11.87007871	        -61.98432097	         -3.39383184	          6.16415807	         15.02904482	         -0.94475663	          0.20298223	        -12.74631897	          6.41784221	          6.16640215	         -4.42920929	         -0.95090285	          3.62066219	          0.20558772	          0.03691071	          0.00999999	          0.00999999	          0.24072703	          0.00999999	          0.95002219	          0.00999999	          0.08549639	          0.00999999	          0.00999999	          0.02349825	          0.00999999	          0.24994435	          0.01732898	          0.00999999	          0.00999999	          0.08963252	          0.01668037	          0.07355473	          0.00999999	          0.03470783	          0.00999999	          0.00999999	          0.05900149	          0.17370701	          0.03962766	          0.06372819	
          0.88601696	         -6.58632045	         -2.91825109	         -1.65545087	          1.00688279	          0.96715731	         -0.00962550	         21.34548033	         -1.81873089	        -12.14119233	        -62.34432530	         -2.52117323	          5.19899809	         13.92235426	         -1.30355004	          0.32098346	        -12.20291016	          6.38202785	          6.82882973	         -4.79610976	         -0.62269680	          3.54049292	          0.21035531	          0.03062884	          0.00999999	          0.00999999	          0.23585369	          0.00999999	          0.94345787	          0.00999999	          0.08806990	          0.00999999	          0.00999999	          0.01949906	          0.00999999	          0.26161640	          0.01506192	          0.00999999	          0.00999999	          0.08872782	          0.01384152	          0.06609873	          0.00999999	          0.03028525	          0.00999999	          0.00999999	          0.04895997	          0.18857914	          0.05139882	          0.05288223	
          0.89832275	         -6.49509751	         -3.28337617	         -1.51272119	          1.01829546	          0.96873234	         -0.00994650	         23.20660385	         -1.36852994	        -12.39589737	        -62.58112729	         -1.69317815	          4.37260826	         12.85410466	         -1.64632897	          0.42288277	        -11.70827975	          6.34855221	          7.53110933	         -5.17828157	         -0.30352084	          3.46271333	          0.21443725	          0.02541609	          0.00999999	          0.00999999	          0.22874631	          0.00999999	          0.86515066	          0.00999999	          0.09240567	          0.00999999	          0.00999999	          0.01618050	          0.00999999	          0.27629077	          0.01865363	          0.00999999	          0.00999999	          0.08769577	          0.01148582	          0.05969911	          0.00999999	          0.02957839	          0.00999999	          0.00999999	          0.04062743	          0.20244279	          0.06203672	          0.04388216	
          0.91062854	         -6.40444993	         -3.61411523	         -1.36634550	          1.02961547	          0.97010760	         -0.01023681	         25.02718199	         -0.93102971	        -12.63757032	        -62.63016045	         -0.91252266	          3.67312658	         11.81021602	         -1.96046273	          0.50378570	        -11.24305326	          6.31959111	          8.26301948	         -5.56381690	         -0.00704543	          3.38636874	          0.21946660	          0.02109050	          0.01000000	          0.00999999	          0.20200860	          0.00999999	          0.71790985	          0.00999999	          0.09797853	          0.01000000	          0.00999999	          0.01342672	          0.00999999	          0.29406999	          0.02666907	          0.00999999	          0.00999999	          0.08891211	          0.00999999	          0.05441098	          0.09575033	          0.03748673	          0.00999999	          0.00999999	          0.03371301	          0.21558312	          0.07195282	          0.03641381	
          0.92293434	         -6.31563000	         -3.89922817	         -1.21466844	          1.04091636	          0.97129662	         -0.01050053	         26.75644482	         -0.52210608	        -12.86797246	        -62.39202116	         -0.19647959	          3.08239139	         10.78536841	         -2.23296029	          0.55936485	        -10.80413932	          6.29453938	          9.01604274	         -5.94003945	          0.25270768	          3.30976210	          0.22149469	          0.01750109	          0.01000001	          0.00999999	          0.16762857	          0.00999999	          0.59572809	          0.00999999	          0.10150941	          0.03198085	          0.00999999	          0.01114162	          0.00999999	          0.31419927	          0.03261044	          0.00999999	          0.00999999	          0.09253508	          0.00999999	          0.05171222	          0.17392519	          0.04114400	          0.00999999	          0.00999999	          0.02797536	          0.22794904	          0.08046959	          0.03021651	
          0.93524013	         -6.23006380	         -4.12806689	         -1.05769957	          1.05225945	          0.97230590	         -0.01074234	         28.34963116	         -0.15740750	        -13.08391249	        -61.78048956	          0.44323088	          2.58080780	          9.77432391	         -2.45141345	          0.59131725	        -10.38524015	          6.26512009	          9.78547019	         -6.29621417	          0.46271946	          3.23205051	          0.22158378	          0.01452256	          0.01268538	          0.00999999	          0.13909970	          0.00999999	          0.49434056	          0.00999999	          0.10399887	          0.04494086	          0.00999999	          0.00999999	          0.00999999	          0.33816530	          0.04085123	          0.00999999	          0.00999999	          0.09560452	          0.00999999	          0.05017445	          0.23677315	          0.04174176	          0.00999999	          0.00999999	          0.02321421	          0.23950257	          0.08758547	          0.02507393	
          0.94754592	         -6.14918547	         -4.29230429	         -0.89562719	          1.06369663	          0.97313352	         -0.01096420	         29.77057542	          0.15269201	        -13.27662194	        -60.73718984	          1.00000946	          2.15212529	          8.76911041	         -2.60610943	          0.60171972	         -9.97476223	          6.22642340	         10.56713450	         -6.62321821	          0.61225734	          3.15192351	          0.22075122	          0.01205095	          0.01190368	          0.00999999	          0.11542619	          0.00999999	          0.41020828	          0.00999999	          0.10584820	          0.04953360	          0.00999999	          0.00999999	          0.00999999	          0.36512073	          0.04781103	          0.00999999	          0.00999999	          0.09784190	          0.00999999	          0.04950688	          0.28634737	          0.04060967	          0.00999999	          0.00999999	          0.01926336	          0.25027312	          0.09314335	          0.02080658	
          0.95985171	         -6.07436171	         -4.38593152	         -0.72848481	          1.07527361	          0.97377026	         -0.01116611	         30.99032914	          0.40308213	        -13.43372353	        -59.22750645	          1.46913529	          1.78263250	          7.75949634	         -2.69000100	          0.59268325	         -9.55695946	          6.17590795	         11.35661050	         -6.91308469	          0.69308027	          3.06744651	          0.21931790	          0.00999999	          0.01000000	          0.00999999	          0.09578170	          0.00999999	          0.34039454	          0.00999999	          0.10748637	          0.04977442	          0.00999999	          0.00999999	          0.00999999	          0.39065261	          0.05313976	          0.00999999	          0.00999999	          0.09929181	          0.00999999	          0.04926862	          0.32507191	          0.03801585	          0.00999999	          0.00999999	          0.01598491	          0.26041585	          0.09732565	          0.01726549	
          0.97215750	         -6.00693993	         -4.40537671	         -0.55612783	          1.08703026	          0.97420087	         -0.01134793	         31.98647498	          0.59292847	        -13.54131683	        -57.23500091	          1.85029814	          1.46213119	          6.73411924	         -2.69875911	          0.56692810	         -9.11366365	          6.11200166	         12.14946719	         -7.15900455	          0.69994606	          2.97653390	          0.21754469	          0.00999999	          0.00999999	          0.00999999	          0.07948052	          0.00999999	          0.28246247	          0.00999999	          0.10981524	          0.04702345	          0.00999999	          0.00999999	          0.00999999	          0.41272614	          0.05839628	          0.00999999	          0.00999999	          0.10008421	          0.00999999	          0.04967888	          0.35547785	          0.03466387	          0.00999999	          0.00999999	          0.01326442	          0.27012691	          0.10051258	          0.01432706	
          0.98446329	         -5.94827515	         -4.34976282	         -0.37821146	          1.09899988	          0.97440463	         -0.01151053	         32.74382561	          0.72474911	        -13.58501966	        -54.75770685	          2.13107145	          1.18387482	          5.68190190	         -2.63099425	          0.52798474	         -8.62770291	          6.03967244	         12.93564800	         -7.35546909	          0.63115033	          2.87717563	          0.21428009	          0.00999999	          0.00999999	          0.00999999	          0.06595366	          0.00999999	          0.23438991	          0.00999999	          0.11405270	          0.04265188	          0.00999999	          0.00999999	          0.00999999	          0.42735961	          0.06099723	          0.01000000	          0.00999999	          0.10019407	          0.00999999	          0.05172315	          0.38081753	          0.02970016	          0.00999999	          0.00999999	          0.01100694	          0.27997941	          0.10389823	          0.02169726	
          0.99676908	         -5.89975920	         -4.22091094	         -0.19405351	          1.11120394	          0.97434968	         -0.01165622	         33.25673733	          0.80340876	        -13.54932431	        -51.80899210	          2.28925666	          0.94408349	          4.59808461	         -2.48829105	          0.48160076	         -8.09664473	          5.98847169	         13.68396672	         -7.49911586	          0.48847003	          2.76777881	          0.20693281	          0.00999999	          0.00999999	          0.00999999	          0.05472894	          0.00999999	          0.19449887	          0.00999999	          0.12366508	          0.03731813	          0.00999999	          0.00999999	          0.00999999	          0.43063300	          0.05964588	          0.00999999	          0.00999999	          0.09873660	          0.00999999	          0.05103263	          0.40925761	          0.02464546	          0.00999999	          0.00999999	          0.00999999	          0.29065733	          0.10836606	          0.06928894	
          1.00907487	         -5.86286788	         -4.02351917	         -0.00308312	          1.12364696	          0.97398716	         -0.01178803	         33.53130166	          0.83575588	        -13.41560146	        -48.41840523	          2.30235523	          0.74289562	          3.48943718	         -2.27549360	          0.43390228	         -7.53792070	          5.98880589	         14.37120481	         -7.58945663	          0.27723971	          2.64775576	          0.20081477	          0.00999999	          0.00999999	          0.00999999	          0.04541457	          0.00999999	          0.16139693	          0.01800997	          0.14188055	          0.03193780	          0.00999999	          0.00999999	          0.00999999	          0.42031509	          0.05708968	          0.00999999	          0.00999999	          0.09801336	          0.00999999	          0.04606038	          0.44915589	          0.02045103	          0.00999999	          0.00999999	          0.00999999	          0.30239138	          0.11392961	          0.12323025	
          1.02138067	         -5.83918070	         -3.76483315	          0.19585166	          1.13632929	          0.97327024	         -0.01191066	         33.57840394	          0.82862506	        -13.16625196	        -44.61835548	          2.15788294	          0.58270151	          2.36579485	         -2.00030223	          0.38964041	         -6.96721324	          6.03654707	         15.01522434	         -7.62662263	          0.00610179	          2.51694309	          0.19705857	          0.00999999	          0.00999999	          0.00999999	          0.03768542	          0.00999999	          0.13392863	          0.03548649	          0.16720283	          0.02772878	          0.00999999	          0.00999999	          0.00999999	          0.40251328	          0.05296459	          0.00999999	          0.00999999	          0.09813983	          0.00999999	          0.03822133	          0.50105184	          0.01697045	          0.00999999	          0.00999999	          0.00999999	          0.31521525	          0.12130234	          0.17371419	
          1.03368646	         -5.83036111	         -3.45438310	          0.40455739	          1.14925225	          0.97216409	         -0.01203079	         33.41059445	          0.78819289	        -12.78399961	        -40.43893711	          1.87823050	          0.46281503	          1.23806156	         -1.67305381	          0.35315957	         -6.40206989	          6.12762642	         15.64223764	         -7.61055743	         -0.31318506	          2.37567239	          0.19368133	          0.00999999	          0.00999999	          0.00999999	          0.03127170	          0.00999999	          0.11113519	          0.05773564	          0.19553552	          0.02426656	          0.00999999	          0.00999999	          0.00999999	          0.38350982	          0.04637543	          0.00999999	          0.00999999	          0.10177289	          0.00999999	          0.03171641	          0.55763491	          0.01408223	          0.01536475	          0.00999999	          0.00999999	          0.32877276	          0.13104197	          0.21709165	
          1.04599225	         -5.83793585	         -3.10539196	          0.62460901	          1.16240998	          0.97064508	         -0.01215430	         33.05438242	          0.71805417	        -12.25273017	        -35.94591012	          1.51728574	          0.37324959	          0.12008018	         -1.30868471	          0.32741210	         -5.86552765	          6.26244181	         16.28037715	         -7.54262161	         -0.66455198	          2.22558722	          0.18454351	          0.00999999	          0.00999999	          0.00999999	          0.02594954	          0.00999999	          0.23231481	          0.09727293	          0.22583160	          0.02325496	          0.00999999	          0.00999999	          0.00999999	          0.36251155	          0.03848275	          0.00999999	          0.00999999	          0.12050408	          0.00999999	          0.02652189	          0.60497410	          0.01168556	          0.05172744	          0.00999999	          0.00999999	          0.34311684	          0.14324481	          0.24582980	
          1.05829804	         -5.86275139	         -2.73766171	          0.85776718	          1.17576812	          0.96869765	         -0.01228486	         32.58466817	          0.61113892	        -11.57883882	        -31.34637251	          1.13996760	          0.30219791	         -0.96548210	         -0.92954577	          0.31249421	         -5.39595451	          6.45240569	         16.95701668	         -7.42915959	         -1.02499898	          2.06868787	          0.17228318	          0.00999999	          0.00999999	          0.00999999	          0.02153317	          0.00999999	          0.26614507	          0.12985870	          0.25535767	          0.02259195	          0.00999999	          0.00999999	          0.00999999	          0.34823099	          0.03193334	          0.00999999	          0.00999999	          0.14017579	          0.00999999	          0.02317376	          0.64130151	          0.00999999	          0.09534985	          0.00999999	          0.00999999	          0.35796596	          0.15768862	          0.25963188	
          1.07060383	         -5.90500577	         -2.37451509	          1.10551028	          1.18929458	          0.96634502	         -0.01241764	         32.06437067	          0.46621102	        -10.78278540	        -26.81205152	          0.78324687	          0.24421233	         -2.00141008	         -0.56149419	          0.30429954	         -5.02033004	          6.69680572	         17.70008316	         -7.27756794	         -1.36903457	          1.90646044	          0.16160999	          0.01525950	          0.00999999	          0.00999999	          0.01810863	          0.00999999	          0.25251504	          0.15576879	          0.28653969	          0.02019610	          0.00999999	          0.00999999	          0.00999999	          0.33796647	          0.02649857	          0.00999999	          0.00999999	          0.15717354	          0.00999999	          0.03014296	          0.66492640	          0.00999999	          0.13899698	          0.00999999	          0.00999999	          0.37317050	          0.17438730	          0.23843540	
          1.08290962	         -5.96436084	         -2.03670222	          1.36821654	          1.20297198	          0.96364919	         -0.01254299	         31.52899414	          0.28933348	         -9.89207900	        -22.43526940	          0.46485985	          0.19885058	         -2.98312681	         -0.22738131	          0.29772230	         -4.74050217	          6.97206347	         18.53872517	         -7.09441262	         -1.67413218	          1.73843567	          0.15029892	          0.03940502	          0.00999999	          0.00999999	          0.04888296	          0.00999999	          0.20953927	          0.16135237	          0.31594257	          0.01980188	          0.00999999	          0.01000000	          0.00999999	          0.33317171	          0.02198876	          0.00999999	          0.00999999	          0.15678671	          0.00999999	          0.03084012	          0.67640944	          0.00999999	          0.16450497	          0.00999999	          0.00999999	          0.38825359	          0.19291278	          0.19785585	
          1.09521541	         -6.04016681	         -1.74194382	          1.64297201	          1.21678715	          0.96069495	         -0.01264534	         30.99893772	          0.09801542	         -8.93902854	        -18.25965795	          0.19221173	          0.16441453	         -3.91273123	          0.05260106	          0.29505218	         -4.54855696	          7.25913093	         19.47960413	         -6.88682996	         -1.91981083	          1.56168306	          0.14235608	          0.07981581	          0.00999999	          0.00999999	          0.08764814	          0.00999999	          0.17387758	          0.15676037	          0.34133312	          0.01984253	          0.00999999	          0.01017924	          0.00999999	          0.33112121	          0.01824647	          0.00999999	          0.00999999	          0.14693700	          0.00999999	          0.03084343	          0.67669518	          0.00999999	          0.17781460	          0.00999999	          0.00999999	          0.40285870	          0.21245043	          0.16418258	
          1.10752120	         -6.13147896	         -1.49917473	          1.92270042	          1.23072515	          0.95756898	         -0.01271049	         30.50034588	         -0.09158937	         -7.96424547	        -14.33938297	         -0.02834341	          0.14009149	         -4.79744933	          0.26807179	          0.29430379	         -4.42840952	          7.54096804	         20.51093522	         -6.66267115	         -2.09317074	          1.37213364	          0.13438892	          0.12739168	          0.00999999	          0.00999999	          0.12401465	          0.00999999	          0.14428519	          0.14396275	          0.35770448	          0.02040293	          0.00999999	          0.00999999	          0.00999999	          0.33289976	          0.01514109	          0.00999999	          0.00999999	          0.13442408	          0.00999999	          0.03769299	          0.66425019	          0.00999999	          0.19205335	          0.00999999	          0.00999999	          0.41663882	          0.23223496	          0.13624019	
          1.11982699	         -6.23709773	         -1.31048479	          2.19818029	          1.24476309	          0.95435316	         -0.01272286	         30.06887140	         -0.26464519	         -7.01284586	        -10.75202879	         -0.18448655	          0.12556474	         -5.64333632	          0.41670925	          0.28882183	         -4.36405963	          7.79302122	         21.62281379	         -6.43132765	         -2.18826132	          1.16485065	          0.11804075	          0.18163300	          0.01000000	          0.00999999	          0.15505958	          0.01133796	          0.11972916	          0.11946159	          0.37371901	          0.01693054	          0.00999999	          0.00999999	          0.00999999	          0.33541851	          0.01256421	          0.00999999	          0.00999999	          0.12418248	          0.00999999	          0.04555847	          0.63823413	          0.00999999	          0.21839408	          0.00999999	          0.00999999	          0.42920691	          0.25145985	          0.11305334	
          1.13213279	         -6.35556428	         -1.17390239	          2.46030271	          1.25886633	          0.95112401	         -0.01266309	         29.74906889	         -0.40597300	         -6.11680928	         -7.60201362	         -0.27200241	          0.12066023	         -6.44682566	          0.50112749	          0.26951773	         -4.35616565	          7.99369832	         22.80937037	         -6.20412759	         -2.20435531	          0.93432164	          0.12676960	          0.19743890	          0.00999999	          0.00999999	          0.14321382	          0.06173066	          0.09935234	          0.09913031	          0.38641196	          0.02209214	          0.00999999	          0.00999999	          0.00999999	          0.33369669	          0.01062231	          0.00999999	          0.00999999	          0.11677113	          0.00999999	          0.03780484	          0.59933745	          0.00999999	          0.26622584	          0.00999999	          0.00999999	          0.43978118	          0.26921552	          0.09381269	
          1.14443858	         -6.48395228	         -1.08014767	          2.70448548	          1.27303939	          0.94795625	         -0.01252498	         29.56514790	         -0.51049540	         -5.30263813	         -4.98938863	         -0.28956118	          0.12552380	         -7.19891427	          0.53232290	          0.22991491	         -4.42246132	          8.12210819	         24.07185987	         -5.98541434	         -2.14954887	          0.67974316	          0.13335472	          0.20637888	          0.00999999	          0.00999999	          0.12771720	          0.10468957	          0.08244347	          0.08225923	          0.39193294	          0.02382171	          0.00999999	          0.00999999	          0.00999999	          0.33691632	          0.01178764	          0.00999999	          0.00999999	          0.11405131	          0.00999999	          0.03137080	          0.54548601	          0.00999999	          0.31227804	          0.00999999	          0.00999999	          0.44759709	          0.28489181	          0.07784662	
          1.15674437	         -6.61900866	         -1.01761016	          2.92904174	          1.28731439	          0.94491437	         -0.01230351	         29.51836613	         -0.57540790	         -4.58771728	         -2.97221961	         -0.24900341	          0.13700179	         -7.89372373	          0.52380658	          0.16124207	         -4.57810249	          8.15567067	         25.41583399	         -5.77485465	         -2.03658025	          0.40196527	          0.14135829	          0.21047928	          0.00999999	          0.00999999	          0.10913721	          0.14181516	          0.09668282	          0.06825945	          0.38551022	          0.02109050	          0.00999999	          0.00999999	          0.00999999	          0.33965313	          0.01702677	          0.00999999	          0.00999999	          0.11400665	          0.00999999	          0.02603178	          0.46790769	          0.00999999	          0.35654486	          0.00999999	          0.00999999	          0.45180681	          0.29785656	          0.06459783	
          1.16905016	         -6.75719890	         -0.97567304	          3.13323828	          1.30173922	          0.94204501	         -0.01199472	         29.60239873	         -0.59900569	         -3.97725518	         -1.59726860	         -0.16335290	          0.15404518	         -8.53452747	          0.48791838	          0.05498846	         -4.82423250	          8.07229684	         26.84499465	         -5.56954981	         -1.87790470	          0.10222450	          0.14899063	          0.21268677	          0.00999999	          0.00999999	          0.09303745	          0.17241849	          0.21098566	          0.05664231	          0.36880642	          0.01750109	          0.01108227	          0.00999999	          0.00999999	          0.33936591	          0.02572648	          0.00999999	          0.00999999	          0.11544174	          0.00999999	          0.02160141	          0.38827404	          0.00999999	          0.39633716	          0.00999999	          0.00999999	          0.45170570	          0.30751607	          0.05360386	
          1.18135595	         -6.89459590	         -0.94578554	          3.31603043	          1.31636367	          0.93937510	         -0.01159472	         29.81685303	         -0.58068422	         -3.47073995	         -0.93304697	         -0.06193663	          0.17577301	         -9.12592839	          0.43445348	         -0.09639681	         -5.16277099	          7.85935956	         28.35753036	         -5.36592353	         -1.68404364	         -0.21704531	          0.15803106	          0.20509495	          0.00999999	          0.00999999	          0.07735940	          0.19624302	          0.29845689	          0.04700230	          0.34199740	          0.01452256	          0.00999999	          0.00999999	          0.00999999	          0.33961193	          0.03637654	          0.00999999	          0.00999999	          0.11878558	          0.00999999	          0.01792505	          0.32219331	          0.01104604	          0.43150105	          0.00999999	          0.00999999	          0.44700250	          0.31316088	          0.04448097	
          1.19366174	         -7.02700007	         -0.92080466	          3.47766640	          1.33125336	          0.93691351	         -0.01110401	         30.14163012	         -0.52136471	         -3.06753560	         -1.00182584	          0.00733758	          0.19741326	         -9.67156984	          0.37151210	         -0.30046757	         -5.60110882	          7.51163185	         29.94821962	         -5.15770584	         -1.46422432	         -0.55260021	          0.17285046	          0.19719729	          0.00999999	          0.00999999	          0.07369857	          0.21156558	          0.34408743	          0.03900294	          0.29868505	          0.01205095	          0.00999999	          0.01564262	          0.00999999	          0.35851809	          0.04672641	          0.00999999	          0.00999999	          0.11244068	          0.00999999	          0.01487437	          0.26735893	          0.02100513	          0.46456248	          0.00999999	          0.00999999	          0.43753730	          0.31453272	          0.03691071	
          1.20596753	         -7.15021517	         -0.89044677	          3.61667148	          1.34648774	          0.93465285	         -0.01053159	         30.53008057	         -0.42628831	         -2.77809023	         -1.76412675	          0.01165928	          0.21760683	        -10.16926706	          0.31101472	         -0.56191147	         -6.16067758	          7.02863568	         31.61258302	         -4.93635430	         -1.22969985	         -0.89779050	          0.19019262	          0.18570365	          0.00999999	          0.00999999	          0.07909398	          0.21856251	          0.34590391	          0.03236499	          0.24785156	          0.00999999	          0.00999999	          0.02653586	          0.00999999	          0.36559892	          0.04808136	          0.00999999	          0.00999999	          0.09330429	          0.00999999	          0.01234289	          0.22185686	          0.03738776	          0.48830940	          0.00999999	          0.00999999	          0.42333963	          0.31224905	          0.03062884	
          1.21827332	         -7.26083786	         -0.84173752	          3.72973874	          1.36213523	          0.93257474	         -0.00989130	         30.91759906	         -0.30703738	         -2.62058062	         -3.13523978	         -0.14103198	          0.22846066	        -10.60283897	          0.26641642	         -0.87448919	         -6.88765381	          6.41563414	         33.34825194	         -4.69440962	         -0.99379668	         -1.24331533	          0.18374256	          0.17112162	          0.00999999	          0.00999999	          0.13086596	          0.22013875	          0.29395447	          0.02685676	          0.20566947	          0.00999999	          0.00999999	          0.02201970	          0.00999999	          0.40228295	          0.07050360	          0.00999999	          0.00999999	          0.07742475	          0.00999999	          0.01024224	          0.18409883	          0.04474571	          0.50443919	          0.01452256	          0.00999999	          0.40415756	          0.30514964	          0.02541609	
          1.23057911	         -7.35587872	         -0.78430204	          3.81492054	          1.37824861	          0.93067115	         -0.00918196	         31.21957577	         -0.18297725	         -2.53797527	         -4.99559814	         -0.46758366	          0.23725854	        -10.94183457	          0.22345208	         -1.22413745	         -7.85058772	          5.68724879	         35.14906566	         -4.42455355	         -0.74977559	         -1.58346857	          0.15661345	          0.14199827	          0.00999999	          0.00999999	          0.23045024	          0.20127502	          0.24392608	          0.05350576	          0.17066639	          0.00999999	          0.00999999	          0.02109050	          0.01452256	          0.41134530	          0.11621833	          0.00999999	          0.00999999	          0.06424775	          0.00999999	          0.01000000	          0.15276688	          0.04397064	          0.51701669	          0.01205096	          0.00999999	          0.37962061	          0.29510543	          0.02109050	
          1.24288491	         -7.43270613	         -0.74838231	          3.87477236	          1.39481450	          0.92899082	         -0.00840406	         31.32311458	         -0.09237259	         -2.34103521	         -6.86035752	         -0.81890315	          0.20300387	        -11.13383294	          0.14404785	         -1.59575368	         -9.14262169	          4.84638228	         37.01404563	         -4.12660964	         -0.47164974	         -1.91719113	          0.12995926	          0.11783145	          0.00999999	          0.01590523	          0.19122969	          0.18631599	          0.20241207	          0.08928984	          0.14162051	          0.00999999	          0.00999999	          0.01750109	          0.01205095	          0.48729180	          0.10843742	          0.00999999	          0.00999999	          0.05331337	          0.01205095	          0.02581620	          0.12676734	          0.03648724	          0.50566840	          0.01000000	          0.01872941	          0.34959851	          0.27933390	          0.01750109	
          1.25519070	         -7.49301694	         -0.73067740	          3.90331803	          1.41164109	          0.92763215	         -0.00749911	         31.25148665	          0.00330647	         -2.21348605	         -8.43839464	         -1.28562657	          0.18829389	        -11.11006550	          0.02562690	         -1.98767938	        -10.85455139	          3.86304916	         38.93579773	         -3.82542405	         -0.17345944	         -2.23453139	          0.13971705	          0.09777760	          0.00999999	          0.06359622	          0.19977162	          0.16538949	          0.16796337	          0.11415127	          0.11751798	          0.00999999	          0.00999999	          0.01452256	          0.00999999	          0.57292665	          0.10711250	          0.00999999	          0.00999999	          0.04423992	          0.00999999	          0.02142256	          0.10519268	          0.03027744	          0.49012550	          0.00999999	          0.01750109	          0.30931775	          0.25888489	          0.01452256	
          1.26749649	         -7.53529869	         -0.71401008	          3.90317077	          1.42852710	          0.92668455	         -0.00647937	         31.08911958	          0.10278491	         -2.15354671	         -9.88308966	         -1.75396944	          0.15916267	        -10.80445473	         -0.11811838	         -2.40107387	        -13.07852907	          2.70706473	         40.86660334	         -3.54705362	          0.12556873	         -2.53053166	          0.15359289	          0.08113674	          0.00999999	          0.12127329	          0.25011533	          0.15041574	          0.13937752	          0.15822400	          0.09751749	          0.00999999	          0.00999999	          0.01205095	          0.00999999	          0.61703696	          0.14288967	          0.00999999	          0.00999999	          0.03671068	          0.03489572	          0.03012290	          0.08728984	          0.02512449	          0.45982350	          0.00999999	          0.01452256	          0.25667467	          0.23252402	          0.01205095	
          1.27980228	         -7.55812354	         -0.70568954	          3.88050586	          1.44530901	          0.92624313	         -0.00536974	         30.90146909	          0.21586764	         -2.12106107	        -11.36491511	         -1.89386624	          0.12000397	        -10.16768960	         -0.30114407	         -2.83935448	        -15.87249600	          1.34868378	         42.67878561	         -3.30437353	          0.43348379	         -2.80405302	          0.16138779	          0.06732800	          0.00999999	          0.17143868	          0.27921755	          0.13136506	          0.11565673	          0.21167715	          0.08092089	          0.00999999	          0.00999999	          0.00999999	          0.00999999	          0.62206088	          0.18455988	          0.00999999	          0.00999999	          0.03046286	          0.08322159	          0.03371455	          0.07243390	          0.02084853	          0.41687984	          0.00999999	          0.01205095	          0.21299096	          0.19295054	          0.00999999	
          1.29210807	         -7.56136271	         -0.71016204	          3.83816201	          1.46182423	          0.92640472	         -0.00419328	         30.73967418	          0.34859227	         -2.08694656	        -12.98450752	         -1.53974478	          0.09558413	         -9.17726544	         -0.53442303	         -3.31174471	        -19.24337619	         -0.19466273	         44.05676174	         -3.10756712	          0.75375502	         -3.05323200	          0.16976250	          0.05586938	          0.00999999	          0.20453310	          0.29373552	          0.11596802	          0.09597300	          0.22800850	          0.06714889	          0.00999999	          0.04231472	          0.00999999	          0.00999999	          0.55151427	          0.21687330	          0.00999999	          0.00999999	          0.02527835	          0.16160384	          0.03366444	          0.06010631	          0.01730030	          0.35353727	          0.00999999	          0.00999999	          0.17674183	          0.16011210	          0.00999999	
          1.30441386	         -7.54717088	         -0.72224296	          3.78020780	          1.47801357	          0.92721280	         -0.00298546	         30.54901088	          0.49853121	         -2.02852352	        -14.62267472	         -0.71273651	          0.14939099	         -7.85505765	         -0.82044679	         -3.83722675	        -23.14095644	         -1.79247071	         44.44828491	         -2.95331882	          1.07949781	         -3.27812117	          0.16626244	          0.04636092	          0.00999999	          0.22296901	          0.27386288	          0.10439193	          0.07963927	          0.21490508	          0.05572076	          0.00999999	          0.10455704	          0.00999999	          0.00999999	          0.45765153	          0.23722484	          0.00999999	          0.00999999	          0.02097621	          0.20869591	          0.02793506	          0.05759949	          0.01435594	          0.29336843	          0.00999999	          0.00999999	          0.14666197	          0.13286247	          0.00999999	
          1.31671965	         -7.52015750	         -0.73255764	          3.70688651	          1.49388376	          0.92868860	         -0.00178083	         30.21206230	          0.65893703	         -1.94164818	        -16.03775672	          0.43182898	          0.33342209	         -6.25227784	         -1.15811403	         -4.41752616	        -27.42752493	         -3.51339050	         43.71279323	         -2.83171293	          1.39971952	         -3.47551681	          0.15694328	          0.03847071	          0.00999999	          0.22361281	          0.22725390	          0.09506460	          0.06608538	          0.19586681	          0.04623759	          0.00999999	          0.12725967	          0.00999999	          0.00999999	          0.37976338	          0.23077799	          0.00999999	          0.00999999	          0.01740625	          0.20013581	          0.02318077	          0.06792668	          0.01191269	          0.24343978	          0.00999999	          0.00999999	          0.12170143	          0.11025048	          0.00999999	
          1.32902544	         -7.48485434	         -0.72928025	          3.61920640	          1.50943710	          0.93074655	         -0.00060637	         29.68570870	          0.81481332	         -1.83553841	        -17.09494018	          1.58026951	          0.62061897	         -4.43434447	         -1.54193920	         -5.04717881	        -31.90366123	         -5.51339657	         42.00479475	         -2.73806131	          1.70148335	         -3.64246844	          0.14248281	          0.03192334	          0.00999999	          0.21619571	          0.18857734	          0.09062012	          0.05483825	          0.16855126	          0.03836837	          0.00999999	          0.14692520	          0.00999999	          0.00999999	          0.31513109	          0.22130363	          0.00999999	          0.00999999	          0.01444386	          0.19232440	          0.01923562	          0.08988302	          0.00999999	          0.20200853	          0.00999999	          0.00999999	          0.10098895	          0.09148685	          0.00999999	
          1.34133123	         -7.44447452	         -0.70164712	          3.51856361	          1.52468571	          0.93323847	          0.00052469	         28.96095095	          0.95189739	         -1.71324830	        -17.74430241	          2.56016603	          0.97470221	         -2.47240085	         -1.96511266	         -5.72202975	        -36.40017846	         -7.71273248	         39.25657710	         -2.66987606	          1.97150565	         -3.77774099	          0.11823352	          0.02649028	          0.00999999	          0.21170228	          0.15648319	          0.08845487	          0.04550528	          0.14276810	          0.03183842	          0.00999999	          0.16264908	          0.00999999	          0.00999999	          0.27424904	          0.22234374	          0.00999999	          0.00999999	          0.01198565	          0.18334442	          0.01596189	          0.10761215	          0.00999999	          0.16762851	          0.00999999	          0.00999999	          0.08380154	          0.07591661	          0.06123483	
          1.35363703	         -7.40080598	         -0.64163290	          3.40529447	          1.53963435	          0.93600182	          0.00161319	         28.05346128	          1.05986359	         -1.57085538	        -18.01560571	          3.38844872	          1.35955163	         -0.44993339	         -2.41468554	         -6.42261732	        -40.80279418	         -9.67665210	         35.20617743	         -2.62719142	          2.19677595	         -3.88210044	          0.09811125	          0.02198187	          0.00999999	          0.21173768	          0.12985116	          0.08680048	          0.03776069	          0.12578295	          0.02641981	          0.00999999	          0.16273001	          0.00999999	          0.00999999	          0.25162713	          0.22474104	          0.00999999	          0.00999999	          0.00999999	          0.15888767	          0.02208478	          0.14682829	          0.00999999	          0.14329802	          0.00999999	          0.00999999	          0.06953928	          0.06299629	          0.19528590	
          1.36594282	         -7.35465655	         -0.55099367	          3.27974942	          1.55428286	          0.93888683	          0.00264939	         27.00872961	          1.13593362	         -1.41208653	        -17.99891514	          4.12152277	          1.74514972	          1.53579126	         -2.86030558	         -7.10624269	        -44.94052764	        -10.77302853	         30.25262308	         -2.61049602	          2.37701239	         -3.95620544	          0.08141360	          0.01824076	          0.00999999	          0.20033951	          0.10775167	          0.09040955	          0.03133416	          0.11248357	          0.02192340	          0.00999999	          0.15552356	          0.00999999	          0.00999999	          0.23201022	          0.22392314	          0.00999999	          0.00999999	          0.00999999	          0.13184643	          0.04257451	          0.20977277	          0.00999999	          0.13235608	          0.00999999	          0.00999999	          0.09065806	          0.05227489	          0.22532611	
          1.37824861	         -7.30629527	         -0.42110862	          3.14321224	          1.56863070	          0.94182544	          0.00361470	         25.87667404	          1.16605676	         -1.24365274	        -17.78396679	          4.76833944	          2.11469588	          3.42761826	         -3.24511135	         -7.76927025	        -48.54373884	        -10.67474054	         25.86849180	         -2.62225957	          2.50184761	         -4.00196738	          0.06755774	          0.01513635	          0.00999999	          0.17712974	          0.08941331	          0.09177008	          0.02600137	          0.09837115	          0.01819223	          0.00999999	          0.14450800	          0.00999999	          0.00999999	          0.21608484	          0.21072346	          0.00999999	          0.00999999	          0.00999999	          0.13068842	          0.04439638	          0.25211376	          0.00999999	          0.12527056	          0.00999999	          0.00999999	          0.07522888	          0.04337818	          0.27215853	
          1.39055440	         -7.25523845	         -0.24269547	          2.99970476	          1.58266600	          0.94479998	          0.00451179	         24.69574873	          1.13712817	         -1.07112095	        -17.43662445	          5.32073844	          2.46152311	          5.25706289	         -3.54603320	         -8.40646747	        -51.58770293	        -10.21979942	         22.14001601	         -2.66862228	          2.55890257	         -4.02383029	          0.05606003	          0.01256028	          0.00999999	          0.15313858	          0.07419598	          0.09332063	          0.02157617	          0.08802402	          0.01509608	          0.00999999	          0.13457010	          0.00999999	          0.00999999	          0.19833054	          0.20112772	          0.00999999	          0.00999999	          0.00999999	          0.15062567	          0.04190746	          0.30677218	          0.00999999	          0.11713250	          0.00999999	          0.00999999	          0.07523864	          0.03599561	          0.27320824	
          1.40286019	         -7.20057511	         -0.01356976	          2.85124115	          1.59639058	          0.94776622	          0.00533956	         23.48649646	          1.04450203	         -0.89859048	        -16.99067727	          5.75841680	          2.80039945	          7.04555770	         -3.74464709	         -9.00453383	        -54.11419960	         -9.63114242	         18.93786941	         -2.75332838	          2.54515179	         -4.02416446	          0.04651912	          0.01042263	          0.00999999	          0.13279487	          0.06156849	          0.09526278	          0.01790410	          0.08048369	          0.01252686	          0.00999999	          0.12599966	          0.03118759	          0.00999999	          0.18920438	          0.19617811	          0.00999999	          0.00999999	          0.00999999	          0.17090841	          0.03477519	          0.36762679	          0.00999999	          0.10818657	          0.00999999	          0.00999999	          0.07644539	          0.02986948	          0.27112171	
          1.41516598	         -7.14137479	          0.26448811	          2.69904410	          1.60980842	          0.95068048	          0.00609606	         22.26481796	          0.88889038	         -0.72565195	        -16.47200566	          6.06245158	          3.15885407	          8.80810553	         -3.82816370	         -9.55352029	        -56.17946036	         -8.93210459	         16.18615039	         -2.87851465	          2.46237804	         -4.00535798	          0.03951630	          0.00999999	          0.00999999	          0.11623431	          0.05109009	          0.09602386	          0.01485699	          0.07158835	          0.01039490	          0.00999999	          0.11895991	          0.05875947	          0.00999999	          0.17893916	          0.19260213	          0.00999999	          0.00999999	          0.00999999	          0.19221890	          0.02885677	          0.44108536	          0.00999999	          0.10031517	          0.00999999	          0.00999999	          0.07197248	          0.02478597	          0.26781549	
          1.42747177	         -7.07690525	          0.58539787	          2.54423366	          1.62292537	          0.95350495	          0.00677892	         21.04243003	          0.67576067	         -0.55250689	        -15.90679252	          6.25936097	          3.55165399	         10.55757690	         -3.79315448	        -10.04931069	        -57.83627136	         -8.14437536	         13.82716792	         -3.04488549	          2.31755253	         -3.96976201	          0.03711134	          0.00999999	          0.00999999	          0.10532605	          0.04239502	          0.09579659	          0.01232846	          0.06762131	          0.00999999	          0.00999999	          0.11381948	          0.08137803	          0.00999999	          0.16197230	          0.19386262	          0.02672196	          0.00999999	          0.00999999	          0.20294432	          0.02394561	          0.52914613	          0.00999999	          0.09615020	          0.00999999	          0.00999999	          0.05972342	          0.02056762	          0.25765083	
          1.43977756	         -7.00676468	          0.94145249	          2.38874872	          1.63575601	          0.95620887	          0.00739105	         19.81973395	          0.41235043	         -0.38349594	        -15.30162567	          6.37543712	          3.98717114	         12.30418856	         -3.64625872	        -10.49477435	        -59.13894732	         -7.25251282	         11.80349861	         -3.25092948	          2.11798098	         -3.91890422	          0.03471356	          0.00999999	          0.00999999	          0.09799681	          0.03517977	          0.09427829	          0.01023027	          0.06336455	          0.00999999	          0.00999999	          0.10847547	          0.10231781	          0.00999999	          0.13440609	          0.19619601	          0.04501721	          0.00999999	          0.00999999	          0.21191334	          0.01987029	          0.62936521	          0.00999999	          0.09420756	          0.00999999	          0.00999999	          0.04955903	          0.01706720	          0.24766237	
          1.45208336	         -6.93104758	          1.32370429	          2.23511845	          1.64831405	          0.95876938	          0.00793903	         18.59520295	          0.10779309	         -0.22201358	        -14.65830346	          6.43128043	          4.46778060	         14.05964732	         -3.40130772	        -10.89427217	        -60.14490681	         -6.28720654	         10.06678293	         -3.49447029	          1.87160912	         -3.85491593	          0.03032763	          0.00999999	          0.00999999	          0.09274438	          0.02919249	          0.09112754	          0.00999999	          0.05779157	          0.00999999	          0.00999999	          0.10141117	          0.12188528	          0.00999999	          0.11153139	          0.19961730	          0.05868727	          0.00999999	          0.00999999	          0.21835942	          0.01648855	          0.73521063	          0.00999999	          0.09211794	          0.00999999	          0.00999999	          0.04112453	          0.01416251	          0.24082859	
          1.46438915	         -6.85024136	          1.72254813	          2.08536666	          1.66060808	          0.96116437	          0.00843200	         17.37540168	         -0.22749971	         -0.07024571	        -13.99377713	          6.45256075	          4.98795971	         15.83661909	         -3.07685873	        -11.25312326	        -60.91689161	         -5.29950202	          8.57209208	         -3.77356589	          1.58721871	         -3.78115380	          0.02516614	          0.00999999	          0.00999999	          0.09041142	          0.02422420	          0.08678454	          0.00999999	          0.05017484	          0.00999999	          0.00999999	          0.08568537	          0.14041145	          0.01481134	          0.09254976	          0.20045493	          0.05360386	          0.00999999	          0.00999999	          0.22938304	          0.01368235	          0.83438324	          0.00999999	          0.08817635	          0.00999999	          0.00999999	          0.03412551	          0.01175218	          0.23665581	
          1.47669494	         -6.76514588	          2.12782528	          1.93975166	          1.67264215	          0.96337027	          0.00887474	         16.18138839	         -0.58215570	          0.07181267	        -13.34702165	          6.44725198	          5.55151023	         17.64443615	         -2.69209422	        -11.57632184	        -61.51527667	         -4.32677567	          7.28117807	         -4.08636715	          1.27630214	         -3.70182095	          0.02088309	          0.00999999	          0.00999999	          0.09003728	          0.02010146	          0.08088687	          0.00999999	          0.04176133	          0.00999999	          0.00999999	          0.07110249	          0.15769022	          0.02704406	          0.07679862	          0.20241090	          0.04448097	          0.00999999	          0.00999999	          0.23807177	          0.01135374	          0.90902108	          0.00999999	          0.08532057	          0.00999999	          0.00999999	          0.02831766	          0.00999999	          0.23887604	
          1.48900073	         -6.67677589	          2.52967632	          1.79704998	          1.68443139	          0.96537042	          0.00927064	         15.02904482	         -0.94475663	          0.20298223	        -12.74631897	          6.41784221	          6.16640215	         19.48378357	         -2.26615418	        -11.87007871	        -61.98432097	         -3.39383184	          6.16415807	         -4.42920929	          0.95090285	         -3.62066219	          0.01732898	          0.00999999	          0.00999999	          0.08963252	          0.01668037	          0.07355473	          0.00999999	          0.03470783	          0.00999999	          0.00999999	          0.05900149	          0.17370701	          0.03962766	          0.06372819	          0.20558772	          0.03691071	          0.00999999	          0.00999999	          0.24072703	          0.00999999	          0.95002219	          0.00999999	          0.08549639	          0.00999999	          0.00999999	          0.02349825	          0.00999999	          0.24994435	
          1.50130652	         -6.58632045	          2.91825109	          1.65545087	          1.69600710	          0.96715731	          0.00962550	         13.92235426	         -1.30355004	          0.32098346	        -12.20291016	          6.38202785	          6.82882973	         21.34548033	         -1.81873089	        -12.14119233	        -62.34432530	         -2.52117323	          5.19899809	         -4.79610976	          0.62269680	         -3.54049292	          0.01506192	          0.00999999	          0.00999999	          0.08872782	          0.01384152	          0.06609873	          0.00999999	          0.03028525	          0.00999999	          0.00999999	          0.04895997	          0.18857914	          0.05139882	          0.05288223	          0.21035531	          0.03062884	          0.00999999	          0.00999999	          0.23585369	          0.00999999	          0.94345787	          0.00999999	          0.08806990	          0.00999999	          0.00999999	          0.01949906	          0.00999999	          0.26161640	
          1.51361231	         -6.49509751	          3.28337617	          1.51272119	          1.70741977	          0.96873234	          0.00994650	         12.85410466	         -1.64632897	          0.42288277	        -11.70827975	          6.34855221	          7.53110933	         23.20660385	         -1.36852994	        -12.39589737	        -62.58112729	         -1.69317815	          4.37260826	         -5.17828157	          0.30352084	         -3.46271333	          0.01865363	          0.00999999	          0.00999999	          0.08769577	          0.01148582	          0.05969911	          0.00999999	          0.02957839	          0.00999999	          0.00999999	          0.04062743	          0.20244279	          0.06203672	          0.04388216	          0.21443725	          0.02541609	          0.00999999	          0.00999999	          0.22874631	          0.00999999	          0.86515066	          0.00999999	          0.09240567	          0.00999999	          0.00999999	          0.01618050	          0.00999999	          0.27629077	
          1.52591810	         -6.40444993	          3.61411523	          1.36634550	          1.71873977	          0.97010760	          0.01023681	         11.81021602	         -1.96046273	          0.50378570	        -11.24305326	          6.31959111	          8.26301948	         25.02718199	         -0.93102971	        -12.63757032	        -62.63016045	         -0.91252266	          3.67312658	         -5.56381690	          0.00704543	         -3.38636874	          0.02666907	          0.00999999	          0.00999999	          0.08891211	          0.00999999	          0.05441098	          0.09575033	          0.03748673	          0.00999999	          0.00999999	          0.03371301	          0.21558312	          0.07195282	          0.03641381	          0.21946660	          0.02109050	          0.01000000	          0.00999999	          0.20200860	          0.00999999	          0.71790985	          0.00999999	          0.09797853	          0.01000000	          0.00999999	          0.01342672	          0.00999999	          0.29406999	
          1.53822389	         -6.31563000	          3.89922817	          1.21466844	          1.73004067	          0.97129662	          0.01050053	         10.78536841	         -2.23296029	          0.55936485	        -10.80413932	          6.29453938	          9.01604274	         26.75644482	         -0.52210608	        -12.86797246	        -62.39202116	         -0.19647959	          3.08239139	         -5.94003945	         -0.25270768	         -3.30976210	          0.03261044	          0.00999999	          0.00999999	          0.09253508	          0.00999999	          0.05171222	          0.17392519	          0.04114400	          0.00999999	          0.00999999	          0.02797536	          0.22794904	          0.08046959	          0.03021651	          0.22149469	          0.01750109	          0.01000001	          0.00999999	          0.16762857	          0.00999999	          0.59572809	          0.00999999	          0.10150941	          0.03198085	          0.00999999	          0.01114162	          0.00999999	          0.31419927	
          1.55052968	         -6.23006380	          4.12806689	          1.05769957	          1.74138375	          0.97230590	          0.01074234	          9.77432391	         -2.45141345	          0.59131725	        -10.38524015	          6.26512009	          9.78547019	         28.34963116	         -0.15740750	        -13.08391249	        -61.78048956	          0.44323088	          2.58080780	         -6.29621417	         -0.46271946	         -3.23205051	          0.04085123	          0.00999999	          0.00999999	          0.09560452	          0.00999999	          0.05017445	          0.23677315	          0.04174176	          0.00999999	          0.00999999	          0.02321421	          0.23950257	          0.08758547	          0.02507393	          0.22158378	          0.01452256	          0.01268538	          0.00999999	          0.13909970	          0.00999999	          0.49434056	          0.00999999	          0.10399887	          0.04494086	          0.00999999	          0.00999999	          0.00999999	          0.33816530	
          1.56283548	         -6.14918547	          4.29230429	          0.89562719	          1.75282093	          0.97313352	          0.01096420	          8.76911041	         -2.60610943	          0.60171972	         -9.97476223	          6.22642340	         10.56713450	         29.77057542	          0.15269201	        -13.27662194	        -60.73718984	          1.00000946	          2.15212529	         -6.62321821	         -0.61225734	         -3.15192351	          0.04781103	          0.00999999	          0.00999999	          0.09784190	          0.00999999	          0.04950688	          0.28634737	          0.04060967	          0.00999999	          0.00999999	          0.01926336	          0.25027312	          0.09314335	          0.02080658	          0.22075122	          0.01205095	          0.01190368	          0.00999999	          0.11542619	          0.00999999	          0.41020828	          0.00999999	          0.10584820	          0.04953360	          0.00999999	          0.00999999	          0.00999999	          0.36512073	
          1.57514127	         -6.07436171	          4.38593152	          0.72848481	          1.76439792	          0.97377026	          0.01116611	          7.75949634	         -2.69000100	          0.59268325	         -9.55695946	          6.17590795	         11.35661050	         30.99032914	          0.40308213	        -13.43372353	        -59.22750645	          1.46913529	          1.78263250	         -6.91308469	         -0.69308027	         -3.06744651	          0.05313976	          0.00999999	          0.00999999	          0.09929181	          0.00999999	          0.04926862	          0.32507191	          0.03801585	          0.00999999	          0.00999999	          0.01598491	          0.26041585	          0.09732565	          0.01726549	          0.21931790	          0.00999999	          0.01000000	          0.00999999	          0.09578170	          0.00999999	          0.34039454	          0.00999999	          0.10748637	          0.04977442	          0.00999999	          0.00999999	          0.00999999	          0.39065261	
          1.58744706	         -6.00693993	          4.40537671	          0.55612783	          1.77615456	          0.97420087	          0.01134793	          6.73411924	         -2.69875911	          0.56692810	         -9.11366365	          6.11200166	         12.14946719	         31.98647498	          0.59292847	        -13.54131683	        -57.23500091	          1.85029814	          1.46213119	         -7.15900455	         -0.69994606	         -2.97653390	          0.05839628	          0.00999999	          0.00999999	          0.10008421	          0.00999999	          0.04967888	          0.35547785	          0.03466387	          0.00999999	          0.00999999	          0.01326442	          0.27012691	          0.10051258	          0.01432706	          0.21754469	          0.00999999	          0.00999999	          0.00999999	          0.07948052	          0.00999999	          0.28246247	          0.00999999	          0.10981524	          0.04702345	          0.00999999	          0.00999999	          0.00999999	          0.41272614	
          1.59975285	         -5.94827515	          4.34976282	          0.37821146	          1.78812418	          0.97440463	          0.01151053	          5.68190190	         -2.63099425	          0.52798474	         -8.62770291	          6.03967244	         12.93564800	         32.74382561	          0.72474911	        -13.58501966	        -54.75770685	          2.13107145	          1.18387482	         -7.35546909	         -0.63115033	         -2.87717563	          0.06099723	          0.01000000	          0.00999999	          0.10019407	          0.00999999	          0.05172315	          0.38081753	          0.02970016	          0.00999999	          0.00999999	          0.01100694	          0.27997941	          0.10389823	          0.02169726	          0.21428009	          0.00999999	          0.00999999	          0.00999999	          0.06595366	          0.00999999	          0.23438991	          0.00999999	          0.11405270	          0.04265188	          0.00999999	          0.00999999	          0.00999999	          0.42735961	
          1.61205864	         -5.89975920	          4.22091094	          0.19405351	          1.80032824	          0.97434968	          0.01165622	          4.59808461	         -2.48829105	          0.48160076	         -8.09664473	          5.98847169	         13.68396672	         33.25673733	          0.80340876	        -13.54932431	        -51.80899210	          2.28925666	          0.94408349	         -7.49911586	         -0.48847003	         -2.76777881	          0.05964588	          0.00999999	          0.00999999	          0.09873660	          0.00999999	          0.05103263	          0.40925761	          0.02464546	          0.00999999	          0.00999999	          0.00999999	          0.29065733	          0.10836606	          0.06928894	          0.20693281	          0.00999999	          0.00999999	          0.00999999	          0.05472894	          0.00999999	          0.19449887	          0.00999999	          0.12366508	          0.03731813	          0.00999999	          0.00999999	          0.00999999	          0.43063300	
          1.62436443	         -5.86286788	          4.02351917	          0.00308312	          1.81277126	          0.97398716	          0.01178803	          3.48943718	         -2.27549360	          0.43390228	         -7.53792070	          5.98880589	         14.37120481	         33.53130166	          0.83575588	        -13.41560146	        -48.41840523	          2.30235523	          0.74289562	         -7.58945663	         -0.27723971	         -2.64775576	          0.05708968	          0.00999999	          0.00999999	          0.09801336	          0.00999999	          0.04606038	          0.44915589	          0.02045103	          0.00999999	          0.00999999	          0.00999999	          0.30239138	          0.11392961	          0.12323025	          0.20081477	          0.00999999	          0.00999999	          0.00999999	          0.04541457	          0.00999999	          0.16139693	          0.01800997	          0.14188055	          0.03193780	          0.00999999	          0.00999999	          0.00999999	          0.42031509	
          1.63667022	         -5.83918070	          3.76483315	         -0.19585166	          1.82545359	          0.97327024	          0.01191066	          2.36579485	         -2.00030223	          0.38964041	         -6.96721324	          6.03654707	         15.01522434	         33.57840394	          0.82862506	        -13.16625196	        -44.61835548	          2.15788294	          0.58270151	         -7.62662263	         -0.00610179	         -2.51694309	          0.05296459	          0.00999999	          0.00999999	          0.09813983	          0.00999999	          0.03822133	          0.50105184	          0.01697045	          0.00999999	          0.00999999	          0.00999999	          0.31521525	          0.12130234	          0.17371419	          0.19705857	          0.00999999	          0.00999999	          0.00999999	          0.03768542	          0.00999999	          0.13392863	          0.03548649	          0.16720283	          0.02772878	          0.00999999	          0.00999999	          0.00999999	          0.40251328	
          1.64897601	         -5.83036111	          3.45438310	         -0.40455739	          1.83837656	          0.97216409	          0.01203079	          1.23806156	         -1.67305381	          0.35315957	         -6.40206989	          6.12762642	         15.64223764	         33.41059445	          0.78819289	        -12.78399961	        -40.43893711	          1.87823050	          0.46281503	         -7.61055743	          0.31318506	         -2.37567239	          0.04637543	          0.00999999	          0.00999999	          0.10177289	          0.00999999	          0.03171641	          0.55763491	          0.01408223	          0.01536475	          0.00999999	          0.00999999	          0.32877276	          0.13104197	          0.21709165	          0.19368133	          0.00999999	          0.00999999	          0.00999999	          0.03127170	          0.00999999	          0.11113519	          0.05773564	          0.19553552	          0.02426656	          0.00999999	          0.00999999	          0.00999999	          0.38350982	
          1.66128180	         -5.83793585	          3.10539196	         -0.62460901	          1.85153428	          0.97064508	          0.01215430	          0.12008018	         -1.30868471	          0.32741210	         -5.86552765	          6.26244181	         16.28037715	         33.05438242	          0.71805417	        -12.25273017	        -35.94591012	          1.51728574	          0.37324959	         -7.54262161	          0.66455198	         -2.22558722	          0.03848275	          0.00999999	          0.00999999	          0.12050408	          0.00999999	          0.02652189	          0.60497410	          0.01168556	          0.05172744	          0.00999999	          0.00999999	          0.34311684	          0.14324481	          0.24582980	          0.18454351	          0.00999999	          0.00999999	          0.00999999	          0.02594954	          0.00999999	          0.23231481	          0.09727293	          0.22583160	          0.02325496	          0.00999999	          0.00999999	          0.00999999	          0.36251155	
          1.67358760	         -5.86275139	          2.73766171	         -0.85776718	          1.86489243	          0.96869765	          0.01228486	         -0.96548210	         -0.92954577	          0.31249421	         -5.39595451	          6.45240569	         16.95701668	         32.58466817	          0.61113892	        -11.57883882	        -31.34637251	          1.13996760	          0.30219791	         -7.42915959	          1.02499898	         -2.06868787	          0.03193334	          0.00999999	          0.00999999	          0.14017579	          0.00999999	          0.02317376	          0.64130151	          0.00999999	          0.09534985	          0.00999999	          0.00999999	          0.35796596	          0.15768862	          0.25963188	          0.17228318	          0.00999999	          0.00999999	          0.00999999	          0.02153317	          0.00999999	          0.26614507	          0.12985870	          0.25535767	          0.02259195	          0.00999999	          0.00999999	          0.00999999	          0.34823099	
          1.68589339	         -5.90500577	          2.37451509	         -1.10551028	          1.87841888	          0.96634502	          0.01241764	         -2.00141008	         -0.56149419	          0.30429954	         -5.02033004	          6.69680572	         17.70008316	         32.06437067	          0.46621102	        -10.78278540	        -26.81205152	          0.78324687	          0.24421233	         -7.27756794	          1.36903457	         -1.90646044	          0.02649857	          0.00999999	          0.00999999	          0.15717354	          0.00999999	          0.03014296	          0.66492640	          0.00999999	          0.13899698	          0.00999999	          0.00999999	          0.37317050	          0.17438730	          0.23843540	          0.16160999	          0.01525950	          0.00999999	          0.00999999	          0.01810863	          0.00999999	          0.25251504	          0.15576879	          0.28653969	          0.02019610	          0.00999999	          0.00999999	          0.00999999	          0.33796647	
          1.69819918	         -5.96436084	          2.03670222	         -1.36821654	          1.89209628	          0.96364919	          0.01254299	         -2.98312681	         -0.22738131	          0.29772230	         -4.74050217	          6.97206347	         18.53872517	         31.52899414	          0.28933348	         -9.89207900	        -22.43526940	          0.46485985	          0.19885058	         -7.09441262	          1.67413218	         -1.73843567	          0.02198876	          0.00999999	          0.00999999	          0.15678671	          0.00999999	          0.03084012	          0.67640944	          0.00999999	          0.16450497	          0.00999999	          0.00999999	          0.38825359	          0.19291278	          0.19785585	          0.15029892	          0.03940502	          0.00999999	          0.00999999	          0.04888296	          0.00999999	          0.20953927	          0.16135237	          0.31594257	          0.01980188	          0.00999999	          0.01000000	          0.00999999	          0.33317171	
          1.71050497	         -6.04016681	          1.74194382	         -1.64297201	          1.90591145	          0.96069495	          0.01264534	         -3.91273123	          0.05260106	          0.29505218	         -4.54855696	          7.25913093	         19.47960413	         30.99893772	          0.09801542	         -8.93902854	        -18.25965795	          0.19221173	          0.16441453	         -6.88682996	          1.91981083	         -1.56168306	          0.01824647	          0.00999999	          0.00999999	          0.14693700	          0.00999999	          0.03084343	          0.67669518	          0.00999999	          0.17781460	          0.00999999	          0.00999999	          0.40285870	          0.21245043	          0.16418258	          0.14235608	          0.07981581	          0.00999999	          0.00999999	          0.08764814	          0.00999999	          0.17387758	          0.15676037	          0.34133312	          0.01984253	          0.00999999	          0.01017924	          0.00999999	          0.33112121	
          1.72281076	         -6.13147896	          1.49917473	         -1.92270042	          1.91984946	          0.95756898	          0.01271049	         -4.79744933	          0.26807179	          0.29430379	         -4.42840952	          7.54096804	         20.51093522	         30.50034588	         -0.09158937	         -7.96424547	        -14.33938297	         -0.02834341	          0.14009149	         -6.66267115	          2.09317074	         -1.37213364	          0.01514109	          0.00999999	          0.00999999	          0.13442408	          0.00999999	          0.03769299	          0.66425019	          0.00999999	          0.19205335	          0.00999999	          0.00999999	          0.41663882	          0.23223496	          0.13624019	          0.13438892	          0.12739168	          0.00999999	          0.00999999	          0.12401465	          0.00999999	          0.14428519	          0.14396275	          0.35770448	          0.02040293	          0.00999999	          0.00999999	          0.00999999	          0.33289976	
          1.73511655	         -6.23709773	          1.31048479	         -2.19818029	          1.93388739	          0.95435316	          0.01272286	         -5.64333632	          0.41670925	          0.28882183	         -4.36405963	          7.79302122	         21.62281379	         30.06887140	         -0.26464519	         -7.01284586	        -10.75202879	         -0.18448655	          0.12556474	         -6.43132765	          2.18826132	         -1.16485065	          0.01256421	          0.00999999	          0.00999999	          0.12418248	          0.00999999	          0.04555847	          0.63823413	          0.00999999	          0.21839408	          0.00999999	          0.00999999	          0.42920691	          0.25145985	          0.11305334	          0.11804075	          0.18163300	          0.01000000	          0.00999999	          0.15505958	          0.01133796	          0.11972916	          0.11946159	          0.37371901	          0.01693054	          0.00999999	          0.00999999	          0.00999999	          0.33541851	
          1.74742234	         -6.35556428	          1.17390239	         -2.46030271	          1.94799063	          0.95112401	          0.01266309	         -6.44682566	          0.50112749	          0.26951773	         -4.35616565	          7.99369832	         22.80937037	         29.74906889	         -0.40597300	         -6.11680928	         -7.60201362	         -0.27200241	          0.12066023	         -6.20412759	          2.20435531	         -0.93432164	          0.01062231	          0.00999999	          0.00999999	          0.11677113	          0.00999999	          0.03780484	          0.59933745	          0.00999999	          0.26622584	          0.00999999	          0.00999999	          0.43978118	          0.26921552	          0.09381269	          0.12676960	          0.19743890	          0.00999999	          0.00999999	          0.14321382	          0.06173066	          0.09935234	          0.09913031	          0.38641196	          0.02209214	          0.00999999	          0.00999999	          0.00999999	          0.33369669	
          1.75972813	         -6.48395228	          1.08014767	         -2.70448548	          1.96216370	          0.94795625	          0.01252498	         -7.19891427	          0.53232290	          0.22991491	         -4.42246132	          8.12210819	         24.07185987	         29.56514790	         -0.51049540	         -5.30263813	         -4.98938863	         -0.28956118	          0.12552380	         -5.98541434	          2.14954887	         -0.67974316	          0.01178764	          0.00999999	          0.00999999	          0.11405131	          0.00999999	          0.03137080	          0.54548601	          0.00999999	          0.31227804	          0.00999999	          0.00999999	          0.44759709	          0.28489181	          0.07784662	          0.13335472	          0.20637888	          0.00999999	          0.00999999	          0.12771720	          0.10468957	          0.08244347	          0.08225923	          0.39193294	          0.02382171	          0.00999999	          0.00999999	          0.00999999	          0.33691632	
          1.77203393	         -6.61900866	          1.01761016	         -2.92904174	          1.97643869	          0.94491437	          0.01230351	         -7.89372373	          0.52380658	          0.16124207	         -4.57810249	          8.15567067	         25.41583399	         29.51836613	         -0.57540790	         -4.58771728	         -2.97221961	         -0.24900341	          0.13700179	         -5.77485465	          2.03658025	         -0.40196527	          0.01702677	          0.00999999	          0.00999999	          0.11400665	          0.00999999	          0.02603178	          0.46790769	          0.00999999	          0.35654486	          0.00999999	          0.00999999	          0.45180681	          0.29785656	          0.06459783	          0.14135829	          0.21047928	          0.00999999	          0.00999999	          0.10913721	          0.14181516	          0.09668282	          0.06825945	          0.38551022	          0.02109050	          0.00999999	          0.00999999	          0.00999999	          0.33965313	
          1.78433972	         -6.75719890	          0.97567304	         -3.13323828	          1.99086353	          0.94204501	          0.01199472	         -8.53452747	          0.48791838	          0.05498846	         -4.82423250	          8.07229684	         26.84499465	         29.60239873	         -0.59900569	         -3.97725518	         -1.59726860	         -0.16335290	          0.15404518	         -5.56954981	          1.87790470	         -0.10222450	          0.02572648	          0.00999999	          0.00999999	          0.11544174	          0.00999999	          0.02160141	          0.38827404	          0.00999999	          0.39633716	          0.00999999	          0.00999999	          0.45170570	          0.30751607	          0.05360386	          0.14899063	          0.21268677	          0.00999999	          0.00999999	          0.09303745	          0.17241849	          0.21098566	          0.05664231	          0.36880642	          0.01750109	          0.01108227	          0.00999999	          0.00999999	          0.33936591	
          1.79664551	         -6.89459590	          0.94578554	         -3.31603043	          2.00548798	          0.93937510	          0.01159472	         -9.12592839	          0.43445348	         -0.09639681	         -5.16277099	          7.85935956	         28.35753036	         29.81685303	         -0.58068422	         -3.47073995	         -0.93304697	         -0.06193663	          0.17577301	         -5.36592353	          1.68404364	          0.21704531	          0.03637654	          0.00999999	          0.00999999	          0.11878558	          0.00999999	          0.01792505	          0.32219331	          0.01104604	          0.43150105	          0.00999999	          0.00999999	          0.44700250	          0.31316088	          0.04448097	          0.15803106	          0.20509495	          0.00999999	          0.00999999	          0.07735940	          0.19624302	          0.29845689	          0.04700230	          0.34199740	          0.01452256	          0.00999999	          0.00999999	          0.00999999	          0.33961193	
          1.80895130	         -7.02700007	          0.92080466	         -3.47766640	          2.02037767	          0.93691351	          0.01110401	         -9.67156984	          0.37151210	         -0.30046757	         -5.60110882	          7.51163185	         29.94821962	         30.14163012	         -0.52136471	         -3.06753560	         -1.00182584	          0.00733758	          0.19741326	         -5.15770584	          1.46422432	          0.55260021	          0.04672641	          0.00999999	          0.00999999	          0.11244068	          0.00999999	          0.01487437	          0.26735893	          0.02100513	          0.46456248	          0.00999999	          0.00999999	          0.43753730	          0.31453272	          0.03691071	          0.17285046	          0.19719729	          0.00999999	          0.00999999	          0.07369857	          0.21156558	          0.34408743	          0.03900294	          0.29868505	          0.01205095	          0.00999999	          0.01564262	          0.00999999	          0.35851809	
          1.82125709	         -7.15021517	          0.89044677	         -3.61667148	          2.03561205	          0.93465285	          0.01053159	        -10.16926706	          0.31101472	         -0.56191147	         -6.16067758	          7.02863568	         31.61258302	         30.53008057	         -0.42628831	         -2.77809023	         -1.76412675	          0.01165928	          0.21760683	         -4.93635430	          1.22969985	          0.89779050	          0.04808136	          0.00999999	          0.00999999	          0.09330429	          0.00999999	          0.01234289	          0.22185686	          0.03738776	          0.48830940	          0.00999999	          0.00999999	          0.42333963	          0.31224905	          0.03062884	          0.19019262	          0.18570365	          0.00999999	          0.00999999	          0.07909398	          0.21856251	          0.34590391	          0.03236499	          0.24785156	          0.00999999	          0.00999999	          0.02653586	          0.00999999	          0.36559892	
          1.83356288	         -7.26083786	          0.84173752	         -3.72973874	          2.05125954	          0.93257474	          0.00989130	        -10.60283897	          0.26641642	         -0.87448919	         -6.88765381	          6.41563414	         33.34825194	         30.91759906	         -0.30703738	         -2.62058062	         -3.13523978	         -0.14103198	          0.22846066	         -4.69440962	          0.99379668	          1.24331533	          0.07050360	          0.00999999	          0.00999999	          0.07742475	          0.00999999	          0.01024224	          0.18409883	          0.04474571	          0.50443919	          0.01452256	          0.00999999	          0.40415756	          0.30514964	          0.02541609	          0.18374256	          0.17112162	          0.00999999	          0.00999999	          0.13086596	          0.22013875	          0.29395447	          0.02685676	          0.20566947	          0.00999999	          0.00999999	          0.02201970	          0.00999999	          0.40228295	
          1.84586867	         -7.35587872	          0.78430204	         -3.81492054	          2.06737291	          0.93067115	          0.00918196	        -10.94183457	          0.22345208	         -1.22413745	         -7.85058772	          5.68724879	         35.14906566	         31.21957577	         -0.18297725	         -2.53797527	         -4.99559814	         -0.46758366	          0.23725854	         -4.42455355	          0.74977559	          1.58346857	          0.11621833	          0.00999999	          0.00999999	          0.06424775	          0.00999999	          0.01000000	          0.15276688	          0.04397064	          0.51701669	          0.01205096	          0.00999999	          0.37962061	          0.29510543	          0.02109050	          0.15661345	          0.14199827	          0.00999999	          0.00999999	          0.23045024	          0.20127502	          0.24392608	          0.05350576	          0.17066639	          0.00999999	          0.00999999	          0.02109050	          0.01452256	          0.41134530	
          1.85817446	         -7.43270613	          0.74838231	         -3.87477236	          2.08393880	          0.92899082	          0.00840406	        -11.13383294	          0.14404785	         -1.59575368	         -9.14262169	          4.84638228	         37.01404563	         31.32311458	         -0.09237259	         -2.34103521	         -6.86035752	         -0.81890315	          0.20300387	         -4.12660964	          0.47164974	          1.91719113	          0.10843742	          0.00999999	          0.00999999	          0.05331337	          0.01205095	          0.02581620	          0.12676734	          0.03648724	          0.50566840	          0.01000000	          0.01872941	          0.34959851	          0.27933390	          0.01750109	          0.12995926	          0.11783145	          0.00999999	          0.01590523	          0.19122969	          0.18631599	          0.20241207	          0.08928984	          0.14162051	          0.00999999	          0.00999999	          0.01750109	          0.01205095	          0.48729180	
          1.87048025	         -7.49301694	          0.73067740	         -3.90331803	          2.10076539	          0.92763215	          0.00749911	        -11.11006550	          0.02562690	         -1.98767938	        -10.85455139	          3.86304916	         38.93579773	         31.25148665	          0.00330647	         -2.21348605	         -8.43839464	         -1.28562657	          0.18829389	         -3.82542405	          0.17345944	          2.23453139	          0.10711250	          0.00999999	          0.00999999	          0.04423992	          0.00999999	          0.02142256	          0.10519268	          0.03027744	          0.49012550	          0.00999999	          0.01750109	          0.30931775	          0.25888489	          0.01452256	          0.13971705	          0.09777760	          0.00999999	          0.06359622	          0.19977162	          0.16538949	          0.16796337	          0.11415127	          0.11751798	          0.00999999	          0.00999999	          0.01452256	          0.00999999	          0.57292665	
          1.88278605	         -7.53529869	          0.71401008	         -3.90317077	          2.11765141	          0.92668455	          0.00647937	        -10.80445473	         -0.11811838	         -2.40107387	        -13.07852907	          2.70706473	         40.86660334	         31.08911958	          0.10278491	         -2.15354671	         -9.88308966	         -1.75396944	          0.15916267	         -3.54705362	         -0.12556873	          2.53053166	          0.14288967	          0.00999999	          0.00999999	          0.03671068	          0.03489572	          0.03012290	          0.08728984	          0.02512449	          0.45982350	          0.00999999	          0.01452256	          0.25667467	          0.23252402	          0.01205095	          0.15359289	          0.08113674	          0.00999999	          0.12127329	          0.25011533	          0.15041574	          0.13937752	          0.15822400	          0.09751749	          0.00999999	          0.00999999	          0.01205095	          0.00999999	          0.61703696	
          1.89509184	         -7.55812354	          0.70568954	         -3.88050586	          2.13443331	          0.92624313	          0.00536974	        -10.16768960	         -0.30114407	         -2.83935448	        -15.87249600	          1.34868378	         42.67878561	         30.90146909	          0.21586764	         -2.12106107	        -11.36491511	         -1.89386624	          0.12000397	         -3.30437353	         -0.43348379	          2.80405302	          0.18455988	          0.00999999	          0.00999999	          0.03046286	          0.08322159	          0.03371455	          0.07243390	          0.02084853	          0.41687984	          0.00999999	          0.01205095	          0.21299096	          0.19295054	          0.00999999	          0.16138779	          0.06732800	          0.00999999	          0.17143868	          0.27921755	          0.13136506	          0.11565673	          0.21167715	          0.08092089	          0.00999999	          0.00999999	          0.00999999	          0.00999999	          0.62206088	
          1.90739763	         -7.56136271	          0.71016204	         -3.83816201	          2.15094854	          0.92640472	          0.00419328	         -9.17726544	         -0.53442303	         -3.31174471	        -19.24337619	         -0.19466273	         44.05676174	         30.73967418	          0.34859227	         -2.08694656	        -12.98450752	         -1.53974478	          0.09558413	         -3.10756712	         -0.75375502	          3.05323200	          0.21687330	          0.00999999	          0.00999999	          0.02527835	          0.16160384	          0.03366444	          0.06010631	          0.01730030	          0.35353727	          0.00999999	          0.00999999	          0.17674183	          0.16011210	          0.00999999	          0.16976250	          0.05586938	          0.00999999	          0.20453310	          0.29373552	          0.11596802	          0.09597300	          0.22800850	          0.06714889	          0.00999999	          0.04231472	          0.00999999	          0.00999999	          0.55151427	
          1.91970342	         -7.54717088	          0.72224296	         -3.78020780	          2.16713787	          0.92721280	          0.00298546	         -7.85505765	         -0.82044679	         -3.83722675	        -23.14095644	         -1.79247071	         44.44828491	         30.54901088	          0.49853121	         -2.02852352	        -14.62267472	         -0.71273651	          0.14939099	         -2.95331882	         -1.07949781	          3.27812117	          0.23722484	          0.00999999	          0.00999999	          0.02097621	          0.20869591	          0.02793506	          0.05759949	          0.01435594	          0.29336843	          0.00999999	          0.00999999	          0.14666197	          0.13286247	          0.00999999	          0.16626244	          0.04636092	          0.00999999	          0.22296901	          0.27386288	          0.10439193	          0.07963927	          0.21490508	          0.05572076	          0.00999999	          0.10455704	          0.00999999	          0.00999999	          0.45765153	
          1.93200921	         -7.52015750	          0.73255764	         -3.70688651	          2.18300806	          0.92868860	          0.00178083	         -6.25227784	         -1.15811403	         -4.41752616	        -27.42752493	         -3.51339050	         43.71279323	         30.21206230	          0.65893703	         -1.94164818	        -16.03775672	          0.43182898	          0.33342209	         -2.83171293	         -1.39971952	          3.47551681	          0.23077799	          0.00999999	          0.00999999	          0.01740625	          0.20013581	          0.02318077	          0.06792668	          0.01191269	          0.24343978	          0.00999999	          0.00999999	          0.12170143	          0.11025048	          0.00999999	          0.15694328	          0.03847071	          0.00999999	          0.22361281	          0.22725390	          0.09506460	          0.06608538	          0.19586681	          0.04623759	          0.00999999	          0.12725967	          0.00999999	          0.00999999	          0.37976338	
          1.94431500	         -7.48485434	          0.72928025	         -3.61920640	          2.19856141	          0.93074655	          0.00060637	         -4.43434447	         -1.54193920	         -5.04717881	        -31.90366123	         -5.51339657	         42.00479475	         29.68570870	          0.81481332	         -1.83553841	        -17.09494018	          1.58026951	          0.62061897	         -2.73806131	         -1.70148335	          3.64246844	          0.22130363	          0.00999999	          0.00999999	          0.01444386	          0.19232440	          0.01923562	          0.08988302	          0.00999999	          0.20200853	          0.00999999	          0.00999999	          0.10098895	          0.09148685	          0.00999999	          0.14248281	          0.03192334	          0.00999999	          0.21619571	          0.18857734	          0.09062012	          0.05483825	          0.16855126	          0.03836837	          0.00999999	          0.14692520	          0.00999999	          0.00999999	          0.31513109	
          1.95662079	         -7.44447452	          0.70164712	         -3.51856361	          2.21381002	          0.93323847	         -0.00052469	         -2.47240085	         -1.96511266	         -5.72202975	        -36.40017846	         -7.71273248	         39.25657710	         28.96095095	          0.95189739	         -1.71324830	        -17.74430241	          2.56016603	          0.97470221	         -2.66987606	         -1.97150565	          3.77774099	          0.22234374	          0.00999999	          0.00999999	          0.01198565	          0.18334442	          0.01596189	          0.10761215	          0.00999999	          0.16762851	          0.00999999	          0.00999999	          0.08380154	          0.07591661	          0.06123483	          0.11823352	          0.02649028	          0.00999999	          0.21170228	          0.15648319	          0.08845487	          0.04550528	          0.14276810	          0.03183842	          0.00999999	          0.16264908	          0.00999999	          0.00999999	          0.27424904	
          1.96892658	         -7.40080598	          0.64163290	         -3.40529447	          2.22875866	          0.93600182	         -0.00161319	         -0.44993339	         -2.41468554	         -6.42261732	        -40.80279418	         -9.67665210	         35.20617743	         28.05346128	          1.05986359	         -1.57085538	        -18.01560571	          3.38844872	          1.35955163	         -2.62719142	         -2.19677595	          3.88210044	          0.22474104	          0.00999999	          0.00999999	          0.00999999	          0.15888767	          0.02208478	          0.14682829	          0.00999999	          0.14329802	          0.00999999	          0.00999999	          0.06953928	          0.06299629	          0.19528590	          0.09811125	          0.02198187	          0.00999999	          0.21173768	          0.12985116	          0.08680048	          0.03776069	          0.12578295	          0.02641981	          0.00999999	          0.16273001	          0.00999999	          0.00999999	          0.25162713	
          1.98123237	         -7.35465655	          0.55099367	         -3.27974942	          2.24340717	          0.93888683	         -0.00264939	          1.53579126	         -2.86030558	         -7.10624269	        -44.94052764	        -10.77302853	         30.25262308	         27.00872961	          1.13593362	         -1.41208653	        -17.99891514	          4.12152277	          1.74514972	         -2.61049602	         -2.37701239	          3.95620544	          0.22392314	          0.00999999	          0.00999999	          0.00999999	          0.13184643	          0.04257451	          0.20977277	          0.00999999	          0.13235608	          0.00999999	          0.00999999	          0.09065806	          0.05227489	          0.22532611	          0.08141360	          0.01824076	          0.00999999	          0.20033951	          0.10775167	          0.09040955	          0.03133416	          0.11248357	          0.02192340	          0.00999999	          0.15552356	          0.00999999	          0.00999999	          0.23201022	
          1.99353817	         -7.30629527	          0.42110862	         -3.14321224	          2.25775500	          0.94182544	         -0.00361470	          3.42761826	         -3.24511135	         -7.76927025	        -48.54373884	        -10.67474054	         25.86849180	         25.87667404	          1.16605676	         -1.24365274	        -17.78396679	          4.76833944	          2.11469588	         -2.62225957	         -2.50184761	          4.00196738	          0.21072346	          0.00999999	          0.00999999	          0.00999999	          0.13068842	          0.04439638	          0.25211376	          0.00999999	          0.12527056	          0.00999999	          0.00999999	          0.07522888	          0.04337818	          0.27215853	          0.06755774	          0.01513635	          0.00999999	          0.17712974	          0.08941331	          0.09177008	          0.02600137	          0.09837115	          0.01819223	          0.00999999	          0.14450800	          0.00999999	          0.00999999	          0.21608484	
          2.00584396	         -7.25523845	          0.24269547	         -2.99970476	          2.27179031	          0.94479998	         -0.00451179	          5.25706289	         -3.54603320	         -8.40646747	        -51.58770293	        -10.21979942	         22.14001601	         24.69574873	          1.13712817	         -1.07112095	        -17.43662445	          5.32073844	          2.46152311	         -2.66862228	         -2.55890257	          4.02383029	          0.20112772	          0.00999999	          0.00999999	          0.00999999	          0.15062567	          0.04190746	          0.30677218	          0.00999999	          0.11713250	          0.00999999	          0.00999999	          0.07523864	          0.03599561	          0.27320824	          0.05606003	          0.01256028	          0.00999999	          0.15313858	          0.07419598	          0.09332063	          0.02157617	          0.08802402	          0.01509608	          0.00999999	          0.13457010	          0.00999999	          0.00999999	          0.19833054	
          2.01814975	         -7.20057511	          0.01356976	         -2.85124115	          2.28551489	          0.94776622	         -0.00533956	          7.04555770	         -3.74464709	         -9.00453383	        -54.11419960	         -9.63114242	         18.93786941	         23.48649646	          1.04450203	         -0.89859048	        -16.99067727	          5.75841680	          2.80039945	         -2.75332838	         -2.54515179	          4.02416446	          0.19617811	          0.00999999	          0.00999999	          0.00999999	          0.17090841	          0.03477519	          0.36762679	          0.00999999	          0.10818657	          0.00999999	          0.00999999	          0.07644539	          0.02986948	          0.27112171	          0.04651912	          0.01042263	          0.00999999	          0.13279487	          0.06156849	          0.09526278	          0.01790410	          0.08048369	          0.01252686	          0.00999999	          0.12599966	          0.03118759	          0.00999999	          0.18920438	
          2.03045554	         -7.14137479	         -0.26448811	         -2.69904410	          2.29893273	          0.95068048	         -0.00609606	          8.80810553	         -3.82816370	         -9.55352029	        -56.17946036	         -8.93210459	         16.18615039	         22.26481796	          0.88889038	         -0.72565195	        -16.47200566	          6.06245158	          3.15885407	         -2.87851465	         -2.46237804	          4.00535798	          0.19260213	          0.00999999	          0.00999999	          0.00999999	          0.19221890	          0.02885677	          0.44108536	          0.00999999	          0.10031517	          0.00999999	          0.00999999	          0.07197248	          0.02478597	          0.26781549	          0.03951630	          0.00999999	          0.00999999	          0.11623431	          0.05109009	          0.09602386	          0.01485699	          0.07158835	          0.01039490	          0.00999999	          0.11895991	          0.05875947	          0.00999999	          0.17893916	
          2.04276133	         -7.07690525	         -0.58539787	         -2.54423366	          2.31204967	          0.95350495	         -0.00677892	         10.55757690	         -3.79315448	        -10.04931069	        -57.83627136	         -8.14437536	         13.82716792	         21.04243003	          0.67576067	         -0.55250689	        -15.90679252	          6.25936097	          3.55165399	         -3.04488549	         -2.31755253	          3.96976201	          0.19386262	          0.02672196	          0.00999999	          0.00999999	          0.20294432	          0.02394561	          0.52914613	          0.00999999	          0.09615020	          0.00999999	          0.00999999	          0.05972342	          0.02056762	          0.25765083	          0.03711134	          0.00999999	          0.00999999	          0.10532605	          0.04239502	          0.09579659	          0.01232846	          0.06762131	          0.00999999	          0.00999999	          0.11381948	          0.08137803	          0.00999999	          0.16197230	
          2.05506712	         -7.00676468	         -0.94145249	         -2.38874872	          2.32488032	          0.95620887	         -0.00739105	         12.30418856	         -3.64625872	        -10.49477435	        -59.13894732	         -7.25251282	         11.80349861	         19.81973395	          0.41235043	         -0.38349594	        -15.30162567	          6.37543712	          3.98717114	         -3.25092948	         -2.11798098	          3.91890422	          0.19619601	          0.04501721	          0.00999999	          0.00999999	          0.21191334	          0.01987029	          0.62936521	          0.00999999	          0.09420756	          0.00999999	          0.00999999	          0.04955903	          0.01706720	          0.24766237	          0.03471356	          0.00999999	          0.00999999	          0.09799681	          0.03517977	          0.09427829	          0.01023027	          0.06336455	          0.00999999	          0.00999999	          0.10847547	          0.10231781	          0.00999999	          0.13440609	
          2.06737291	         -6.93104758	         -1.32370429	         -2.23511845	          2.33743836	          0.95876938	         -0.00793903	         14.05964732	         -3.40130772	        -10.89427217	        -60.14490681	         -6.28720654	         10.06678293	         18.59520295	          0.10779309	         -0.22201358	        -14.65830346	          6.43128043	          4.46778060	         -3.49447029	         -1.87160912	          3.85491593	          0.19961730	          0.05868727	          0.00999999	          0.00999999	          0.21835942	          0.01648855	          0.73521063	          0.00999999	          0.09211794	          0.00999999	          0.00999999	          0.04112453	          0.01416251	          0.24082859	          0.03032763	          0.00999999	          0.00999999	          0.09274438	          0.02919249	          0.09112754	          0.00999999	          0.05779157	          0.00999999	          0.00999999	          0.10141117	          0.12188528	          0.00999999	          0.11153139	
          2.07967870	         -6.85024136	         -1.72254813	         -2.08536666	          2.34973238	          0.96116437	         -0.00843200	         15.83661909	         -3.07685873	        -11.25312326	        -60.91689161	         -5.29950202	          8.57209208	         17.37540168	         -0.22749971	         -0.07024571	        -13.99377713	          6.45256075	          4.98795971	         -3.77356589	         -1.58721871	          3.78115380	          0.20045493	          0.05360386	          0.00999999	          0.00999999	          0.22938304	          0.01368235	          0.83438324	          0.00999999	          0.08817635	          0.00999999	          0.00999999	          0.03412551	          0.01175218	          0.23665581	          0.02516614	          0.00999999	          0.00999999	          0.09041142	          0.02422420	          0.08678454	          0.00999999	          0.05017484	          0.00999999	          0.00999999	          0.08568537	          0.14041145	          0.01481134	          0.09254976	
          2.09198449	         -6.76514588	         -2.12782528	         -1.93975166	          2.36176646	          0.96337027	         -0.00887474	         17.64443615	         -2.69209422	        -11.57632184	        -61.51527667	         -4.32677567	          7.28117807	         16.18138839	         -0.58215570	          0.07181267	        -13.34702165	          6.44725198	          5.55151023	         -4.08636715	         -1.27630214	          3.70182095	          0.20241090	          0.04448097	          0.00999999	          0.00999999	          0.23807177	          0.01135374	          0.90902108	          0.00999999	          0.08532057	          0.00999999	          0.00999999	          0.02831766	          0.00999999	          0.23887604	          0.02088309	          0.00999999	          0.00999999	          0.09003728	          0.02010146	          0.08088687	          0.00999999	          0.04176133	          0.00999999	          0.00999999	          0.07110249	          0.15769022	          0.02704406	          0.07679862	
          2.10429029	         -6.67677589	         -2.52967632	         -1.79704998	          2.37355569	          0.96537042	         -0.00927064	         19.48378357	         -2.26615418	        -11.87007871	        -61.98432097	         -3.39383184	          6.16415807	         15.02904482	         -0.94475663	          0.20298223	        -12.74631897	          6.41784221	          6.16640215	         -4.42920929	         -0.95090285	          3.62066219	          0.20558772	          0.03691071	          0.00999999	          0.00999999	          0.24072703	          0.00999999	          0.95002219	          0.00999999	          0.08549639	          0.00999999	          0.00999999	          0.02349825	          0.00999999	          0.24994435	          0.01732898	          0.00999999	          0.00999999	          0.08963252	          0.01668037	          0.07355473	          0.00999999	          0.03470783	          0.00999999	          0.00999999	          0.05900149	          0.17370701	          0.03962766	          0.06372819	
          2.11659608	         -6.58632045	         -2.91825109	         -1.65545087	          2.38513140	          0.96715731	         -0.00962550	         21.34548033	         -1.81873089	        -12.14119233	        -62.34432530	         -2.52117323	          5.19899809	         13.92235426	         -1.30355004	          0.32098346	        -12.20291016	          6.38202785	          6.82882973	         -4.79610976	         -0.62269680	          3.54049292	          0.21035531	          0.03062884	          0.00999999	          0.00999999	          0.23585369	          0.00999999	          0.94345787	          0.00999999	          0.08806990	          0.00999999	          0.00999999	          0.01949906	          0.00999999	          0.26161640	          0.01506192	          0.00999999	          0.00999999	          0.08872782	          0.01384152	          0.06609873	          0.00999999	          0.03028525	          0.00999999	          0.00999999	          0.04895997	          0.18857914	          0.05139882	          0.05288223	
          2.12890187	         -6.49509751	         -3.28337617	         -1.51272119	          2.39654407	          0.96873234	         -0.00994650	         23.20660385	         -1.36852994	        -12.39589737	        -62.58112729	         -1.69317815	          4.37260826	         12.85410466	         -1.64632897	          0.42288277	        -11.70827975	          6.34855221	          7.53110933	         -5.17828157	         -0.30352084	          3.46271333	          0.21443725	          0.02541609	          0.00999999	          0.00999999	          0.22874631	          0.00999999	          0.86515066	          0.00999999	          0.09240567	          0.00999999	          0.00999999	          0.01618050	          0.00999999	          0.27629077	          0.01865363	          0.00999999	          0.00999999	          0.08769577	          0.01148582	          0.05969911	          0.00999999	          0.02957839	          0.00999999	          0.00999999	          0.04062743	          0.20244279	          0.06203672	          0.04388216	
          2.14120766	         -6.40444993	         -3.61411523	         -1.36634550	          2.40786408	          0.97010760	         -0.01023681	         25.02718199	         -0.93102971	        -12.63757032	        -62.63016045	         -0.91252266	          3.67312658	         11.81021602	         -1.96046273	          0.50378570	        -11.24305326	          6.31959111	          8.26301948	         -5.56381690	         -0.00704543	          3.38636874	          0.21946660	          0.02109050	          0.01000000	          0.00999999	          0.20200860	          0.00999999	          0.71790985	          0.00999999	          0.09797853	          0.01000000	          0.00999999	          0.01342672	          0.00999999	          0.29406999	          0.02666907	          0.00999999	          0.00999999	          0.08891211	          0.00999999	          0.05441098	          0.09575033	          0.03748673	          0.00999999	          0.00999999	          0.03371301	          0.21558312	          0.07195282	          0.03641381	
          2.15351345	         -6.31563000	         -3.89922817	         -1.21466844	          2.41916497	          0.97129662	         -0.01050053	         26.75644482	         -0.52210608	        -12.86797246	        -62.39202116	         -0.19647959	          3.08239139	         10.78536841	         -2.23296029	          0.55936485	        -10.80413932	          6.29453938	          9.01604274	         -5.94003945	          0.25270768	          3.30976210	          0.22149469	          0.01750109	          0.01000001	          0.00999999	          0.16762857	          0.00999999	          0.59572809	          0.00999999	          0.10150941	          0.03198085	          0.00999999	          0.01114162	          0.00999999	          0.31419927	          0.03261044	          0.00999999	          0.00999999	          0.09253508	          0.00999999	          0.05171222	          0.17392519	          0.04114400	          0.00999999	          0.00999999	          0.02797536	          0.22794904	          0.08046959	          0.03021651	
          2.16581924	         -6.23006380	         -4.12806689	         -1.05769957	          2.43050806	          0.97230590	         -0.01074234	         28.34963116	         -0.15740750	        -13.08391249	        -61.78048956	          0.44323088	          2.58080780	          9.77432391	         -2.45141345	          0.59131725	        -10.38524015	          6.26512009	          9.78547019	         -6.29621417	          0.46271946	          3.23205051	          0.22158378	          0.01452256	          0.01268538	          0.00999999	          0.13909970	          0.00999999	          0.49434056	          0.00999999	          0.10399887	          0.04494086	          0.00999999	          0.00999999	          0.00999999	          0.33816530	          0.04085123	          0.00999999	          0.00999999	          0.09560452	          0.00999999	          0.05017445	          0.23677315	          0.04174176	          0.00999999	          0.00999999	          0.02321421	          0.23950257	          0.08758547	          0.02507393	
          2.17812503	         -6.14918547	         -4.29230429	         -0.89562719	          2.44194524	          0.97313352	         -0.01096420	         29.77057542	          0.15269201	        -13.27662194	        -60.73718984	          1.00000946	          2.15212529	          8.76911041	         -2.60610943	          0.60171972	         -9.97476223	          6.22642340	         10.56713450	         -6.62321821	          0.61225734	          3.15192351	          0.22075122	          0.01205095	          0.01190368	          0.00999999	          0.11542619	          0.00999999	          0.41020828	          0.00999999	          0.10584820	          0.04953360	          0.00999999	          0.00999999	          0.00999999	          0.36512073	          0.04781103	          0.00999999	          0.00999999	          0.09784190	          0.00999999	          0.04950688	          0.28634737	          0.04060967	          0.00999999	          0.00999999	          0.01926336	          0.25027312	          0.09314335	          0.02080658	
          2.19043082	         -6.07436171	         -4.38593152	         -0.72848481	          2.45352222	          0.97377026	         -0.01116611	         30.99032914	          0.40308213	        -13.43372353	        -59.22750645	          1.46913529	          1.78263250	          7.75949634	         -2.69000100	          0.59268325	         -9.55695946	          6.17590795	         11.35661050	         -6.91308469	          0.69308027	          3.06744651	          0.21931790	          0.00999999	          0.01000000	          0.00999999	          0.09578170	          0.00999999	          0.34039454	          0.00999999	          0.10748637	          0.04977442	          0.00999999	          0.00999999	          0.00999999	          0.39065261	          0.05313976	          0.00999999	          0.00999999	          0.09929181	          0.00999999	          0.04926862	          0.32507191	          0.03801585	          0.00999999	          0.00999999	          0.01598491	          0.26041585	          0.09732565	          0.01726549	
          2.20273662	         -6.00693993	         -4.40537671	         -0.55612783	          2.46527887	          0.97420087	         -0.01134793	         31.98647498	          0.59292847	        -13.54131683	        -57.23500091	          1.85029814	          1.46213119	          6.73411924	         -2.69875911	          0.56692810	         -9.11366365	          6.11200166	         12.14946719	         -7.15900455	          0.69994606	          2.97653390	          0.21754469	          0.00999999	          0.00999999	          0.00999999	          0.07948052	          0.00999999	          0.28246247	          0.00999999	          0.10981524	          0.04702345	          0.00999999	          0.00999999	          0.00999999	          0.41272614	          0.05839628	          0.00999999	          0.00999999	          0.10008421	          0.00999999	          0.04967888	          0.35547785	          0.03466387	          0.00999999	          0.00999999	          0.01326442	          0.27012691	          0.10051258	          0.01432706	
          2.21504241	         -5.94827515	         -4.34976282	         -0.37821146	          2.47724849	          0.97440463	         -0.01151053	         32.74382561	          0.72474911	        -13.58501966	        -54.75770685	          2.13107145	          1.18387482	          5.68190190	         -2.63099425	          0.52798474	         -8.62770291	          6.03967244	         12.93564800	         -7.35546909	          0.63115033	          2.87717563	          0.21428009	          0.00999999	          0.00999999	          0.00999999	          0.06595366	          0.00999999	          0.23438991	          0.00999999	          0.11405270	          0.04265188	          0.00999999	          0.00999999	          0.00999999	          0.42735961	          0.06099723	          0.01000000	          0.00999999	          0.10019407	          0.00999999	          0.05172315	          0.38081753	          0.02970016	          0.00999999	          0.00999999	          0.01100694	          0.27997941	          0.10389823	          0.02169726	
          2.22734820	         -5.89975920	         -4.22091094	         -0.19405351	          2.48945255	          0.97434968	         -0.01165622	         33.25673733	          0.80340876	        -13.54932431	        -51.80899210	          2.28925666	          0.94408349	          4.59808461	         -2.48829105	          0.48160076	         -8.09664473	          5.98847169	         13.68396672	         -7.49911586	          0.48847003	          2.76777881	          0.20693281	          0.00999999	          0.00999999	          0.00999999	          0.05472894	          0.00999999	          0.19449887	          0.00999999	          0.12366508	          0.03731813	          0.00999999	          0.00999999	          0.00999999	          0.43063300	          0.05964588	          0.00999999	          0.00999999	          0.09873660	          0.00999999	          0.05103263	          0.40925761	          0.02464546	          0.00999999	          0.00999999	          0.00999999	          0.29065733	          0.10836606	          0.06928894	
          2.23965399	         -5.86286788	         -4.02351917	         -0.00308312	          2.50189557	          0.97398716	         -0.01178803	         33.53130166	          0.83575588	        -13.41560146	        -48.41840523	          2.30235523	          0.74289562	          3.48943718	         -2.27549360	          0.43390228	         -7.53792070	          5.98880589	         14.37120481	         -7.58945663	          0.27723971	          2.64775576	          0.20081477	          0.00999999	          0.00999999	          0.00999999	          0.04541457	          0.00999999	          0.16139693	          0.01800997	          0.14188055	          0.03193780	          0.00999999	          0.00999999	          0.00999999	          0.42031509	          0.05708968	          0.00999999	          0.00999999	          0.09801336	          0.00999999	          0.04606038	          0.44915589	          0.02045103	          0.00999999	          0.00999999	          0.00999999	          0.30239138	          0.11392961	          0.12323025	
          2.25195978	         -5.83918070	         -3.76483315	          0.19585166	          2.51457790	          0.97327024	         -0.01191066	         33.57840394	          0.82862506	        -13.16625196	        -44.61835548	          2.15788294	          0.58270151	          2.36579485	         -2.00030223	          0.38964041	         -6.96721324	          6.03654707	         15.01522434	         -7.62662263	          0.00610179	          2.51694309	          0.19705857	          0.00999999	          0.00999999	          0.00999999	          0.03768542	          0.00999999	          0.13392863	          0.03548649	          0.16720283	          0.02772878	          0.00999999	          0.00999999	          0.00999999	          0.40251328	          0.05296459	          0.00999999	          0.00999999	          0.09813983	          0.00999999	          0.03822133	          0.50105184	          0.01697045	          0.00999999	          0.00999999	          0.00999999	          0.31521525	          0.12130234	          0.17371419	
          2.26426557	         -5.83036111	         -3.45438310	          0.40455739	          2.52750086	          0.97216409	         -0.01203079	         33.41059445	          0.78819289	        -12.78399961	        -40.43893711	          1.87823050	          0.46281503	          1.23806156	         -1.67305381	          0.35315957	         -6.40206989	          6.12762642	         15.64223764	         -7.61055743	         -0.31318506	          2.37567239	          0.19368133	          0.00999999	          0.00999999	          0.00999999	          0.03127170	          0.00999999	          0.11113519	          0.05773564	          0.19553552	          0.02426656	          0.00999999	          0.00999999	          0.00999999	          0.38350982	          0.04637543	          0.00999999	          0.00999999	          0.10177289	          0.00999999	          0.03171641	          0.55763491	          0.01408223	          0.01536475	          0.00999999	          0.00999999	          0.32877276	          0.13104197	          0.21709165	
          2.27657136	         -5.83793585	         -3.10539196	          0.62460901	          2.54065859	          0.97064508	         -0.01215430	         33.05438242	          0.71805417	        -12.25273017	        -35.94591012	          1.51728574	          0.37324959	          0.12008018	         -1.30868471	          0.32741210	         -5.86552765	          6.26244181	         16.28037715	         -7.54262161	         -0.66455198	          2.22558722	          0.18454351	          0.00999999	          0.00999999	          0.00999999	          0.02594954	          0.00999999	          0.23231481	          0.09727293	          0.22583160	          0.02325496	          0.00999999	          0.00999999	          0.00999999	          0.36251155	          0.03848275	          0.00999999	          0.00999999	          0.12050408	          0.00999999	          0.02652189	          0.60497410	          0.01168556	          0.05172744	          0.00999999	          0.00999999	          0.34311684	          0.14324481	          0.24582980	
          2.28887715	         -5.86275139	         -2.73766171	          0.85776718	          2.55401673	          0.96869765	         -0.01228486	         32.58466817	          0.61113892	        -11.57883882	        -31.34637251	          1.13996760	          0.30219791	         -0.96548210	         -0.92954577	          0.31249421	         -5.39595451	          6.45240569	         16.95701668	         -7.42915959	         -1.02499898	          2.06868787	          0.17228318	          0.00999999	          0.00999999	          0.00999999	          0.02153317	          0.00999999	          0.26614507	          0.12985870	          0.25535767	          0.02259195	          0.00999999	          0.00999999	          0.00999999	          0.34823099	          0.03193334	          0.00999999	          0.00999999	          0.14017579	          0.00999999	          0.02317376	          0.64130151	          0.00999999	          0.09534985	          0.00999999	          0.00999999	          0.35796596	          0.15768862	          0.25963188	
          2.30118294	         -5.90500577	         -2.37451509	          1.10551028	          2.56754319	          0.96634502	         -0.01241764	         32.06437067	          0.46621102	        -10.78278540	        -26.81205152	          0.78324687	          0.24421233	         -2.00141008	         -0.56149419	          0.30429954	         -5.02033004	          6.69680572	         17.70008316	         -7.27756794	         -1.36903457	          1.90646044	          0.16160999	          0.01525950	          0.00999999	          0.00999999	          0.01810863	          0.00999999	          0.25251504	          0.15576879	          0.28653969	          0.02019610	          0.00999999	          0.00999999	          0.00999999	          0.33796647	          0.02649857	          0.00999999	          0.00999999	          0.15717354	          0.00999999	          0.03014296	          0.66492640	          0.00999999	          0.13899698	          0.00999999	          0.00999999	          0.37317050	          0.17438730	          0.23843540	
          2.31348874	         -5.96436084	         -2.03670222	          1.36821654	          2.58122059	          0.96364919	         -0.01254299	         31.52899414	          0.28933348	         -9.89207900	        -22.43526940	          0.46485985	          0.19885058	         -2.98312681	         -0.22738131	          0.29772230	         -4.74050217	          6.97206347	         18.53872517	         -7.09441262	         -1.67413218	          1.73843567	          0.15029892	          0.03940502	          0.00999999	          0.00999999	          0.04888296	          0.00999999	          0.20953927	          0.16135237	          0.31594257	          0.01980188	          0.00999999	          0.01000000	          0.00999999	          0.33317171	          0.02198876	          0.00999999	          0.00999999	          0.15678671	          0.00999999	          0.03084012	          0.67640944	          0.00999999	          0.16450497	          0.00999999	          0.00999999	          0.38825359	          0.19291278	          0.19785585	
          2.32579453	         -6.04016681	         -1.74194382	          1.64297201	          2.59503575	          0.96069495	         -0.01264534	         30.99893772	          0.09801542	         -8.93902854	        -18.25965795	          0.19221173	          0.16441453	         -3.91273123	          0.05260106	          0.29505218	         -4.54855696	          7.25913093	         19.47960413	         -6.88682996	         -1.91981083	          1.56168306	          0.14235608	          0.07981581	          0.00999999	          0.00999999	          0.08764814	          0.00999999	          0.17387758	          0.15676037	          0.34133312	          0.01984253	          0.00999999	          0.01017924	          0.00999999	          0.33112121	          0.01824647	          0.00999999	          0.00999999	          0.14693700	          0.00999999	          0.03084343	          0.67669518	          0.00999999	          0.17781460	          0.00999999	          0.00999999	          0.40285870	          0.21245043	          0.16418258	
          2.33810032	         -6.13147896	         -1.49917473	          1.92270042	          2.60897376	          0.95756898	         -0.01271049	         30.50034588	         -0.09158937	         -7.96424547	        -14.33938297	         -0.02834341	          0.14009149	         -4.79744933	          0.26807179	          0.29430379	         -4.42840952	          7.54096804	         20.51093522	         -6.66267115	         -2.09317074	          1.37213364	          0.13438892	          0.12739168	          0.00999999	          0.00999999	          0.12401465	          0.00999999	          0.14428519	          0.14396275	          0.35770448	          0.02040293	          0.00999999	          0.00999999	          0.00999999	          0.33289976	          0.01514109	          0.00999999	          0.00999999	          0.13442408	          0.00999999	          0.03769299	          0.66425019	          0.00999999	          0.19205335	          0.00999999	          0.00999999	          0.41663882	          0.23223496	          0.13624019	
          2.35040611	         -6.23709773	         -1.31048479	          2.19818029	          2.62301170	          0.95435316	         -0.01272286	         30.06887140	         -0.26464519	         -7.01284586	        -10.75202879	         -0.18448655	          0.12556474	         -5.64333632	          0.41670925	          0.28882183	         -4.36405963	          7.79302122	         21.62281379	         -6.43132765	         -2.18826132	          1.16485065	          0.11804075	          0.18163300	          0.01000000	          0.00999999	          0.15505958	          0.01133796	          0.11972916	          0.11946159	          0.37371901	          0.01693054	          0.00999999	          0.00999999	          0.00999999	          0.33541851	          0.01256421	          0.00999999	          0.00999999	          0.12418248	          0.00999999	          0.04555847	          0.63823413	          0.00999999	          0.21839408	          0.00999999	          0.00999999	          0.42920691	          0.25145985	          0.11305334	
          2.36271190	         -6.35556428	         -1.17390239	          2.46030271	          2.63711494	          0.95112401	         -0.01266309	         29.74906889	         -0.40597300	         -6.11680928	         -7.60201362	         -0.27200241	          0.12066023	         -6.44682566	          0.50112749	          0.26951773	         -4.35616565	          7.99369832	         22.80937037	         -6.20412759	         -2.20435531	          0.93432164	          0.12676960	          0.19743890	          0.00999999	          0.00999999	          0.14321382	          0.06173066	          0.09935234	          0.09913031	          0.38641196	          0.02209214	          0.00999999	          0.00999999	          0.00999999	          0.33369669	          0.01062231	          0.00999999	          0.00999999	          0.11677113	          0.00999999	          0.03780484	          0.59933745	          0.00999999	          0.26622584	          0.00999999	          0.00999999	          0.43978118	          0.26921552	          0.09381269	
          2.37501769	         -6.48395228	         -1.08014767	          2.70448548	          2.65128800	          0.94795625	         -0.01252498	         29.56514790	         -0.51049540	         -5.30263813	         -4.98938863	         -0.28956118	          0.12552380	         -7.19891427	          0.53232290	          0.22991491	         -4.42246132	          8.12210819	         24.07185987	         -5.98541434	         -2.14954887	          0.67974316	          0.13335472	          0.20637888	          0.00999999	          0.00999999	          0.12771720	          0.10468957	          0.08244347	          0.08225923	          0.39193294	          0.02382171	          0.00999999	          0.00999999	          0.00999999	          0.33691632	          0.01178764	          0.00999999	          0.00999999	          0.11405131	          0.00999999	          0.03137080	          0.54548601	          0.00999999	          0.31227804	          0.00999999	          0.00999999	          0.44759709	          0.28489181	          0.07784662	
          2.38732348	         -6.61900866	         -1.01761016	          2.92904174	          2.66556299	          0.94491437	         -0.01230351	         29.51836613	         -0.57540790	         -4.58771728	         -2.97221961	         -0.24900341	          0.13700179	         -7.89372373	          0.52380658	          0.16124207	         -4.57810249	          8.15567067	         25.41583399	         -5.77485465	         -2.03658025	          0.40196527	          0.14135829	          0.21047928	          0.00999999	          0.00999999	          0.10913721	          0.14181516	          0.09668282	          0.06825945	          0.38551022	          0.02109050	          0.00999999	          0.00999999	          0.00999999	          0.33965313	          0.01702677	          0.00999999	          0.00999999	          0.11400665	          0.00999999	          0.02603178	          0.46790769	          0.00999999	          0.35654486	          0.00999999	          0.00999999	          0.45180681	          0.29785656	          0.06459783	
          2.39962927	         -6.75719890	         -0.97567304	          3.13323828	          2.67998783	          0.94204501	         -0.01199472	         29.60239873	         -0.59900569	         -3.97725518	         -1.59726860	         -0.16335290	          0.15404518	         -8.53452747	          0.48791838	          0.05498846	         -4.82423250	          8.07229684	         26.84499465	         -5.56954981	         -1.87790470	          0.10222450	          0.14899063	          0.21268677	          0.00999999	          0.00999999	          0.09303745	          0.17241849	          0.21098566	          0.05664231	          0.36880642	          0.01750109	          0.01108227	          0.00999999	          0.00999999	          0.33936591	          0.02572648	          0.00999999	          0.00999999	          0.11544174	          0.00999999	          0.02160141	          0.38827404	          0.00999999	          0.39633716	          0.00999999	          0.00999999	          0.45170570	          0.30751607	          0.05360386	
          2.41193506	         -6.89459590	         -0.94578554	          3.31603043	          2.69461228	          0.93937510	         -0.01159472	         29.81685303	         -0.58068422	         -3.47073995	         -0.93304697	         -0.06193663	          0.17577301	         -9.12592839	          0.43445348	         -0.09639681	         -5.16277099	          7.85935956	         28.35753036	         -5.36592353	         -1.68404364	         -0.21704531	          0.15803106	          0.20509495	          0.00999999	          0.00999999	          0.07735940	          0.19624302	          0.29845689	          0.04700230	          0.34199740	          0.01452256	          0.00999999	          0.00999999	          0.00999999	          0.33961193	          0.03637654	          0.00999999	          0.00999999	          0.11878558	          0.00999999	          0.01792505	          0.32219331	          0.01104604	          0.43150105	          0.00999999	          0.00999999	          0.44700250	          0.31316088	          0.04448097	
          2.42424086	         -7.02700007	         -0.92080466	          3.47766640	          2.70950197	          0.93691351	         -0.01110401	         30.14163012	         -0.52136471	         -3.06753560	         -1.00182584	          0.00733758	          0.19741326	         -9.67156984	          0.37151210	         -0.30046757	         -5.60110882	          7.51163185	         29.94821962	         -5.15770584	         -1.46422432	         -0.55260021	          0.17285046	          0.19719729	          0.00999999	          0.00999999	          0.07369857	          0.21156558	          0.34408743	          0.03900294	          0.29868505	          0.01205095	          0.00999999	          0.01564262	          0.00999999	          0.35851809	          0.04672641	          0.00999999	          0.00999999	          0.11244068	          0.00999999	          0.01487437	          0.26735893	          0.02100513	          0.46456248	          0.00999999	          0.00999999	          0.43753730	          0.31453272	          0.03691071	
          2.43654665	         -7.15021517	         -0.89044677	          3.61667148	          2.72473635	          0.93465285	         -0.01053159	         30.53008057	         -0.42628831	         -2.77809023	         -1.76412675	          0.01165928	          0.21760683	        -10.16926706	          0.31101472	         -0.56191147	         -6.16067758	          7.02863568	         31.61258302	         -4.93635430	         -1.22969985	         -0.89779050	          0.19019262	          0.18570365	          0.00999999	          0.00999999	          0.07909398	          0.21856251	          0.34590391	          0.03236499	          0.24785156	          0.00999999	          0.00999999	          0.02653586	          0.00999999	          0.36559892	          0.04808136	          0.00999999	          0.00999999	          0.09330429	          0.00999999	          0.01234289	          0.22185686	          0.03738776	          0.48830940	          0.00999999	          0.00999999	          0.42333963	          0.31224905	          0.03062884	
          2.44885244	         -7.26083786	         -0.84173752	          3.72973874	          2.74038384	          0.93257474	         -0.00989130	         30.91759906	         -0.30703738	         -2.62058062	         -3.13523978	         -0.14103198	          0.22846066	        -10.60283897	          0.26641642	         -0.87448919	         -6.88765381	          6.41563414	         33.34825194	         -4.69440962	         -0.99379668	         -1.24331533	          0.18374256	          0.17112162	          0.00999999	          0.00999999	          0.13086596	          0.22013875	          0.29395447	          0.02685676	          0.20566947	          0.00999999	          0.00999999	          0.02201970	          0.00999999	          0.40228295	          0.07050360	          0.00999999	          0.00999999	          0.07742475	          0.00999999	          0.01024224	          0.18409883	          0.04474571	          0.50443919	          0.01452256	          0.00999999	          0.40415756	          0.30514964	          0.02541609	
