/vscmnt/brussel_pixiu_data/_data_brussel/112/vsc11236/PredSimResults/SUBJ10opt3D/expIG/worker_12.mot
version=1
nRows=200
nColumns=50
inDegrees=yes
endheader
                time	         pelvis_tilt	         pelvis_list	     pelvis_rotation	           pelvis_tx	           pelvis_ty	           pelvis_tz	       hip_flexion_r	     hip_adduction_r	      hip_rotation_r	        knee_angle_r	       ankle_angle_r	         mtp_angle_r	       hip_flexion_l	     hip_adduction_l	      hip_rotation_l	        knee_angle_l	       ankle_angle_l	         mtp_angle_l	    lumbar_extension	      lumbar_bending	     lumbar_rotation	 ercspn_r/activation	 intobl_r/activation	 extobl_r/activation	    abd_r/activation	    add_r/activation	hamstrings_r/activation	bifemsh_r/activation	glut_max_r/activation	iliopsoas_r/activation	rect_fem_r/activation	  vasti_r/activation	gastroc_r/activation	 soleus_r/activation	tib_ant_r/activation	 ercspn_l/activation	 intobl_l/activation	 extobl_l/activation	    abd_l/activation	    add_l/activation	hamstrings_l/activation	bifemsh_l/activation	glut_max_l/activation	iliopsoas_l/activation	rect_fem_l/activation	  vasti_l/activation	gastroc_l/activation	 soleus_l/activation	tib_ant_l/activation	
          0.00000000	        -10.44350662	         -1.64736015	         13.45280658	          0.00000000	          0.78684752	         -0.01162846	         43.67614271	         -5.83868798	         -6.54107296	         -9.90749210	          0.01643387	          0.25490571	         -4.06059582	         -2.04798843	          8.49447293	        -26.51872218	         10.80172477	         37.99528842	         -8.35811183	         -1.96030170	         -2.19124879	          0.14604248	          0.12077788	          0.00999999	          0.00999999	          0.07851150	          0.04896816	          0.27381290	          0.06833380	          0.09742177	          0.01659858	          0.00999999	          0.07348383	          0.00999999	          0.31819506	          0.09292003	          0.00999999	          0.00999999	          0.04161884	          0.05898799	          0.06819305	          0.41593252	          0.01726693	          0.00999999	          0.06820539	          0.06000870	          0.17865213	          0.30898792	          0.01702224	
          0.01104088	        -10.36212648	         -1.71955896	         13.76753794	          0.02370956	          0.78700105	         -0.01119426	         43.69250375	         -5.82370485	         -7.01622312	        -13.03403914	         -0.04364565	          0.24997917	         -5.68090058	         -2.63942079	          8.14395138	        -25.99581066	          7.94704895	         38.93415175	         -8.03206580	         -1.56970645	         -2.45362451	          0.13352392	          0.10200708	          0.00999999	          0.00999999	          0.06630956	          0.06060163	          0.23125803	          0.14158847	          0.08228088	          0.01401889	          0.00999999	          0.06206328	          0.01184013	          0.34721166	          0.10767829	          0.00999999	          0.00999999	          0.03515061	          0.10420511	          0.05759477	          0.35129001	          0.01458337	          0.03069549	          0.05760519	          0.05068239	          0.16406486	          0.26096630	          0.01437671	
          0.02208176	        -10.27415910	         -1.76558814	         14.03767007	          0.04745463	          0.78706547	         -0.01069396	         43.64925065	         -5.78968286	         -7.38202363	        -16.13518145	         -0.29666342	          0.23886924	         -7.03770954	         -3.16848272	          7.74527816	        -25.97174974	          5.27270433	         39.03663923	         -7.72561626	         -1.19823206	         -2.69582359	          0.12157237	          0.08615357	          0.00999999	          0.02633102	          0.09769267	          0.06079648	          0.19531686	          0.22984841	          0.06949313	          0.01184013	          0.00999999	          0.05241766	          0.00999999	          0.42706717	          0.12220361	          0.00999999	          0.00999999	          0.02968765	          0.16712860	          0.04864363	          0.29669397	          0.01231689	          0.16487214	          0.04865243	          0.04280554	          0.14736607	          0.22040799	          0.01214234	
          0.03312264	        -10.18096781	         -1.78177796	         14.25374624	          0.07093429	          0.78721984	         -0.01011911	         43.65162781	         -5.75167302	         -7.68520970	        -19.26909329	         -0.51709790	          0.21119197	         -7.98330441	         -3.60470579	          7.35532850	        -26.64718443	          2.68343122	         38.43607971	         -7.47639080	         -0.84615661	         -2.90596191	          0.15660533	          0.07276393	          0.00999999	          0.07493140	          0.17629894	          0.06023080	          0.16496153	          0.32436995	          0.05869279	          0.00999999	          0.00999999	          0.04427112	          0.00999999	          0.44456994	          0.16835906	          0.00999999	          0.00999999	          0.02507372	          0.26402903	          0.04108364	          0.25058302	          0.01709807	          0.34398383	          0.04109107	          0.03615288	          0.12458114	          0.18615310	          0.01025523	
          0.04416352	        -10.07977653	         -1.77254683	         14.41821693	          0.09402815	          0.78761410	         -0.00948549	         43.69542947	         -5.69036854	         -7.85908039	        -22.50231094	         -0.33058956	          0.18416741	         -8.39828298	         -3.93694777	          7.02925505	        -28.17449476	          0.07122938	         37.21364562	         -7.29079874	         -0.50681002	         -3.08181853	          0.15992125	          0.06145527	          0.00999999	          0.12249819	          0.23471593	          0.05086998	          0.13932389	          0.38326259	          0.04957100	          0.00999999	          0.00999999	          0.03739069	          0.00999999	          0.38827537	          0.23273713	          0.00999999	          0.00999999	          0.02117686	          0.25902416	          0.03469859	          0.21163844	          0.01659858	          0.44335714	          0.03470487	          0.03053415	          0.10521925	          0.15722195	          0.00999999	
          0.05520440	         -9.96714614	         -1.76056115	         14.54163932	          0.11669169	          0.78835837	         -0.00877116	         43.75420057	         -5.55211271	         -7.81498836	        -25.78676437	          0.31602221	          0.16708160	         -8.22972185	         -4.19216422	          6.80656240	        -30.56027464	         -2.70165819	         35.41654739	         -7.15905400	         -0.16649082	         -3.23368270	          0.19616831	          0.05190414	          0.00999999	          0.17645972	          0.28942858	          0.04296398	          0.11767075	          0.43210042	          0.04186688	          0.00999999	          0.00999999	          0.03157958	          0.01951472	          0.32793121	          0.31399932	          0.03524953	          0.00999999	          0.01788564	          0.21876770	          0.02930588	          0.17874647	          0.01401889	          0.47445450	          0.02931118	          0.02578866	          0.08886651	          0.13278717	          0.00999999	
          0.06624528	         -9.84163450	         -1.74746992	         14.63117468	          0.13902054	          0.78947454	         -0.00797643	         43.74987770	         -5.32037934	         -7.56993537	        -29.03463258	          1.61085364	          0.26819572	         -7.53426436	         -4.37885418	          6.71222605	        -33.61604537	         -5.81293709	         33.09061054	         -7.05148406	          0.16038085	         -3.36496961	          0.20811815	          0.04383741	          0.00999999	          0.22136153	          0.31664516	          0.03628670	          0.09938284	          0.43287489	          0.03536011	          0.00999999	          0.00999999	          0.02667161	          0.09589014	          0.27696550	          0.37035870	          0.02977120	          0.00999999	          0.01510593	          0.18476773	          0.02475128	          0.15096643	          0.01184014	          0.42448405	          0.02475576	          0.02178069	          0.07505525	          0.11214993	          0.00999999	
          0.07728616	         -9.70521883	         -1.72956518	         14.67558071	          0.16108221	          0.79093118	         -0.00712917	         43.62121558	         -5.02023299	         -7.24964532	        -32.09339119	          3.24607082	          0.66227863	         -6.42741585	         -4.49215093	          6.73143473	        -37.10266495	         -9.07897810	         29.95249993	         -6.94208608	          0.46294830	         -3.46907584	          0.19568610	          0.03702439	          0.00999999	          0.24523711	          0.30959508	          0.03064717	          0.08393717	          0.40424577	          0.02986458	          0.00999999	          0.02693255	          0.02252642	          0.13345412	          0.23392067	          0.40755119	          0.03395794	          0.00999999	          0.02118192	          0.15605189	          0.02090454	          0.12750386	          0.00999999	          0.35851249	          0.02090832	          0.01839563	          0.06339047	          0.09472006	          0.09433269	
          0.08832704	         -9.56549783	         -1.71463053	         14.67069477	          0.18290528	          0.79262630	         -0.00626289	         43.27721120	         -4.65899838	         -6.94125581	        -34.73051438	          4.85349909	          1.44914454	         -5.06615673	         -4.53501976	          6.80099835	        -40.76836859	        -11.62447313	         26.11548780	         -6.80734039	          0.74347227	         -3.54590415	          0.18558062	          0.03127021	          0.00999999	          0.27073886	          0.27018427	          0.04603274	          0.07089201	          0.34714653	          0.02522315	          0.00999999	          0.10924203	          0.01902546	          0.18350838	          0.19756569	          0.40742030	          0.03938123	          0.00999999	          0.02232757	          0.13179895	          0.01765564	          0.19813636	          0.00999999	          0.30279397	          0.01765883	          0.01553666	          0.06746409	          0.07999906	          0.12001296	
          0.09936792	         -9.43697996	         -1.70289756	         14.61591131	          0.20442473	          0.79467310	         -0.00541803	         42.58539982	         -4.23490023	         -6.67944808	        -36.65273919	          6.22911409	          2.57685336	         -3.52391439	         -4.49805730	          6.85205150	        -44.38785088	        -12.62500613	         22.69033822	         -6.64209784	          1.00193071	         -3.59413277	          0.15673845	          0.02641032	          0.00999999	          0.28940914	          0.22819335	          0.05728890	          0.05987426	          0.29319445	          0.02130308	          0.00999999	          0.23908506	          0.01606860	          0.22828487	          0.16686085	          0.39556099	          0.03546037	          0.00999999	          0.01885751	          0.11131531	          0.01491168	          0.17883400	          0.00999999	          0.25573498	          0.01491437	          0.01312201	          0.13022830	          0.06756593	          0.16777016	
          0.11040880	         -9.33076589	         -1.70440852	         14.51439869	          0.22549129	          0.79737501	         -0.00461361	         41.46109054	         -3.74495277	         -6.48982022	        -37.67757795	          7.36924438	          3.92867023	         -1.77356993	         -4.39799978	          6.85358087	        -47.87761537	        -12.86250404	         19.72524596	         -6.46195129	          1.25297846	         -3.61785355	          0.13237881	          0.02230574	          0.00999999	          0.30497443	          0.19272848	          0.07004034	          0.05056885	          0.24762738	          0.01799224	          0.00999999	          0.32186155	          0.01357129	          0.26875137	          0.14092802	          0.37889354	          0.02994926	          0.00999999	          0.01592676	          0.09401514	          0.02011792	          0.21433483	          0.00999999	          0.21598971	          0.01259644	          0.01108264	          0.14880044	          0.05706512	          0.19498354	
          0.12144968	         -9.25314971	         -1.72371776	         14.36196300	          0.24596248	          0.80094632	         -0.00384698	         39.96544048	         -3.19347547	         -6.33409785	        -37.87132650	          8.24475021	          5.37937720	          0.20031623	         -4.24754544	          6.78158693	        -51.18201418	        -12.72130653	         17.14426791	         -6.28782341	          1.50570428	         -3.61540311	          0.11180505	          0.01883907	          0.00999999	          0.29702085	          0.16277542	          0.08727012	          0.04270965	          0.20914216	          0.01519596	          0.00999999	          0.32000014	          0.01146209	          0.30481015	          0.11902557	          0.36143042	          0.02529467	          0.00999999	          0.01345149	          0.07940370	          0.01699127	          0.25979126	          0.00999999	          0.18242148	          0.01063875	          0.00999999	          0.17206206	          0.04819629	          0.20244294	
          0.13249056	         -9.20521145	         -1.72944926	         14.15813986	          0.26578574	          0.80540294	         -0.00310611	         38.24722296	         -2.62481497	         -6.15033569	        -37.47011693	          8.76915937	          6.84362752	          2.37416930	         -4.02978523	          6.61702535	        -54.24557823	        -12.33251672	         14.90005856	         -6.14051424	          1.72708278	         -3.59234838	          0.10946102	          0.01591118	          0.00999999	          0.28243302	          0.13747754	          0.09840728	          0.03607189	          0.17689826	          0.01283427	          0.00999999	          0.27026704	          0.00999999	          0.33301572	          0.10052711	          0.33808084	          0.02136348	          0.00999999	          0.01136091	          0.06706310	          0.01965296	          0.28670099	          0.00999999	          0.15407029	          0.00999999	          0.00999999	          0.14852404	          0.04070582	          0.19184949	
          0.14353143	         -9.18289639	         -1.69485749	         13.91198132	          0.28501730	          0.81060978	         -0.00239386	         36.42095707	         -2.08342661	         -5.90492412	        -36.68100645	          8.86662209	          8.32516658	          4.69410582	         -3.74046241	          6.34548888	        -56.99250306	        -11.75290809	         12.94848262	         -6.02562843	          1.88916097	         -3.55987000	          0.09888536	          0.01343833	          0.00999999	          0.25297241	          0.13332956	          0.10499709	          0.03046575	          0.17216452	          0.01083962	          0.00999999	          0.22826326	          0.08551543	          0.34977148	          0.08490360	          0.33601801	          0.01804326	          0.00999999	          0.00999999	          0.06404935	          0.01659858	          0.32791334	          0.00999999	          0.13012532	          0.00999999	          0.00999999	          0.12544105	          0.03437949	          0.17810943	
          0.15457231	         -9.18009928	         -1.60560374	         13.63139090	          0.30375697	          0.81640725	         -0.00169943	         34.54137962	         -1.59931499	         -5.60755008	        -35.62244980	          8.51440691	          9.87020961	          7.10478322	         -3.38097550	          5.96579484	        -59.36053142	        -11.06119527	         11.25199783	         -5.93954566	          1.97276083	         -3.52990888	          0.09514094	          0.01134980	          0.00999999	          0.21365649	          0.14614958	          0.10707572	          0.02573089	          0.17847048	          0.00999999	          0.00999999	          0.19278753	          0.12580212	          0.35493534	          0.07170824	          0.33407442	          0.01523905	          0.00999999	          0.00999999	          0.11869334	          0.01401890	          0.40167011	          0.00999999	          0.10990178	          0.00999999	          0.00999999	          0.10594552	          0.02903637	          0.16451396	
          0.16561319	         -9.19103904	         -1.45588931	         13.31382956	          0.32211015	          0.82264794	         -0.00102202	         32.62214820	         -1.18647777	         -5.28062530	        -34.35491630	          7.79995526	         11.45322093	          9.55696259	         -2.92809389	          5.51129689	        -61.32577445	        -10.30644157	          9.77616876	         -5.87466840	          1.97031200	         -3.50205347	          0.08499610	          0.00999999	          0.00999999	          0.18045088	          0.12343562	          0.10253732	          0.02173190	          0.16528711	          0.00999999	          0.00999999	          0.16282529	          0.16529894	          0.35148806	          0.06056364	          0.31570567	          0.01287066	          0.00999999	          0.00999999	          0.14762166	          0.01184014	          0.48366399	          0.00999999	          0.09282130	          0.00999999	          0.00999999	          0.08947991	          0.02452366	          0.15305101	
          0.17665407	         -9.21164750	         -1.25078637	         12.95858237	          0.34012936	          0.82919039	         -0.00035823	         30.69380994	         -0.84696759	         -4.93436702	        -32.95049331	          6.77283311	         13.05970334	         12.02600514	         -2.37877625	          4.99956874	        -62.90532695	         -9.50963437	          8.49188731	         -5.82849887	          1.88836311	         -3.47500736	          0.07178636	          0.01539201	          0.00999999	          0.15240595	          0.10425176	          0.09098250	          0.01835442	          0.13959887	          0.00999999	          0.00999999	          0.13751965	          0.19438905	          0.33175015	          0.05115109	          0.28981752	          0.01087035	          0.00999999	          0.00999999	          0.18509430	          0.00999999	          0.55066415	          0.00999999	          0.09567916	          0.00999999	          0.00999999	          0.07557331	          0.02071229	          0.14406176	
          0.18769495	         -9.23999621	         -1.00117313	         12.56223143	          0.35782427	          0.83590454	          0.00029743	         28.80479998	         -0.57554706	         -4.57409455	        -31.50000244	          5.47552367	         14.66425660	         14.50452430	         -1.73942156	          4.44340376	        -64.13370516	         -8.68188545	          7.37353668	         -5.80299182	          1.74204503	         -3.44443635	          0.06185528	          0.01651533	          0.00999999	          0.12871965	          0.08804939	          0.07684238	          0.01550185	          0.11790299	          0.00999999	          0.00999999	          0.11614692	          0.21542812	          0.28019091	          0.04320140	          0.26238583	          0.00999999	          0.00999999	          0.00999999	          0.21593725	          0.00999999	          0.57657813	          0.00999999	          0.10516995	          0.00999999	          0.00999999	          0.06382802	          0.01749328	          0.13873011	
          0.19873583	         -9.27452566	         -0.72075863	         12.12714793	          0.37522304	          0.84265533	          0.00093762	         26.98139162	         -0.36351244	         -4.20607062	        -30.06857336	          4.01020544	         16.18784763	         16.97991461	         -1.02529525	          3.85710384	        -65.02376976	         -7.81879126	          6.40069010	         -5.79590670	          1.55051643	         -3.40990671	          0.06789743	          0.03206800	          0.00999999	          0.10871457	          0.07436511	          0.06489985	          0.12638729	          0.09957900	          0.00999999	          0.01401889	          0.09809584	          0.22346118	          0.23664480	          0.03648722	          0.23688234	          0.00999999	          0.00999999	          0.00999999	          0.24873892	          0.00999999	          0.50950219	          0.00999999	          0.09165209	          0.01401889	          0.00999999	          0.05390813	          0.01477454	          0.13390693	
          0.20977671	         -9.31277011	         -0.43172098	         11.64391147	          0.39235373	          0.84928425	          0.00155141	         25.28974046	         -0.18822304	         -3.80644203	        -28.79331044	          2.46736768	         17.56401105	         19.41760507	         -0.26612466	          3.24547044	        -65.52914602	         -6.95846832	          5.55595894	         -5.80419555	          1.34883106	         -3.36257065	          0.05734509	          0.11223680	          0.00999999	          0.09181860	          0.06280760	          0.05481338	          0.39331325	          0.08410284	          0.08335772	          0.01184014	          0.08285019	          0.18873177	          0.19986645	          0.03081652	          0.20006707	          0.00999999	          0.01747809	          0.00999999	          0.31003662	          0.00999999	          0.43031747	          0.00999999	          0.07740790	          0.01184014	          0.00999999	          0.04552995	          0.01247834	          0.13044759	
          0.22081759	         -9.35629012	         -0.16227697	         11.09837267	          0.40910450	          0.85558903	          0.00212127	         23.93032400	         -0.02398714	         -3.30215824	        -28.02142208	          0.90036636	         18.74988903	         21.80489835	          0.51599387	          2.63060707	        -65.61820278	         -6.11815341	          4.82153029	         -5.84368449	          1.18959905	         -3.30889511	          0.04843276	          0.19175781	          0.00999999	          0.07754854	          0.07319251	          0.06422977	          0.59297994	          0.07103192	          0.22233371	          0.00999999	          0.06997396	          0.15939986	          0.16880403	          0.02602715	          0.16897347	          0.00999999	          0.06253229	          0.00999999	          0.36550017	          0.03499457	          0.36343931	          0.00999999	          0.06537748	          0.00999999	          0.00999999	          0.03845388	          0.01053901	          0.12931540	
          0.23185847	         -9.40716228	          0.06495578	         10.47880241	          0.42531993	          0.86136375	          0.00264442	         23.11060595	          0.15381323	         -2.62507843	        -28.09997802	         -0.64359835	         19.70459397	         24.13663922	          1.29964953	          2.03569479	        -65.26910419	         -5.29682245	          4.18299855	         -5.94117528	          1.11660216	         -3.26763413	          0.04090554	          0.25114915	          0.03475502	          0.06549626	          0.06181723	          0.05424745	          0.62072945	          0.05999244	          0.34010632	          0.00999999	          0.05909890	          0.13462659	          0.14256921	          0.02198211	          0.14271232	          0.00999999	          0.11672390	          0.00999999	          0.37532677	          0.02955586	          0.30695507	          0.00999999	          0.05521679	          0.00999999	          0.01751024	          0.03247753	          0.00999999	          0.13554632	
          0.24289935	         -9.46620494	          0.23132763	          9.77348829	          0.44090707	          0.86644821	          0.00314087	         22.93317401	          0.38318144	         -1.72548194	        -29.18451293	         -2.12011938	         20.33246035	         26.38643008	          2.04124487	          1.46400652	        -64.41308590	         -4.49640252	          3.62672205	         -6.11960213	          1.15978338	         -3.24838093	          0.03454817	          0.27874572	          0.04775649	          0.05531710	          0.05220986	          0.04581653	          0.52425824	          0.05066866	          0.38814915	          0.00999999	          0.04991399	          0.11370348	          0.12041169	          0.01856575	          0.12053256	          0.01184013	          0.10048766	          0.00999999	          0.33538602	          0.02496241	          0.25924939	          0.00999999	          0.04663522	          0.00999999	          0.02326939	          0.02743001	          0.00999999	          0.14307075	
          0.25394023	         -9.53269238	          0.29955599	          8.98183586	          0.45590986	          0.87071133	          0.00362941	         23.35517761	          0.73371601	         -0.63894198	        -31.21809696	         -3.17045710	         20.06477081	         28.51744563	          2.65856200	          0.91985909	        -62.99614999	         -3.72023225	          3.14328489	         -6.37744862	          1.35973949	         -3.24540338	          0.02917883	          0.23803536	          0.12771893	          0.04671995	          0.04409562	          0.03869592	          0.44278020	          0.04279395	          0.37333547	          0.15265965	          0.04215656	          0.09603216	          0.10169780	          0.23321138	          0.10179989	          0.00999999	          0.08487029	          0.02217364	          0.28326172	          0.02108286	          0.21895792	          0.00999999	          0.03938737	          0.00999999	          0.01965296	          0.02316695	          0.00999999	          0.14620542	
          0.26498111	         -9.60737965	          0.28656968	          8.10154667	          0.47051374	          0.87399272	          0.00415275	         24.18876545	          1.21145897	          0.50132479	        -33.92221145	         -3.38608908	         18.50950972	         30.46502404	          3.10316709	          0.38164167	        -60.98806840	         -3.01554926	          2.72338046	         -6.70097218	          1.68258205	         -3.23080837	          0.02503061	          0.20104089	          0.10786938	          0.03945893	          0.03724246	          0.03268196	          0.37396513	          0.03614309	          0.31531322	          0.29240266	          0.03560477	          0.08110724	          0.08589235	          0.51973236	          0.08597857	          0.01415391	          0.07168010	          0.05616701	          0.23923835	          0.01780625	          0.18492838	          0.00999999	          0.03326595	          0.00999999	          0.01659858	          0.01956644	          0.00999999	          0.15123943	
          0.27602199	         -9.68914881	          0.22081753	          7.16681543	          0.48498573	          0.87619685	          0.00470704	         25.10582137	          1.75050622	          1.53970806	        -36.57326640	         -2.80581795	         16.25248180	         32.14108875	          3.35711763	         -0.12834542	        -58.34514144	         -2.36831310	          2.35417675	         -7.06372032	          2.07666000	         -3.21256240	          0.03873385	          0.16979595	          0.09110477	          0.03332638	          0.03145439	          0.02760266	          0.31584502	          0.03052588	          0.26630854	          0.33248426	          0.08611222	          0.06850189	          0.07254332	          0.57785725	          0.07261614	          0.08379515	          0.06053987	          0.05831416	          0.20205692	          0.01503887	          0.15618758	          0.00999999	          0.04599307	          0.01234104	          0.01401889	          0.01652550	          0.00999999	          0.16247279	
          0.28706287	         -9.78167206	          0.16127939	          6.20062235	          0.49955454	          0.87737522	          0.00523135	         25.68825314	          2.19969895	          2.40430796	        -37.89740295	         -1.49871219	         14.14759716	         33.48193331	          3.49543608	         -0.57100255	        -55.03975881	         -1.76226261	          2.02398801	         -7.44279400	          2.46272830	         -3.18104166	          0.03271399	          0.14340696	          0.07694564	          0.02990551	          0.02656588	          0.02331277	          0.26675769	          0.02578167	          0.22491997	          0.28081093	          0.09382115	          0.05785561	          0.06126893	          0.62540931	          0.06133044	          0.07077206	          0.05113102	          0.05320201	          0.17065407	          0.01270159	          0.13191355	          0.00999999	          0.05465019	          0.01042305	          0.01184013	          0.01395718	          0.00999999	          0.16817077	
          0.29810375	         -9.88683677	          0.12845357	          5.18686934	          0.51423793	          0.87753782	          0.00573671	         25.91337606	          2.50750768	          3.10493087	        -37.74916578	          0.10488038	         12.29904705	         34.49803784	          3.55019562	         -0.92321137	        -51.13289714	         -1.27746501	          1.72684398	         -7.83440456	          2.81243703	         -3.11004904	          0.05418525	          0.12111925	          0.06498707	          0.04867416	          0.03962866	          0.07334583	          0.22529931	          0.02177479	          0.18996384	          0.23716846	          0.07923985	          0.04886393	          0.05174677	          0.58880450	          0.08343855	          0.05977296	          0.04318444	          0.05636703	          0.14413172	          0.01072756	          0.11141209	          0.00999999	          0.09328506	          0.00999999	          0.00999999	          0.01178801	          0.00999999	          0.17185812	
          0.30914463	         -9.99725461	          0.15072852	          4.13435084	          0.52907880	          0.87663321	          0.00622030	         25.89665261	          2.65066919	          3.66143618	        -36.71507820	          1.58675514	         10.64973581	         35.21088214	          3.56447748	         -1.14304938	        -46.71996121	         -0.93512108	          1.46459225	         -8.22723904	          3.09180830	         -3.01312804	          0.11212342	          0.10229539	          0.05488705	          0.08381258	          0.19452225	          0.16161260	          0.19028423	          0.01839064	          0.16044044	          0.20030872	          0.06692472	          0.04126970	          0.04370450	          0.54935158	          0.13549751	          0.06326461	          0.03647290	          0.04760670	          0.12173136	          0.00999999	          0.09409689	          0.04184583	          0.14783806	          0.01927443	          0.00999999	          0.00999999	          0.00999999	          0.16949758	
          0.32018551	        -10.10379758	          0.22906049	          3.05873536	          0.54424608	          0.87460446	          0.00669209	         25.64952729	          2.65691676	          4.11427446	        -35.19980651	          2.89955182	          9.18709557	         35.63616371	          3.54291668	         -1.22908018	        -41.88463807	         -0.74653762	          1.24729923	         -8.58276322	          3.29486230	         -2.90143731	          0.15427231	          0.08639707	          0.04635673	          0.09980870	          0.24761908	          0.24227921	          0.16071104	          0.01553245	          0.13550545	          0.16917756	          0.05652356	          0.03485573	          0.03691213	          0.51327213	          0.17086788	          0.07965571	          0.03080443	          0.04020786	          0.10281238	          0.00999999	          0.07947274	          0.06743967	          0.19590397	          0.02143077	          0.00999999	          0.00999999	          0.00999999	          0.16801028	
          0.33122639	        -10.19973391	          0.35580207	          1.97407479	          0.55986450	          0.87139676	          0.00717217	         25.17400559	          2.55812842	          4.46211035	        -33.54885051	          4.00340001	          7.86725520	         35.81861764	          3.48141503	         -1.18541899	        -36.74646791	         -0.70125808	          1.06776813	         -8.86973510	          3.42549956	         -2.77702170	          0.18347659	          0.07296959	          0.03915216	          0.10544718	          0.20913515	          0.30130219	          0.13573400	          0.01311846	          0.11444576	          0.14288469	          0.04773890	          0.02943860	          0.03117540	          0.49906625	          0.18002193	          0.09426047	          0.02601693	          0.03395892	          0.08683370	          0.00999999	          0.06712141	          0.09829631	          0.24305699	          0.02880729	          0.00999999	          0.00999999	          0.00999999	          0.16765249	
          0.34226727	        -10.28098163	          0.52428914	          0.89261970	          0.57597180	          0.86696976	          0.00767042	         24.50745469	          2.38441922	          4.64861230	        -32.28061031	          5.07550274	          6.65851543	         35.82866287	          3.37529799	         -1.02634701	        -31.46250847	         -0.73423499	          0.91458835	         -9.07423960	          3.49152041	         -2.63608227	          0.20518469	          0.06162896	          0.03306729	          0.14039531	          0.17663223	          0.31581259	          0.11463878	          0.01107964	          0.09665907	          0.12067814	          0.04031952	          0.02486337	          0.02633025	          0.42150343	          0.16556386	          0.11220295	          0.02197349	          0.02868117	          0.07333837	          0.00999999	          0.05668968	          0.12113605	          0.29532168	          0.03219806	          0.00999999	          0.00999999	          0.00999999	          0.16795542	
          0.35330815	        -10.34644434	          0.73087332	         -0.16143757	          0.59252516	          0.86135904	          0.00823865	         23.70616667	          2.27061576	          4.68695031	        -32.28753968	          6.79460148	          6.17821372	         35.76056901	          3.22085429	         -0.76890128	        -26.22284782	         -0.79798219	          0.78270447	         -9.19852908	          3.49299257	         -2.48784014	          0.17329573	          0.05205084	          0.02792811	          0.12922399	          0.14918078	          0.27295902	          0.09682210	          0.03680191	          0.08163672	          0.10192284	          0.03405322	          0.02099921	          0.13747609	          0.35599511	          0.16201875	          0.11608845	          0.01855846	          0.02422366	          0.06194042	          0.00999999	          0.04787921	          0.15150468	          0.31560127	          0.03530528	          0.00999999	          0.00999999	          0.00999999	          0.16906348	
          0.36434903	        -10.40064085	          0.95083888	         -1.17038112	          0.60942837	          0.85474140	          0.00889622	         22.67323089	          2.27814492	          4.79564942	        -32.85236982	          9.10490105	          7.29947308	         35.68922658	          2.99171253	         -0.45882002	        -21.16534970	         -0.86358205	          0.67083554	         -9.25664613	          3.45456194	         -2.34500464	          0.14636283	          0.04396132	          0.02358764	          0.13744862	          0.12599572	          0.23053686	          0.08987556	          0.06031560	          0.06894908	          0.08608242	          0.02876081	          0.01773560	          0.17734872	          0.30066783	          0.15210904	          0.09804646	          0.01567418	          0.03193458	          0.05231390	          0.00999999	          0.04043802	          0.18353321	          0.35461863	          0.02981828	          0.00999999	          0.00999999	          0.00999999	          0.16916816	
          0.37538991	        -10.44777953	          1.15301522	         -2.15927183	          0.62654777	          0.84733470	          0.00953916	         21.39688814	          2.26047740	          4.98930851	        -33.09166210	         11.34418181	          9.22410813	         35.66029021	          2.65565352	         -0.13994826	        -16.37806572	         -0.91689723	          0.57801723	         -9.27434195	          3.42761377	         -2.18145511	          0.12361572	          0.03712903	          0.01992175	          0.14859963	          0.10641398	          0.19470777	          0.07590748	          0.08581691	          0.05823330	          0.07270384	          0.02429093	          0.01497921	          0.24395037	          0.25393928	          0.15636121	          0.08280848	          0.01323816	          0.03262114	          0.04418349	          0.00999999	          0.03415331	          0.21201801	          0.38078683	          0.02788199	          0.00999999	          0.00999999	          0.00999999	          0.16922892	
          0.38643079	        -10.48878763	          1.31142975	         -3.13293634	          0.64376744	          0.83935873	          0.01015451	         19.98611417	          2.23374306	          5.27836166	        -33.16823157	         13.85636376	         11.21036857	         35.71175501	          2.18864083	          0.12953542	        -11.94449225	         -0.96858580	          0.50221990	         -9.27676479	          3.44261929	         -1.99827855	          0.10440388	          0.03135859	          0.01682559	          0.16084145	          0.08987556	          0.16444709	          0.06411025	          0.11644926	          0.04918292	          0.06140451	          0.02051573	          0.01265120	          0.31424918	          0.21447309	          0.16881734	          0.07940775	          0.01118074	          0.02755130	          0.03731667	          0.00999999	          0.02884534	          0.22881323	          0.41005051	          0.02870260	          0.01395900	          0.00999999	          0.00999999	          0.17044720	
          0.39747167	        -10.52397521	          1.41120267	         -4.09175223	          0.66099473	          0.83110447	          0.01072995	         18.58147604	          2.22425648	          5.67153658	        -33.30069472	         16.58370823	         12.91997028	         35.86855870	          1.59047358	          0.28798324	         -7.93199877	         -1.03095581	          0.44101153	         -9.28786840	          3.51338670	         -1.79976451	          0.08817786	          0.02648497	          0.01421063	          0.16963447	          0.07590747	          0.14341514	          0.05414650	          0.11676215	          0.04153911	          0.05186128	          0.05527479	          0.01068500	          0.39505387	          0.18114057	          0.19219832	          0.10183867	          0.00999999	          0.02326939	          0.03151707	          0.00999999	          0.02436232	          0.23854560	          0.43101184	          0.03506303	          0.01492161	          0.00999999	          0.01168453	          0.17453110	
          0.40851254	        -10.55430579	          1.45385807	         -5.03333648	          0.67823112	          0.82291008	          0.01125794	         17.22306101	          2.23488252	          6.13284456	        -33.51586419	         19.24203661	         14.41978420	         36.13408606	          0.88443810	          0.30364521	         -4.38583261	         -1.11913304	          0.39172716	         -9.31857057	          3.63012574	         -1.58849117	          0.08014036	          0.02236878	          0.01200207	          0.18155535	          0.06411025	          0.13155270	          0.04573127	          0.11100434	          0.03508328	          0.04380121	          0.10396534	          0.00999999	          0.47965878	          0.15298845	          0.21925094	          0.13600811	          0.00999999	          0.01965296	          0.02661882	          0.00999999	          0.02057603	          0.24233518	          0.44827223	          0.04638633	          0.01542689	          0.01253869	          0.01401889	          0.18496002	
          0.41955342	        -10.58091982	          1.44653990	         -5.95296537	          0.69554775	          0.81512047	          0.01172825	         15.90375326	          2.25697394	          6.64442628	        -33.78588992	         21.64386341	         15.76935225	         36.49987256	          0.10152713	          0.18154707	         -1.33685514	         -1.23930353	          0.35471788	         -9.36917102	          3.77566578	         -1.36365100	          0.07636892	          0.01889232	          0.01013676	          0.19291988	          0.05414650	          0.12157008	          0.03862391	          0.09389210	          0.02963078	          0.03699381	          0.15537060	          0.00999999	          0.56138463	          0.12921162	          0.24348680	          0.17647084	          0.00999999	          0.01659858	          0.02248183	          0.00999999	          0.01737819	          0.24784862	          0.45809450	          0.06218449	          0.01466792	          0.03961196	          0.01184014	          0.21440464	
          0.43059430	        -10.60465450	          1.40294582	         -6.84477566	          0.71304526	          0.80804212	          0.01212816	         14.59884059	          2.27122074	          7.17416185	        -34.04663922	         23.60305751	         17.08816895	         36.97060108	         -0.72322793	         -0.06314522	          1.14010402	         -1.38604144	          0.32585602	         -9.43384164	          3.92644381	         -1.12238139	          0.07926092	          0.01595615	          0.00999999	          0.20213264	          0.04573127	          0.10849353	          0.03262114	          0.07929978	          0.02502568	          0.03124438	          0.20326763	          0.04444350	          0.63217868	          0.10913008	          0.26338344	          0.21538519	          0.00999999	          0.01401889	          0.01898780	          0.00999999	          0.01467734	          0.25012379	          0.45537678	          0.09207400	          0.01491377	          0.06455967	          0.00999999	          0.23875785	
          0.44163518	        -10.62583571	          1.34132150	         -7.70265373	          0.73084815	          0.80190369	          0.01244605	         13.26094653	          2.24792566	          7.68341386	        -34.19836256	         25.00010515	         18.48551957	         37.54257479	         -1.55460466	         -0.41229564	          2.98385064	         -1.51796727	          0.30621267	         -9.50006851	          4.05618513	         -0.86114365	          0.08610779	          0.01347631	          0.00999999	          0.20037763	          0.03862391	          0.09163192	          0.02755130	          0.06697534	          0.02113630	          0.02638851	          0.23713218	          0.07963005	          0.68569162	          0.09216954	          0.28009213	          0.24941177	          0.00999999	          0.01184013	          0.01603679	          0.00999999	          0.01239625	          0.24993491	          0.44267931	          0.08987556	          0.01568972	          0.08384927	          0.00999999	          0.26321625	
          0.45267606	        -10.64383444	          1.27818399	         -8.51886532	          0.74908609	          0.79682755	          0.01268276	         11.82461183	          2.15797139	          8.14481225	        -34.12305348	         25.82023340	         19.98728585	         38.20199213	         -2.36382024	         -0.83672716	          4.15646592	         -1.60840274	          0.29305055	         -9.55119713	          4.14149083	         -0.57974404	          0.08686354	          0.01138188	          0.00999999	          0.18912162	          0.03262114	          0.07739087	          0.02326939	          0.05656631	          0.01785138	          0.02228732	          0.24941505	          0.10745304	          0.71922399	          0.07784493	          0.29031486	          0.27211479	          0.00999999	          0.00999999	          0.01354442	          0.00999999	          0.01046968	          0.23984838	          0.41631445	          0.07590748	          0.01965296	          0.09874257	          0.00999999	          0.28087415	
          0.46371694	        -10.65746239	          1.22835125	         -9.28718842	          0.76785153	          0.79282604	          0.01285395	         10.24704371	          1.97934240	          8.54147762	        -33.74695576	         26.08465527	         21.59761851	         38.93297058	         -3.12787460	         -1.30309773	          4.64013878	         -1.64009989	          0.28556116	         -9.57256999	          4.16107711	         -0.28076797	          0.09460312	          0.00999999	          0.00999999	          0.16074838	          0.02755130	          0.06536310	          0.01965296	          0.05394001	          0.01507699	          0.01882352	          0.23177726	          0.13299840	          0.73304526	          0.06574659	          0.28996963	          0.28995843	          0.00999999	          0.00999999	          0.03130888	          0.00999999	          0.01000002	          0.21439773	          0.37351362	          0.06411025	          0.01659858	          0.10981641	          0.00999999	          0.29454844	
          0.47475782	        -10.66524314	          1.20266965	        -10.00126212	          0.78717658	          0.78983520	          0.01295895	          8.55609841	          1.70520286	          8.85811230	        -33.12033361	         25.79054671	         23.35083809	         39.71465652	         -3.81580257	         -1.81910570	          4.45000518	         -1.60379836	          0.28071931	         -9.55692138	          4.10255642	          0.03256082	          0.08247983	          0.00999999	          0.00999999	          0.13576553	          0.02326939	          0.05520464	          0.01659858	          0.04847142	          0.01273379	          0.08999329	          0.19575540	          0.15593016	          0.72660776	          0.05552853	          0.26728251	          0.29058471	          0.00999999	          0.00999999	          0.04801496	          0.00999999	          0.12756770	          0.18107692	          0.31780124	          0.05414650	          0.01401889	          0.11717874	          0.00999999	          0.30281132	
          0.48579870	        -10.66607113	          1.21130014	        -10.65903725	          0.80703203	          0.78775786	          0.01298460	          6.81272773	          1.33513619	          9.07596438	        -32.34416602	         24.93276546	         25.28919414	         40.53449498	         -4.40004013	         -2.40477712	          3.59673087	         -1.49885807	          0.27753549	         -9.50803138	          3.95776487	          0.35684342	          0.07487380	          0.00999999	          0.00999999	          0.11466541	          0.01965296	          0.04662496	          0.01401889	          0.04093819	          0.01075476	          0.14294878	          0.16533190	          0.17610577	          0.70027220	          0.04689851	          0.24711224	          0.28344648	          0.00999999	          0.00999999	          0.06008113	          0.00999999	          0.21922584	          0.15293470	          0.26840989	          0.04573127	          0.01184013	          0.12094602	          0.00999999	          0.30866788	
          0.49683958	        -10.65874618	          1.25450471	        -11.26118166	          0.82741898	          0.78648368	          0.01292238	          5.04531401	          0.87837401	          9.19089525	        -31.47145809	         23.53776341	         27.41148363	         41.35267406	         -4.87058778	         -3.06886657	          2.15932274	         -1.32563893	          0.27339199	         -9.42723477	          3.73185786	          0.68871995	          0.07370415	          0.00999999	          0.00999999	          0.09684459	          0.01659858	          0.03937870	          0.01184014	          0.03457575	          0.00999999	          0.15870992	          0.13963670	          0.19164599	          0.65415960	          0.03960974	          0.23135276	          0.27431023	          0.00999999	          0.00999999	          0.06869599	          0.00999999	          0.28185314	          0.12916622	          0.22669473	          0.03862391	          0.00999999	          0.12103088	          0.00999999	          0.31086101	
          0.50788046	        -10.64173535	          1.32374757	        -11.80668234	          0.84837395	          0.78588786	          0.01277307	          3.25585751	          0.35196233	          9.21245055	        -30.52135774	         21.65452673	         29.67106068	         42.11546184	         -5.23105404	         -3.79761464	          0.25481022	         -1.08806239	          0.26851396	         -9.31086867	          3.43994022	          1.02235176	          0.07665654	          0.00999999	          0.00999999	          0.08179340	          0.01401889	          0.03325863	          0.00999999	          0.02920213	          0.00999999	          0.13404388	          0.11793494	          0.20269175	          0.59872662	          0.03345376	          0.23128309	          0.23736448	          0.00999999	          0.00999999	          0.07072703	          0.00999999	          0.30767201	          0.12585319	          0.19146278	          0.03262114	          0.00999999	          0.11613902	          0.00999999	          0.31006731	
          0.51892134	        -10.61314773	          1.40227547	        -12.29355146	          0.86995961	          0.78582275	          0.01255765	          1.43468558	         -0.21782560	          9.15262126	        -29.50017871	         19.33300926	         32.00277539	         42.75754739	         -5.49931709	         -4.55299551	         -1.97271674	         -0.79033405	          0.26279548	         -9.14977879	          3.10514168	          1.34451863	          0.07923889	          0.00999999	          0.00999999	          0.06908141	          0.01184013	          0.02808971	          0.00999999	          0.02466365	          0.01401890	          0.11321134	          0.09960598	          0.20630688	          0.51287643	          0.02825451	          0.23402193	          0.20047428	          0.00999999	          0.00999999	          0.06150796	          0.03234734	          0.31193253	          0.11342448	          0.16170642	          0.02755130	          0.00999999	          0.11151651	          0.00999999	          0.30635251	
          0.52996222	        -10.57082043	          1.48122146	        -12.72108912	          0.89221264	          0.78610268	          0.01229986	         -0.42618550	         -0.81429942	          9.00891276	        -28.41947646	         16.66130769	         34.28654928	         43.23837640	         -5.68950145	         -5.27014555	         -4.43816328	         -0.45380931	          0.25840840	         -8.93502343	          2.74173247	          1.64047154	          0.09435758	          0.00999999	          0.00999999	          0.05834506	          0.00999999	          0.02372412	          0.17165955	          0.02083053	          0.01184014	          0.09561650	          0.08412563	          0.20245117	          0.43316730	          0.02386331	          0.20473559	          0.16931739	          0.00999999	          0.00999999	          0.07016585	          0.04004311	          0.32696304	          0.09579652	          0.13657468	          0.02326939	          0.00999999	          0.10301630	          0.00999999	          0.30243340	
          0.54100310	        -10.51392703	          1.56280343	        -13.10296512	          0.91508683	          0.78651205	          0.01199369	         -2.27890144	         -1.42816974	          8.78657987	        -27.38299393	         13.75747526	         36.37017270	         43.54196253	         -5.80156719	         -5.93940652	         -7.08463151	         -0.14499422	          0.25717505	         -8.66768688	          2.35742364	          1.91883672	          0.09884783	          0.00999999	          0.00999999	          0.04927732	          0.00999999	          0.05495634	          0.28936463	          0.02044430	          0.01000000	          0.08075618	          0.07105118	          0.19304281	          0.36584623	          0.02015458	          0.17291643	          0.14300279	          0.00999999	          0.00999999	          0.07342769	          0.04032609	          0.32419849	          0.08090822	          0.11534881	          0.01965296	          0.00999999	          0.08700593	          0.01070497	          0.28902163	
          0.55204398	        -10.44350662	          1.64736015	        -13.45280658	          0.93847477	          0.78684752	          0.01162846	         -4.06059582	         -2.04798843	          8.49447293	        -26.51872218	         10.80172477	         37.99528842	         43.67614271	         -5.83868798	         -6.54107296	         -9.90749210	          0.01643387	          0.25490571	         -8.35811183	          1.96030170	          2.19124879	          0.09292003	          0.00999999	          0.00999999	          0.04161884	          0.05898799	          0.06819305	          0.41593252	          0.01726693	          0.00999999	          0.06820539	          0.06000870	          0.17865213	          0.30898792	          0.01702224	          0.14604248	          0.12077788	          0.00999999	          0.00999999	          0.07851150	          0.04896816	          0.27381290	          0.06833380	          0.09742177	          0.01659858	          0.00999999	          0.07348383	          0.00999999	          0.31819506	
          0.56308486	        -10.36212648	          1.71955896	        -13.76753794	          0.96218433	          0.78700105	          0.01119426	         -5.68090058	         -2.63942079	          8.14395138	        -25.99581066	          7.94704895	         38.93415175	         43.69250375	         -5.82370485	         -7.01622312	        -13.03403914	         -0.04364565	          0.24997917	         -8.03206580	          1.56970645	          2.45362451	          0.10767829	          0.00999999	          0.00999999	          0.03515061	          0.10420511	          0.05759477	          0.35129001	          0.01458337	          0.03069549	          0.05760519	          0.05068239	          0.16406486	          0.26096630	          0.01437671	          0.13352392	          0.10200708	          0.00999999	          0.00999999	          0.06630956	          0.06060163	          0.23125803	          0.14158847	          0.08228088	          0.01401889	          0.00999999	          0.06206328	          0.01184013	          0.34721166	
          0.57412574	        -10.27415910	          1.76558814	        -14.03767007	          0.98592940	          0.78706547	          0.01069396	         -7.03770954	         -3.16848272	          7.74527816	        -25.97174974	          5.27270433	         39.03663923	         43.64925065	         -5.78968286	         -7.38202363	        -16.13518145	         -0.29666342	          0.23886924	         -7.72561626	          1.19823206	          2.69582359	          0.12220361	          0.00999999	          0.00999999	          0.02968765	          0.16712860	          0.04864363	          0.29669397	          0.01231689	          0.16487214	          0.04865243	          0.04280554	          0.14736607	          0.22040799	          0.01214234	          0.12157237	          0.08615357	          0.00999999	          0.02633102	          0.09769267	          0.06079648	          0.19531686	          0.22984841	          0.06949313	          0.01184013	          0.00999999	          0.05241766	          0.00999999	          0.42706717	
          0.58516662	        -10.18096781	          1.78177796	        -14.25374624	          1.00940905	          0.78721984	          0.01011911	         -7.98330441	         -3.60470579	          7.35532850	        -26.64718443	          2.68343122	         38.43607971	         43.65162781	         -5.75167302	         -7.68520970	        -19.26909329	         -0.51709790	          0.21119197	         -7.47639080	          0.84615661	          2.90596191	          0.16835906	          0.00999999	          0.00999999	          0.02507372	          0.26402903	          0.04108364	          0.25058302	          0.01709807	          0.34398383	          0.04109107	          0.03615288	          0.12458114	          0.18615310	          0.01025523	          0.15660533	          0.07276393	          0.00999999	          0.07493140	          0.17629894	          0.06023080	          0.16496153	          0.32436995	          0.05869279	          0.00999999	          0.00999999	          0.04427112	          0.00999999	          0.44456994	
          0.59620750	        -10.07977653	          1.77254683	        -14.41821693	          1.03250292	          0.78761410	          0.00948549	         -8.39828298	         -3.93694777	          7.02925505	        -28.17449476	          0.07122938	         37.21364562	         43.69542947	         -5.69036854	         -7.85908039	        -22.50231094	         -0.33058956	          0.18416741	         -7.29079874	          0.50681002	          3.08181853	          0.23273713	          0.00999999	          0.00999999	          0.02117686	          0.25902416	          0.03469859	          0.21163844	          0.01659858	          0.44335714	          0.03470487	          0.03053415	          0.10521925	          0.15722195	          0.00999999	          0.15992125	          0.06145527	          0.00999999	          0.12249819	          0.23471593	          0.05086998	          0.13932389	          0.38326259	          0.04957100	          0.00999999	          0.00999999	          0.03739069	          0.00999999	          0.38827537	
          0.60724838	         -9.96714614	          1.76056115	        -14.54163932	          1.05516645	          0.78835837	          0.00877116	         -8.22972185	         -4.19216422	          6.80656240	        -30.56027464	         -2.70165819	         35.41654739	         43.75420057	         -5.55211271	         -7.81498836	        -25.78676437	          0.31602221	          0.16708160	         -7.15905400	          0.16649082	          3.23368270	          0.31399932	          0.03524953	          0.00999999	          0.01788564	          0.21876770	          0.02930588	          0.17874647	          0.01401889	          0.47445450	          0.02931118	          0.02578866	          0.08886651	          0.13278717	          0.00999999	          0.19616831	          0.05190414	          0.00999999	          0.17645972	          0.28942858	          0.04296398	          0.11767075	          0.43210042	          0.04186688	          0.00999999	          0.00999999	          0.03157958	          0.01951472	          0.32793121	
          0.61828926	         -9.84163450	          1.74746992	        -14.63117468	          1.07749531	          0.78947454	          0.00797643	         -7.53426436	         -4.37885418	          6.71222605	        -33.61604537	         -5.81293709	         33.09061054	         43.74987770	         -5.32037934	         -7.56993537	        -29.03463258	          1.61085364	          0.26819572	         -7.05148406	         -0.16038085	          3.36496961	          0.37035870	          0.02977120	          0.00999999	          0.01510593	          0.18476773	          0.02475128	          0.15096643	          0.01184014	          0.42448405	          0.02475576	          0.02178069	          0.07505525	          0.11214993	          0.00999999	          0.20811815	          0.04383741	          0.00999999	          0.22136153	          0.31664516	          0.03628670	          0.09938284	          0.43287489	          0.03536011	          0.00999999	          0.00999999	          0.02667161	          0.09589014	          0.27696550	
          0.62933014	         -9.70521883	          1.72956518	        -14.67558071	          1.09955697	          0.79093118	          0.00712917	         -6.42741585	         -4.49215093	          6.73143473	        -37.10266495	         -9.07897810	         29.95249993	         43.62121558	         -5.02023299	         -7.24964532	        -32.09339119	          3.24607082	          0.66227863	         -6.94208608	         -0.46294830	          3.46907584	          0.40755119	          0.03395794	          0.00999999	          0.02118192	          0.15605189	          0.02090454	          0.12750386	          0.00999999	          0.35851249	          0.02090832	          0.01839563	          0.06339047	          0.09472006	          0.09433269	          0.19568610	          0.03702439	          0.00999999	          0.24523711	          0.30959508	          0.03064717	          0.08393717	          0.40424577	          0.02986458	          0.00999999	          0.02693255	          0.02252642	          0.13345412	          0.23392067	
          0.64037102	         -9.56549783	          1.71463053	        -14.67069477	          1.12138005	          0.79262630	          0.00626289	         -5.06615673	         -4.53501976	          6.80099835	        -40.76836859	        -11.62447313	         26.11548780	         43.27721120	         -4.65899838	         -6.94125581	        -34.73051438	          4.85349909	          1.44914454	         -6.80734039	         -0.74347227	          3.54590415	          0.40742030	          0.03938123	          0.00999999	          0.02232757	          0.13179895	          0.01765564	          0.19813636	          0.00999999	          0.30279397	          0.01765883	          0.01553666	          0.06746409	          0.07999906	          0.12001296	          0.18558062	          0.03127021	          0.00999999	          0.27073886	          0.27018427	          0.04603274	          0.07089201	          0.34714653	          0.02522315	          0.00999999	          0.10924203	          0.01902546	          0.18350838	          0.19756569	
          0.65141190	         -9.43697996	          1.70289756	        -14.61591131	          1.14289949	          0.79467310	          0.00541803	         -3.52391439	         -4.49805730	          6.85205150	        -44.38785088	        -12.62500613	         22.69033822	         42.58539982	         -4.23490023	         -6.67944808	        -36.65273919	          6.22911409	          2.57685336	         -6.64209784	         -1.00193071	          3.59413277	          0.39556099	          0.03546037	          0.00999999	          0.01885751	          0.11131531	          0.01491168	          0.17883400	          0.00999999	          0.25573498	          0.01491437	          0.01312201	          0.13022830	          0.06756593	          0.16777016	          0.15673845	          0.02641032	          0.00999999	          0.28940914	          0.22819335	          0.05728890	          0.05987426	          0.29319445	          0.02130308	          0.00999999	          0.23908506	          0.01606860	          0.22828487	          0.16686085	
          0.66245278	         -9.33076589	          1.70440852	        -14.51439869	          1.16396605	          0.79737501	          0.00461361	         -1.77356993	         -4.39799978	          6.85358087	        -47.87761537	        -12.86250404	         19.72524596	         41.46109054	         -3.74495277	         -6.48982022	        -37.67757795	          7.36924438	          3.92867023	         -6.46195129	         -1.25297846	          3.61785355	          0.37889354	          0.02994926	          0.00999999	          0.01592676	          0.09401514	          0.02011792	          0.21433483	          0.00999999	          0.21598971	          0.01259644	          0.01108264	          0.14880044	          0.05706512	          0.19498354	          0.13237881	          0.02230574	          0.00999999	          0.30497443	          0.19272848	          0.07004034	          0.05056885	          0.24762738	          0.01799224	          0.00999999	          0.32186155	          0.01357129	          0.26875137	          0.14092802	
          0.67349365	         -9.25314971	          1.72371776	        -14.36196300	          1.18443724	          0.80094632	          0.00384698	          0.20031623	         -4.24754544	          6.78158693	        -51.18201418	        -12.72130653	         17.14426791	         39.96544048	         -3.19347547	         -6.33409785	        -37.87132650	          8.24475021	          5.37937720	         -6.28782341	         -1.50570428	          3.61540311	          0.36143042	          0.02529467	          0.00999999	          0.01345149	          0.07940370	          0.01699127	          0.25979126	          0.00999999	          0.18242148	          0.01063875	          0.00999999	          0.17206206	          0.04819629	          0.20244294	          0.11180505	          0.01883907	          0.00999999	          0.29702085	          0.16277542	          0.08727012	          0.04270965	          0.20914216	          0.01519596	          0.00999999	          0.32000014	          0.01146209	          0.30481015	          0.11902557	
          0.68453453	         -9.20521145	          1.72944926	        -14.15813986	          1.20426051	          0.80540294	          0.00310611	          2.37416930	         -4.02978523	          6.61702535	        -54.24557823	        -12.33251672	         14.90005856	         38.24722296	         -2.62481497	         -6.15033569	        -37.47011693	          8.76915937	          6.84362752	         -6.14051424	         -1.72708278	          3.59234838	          0.33808084	          0.02136348	          0.00999999	          0.01136091	          0.06706310	          0.01965296	          0.28670099	          0.00999999	          0.15407029	          0.00999999	          0.00999999	          0.14852404	          0.04070582	          0.19184949	          0.10946102	          0.01591118	          0.00999999	          0.28243302	          0.13747754	          0.09840728	          0.03607189	          0.17689826	          0.01283427	          0.00999999	          0.27026704	          0.00999999	          0.33301572	          0.10052711	
          0.69557541	         -9.18289639	          1.69485749	        -13.91198132	          1.22349207	          0.81060978	          0.00239386	          4.69410582	         -3.74046241	          6.34548888	        -56.99250306	        -11.75290809	         12.94848262	         36.42095707	         -2.08342661	         -5.90492412	        -36.68100645	          8.86662209	          8.32516658	         -6.02562843	         -1.88916097	          3.55987000	          0.33601801	          0.01804326	          0.00999999	          0.00999999	          0.06404935	          0.01659858	          0.32791334	          0.00999999	          0.13012532	          0.00999999	          0.00999999	          0.12544105	          0.03437949	          0.17810943	          0.09888536	          0.01343833	          0.00999999	          0.25297241	          0.13332956	          0.10499709	          0.03046575	          0.17216452	          0.01083962	          0.00999999	          0.22826326	          0.08551543	          0.34977148	          0.08490360	
          0.70661629	         -9.18009928	          1.60560374	        -13.63139090	          1.24223174	          0.81640725	          0.00169943	          7.10478322	         -3.38097550	          5.96579484	        -59.36053142	        -11.06119527	         11.25199783	         34.54137962	         -1.59931499	         -5.60755008	        -35.62244980	          8.51440691	          9.87020961	         -5.93954566	         -1.97276083	          3.52990888	          0.33407442	          0.01523905	          0.00999999	          0.00999999	          0.11869334	          0.01401890	          0.40167011	          0.00999999	          0.10990178	          0.00999999	          0.00999999	          0.10594552	          0.02903637	          0.16451396	          0.09514094	          0.01134980	          0.00999999	          0.21365649	          0.14614958	          0.10707572	          0.02573089	          0.17847048	          0.00999999	          0.00999999	          0.19278753	          0.12580212	          0.35493534	          0.07170824	
          0.71765717	         -9.19103904	          1.45588931	        -13.31382956	          1.26058491	          0.82264794	          0.00102202	          9.55696259	         -2.92809389	          5.51129689	        -61.32577445	        -10.30644157	          9.77616876	         32.62214820	         -1.18647777	         -5.28062530	        -34.35491630	          7.79995526	         11.45322093	         -5.87466840	         -1.97031200	          3.50205347	          0.31570567	          0.01287066	          0.00999999	          0.00999999	          0.14762166	          0.01184014	          0.48366399	          0.00999999	          0.09282130	          0.00999999	          0.00999999	          0.08947991	          0.02452366	          0.15305101	          0.08499610	          0.00999999	          0.00999999	          0.18045088	          0.12343562	          0.10253732	          0.02173190	          0.16528711	          0.00999999	          0.00999999	          0.16282529	          0.16529894	          0.35148806	          0.06056364	
          0.72869805	         -9.21164750	          1.25078637	        -12.95858237	          1.27860412	          0.82919039	          0.00035823	         12.02600514	         -2.37877625	          4.99956874	        -62.90532695	         -9.50963437	          8.49188731	         30.69380994	         -0.84696759	         -4.93436702	        -32.95049331	          6.77283311	         13.05970334	         -5.82849887	         -1.88836311	          3.47500736	          0.28981752	          0.01087035	          0.00999999	          0.00999999	          0.18509430	          0.00999999	          0.55066415	          0.00999999	          0.09567916	          0.00999999	          0.00999999	          0.07557331	          0.02071229	          0.14406176	          0.07178636	          0.01539201	          0.00999999	          0.15240595	          0.10425176	          0.09098250	          0.01835442	          0.13959887	          0.00999999	          0.00999999	          0.13751965	          0.19438905	          0.33175015	          0.05115109	
          0.73973893	         -9.23999621	          1.00117313	        -12.56223143	          1.29629904	          0.83590454	         -0.00029743	         14.50452430	         -1.73942156	          4.44340376	        -64.13370516	         -8.68188545	          7.37353668	         28.80479998	         -0.57554706	         -4.57409455	        -31.50000244	          5.47552367	         14.66425660	         -5.80299182	         -1.74204503	          3.44443635	          0.26238583	          0.00999999	          0.00999999	          0.00999999	          0.21593725	          0.00999999	          0.57657813	          0.00999999	          0.10516995	          0.00999999	          0.00999999	          0.06382802	          0.01749328	          0.13873011	          0.06185528	          0.01651533	          0.00999999	          0.12871965	          0.08804939	          0.07684238	          0.01550185	          0.11790299	          0.00999999	          0.00999999	          0.11614692	          0.21542812	          0.28019091	          0.04320140	
          0.75077981	         -9.27452566	          0.72075863	        -12.12714793	          1.31369781	          0.84265533	         -0.00093762	         16.97991461	         -1.02529525	          3.85710384	        -65.02376976	         -7.81879126	          6.40069010	         26.98139162	         -0.36351244	         -4.20607062	        -30.06857336	          4.01020544	         16.18784763	         -5.79590670	         -1.55051643	          3.40990671	          0.23688234	          0.00999999	          0.00999999	          0.00999999	          0.24873892	          0.00999999	          0.50950219	          0.00999999	          0.09165209	          0.01401889	          0.00999999	          0.05390813	          0.01477454	          0.13390693	          0.06789743	          0.03206800	          0.00999999	          0.10871457	          0.07436511	          0.06489985	          0.12638729	          0.09957900	          0.00999999	          0.01401889	          0.09809584	          0.22346118	          0.23664480	          0.03648722	
          0.76182069	         -9.31277011	          0.43172098	        -11.64391147	          1.33082849	          0.84928425	         -0.00155141	         19.41760507	         -0.26612466	          3.24547044	        -65.52914602	         -6.95846832	          5.55595894	         25.28974046	         -0.18822304	         -3.80644203	        -28.79331044	          2.46736768	         17.56401105	         -5.80419555	         -1.34883106	          3.36257065	          0.20006707	          0.00999999	          0.01747809	          0.00999999	          0.31003662	          0.00999999	          0.43031747	          0.00999999	          0.07740790	          0.01184014	          0.00999999	          0.04552995	          0.01247834	          0.13044759	          0.05734509	          0.11223680	          0.00999999	          0.09181860	          0.06280760	          0.05481338	          0.39331325	          0.08410284	          0.08335772	          0.01184014	          0.08285019	          0.18873177	          0.19986645	          0.03081652	
          0.77286157	         -9.35629012	          0.16227697	        -11.09837267	          1.34757927	          0.85558903	         -0.00212127	         21.80489835	          0.51599387	          2.63060707	        -65.61820278	         -6.11815341	          4.82153029	         23.93032400	         -0.02398714	         -3.30215824	        -28.02142208	          0.90036636	         18.74988903	         -5.84368449	         -1.18959905	          3.30889511	          0.16897347	          0.00999999	          0.06253229	          0.00999999	          0.36550017	          0.03499457	          0.36343931	          0.00999999	          0.06537748	          0.00999999	          0.00999999	          0.03845388	          0.01053901	          0.12931540	          0.04843276	          0.19175781	          0.00999999	          0.07754854	          0.07319251	          0.06422977	          0.59297994	          0.07103192	          0.22233371	          0.00999999	          0.06997396	          0.15939986	          0.16880403	          0.02602715	
          0.78390245	         -9.40716228	         -0.06495578	        -10.47880241	          1.36379469	          0.86136375	         -0.00264442	         24.13663922	          1.29964953	          2.03569479	        -65.26910419	         -5.29682245	          4.18299855	         23.11060595	          0.15381323	         -2.62507843	        -28.09997802	         -0.64359835	         19.70459397	         -5.94117528	         -1.11660216	          3.26763413	          0.14271232	          0.00999999	          0.11672390	          0.00999999	          0.37532677	          0.02955586	          0.30695507	          0.00999999	          0.05521679	          0.00999999	          0.01751024	          0.03247753	          0.00999999	          0.13554632	          0.04090554	          0.25114915	          0.03475502	          0.06549626	          0.06181723	          0.05424745	          0.62072945	          0.05999244	          0.34010632	          0.00999999	          0.05909890	          0.13462659	          0.14256921	          0.02198211	
          0.79494333	         -9.46620494	         -0.23132763	         -9.77348829	          1.37938184	          0.86644821	         -0.00314087	         26.38643008	          2.04124487	          1.46400652	        -64.41308590	         -4.49640252	          3.62672205	         22.93317401	          0.38318144	         -1.72548194	        -29.18451293	         -2.12011938	         20.33246035	         -6.11960213	         -1.15978338	          3.24838093	          0.12053256	          0.01184013	          0.10048766	          0.00999999	          0.33538602	          0.02496241	          0.25924939	          0.00999999	          0.04663522	          0.00999999	          0.02326939	          0.02743001	          0.00999999	          0.14307075	          0.03454817	          0.27874572	          0.04775649	          0.05531710	          0.05220986	          0.04581653	          0.52425824	          0.05066866	          0.38814915	          0.00999999	          0.04991399	          0.11370348	          0.12041169	          0.01856575	
          0.80598421	         -9.53269238	         -0.29955599	         -8.98183586	          1.39438462	          0.87071133	         -0.00362941	         28.51744563	          2.65856200	          0.91985909	        -62.99614999	         -3.72023225	          3.14328489	         23.35517761	          0.73371601	         -0.63894198	        -31.21809696	         -3.17045710	         20.06477081	         -6.37744862	         -1.35973949	          3.24540338	          0.10179989	          0.00999999	          0.08487029	          0.02217364	          0.28326172	          0.02108286	          0.21895792	          0.00999999	          0.03938737	          0.00999999	          0.01965296	          0.02316695	          0.00999999	          0.14620542	          0.02917883	          0.23803536	          0.12771893	          0.04671995	          0.04409562	          0.03869592	          0.44278020	          0.04279395	          0.37333547	          0.15265965	          0.04215656	          0.09603216	          0.10169780	          0.23321138	
          0.81702509	         -9.60737965	         -0.28656968	         -8.10154667	          1.40898850	          0.87399272	         -0.00415275	         30.46502404	          3.10316709	          0.38164167	        -60.98806840	         -3.01554926	          2.72338046	         24.18876545	          1.21145897	          0.50132479	        -33.92221145	         -3.38608908	         18.50950972	         -6.70097218	         -1.68258205	          3.23080837	          0.08597857	          0.01415391	          0.07168010	          0.05616701	          0.23923835	          0.01780625	          0.18492838	          0.00999999	          0.03326595	          0.00999999	          0.01659858	          0.01956644	          0.00999999	          0.15123943	          0.02503061	          0.20104089	          0.10786938	          0.03945893	          0.03724246	          0.03268196	          0.37396513	          0.03614309	          0.31531322	          0.29240266	          0.03560477	          0.08110724	          0.08589235	          0.51973236	
          0.82806597	         -9.68914881	         -0.22081753	         -7.16681543	          1.42346050	          0.87619685	         -0.00470704	         32.14108875	          3.35711763	         -0.12834542	        -58.34514144	         -2.36831310	          2.35417675	         25.10582137	          1.75050622	          1.53970806	        -36.57326640	         -2.80581795	         16.25248180	         -7.06372032	         -2.07666000	          3.21256240	          0.07261614	          0.08379515	          0.06053987	          0.05831416	          0.20205692	          0.01503887	          0.15618758	          0.00999999	          0.04599307	          0.01234104	          0.01401889	          0.01652550	          0.00999999	          0.16247279	          0.03873385	          0.16979595	          0.09110477	          0.03332638	          0.03145439	          0.02760266	          0.31584502	          0.03052588	          0.26630854	          0.33248426	          0.08611222	          0.06850189	          0.07254332	          0.57785725	
          0.83910685	         -9.78167206	         -0.16127939	         -6.20062235	          1.43802931	          0.87737522	         -0.00523135	         33.48193331	          3.49543608	         -0.57100255	        -55.03975881	         -1.76226261	          2.02398801	         25.68825314	          2.19969895	          2.40430796	        -37.89740295	         -1.49871219	         14.14759716	         -7.44279400	         -2.46272830	          3.18104166	          0.06133044	          0.07077206	          0.05113102	          0.05320201	          0.17065407	          0.01270159	          0.13191355	          0.00999999	          0.05465019	          0.01042305	          0.01184013	          0.01395718	          0.00999999	          0.16817077	          0.03271399	          0.14340696	          0.07694564	          0.02990551	          0.02656588	          0.02331277	          0.26675769	          0.02578167	          0.22491997	          0.28081093	          0.09382115	          0.05785561	          0.06126893	          0.62540931	
          0.85014773	         -9.88683677	         -0.12845357	         -5.18686934	          1.45271270	          0.87753782	         -0.00573671	         34.49803784	          3.55019562	         -0.92321137	        -51.13289714	         -1.27746501	          1.72684398	         25.91337606	          2.50750768	          3.10493087	        -37.74916578	          0.10488038	         12.29904705	         -7.83440456	         -2.81243703	          3.11004904	          0.08343855	          0.05977296	          0.04318444	          0.05636703	          0.14413172	          0.01072756	          0.11141209	          0.00999999	          0.09328506	          0.00999999	          0.00999999	          0.01178801	          0.00999999	          0.17185812	          0.05418525	          0.12111925	          0.06498707	          0.04867416	          0.03962866	          0.07334583	          0.22529931	          0.02177479	          0.18996384	          0.23716846	          0.07923985	          0.04886393	          0.05174677	          0.58880450	
          0.86118861	         -9.99725461	         -0.15072852	         -4.13435084	          1.46755356	          0.87663321	         -0.00622030	         35.21088214	          3.56447748	         -1.14304938	        -46.71996121	         -0.93512108	          1.46459225	         25.89665261	          2.65066919	          3.66143618	        -36.71507820	          1.58675514	         10.64973581	         -8.22723904	         -3.09180830	          3.01312804	          0.13549751	          0.06326461	          0.03647290	          0.04760670	          0.12173136	          0.00999999	          0.09409689	          0.04184583	          0.14783806	          0.01927443	          0.00999999	          0.00999999	          0.00999999	          0.16949758	          0.11212342	          0.10229539	          0.05488705	          0.08381258	          0.19452225	          0.16161260	          0.19028423	          0.01839064	          0.16044044	          0.20030872	          0.06692472	          0.04126970	          0.04370450	          0.54935158	
          0.87222949	        -10.10379758	         -0.22906049	         -3.05873536	          1.48272084	          0.87460446	         -0.00669209	         35.63616371	          3.54291668	         -1.22908018	        -41.88463807	         -0.74653762	          1.24729923	         25.64952729	          2.65691676	          4.11427446	        -35.19980651	          2.89955182	          9.18709557	         -8.58276322	         -3.29486230	          2.90143731	          0.17086788	          0.07965571	          0.03080443	          0.04020786	          0.10281238	          0.00999999	          0.07947274	          0.06743967	          0.19590397	          0.02143077	          0.00999999	          0.00999999	          0.00999999	          0.16801028	          0.15427231	          0.08639707	          0.04635673	          0.09980870	          0.24761908	          0.24227921	          0.16071104	          0.01553245	          0.13550545	          0.16917756	          0.05652356	          0.03485573	          0.03691213	          0.51327213	
          0.88327037	        -10.19973391	         -0.35580207	         -1.97407479	          1.49833927	          0.87139676	         -0.00717217	         35.81861764	          3.48141503	         -1.18541899	        -36.74646791	         -0.70125808	          1.06776813	         25.17400559	          2.55812842	          4.46211035	        -33.54885051	          4.00340001	          7.86725520	         -8.86973510	         -3.42549956	          2.77702170	          0.18002193	          0.09426047	          0.02601693	          0.03395892	          0.08683370	          0.00999999	          0.06712141	          0.09829631	          0.24305699	          0.02880729	          0.00999999	          0.00999999	          0.00999999	          0.16765249	          0.18347659	          0.07296959	          0.03915216	          0.10544718	          0.20913515	          0.30130219	          0.13573400	          0.01311846	          0.11444576	          0.14288469	          0.04773890	          0.02943860	          0.03117540	          0.49906625	
          0.89431125	        -10.28098163	         -0.52428914	         -0.89261970	          1.51444656	          0.86696976	         -0.00767042	         35.82866287	          3.37529799	         -1.02634701	        -31.46250847	         -0.73423499	          0.91458835	         24.50745469	          2.38441922	          4.64861230	        -32.28061031	          5.07550274	          6.65851543	         -9.07423960	         -3.49152041	          2.63608227	          0.16556386	          0.11220295	          0.02197349	          0.02868117	          0.07333837	          0.00999999	          0.05668968	          0.12113605	          0.29532168	          0.03219806	          0.00999999	          0.00999999	          0.00999999	          0.16795542	          0.20518469	          0.06162896	          0.03306729	          0.14039531	          0.17663223	          0.31581259	          0.11463878	          0.01107964	          0.09665907	          0.12067814	          0.04031952	          0.02486337	          0.02633025	          0.42150343	
          0.90535213	        -10.34644434	         -0.73087332	          0.16143757	          1.53099993	          0.86135904	         -0.00823865	         35.76056901	          3.22085429	         -0.76890128	        -26.22284782	         -0.79798219	          0.78270447	         23.70616667	          2.27061576	          4.68695031	        -32.28753968	          6.79460148	          6.17821372	         -9.19852908	         -3.49299257	          2.48784014	          0.16201875	          0.11608845	          0.01855846	          0.02422366	          0.06194042	          0.00999999	          0.04787921	          0.15150468	          0.31560127	          0.03530528	          0.00999999	          0.00999999	          0.00999999	          0.16906348	          0.17329573	          0.05205084	          0.02792811	          0.12922399	          0.14918078	          0.27295902	          0.09682210	          0.03680191	          0.08163672	          0.10192284	          0.03405322	          0.02099921	          0.13747609	          0.35599511	
          0.91639301	        -10.40064085	         -0.95083888	          1.17038112	          1.54790314	          0.85474140	         -0.00889622	         35.68922658	          2.99171253	         -0.45882002	        -21.16534970	         -0.86358205	          0.67083554	         22.67323089	          2.27814492	          4.79564942	        -32.85236982	          9.10490105	          7.29947308	         -9.25664613	         -3.45456194	          2.34500464	          0.15210904	          0.09804646	          0.01567418	          0.03193458	          0.05231390	          0.00999999	          0.04043802	          0.18353321	          0.35461863	          0.02981828	          0.00999999	          0.00999999	          0.00999999	          0.16916816	          0.14636283	          0.04396132	          0.02358764	          0.13744862	          0.12599572	          0.23053686	          0.08987556	          0.06031560	          0.06894908	          0.08608242	          0.02876081	          0.01773560	          0.17734872	          0.30066783	
          0.92743389	        -10.44777953	         -1.15301522	          2.15927183	          1.56502253	          0.84733470	         -0.00953916	         35.66029021	          2.65565352	         -0.13994826	        -16.37806572	         -0.91689723	          0.57801723	         21.39688814	          2.26047740	          4.98930851	        -33.09166210	         11.34418181	          9.22410813	         -9.27434195	         -3.42761377	          2.18145511	          0.15636121	          0.08280848	          0.01323816	          0.03262114	          0.04418349	          0.00999999	          0.03415331	          0.21201801	          0.38078683	          0.02788199	          0.00999999	          0.00999999	          0.00999999	          0.16922892	          0.12361572	          0.03712903	          0.01992175	          0.14859963	          0.10641398	          0.19470777	          0.07590748	          0.08581691	          0.05823330	          0.07270384	          0.02429093	          0.01497921	          0.24395037	          0.25393928	
          0.93847477	        -10.48878763	         -1.31142975	          3.13293634	          1.58224221	          0.83935873	         -0.01015451	         35.71175501	          2.18864083	          0.12953542	        -11.94449225	         -0.96858580	          0.50221990	         19.98611417	          2.23374306	          5.27836166	        -33.16823157	         13.85636376	         11.21036857	         -9.27676479	         -3.44261929	          1.99827855	          0.16881734	          0.07940775	          0.01118074	          0.02755130	          0.03731667	          0.00999999	          0.02884534	          0.22881323	          0.41005051	          0.02870260	          0.01395900	          0.00999999	          0.00999999	          0.17044720	          0.10440388	          0.03135859	          0.01682559	          0.16084145	          0.08987556	          0.16444709	          0.06411025	          0.11644926	          0.04918292	          0.06140451	          0.02051573	          0.01265120	          0.31424918	          0.21447309	
          0.94951564	        -10.52397521	         -1.41120267	          4.09175223	          1.59946950	          0.83110447	         -0.01072995	         35.86855870	          1.59047358	          0.28798324	         -7.93199877	         -1.03095581	          0.44101153	         18.58147604	          2.22425648	          5.67153658	        -33.30069472	         16.58370823	         12.91997028	         -9.28786840	         -3.51338670	          1.79976451	          0.19219832	          0.10183867	          0.00999999	          0.02326939	          0.03151707	          0.00999999	          0.02436232	          0.23854560	          0.43101184	          0.03506303	          0.01492161	          0.00999999	          0.01168453	          0.17453110	          0.08817786	          0.02648497	          0.01421063	          0.16963447	          0.07590747	          0.14341514	          0.05414650	          0.11676215	          0.04153911	          0.05186128	          0.05527479	          0.01068500	          0.39505387	          0.18114057	
          0.96055652	        -10.55430579	         -1.45385807	          5.03333648	          1.61670588	          0.82291008	         -0.01125794	         36.13408606	          0.88443810	          0.30364521	         -4.38583261	         -1.11913304	          0.39172716	         17.22306101	          2.23488252	          6.13284456	        -33.51586419	         19.24203661	         14.41978420	         -9.31857057	         -3.63012574	          1.58849117	          0.21925094	          0.13600811	          0.00999999	          0.01965296	          0.02661882	          0.00999999	          0.02057603	          0.24233518	          0.44827223	          0.04638633	          0.01542689	          0.01253869	          0.01401889	          0.18496002	          0.08014036	          0.02236878	          0.01200207	          0.18155535	          0.06411025	          0.13155270	          0.04573127	          0.11100434	          0.03508328	          0.04380121	          0.10396534	          0.00999999	          0.47965878	          0.15298845	
          0.97159740	        -10.58091982	         -1.44653990	          5.95296537	          1.63402251	          0.81512047	         -0.01172825	         36.49987256	          0.10152713	          0.18154707	         -1.33685514	         -1.23930353	          0.35471788	         15.90375326	          2.25697394	          6.64442628	        -33.78588992	         21.64386341	         15.76935225	         -9.36917102	         -3.77566578	          1.36365100	          0.24348680	          0.17647084	          0.00999999	          0.01659858	          0.02248183	          0.00999999	          0.01737819	          0.24784862	          0.45809450	          0.06218449	          0.01466792	          0.03961196	          0.01184014	          0.21440464	          0.07636892	          0.01889232	          0.01013676	          0.19291988	          0.05414650	          0.12157008	          0.03862391	          0.09389210	          0.02963078	          0.03699381	          0.15537060	          0.00999999	          0.56138463	          0.12921162	
          0.98263828	        -10.60465450	         -1.40294582	          6.84477566	          1.65152002	          0.80804212	         -0.01212816	         36.97060108	         -0.72322793	         -0.06314522	          1.14010402	         -1.38604144	          0.32585602	         14.59884059	          2.27122074	          7.17416185	        -34.04663922	         23.60305751	         17.08816895	         -9.43384164	         -3.92644381	          1.12238139	          0.26338344	          0.21538519	          0.00999999	          0.01401889	          0.01898780	          0.00999999	          0.01467734	          0.25012379	          0.45537678	          0.09207400	          0.01491377	          0.06455967	          0.00999999	          0.23875785	          0.07926092	          0.01595615	          0.00999999	          0.20213264	          0.04573127	          0.10849353	          0.03262114	          0.07929978	          0.02502568	          0.03124438	          0.20326763	          0.04444350	          0.63217868	          0.10913008	
          0.99367916	        -10.62583571	         -1.34132150	          7.70265373	          1.66932291	          0.80190369	         -0.01244605	         37.54257479	         -1.55460466	         -0.41229564	          2.98385064	         -1.51796727	          0.30621267	         13.26094653	          2.24792566	          7.68341386	        -34.19836256	         25.00010515	         18.48551957	         -9.50006851	         -4.05618513	          0.86114365	          0.28009213	          0.24941177	          0.00999999	          0.01184013	          0.01603679	          0.00999999	          0.01239625	          0.24993491	          0.44267931	          0.08987556	          0.01568972	          0.08384927	          0.00999999	          0.26321625	          0.08610779	          0.01347631	          0.00999999	          0.20037763	          0.03862391	          0.09163192	          0.02755130	          0.06697534	          0.02113630	          0.02638851	          0.23713218	          0.07963005	          0.68569162	          0.09216954	
          1.00472004	        -10.64383444	         -1.27818399	          8.51886532	          1.68756086	          0.79682755	         -0.01268276	         38.20199213	         -2.36382024	         -0.83672716	          4.15646592	         -1.60840274	          0.29305055	         11.82461183	          2.15797139	          8.14481225	        -34.12305348	         25.82023340	         19.98728585	         -9.55119713	         -4.14149083	          0.57974404	          0.29031486	          0.27211479	          0.00999999	          0.00999999	          0.01354442	          0.00999999	          0.01046968	          0.23984838	          0.41631445	          0.07590748	          0.01965296	          0.09874257	          0.00999999	          0.28087415	          0.08686354	          0.01138188	          0.00999999	          0.18912162	          0.03262114	          0.07739087	          0.02326939	          0.05656631	          0.01785138	          0.02228732	          0.24941505	          0.10745304	          0.71922399	          0.07784493	
          1.01576092	        -10.65746239	         -1.22835125	          9.28718842	          1.70632630	          0.79282604	         -0.01285395	         38.93297058	         -3.12787460	         -1.30309773	          4.64013878	         -1.64009989	          0.28556116	         10.24704371	          1.97934240	          8.54147762	        -33.74695576	         26.08465527	         21.59761851	         -9.57256999	         -4.16107711	          0.28076797	          0.28996963	          0.28995843	          0.00999999	          0.00999999	          0.03130888	          0.00999999	          0.01000002	          0.21439773	          0.37351362	          0.06411025	          0.01659858	          0.10981641	          0.00999999	          0.29454844	          0.09460312	          0.00999999	          0.00999999	          0.16074838	          0.02755130	          0.06536310	          0.01965296	          0.05394001	          0.01507699	          0.01882352	          0.23177726	          0.13299840	          0.73304526	          0.06574659	
          1.02680180	        -10.66524314	         -1.20266965	         10.00126212	          1.72565135	          0.78983520	         -0.01295895	         39.71465652	         -3.81580257	         -1.81910570	          4.45000518	         -1.60379836	          0.28071931	          8.55609841	          1.70520286	          8.85811230	        -33.12033361	         25.79054671	         23.35083809	         -9.55692138	         -4.10255642	         -0.03256082	          0.26728251	          0.29058471	          0.00999999	          0.00999999	          0.04801496	          0.00999999	          0.12756770	          0.18107692	          0.31780124	          0.05414650	          0.01401889	          0.11717874	          0.00999999	          0.30281132	          0.08247983	          0.00999999	          0.00999999	          0.13576553	          0.02326939	          0.05520464	          0.01659858	          0.04847142	          0.01273379	          0.08999329	          0.19575540	          0.15593016	          0.72660776	          0.05552853	
          1.03784268	        -10.66607113	         -1.21130014	         10.65903725	          1.74550679	          0.78775786	         -0.01298460	         40.53449498	         -4.40004013	         -2.40477712	          3.59673087	         -1.49885807	          0.27753549	          6.81272773	          1.33513619	          9.07596438	        -32.34416602	         24.93276546	         25.28919414	         -9.50803138	         -3.95776487	         -0.35684342	          0.24711224	          0.28344648	          0.00999999	          0.00999999	          0.06008113	          0.00999999	          0.21922584	          0.15293470	          0.26840989	          0.04573127	          0.01184013	          0.12094602	          0.00999999	          0.30866788	          0.07487380	          0.00999999	          0.00999999	          0.11466541	          0.01965296	          0.04662496	          0.01401889	          0.04093819	          0.01075476	          0.14294878	          0.16533190	          0.17610577	          0.70027220	          0.04689851	
          1.04888356	        -10.65874618	         -1.25450471	         11.26118166	          1.76589375	          0.78648368	         -0.01292238	         41.35267406	         -4.87058778	         -3.06886657	          2.15932274	         -1.32563893	          0.27339199	          5.04531401	          0.87837401	          9.19089525	        -31.47145809	         23.53776341	         27.41148363	         -9.42723477	         -3.73185786	         -0.68871995	          0.23135276	          0.27431023	          0.00999999	          0.00999999	          0.06869599	          0.00999999	          0.28185314	          0.12916622	          0.22669473	          0.03862391	          0.00999999	          0.12103088	          0.00999999	          0.31086101	          0.07370415	          0.00999999	          0.00999999	          0.09684459	          0.01659858	          0.03937870	          0.01184014	          0.03457575	          0.00999999	          0.15870992	          0.13963670	          0.19164599	          0.65415960	          0.03960974	
          1.05992444	        -10.64173535	         -1.32374757	         11.80668234	          1.78684871	          0.78588786	         -0.01277307	         42.11546184	         -5.23105404	         -3.79761464	          0.25481022	         -1.08806239	          0.26851396	          3.25585751	          0.35196233	          9.21245055	        -30.52135774	         21.65452673	         29.67106068	         -9.31086867	         -3.43994022	         -1.02235176	          0.23128309	          0.23736448	          0.00999999	          0.00999999	          0.07072703	          0.00999999	          0.30767201	          0.12585319	          0.19146278	          0.03262114	          0.00999999	          0.11613902	          0.00999999	          0.31006731	          0.07665654	          0.00999999	          0.00999999	          0.08179340	          0.01401889	          0.03325863	          0.00999999	          0.02920213	          0.00999999	          0.13404388	          0.11793494	          0.20269175	          0.59872662	          0.03345376	
          1.07096532	        -10.61314773	         -1.40227547	         12.29355146	          1.80843438	          0.78582275	         -0.01255765	         42.75754739	         -5.49931709	         -4.55299551	         -1.97271674	         -0.79033405	          0.26279548	          1.43468558	         -0.21782560	          9.15262126	        -29.50017871	         19.33300926	         32.00277539	         -9.14977879	         -3.10514168	         -1.34451863	          0.23402193	          0.20047428	          0.00999999	          0.00999999	          0.06150796	          0.03234734	          0.31193253	          0.11342448	          0.16170642	          0.02755130	          0.00999999	          0.11151651	          0.00999999	          0.30635251	          0.07923889	          0.00999999	          0.00999999	          0.06908141	          0.01184013	          0.02808971	          0.00999999	          0.02466365	          0.01401890	          0.11321134	          0.09960598	          0.20630688	          0.51287643	          0.02825451	
          1.08200620	        -10.57082043	         -1.48122146	         12.72108912	          1.83068741	          0.78610268	         -0.01229986	         43.23837640	         -5.68950145	         -5.27014555	         -4.43816328	         -0.45380931	          0.25840840	         -0.42618550	         -0.81429942	          9.00891276	        -28.41947646	         16.66130769	         34.28654928	         -8.93502343	         -2.74173247	         -1.64047154	          0.20473559	          0.16931739	          0.00999999	          0.00999999	          0.07016585	          0.04004311	          0.32696304	          0.09579652	          0.13657468	          0.02326939	          0.00999999	          0.10301630	          0.00999999	          0.30243340	          0.09435758	          0.00999999	          0.00999999	          0.05834506	          0.00999999	          0.02372412	          0.17165955	          0.02083053	          0.01184014	          0.09561650	          0.08412563	          0.20245117	          0.43316730	          0.02386331	
          1.09304708	        -10.51392703	         -1.56280343	         13.10296512	          1.85356159	          0.78651205	         -0.01199369	         43.54196253	         -5.80156719	         -5.93940652	         -7.08463151	         -0.14499422	          0.25717505	         -2.27890144	         -1.42816974	          8.78657987	        -27.38299393	         13.75747526	         36.37017270	         -8.66768688	         -2.35742364	         -1.91883672	          0.17291643	          0.14300279	          0.00999999	          0.00999999	          0.07342769	          0.04032609	          0.32419849	          0.08090822	          0.11534881	          0.01965296	          0.00999999	          0.08700593	          0.01070497	          0.28902163	          0.09884783	          0.00999999	          0.00999999	          0.04927732	          0.00999999	          0.05495634	          0.28936463	          0.02044430	          0.01000000	          0.08075618	          0.07105118	          0.19304281	          0.36584623	          0.02015458	
          1.10408796	        -10.44350662	         -1.64736015	         13.45280658	          1.87694953	          0.78684752	         -0.01162846	         43.67614271	         -5.83868798	         -6.54107296	         -9.90749210	          0.01643387	          0.25490571	         -4.06059582	         -2.04798843	          8.49447293	        -26.51872218	         10.80172477	         37.99528842	         -8.35811183	         -1.96030170	         -2.19124879	          0.14604248	          0.12077788	          0.00999999	          0.00999999	          0.07851150	          0.04896816	          0.27381290	          0.06833380	          0.09742177	          0.01659858	          0.00999999	          0.07348383	          0.00999999	          0.31819506	          0.09292003	          0.00999999	          0.00999999	          0.04161884	          0.05898799	          0.06819305	          0.41593252	          0.01726693	          0.00999999	          0.06820539	          0.06000870	          0.17865213	          0.30898792	          0.01702224	
          1.11512884	        -10.36212648	         -1.71955896	         13.76753794	          1.90065909	          0.78700105	         -0.01119426	         43.69250375	         -5.82370485	         -7.01622312	        -13.03403914	         -0.04364565	          0.24997917	         -5.68090058	         -2.63942079	          8.14395138	        -25.99581066	          7.94704895	         38.93415175	         -8.03206580	         -1.56970645	         -2.45362451	          0.13352392	          0.10200708	          0.00999999	          0.00999999	          0.06630956	          0.06060163	          0.23125803	          0.14158847	          0.08228088	          0.01401889	          0.00999999	          0.06206328	          0.01184013	          0.34721166	          0.10767829	          0.00999999	          0.00999999	          0.03515061	          0.10420511	          0.05759477	          0.35129001	          0.01458337	          0.03069549	          0.05760519	          0.05068239	          0.16406486	          0.26096630	          0.01437671	
          1.12616972	        -10.27415910	         -1.76558814	         14.03767007	          1.92440416	          0.78706547	         -0.01069396	         43.64925065	         -5.78968286	         -7.38202363	        -16.13518145	         -0.29666342	          0.23886924	         -7.03770954	         -3.16848272	          7.74527816	        -25.97174974	          5.27270433	         39.03663923	         -7.72561626	         -1.19823206	         -2.69582359	          0.12157237	          0.08615357	          0.00999999	          0.02633102	          0.09769267	          0.06079648	          0.19531686	          0.22984841	          0.06949313	          0.01184013	          0.00999999	          0.05241766	          0.00999999	          0.42706717	          0.12220361	          0.00999999	          0.00999999	          0.02968765	          0.16712860	          0.04864363	          0.29669397	          0.01231689	          0.16487214	          0.04865243	          0.04280554	          0.14736607	          0.22040799	          0.01214234	
          1.13721060	        -10.18096781	         -1.78177796	         14.25374624	          1.94788382	          0.78721984	         -0.01011911	         43.65162781	         -5.75167302	         -7.68520970	        -19.26909329	         -0.51709790	          0.21119197	         -7.98330441	         -3.60470579	          7.35532850	        -26.64718443	          2.68343122	         38.43607971	         -7.47639080	         -0.84615661	         -2.90596191	          0.15660533	          0.07276393	          0.00999999	          0.07493140	          0.17629894	          0.06023080	          0.16496153	          0.32436995	          0.05869279	          0.00999999	          0.00999999	          0.04427112	          0.00999999	          0.44456994	          0.16835906	          0.00999999	          0.00999999	          0.02507372	          0.26402903	          0.04108364	          0.25058302	          0.01709807	          0.34398383	          0.04109107	          0.03615288	          0.12458114	          0.18615310	          0.01025523	
          1.14825148	        -10.07977653	         -1.77254683	         14.41821693	          1.97097768	          0.78761410	         -0.00948549	         43.69542947	         -5.69036854	         -7.85908039	        -22.50231094	         -0.33058956	          0.18416741	         -8.39828298	         -3.93694777	          7.02925505	        -28.17449476	          0.07122938	         37.21364562	         -7.29079874	         -0.50681002	         -3.08181853	          0.15992125	          0.06145527	          0.00999999	          0.12249819	          0.23471593	          0.05086998	          0.13932389	          0.38326259	          0.04957100	          0.00999999	          0.00999999	          0.03739069	          0.00999999	          0.38827537	          0.23273713	          0.00999999	          0.00999999	          0.02117686	          0.25902416	          0.03469859	          0.21163844	          0.01659858	          0.44335714	          0.03470487	          0.03053415	          0.10521925	          0.15722195	          0.00999999	
          1.15929236	         -9.96714614	         -1.76056115	         14.54163932	          1.99364122	          0.78835837	         -0.00877116	         43.75420057	         -5.55211271	         -7.81498836	        -25.78676437	          0.31602221	          0.16708160	         -8.22972185	         -4.19216422	          6.80656240	        -30.56027464	         -2.70165819	         35.41654739	         -7.15905400	         -0.16649082	         -3.23368270	          0.19616831	          0.05190414	          0.00999999	          0.17645972	          0.28942858	          0.04296398	          0.11767075	          0.43210042	          0.04186688	          0.00999999	          0.00999999	          0.03157958	          0.01951472	          0.32793121	          0.31399932	          0.03524953	          0.00999999	          0.01788564	          0.21876770	          0.02930588	          0.17874647	          0.01401889	          0.47445450	          0.02931118	          0.02578866	          0.08886651	          0.13278717	          0.00999999	
          1.17033324	         -9.84163450	         -1.74746992	         14.63117468	          2.01597007	          0.78947454	         -0.00797643	         43.74987770	         -5.32037934	         -7.56993537	        -29.03463258	          1.61085364	          0.26819572	         -7.53426436	         -4.37885418	          6.71222605	        -33.61604537	         -5.81293709	         33.09061054	         -7.05148406	          0.16038085	         -3.36496961	          0.20811815	          0.04383741	          0.00999999	          0.22136153	          0.31664516	          0.03628670	          0.09938284	          0.43287489	          0.03536011	          0.00999999	          0.00999999	          0.02667161	          0.09589014	          0.27696550	          0.37035870	          0.02977120	          0.00999999	          0.01510593	          0.18476773	          0.02475128	          0.15096643	          0.01184014	          0.42448405	          0.02475576	          0.02178069	          0.07505525	          0.11214993	          0.00999999	
          1.18137412	         -9.70521883	         -1.72956518	         14.67558071	          2.03803174	          0.79093118	         -0.00712917	         43.62121558	         -5.02023299	         -7.24964532	        -32.09339119	          3.24607082	          0.66227863	         -6.42741585	         -4.49215093	          6.73143473	        -37.10266495	         -9.07897810	         29.95249993	         -6.94208608	          0.46294830	         -3.46907584	          0.19568610	          0.03702439	          0.00999999	          0.24523711	          0.30959508	          0.03064717	          0.08393717	          0.40424577	          0.02986458	          0.00999999	          0.02693255	          0.02252642	          0.13345412	          0.23392067	          0.40755119	          0.03395794	          0.00999999	          0.02118192	          0.15605189	          0.02090454	          0.12750386	          0.00999999	          0.35851249	          0.02090832	          0.01839563	          0.06339047	          0.09472006	          0.09433269	
          1.19241500	         -9.56549783	         -1.71463053	         14.67069477	          2.05985481	          0.79262630	         -0.00626289	         43.27721120	         -4.65899838	         -6.94125581	        -34.73051438	          4.85349909	          1.44914454	         -5.06615673	         -4.53501976	          6.80099835	        -40.76836859	        -11.62447313	         26.11548780	         -6.80734039	          0.74347227	         -3.54590415	          0.18558062	          0.03127021	          0.00999999	          0.27073886	          0.27018427	          0.04603274	          0.07089201	          0.34714653	          0.02522315	          0.00999999	          0.10924203	          0.01902546	          0.18350838	          0.19756569	          0.40742030	          0.03938123	          0.00999999	          0.02232757	          0.13179895	          0.01765564	          0.19813636	          0.00999999	          0.30279397	          0.01765883	          0.01553666	          0.06746409	          0.07999906	          0.12001296	
          1.20345588	         -9.43697996	         -1.70289756	         14.61591131	          2.08137426	          0.79467310	         -0.00541803	         42.58539982	         -4.23490023	         -6.67944808	        -36.65273919	          6.22911409	          2.57685336	         -3.52391439	         -4.49805730	          6.85205150	        -44.38785088	        -12.62500613	         22.69033822	         -6.64209784	          1.00193071	         -3.59413277	          0.15673845	          0.02641032	          0.00999999	          0.28940914	          0.22819335	          0.05728890	          0.05987426	          0.29319445	          0.02130308	          0.00999999	          0.23908506	          0.01606860	          0.22828487	          0.16686085	          0.39556099	          0.03546037	          0.00999999	          0.01885751	          0.11131531	          0.01491168	          0.17883400	          0.00999999	          0.25573498	          0.01491437	          0.01312201	          0.13022830	          0.06756593	          0.16777016	
          1.21449675	         -9.33076589	         -1.70440852	         14.51439869	          2.10244082	          0.79737501	         -0.00461361	         41.46109054	         -3.74495277	         -6.48982022	        -37.67757795	          7.36924438	          3.92867023	         -1.77356993	         -4.39799978	          6.85358087	        -47.87761537	        -12.86250404	         19.72524596	         -6.46195129	          1.25297846	         -3.61785355	          0.13237881	          0.02230574	          0.00999999	          0.30497443	          0.19272848	          0.07004034	          0.05056885	          0.24762738	          0.01799224	          0.00999999	          0.32186155	          0.01357129	          0.26875137	          0.14092802	          0.37889354	          0.02994926	          0.00999999	          0.01592676	          0.09401514	          0.02011792	          0.21433483	          0.00999999	          0.21598971	          0.01259644	          0.01108264	          0.14880044	          0.05706512	          0.19498354	
          1.22553763	         -9.25314971	         -1.72371776	         14.36196300	          2.12291201	          0.80094632	         -0.00384698	         39.96544048	         -3.19347547	         -6.33409785	        -37.87132650	          8.24475021	          5.37937720	          0.20031623	         -4.24754544	          6.78158693	        -51.18201418	        -12.72130653	         17.14426791	         -6.28782341	          1.50570428	         -3.61540311	          0.11180505	          0.01883907	          0.00999999	          0.29702085	          0.16277542	          0.08727012	          0.04270965	          0.20914216	          0.01519596	          0.00999999	          0.32000014	          0.01146209	          0.30481015	          0.11902557	          0.36143042	          0.02529467	          0.00999999	          0.01345149	          0.07940370	          0.01699127	          0.25979126	          0.00999999	          0.18242148	          0.01063875	          0.00999999	          0.17206206	          0.04819629	          0.20244294	
          1.23657851	         -9.20521145	         -1.72944926	         14.15813986	          2.14273527	          0.80540294	         -0.00310611	         38.24722296	         -2.62481497	         -6.15033569	        -37.47011693	          8.76915937	          6.84362752	          2.37416930	         -4.02978523	          6.61702535	        -54.24557823	        -12.33251672	         14.90005856	         -6.14051424	          1.72708278	         -3.59234838	          0.10946102	          0.01591118	          0.00999999	          0.28243302	          0.13747754	          0.09840728	          0.03607189	          0.17689826	          0.01283427	          0.00999999	          0.27026704	          0.00999999	          0.33301572	          0.10052711	          0.33808084	          0.02136348	          0.00999999	          0.01136091	          0.06706310	          0.01965296	          0.28670099	          0.00999999	          0.15407029	          0.00999999	          0.00999999	          0.14852404	          0.04070582	          0.19184949	
          1.24761939	         -9.18289639	         -1.69485749	         13.91198132	          2.16196683	          0.81060978	         -0.00239386	         36.42095707	         -2.08342661	         -5.90492412	        -36.68100645	          8.86662209	          8.32516658	          4.69410582	         -3.74046241	          6.34548888	        -56.99250306	        -11.75290809	         12.94848262	         -6.02562843	          1.88916097	         -3.55987000	          0.09888536	          0.01343833	          0.00999999	          0.25297241	          0.13332956	          0.10499709	          0.03046575	          0.17216452	          0.01083962	          0.00999999	          0.22826326	          0.08551543	          0.34977148	          0.08490360	          0.33601801	          0.01804326	          0.00999999	          0.00999999	          0.06404935	          0.01659858	          0.32791334	          0.00999999	          0.13012532	          0.00999999	          0.00999999	          0.12544105	          0.03437949	          0.17810943	
          1.25866027	         -9.18009928	         -1.60560374	         13.63139090	          2.18070650	          0.81640725	         -0.00169943	         34.54137962	         -1.59931499	         -5.60755008	        -35.62244980	          8.51440691	          9.87020961	          7.10478322	         -3.38097550	          5.96579484	        -59.36053142	        -11.06119527	         11.25199783	         -5.93954566	          1.97276083	         -3.52990888	          0.09514094	          0.01134980	          0.00999999	          0.21365649	          0.14614958	          0.10707572	          0.02573089	          0.17847048	          0.00999999	          0.00999999	          0.19278753	          0.12580212	          0.35493534	          0.07170824	          0.33407442	          0.01523905	          0.00999999	          0.00999999	          0.11869334	          0.01401890	          0.40167011	          0.00999999	          0.10990178	          0.00999999	          0.00999999	          0.10594552	          0.02903637	          0.16451396	
          1.26970115	         -9.19103904	         -1.45588931	         13.31382956	          2.19905968	          0.82264794	         -0.00102202	         32.62214820	         -1.18647777	         -5.28062530	        -34.35491630	          7.79995526	         11.45322093	          9.55696259	         -2.92809389	          5.51129689	        -61.32577445	        -10.30644157	          9.77616876	         -5.87466840	          1.97031200	         -3.50205347	          0.08499610	          0.00999999	          0.00999999	          0.18045088	          0.12343562	          0.10253732	          0.02173190	          0.16528711	          0.00999999	          0.00999999	          0.16282529	          0.16529894	          0.35148806	          0.06056364	          0.31570567	          0.01287066	          0.00999999	          0.00999999	          0.14762166	          0.01184014	          0.48366399	          0.00999999	          0.09282130	          0.00999999	          0.00999999	          0.08947991	          0.02452366	          0.15305101	
          1.28074203	         -9.21164750	         -1.25078637	         12.95858237	          2.21707889	          0.82919039	         -0.00035823	         30.69380994	         -0.84696759	         -4.93436702	        -32.95049331	          6.77283311	         13.05970334	         12.02600514	         -2.37877625	          4.99956874	        -62.90532695	         -9.50963437	          8.49188731	         -5.82849887	          1.88836311	         -3.47500736	          0.07178636	          0.01539201	          0.00999999	          0.15240595	          0.10425176	          0.09098250	          0.01835442	          0.13959887	          0.00999999	          0.00999999	          0.13751965	          0.19438905	          0.33175015	          0.05115109	          0.28981752	          0.01087035	          0.00999999	          0.00999999	          0.18509430	          0.00999999	          0.55066415	          0.00999999	          0.09567916	          0.00999999	          0.00999999	          0.07557331	          0.02071229	          0.14406176	
          1.29178291	         -9.23999621	         -1.00117313	         12.56223143	          2.23477380	          0.83590454	          0.00029743	         28.80479998	         -0.57554706	         -4.57409455	        -31.50000244	          5.47552367	         14.66425660	         14.50452430	         -1.73942156	          4.44340376	        -64.13370516	         -8.68188545	          7.37353668	         -5.80299182	          1.74204503	         -3.44443635	          0.06185528	          0.01651533	          0.00999999	          0.12871965	          0.08804939	          0.07684238	          0.01550185	          0.11790299	          0.00999999	          0.00999999	          0.11614692	          0.21542812	          0.28019091	          0.04320140	          0.26238583	          0.00999999	          0.00999999	          0.00999999	          0.21593725	          0.00999999	          0.57657813	          0.00999999	          0.10516995	          0.00999999	          0.00999999	          0.06382802	          0.01749328	          0.13873011	
          1.30282379	         -9.27452566	         -0.72075863	         12.12714793	          2.25217257	          0.84265533	          0.00093762	         26.98139162	         -0.36351244	         -4.20607062	        -30.06857336	          4.01020544	         16.18784763	         16.97991461	         -1.02529525	          3.85710384	        -65.02376976	         -7.81879126	          6.40069010	         -5.79590670	          1.55051643	         -3.40990671	          0.06789743	          0.03206800	          0.00999999	          0.10871457	          0.07436511	          0.06489985	          0.12638729	          0.09957900	          0.00999999	          0.01401889	          0.09809584	          0.22346118	          0.23664480	          0.03648722	          0.23688234	          0.00999999	          0.00999999	          0.00999999	          0.24873892	          0.00999999	          0.50950219	          0.00999999	          0.09165209	          0.01401889	          0.00999999	          0.05390813	          0.01477454	          0.13390693	
          1.31386467	         -9.31277011	         -0.43172098	         11.64391147	          2.26930326	          0.84928425	          0.00155141	         25.28974046	         -0.18822304	         -3.80644203	        -28.79331044	          2.46736768	         17.56401105	         19.41760507	         -0.26612466	          3.24547044	        -65.52914602	         -6.95846832	          5.55595894	         -5.80419555	          1.34883106	         -3.36257065	          0.05734509	          0.11223680	          0.00999999	          0.09181860	          0.06280760	          0.05481338	          0.39331325	          0.08410284	          0.08335772	          0.01184014	          0.08285019	          0.18873177	          0.19986645	          0.03081652	          0.20006707	          0.00999999	          0.01747809	          0.00999999	          0.31003662	          0.00999999	          0.43031747	          0.00999999	          0.07740790	          0.01184014	          0.00999999	          0.04552995	          0.01247834	          0.13044759	
          1.32490555	         -9.35629012	         -0.16227697	         11.09837267	          2.28605403	          0.85558903	          0.00212127	         23.93032400	         -0.02398714	         -3.30215824	        -28.02142208	          0.90036636	         18.74988903	         21.80489835	          0.51599387	          2.63060707	        -65.61820278	         -6.11815341	          4.82153029	         -5.84368449	          1.18959905	         -3.30889511	          0.04843276	          0.19175781	          0.00999999	          0.07754854	          0.07319251	          0.06422977	          0.59297994	          0.07103192	          0.22233371	          0.00999999	          0.06997396	          0.15939986	          0.16880403	          0.02602715	          0.16897347	          0.00999999	          0.06253229	          0.00999999	          0.36550017	          0.03499457	          0.36343931	          0.00999999	          0.06537748	          0.00999999	          0.00999999	          0.03845388	          0.01053901	          0.12931540	
          1.33594643	         -9.40716228	          0.06495578	         10.47880241	          2.30226946	          0.86136375	          0.00264442	         23.11060595	          0.15381323	         -2.62507843	        -28.09997802	         -0.64359835	         19.70459397	         24.13663922	          1.29964953	          2.03569479	        -65.26910419	         -5.29682245	          4.18299855	         -5.94117528	          1.11660216	         -3.26763413	          0.04090554	          0.25114915	          0.03475502	          0.06549626	          0.06181723	          0.05424745	          0.62072945	          0.05999244	          0.34010632	          0.00999999	          0.05909890	          0.13462659	          0.14256921	          0.02198211	          0.14271232	          0.00999999	          0.11672390	          0.00999999	          0.37532677	          0.02955586	          0.30695507	          0.00999999	          0.05521679	          0.00999999	          0.01751024	          0.03247753	          0.00999999	          0.13554632	
          1.34698731	         -9.46620494	          0.23132763	          9.77348829	          2.31785660	          0.86644821	          0.00314087	         22.93317401	          0.38318144	         -1.72548194	        -29.18451293	         -2.12011938	         20.33246035	         26.38643008	          2.04124487	          1.46400652	        -64.41308590	         -4.49640252	          3.62672205	         -6.11960213	          1.15978338	         -3.24838093	          0.03454817	          0.27874572	          0.04775649	          0.05531710	          0.05220986	          0.04581653	          0.52425824	          0.05066866	          0.38814915	          0.00999999	          0.04991399	          0.11370348	          0.12041169	          0.01856575	          0.12053256	          0.01184013	          0.10048766	          0.00999999	          0.33538602	          0.02496241	          0.25924939	          0.00999999	          0.04663522	          0.00999999	          0.02326939	          0.02743001	          0.00999999	          0.14307075	
          1.35802819	         -9.53269238	          0.29955599	          8.98183586	          2.33285939	          0.87071133	          0.00362941	         23.35517761	          0.73371601	         -0.63894198	        -31.21809696	         -3.17045710	         20.06477081	         28.51744563	          2.65856200	          0.91985909	        -62.99614999	         -3.72023225	          3.14328489	         -6.37744862	          1.35973949	         -3.24540338	          0.02917883	          0.23803536	          0.12771893	          0.04671995	          0.04409562	          0.03869592	          0.44278020	          0.04279395	          0.37333547	          0.15265965	          0.04215656	          0.09603216	          0.10169780	          0.23321138	          0.10179989	          0.00999999	          0.08487029	          0.02217364	          0.28326172	          0.02108286	          0.21895792	          0.00999999	          0.03938737	          0.00999999	          0.01965296	          0.02316695	          0.00999999	          0.14620542	
          1.36906907	         -9.60737965	          0.28656968	          8.10154667	          2.34746327	          0.87399272	          0.00415275	         24.18876545	          1.21145897	          0.50132479	        -33.92221145	         -3.38608908	         18.50950972	         30.46502404	          3.10316709	          0.38164167	        -60.98806840	         -3.01554926	          2.72338046	         -6.70097218	          1.68258205	         -3.23080837	          0.02503061	          0.20104089	          0.10786938	          0.03945893	          0.03724246	          0.03268196	          0.37396513	          0.03614309	          0.31531322	          0.29240266	          0.03560477	          0.08110724	          0.08589235	          0.51973236	          0.08597857	          0.01415391	          0.07168010	          0.05616701	          0.23923835	          0.01780625	          0.18492838	          0.00999999	          0.03326595	          0.00999999	          0.01659858	          0.01956644	          0.00999999	          0.15123943	
          1.38010995	         -9.68914881	          0.22081753	          7.16681543	          2.36193526	          0.87619685	          0.00470704	         25.10582137	          1.75050622	          1.53970806	        -36.57326640	         -2.80581795	         16.25248180	         32.14108875	          3.35711763	         -0.12834542	        -58.34514144	         -2.36831310	          2.35417675	         -7.06372032	          2.07666000	         -3.21256240	          0.03873385	          0.16979595	          0.09110477	          0.03332638	          0.03145439	          0.02760266	          0.31584502	          0.03052588	          0.26630854	          0.33248426	          0.08611222	          0.06850189	          0.07254332	          0.57785725	          0.07261614	          0.08379515	          0.06053987	          0.05831416	          0.20205692	          0.01503887	          0.15618758	          0.00999999	          0.04599307	          0.01234104	          0.01401889	          0.01652550	          0.00999999	          0.16247279	
          1.39115083	         -9.78167206	          0.16127939	          6.20062235	          2.37650408	          0.87737522	          0.00523135	         25.68825314	          2.19969895	          2.40430796	        -37.89740295	         -1.49871219	         14.14759716	         33.48193331	          3.49543608	         -0.57100255	        -55.03975881	         -1.76226261	          2.02398801	         -7.44279400	          2.46272830	         -3.18104166	          0.03271399	          0.14340696	          0.07694564	          0.02990551	          0.02656588	          0.02331277	          0.26675769	          0.02578167	          0.22491997	          0.28081093	          0.09382115	          0.05785561	          0.06126893	          0.62540931	          0.06133044	          0.07077206	          0.05113102	          0.05320201	          0.17065407	          0.01270159	          0.13191355	          0.00999999	          0.05465019	          0.01042305	          0.01184013	          0.01395718	          0.00999999	          0.16817077	
          1.40219171	         -9.88683677	          0.12845357	          5.18686934	          2.39118746	          0.87753782	          0.00573671	         25.91337606	          2.50750768	          3.10493087	        -37.74916578	          0.10488038	         12.29904705	         34.49803784	          3.55019562	         -0.92321137	        -51.13289714	         -1.27746501	          1.72684398	         -7.83440456	          2.81243703	         -3.11004904	          0.05418525	          0.12111925	          0.06498707	          0.04867416	          0.03962866	          0.07334583	          0.22529931	          0.02177479	          0.18996384	          0.23716846	          0.07923985	          0.04886393	          0.05174677	          0.58880450	          0.08343855	          0.05977296	          0.04318444	          0.05636703	          0.14413172	          0.01072756	          0.11141209	          0.00999999	          0.09328506	          0.00999999	          0.00999999	          0.01178801	          0.00999999	          0.17185812	
          1.41323259	         -9.99725461	          0.15072852	          4.13435084	          2.40602833	          0.87663321	          0.00622030	         25.89665261	          2.65066919	          3.66143618	        -36.71507820	          1.58675514	         10.64973581	         35.21088214	          3.56447748	         -1.14304938	        -46.71996121	         -0.93512108	          1.46459225	         -8.22723904	          3.09180830	         -3.01312804	          0.11212342	          0.10229539	          0.05488705	          0.08381258	          0.19452225	          0.16161260	          0.19028423	          0.01839064	          0.16044044	          0.20030872	          0.06692472	          0.04126970	          0.04370450	          0.54935158	          0.13549751	          0.06326461	          0.03647290	          0.04760670	          0.12173136	          0.00999999	          0.09409689	          0.04184583	          0.14783806	          0.01927443	          0.00999999	          0.00999999	          0.00999999	          0.16949758	
          1.42427347	        -10.10379758	          0.22906049	          3.05873536	          2.42119561	          0.87460446	          0.00669209	         25.64952729	          2.65691676	          4.11427446	        -35.19980651	          2.89955182	          9.18709557	         35.63616371	          3.54291668	         -1.22908018	        -41.88463807	         -0.74653762	          1.24729923	         -8.58276322	          3.29486230	         -2.90143731	          0.15427231	          0.08639707	          0.04635673	          0.09980870	          0.24761908	          0.24227921	          0.16071104	          0.01553245	          0.13550545	          0.16917756	          0.05652356	          0.03485573	          0.03691213	          0.51327213	          0.17086788	          0.07965571	          0.03080443	          0.04020786	          0.10281238	          0.00999999	          0.07947274	          0.06743967	          0.19590397	          0.02143077	          0.00999999	          0.00999999	          0.00999999	          0.16801028	
          1.43531435	        -10.19973391	          0.35580207	          1.97407479	          2.43681403	          0.87139676	          0.00717217	         25.17400559	          2.55812842	          4.46211035	        -33.54885051	          4.00340001	          7.86725520	         35.81861764	          3.48141503	         -1.18541899	        -36.74646791	         -0.70125808	          1.06776813	         -8.86973510	          3.42549956	         -2.77702170	          0.18347659	          0.07296959	          0.03915216	          0.10544718	          0.20913515	          0.30130219	          0.13573400	          0.01311846	          0.11444576	          0.14288469	          0.04773890	          0.02943860	          0.03117540	          0.49906625	          0.18002193	          0.09426047	          0.02601693	          0.03395892	          0.08683370	          0.00999999	          0.06712141	          0.09829631	          0.24305699	          0.02880729	          0.00999999	          0.00999999	          0.00999999	          0.16765249	
          1.44635523	        -10.28098163	          0.52428914	          0.89261970	          2.45292133	          0.86696976	          0.00767042	         24.50745469	          2.38441922	          4.64861230	        -32.28061031	          5.07550274	          6.65851543	         35.82866287	          3.37529799	         -1.02634701	        -31.46250847	         -0.73423499	          0.91458835	         -9.07423960	          3.49152041	         -2.63608227	          0.20518469	          0.06162896	          0.03306729	          0.14039531	          0.17663223	          0.31581259	          0.11463878	          0.01107964	          0.09665907	          0.12067814	          0.04031952	          0.02486337	          0.02633025	          0.42150343	          0.16556386	          0.11220295	          0.02197349	          0.02868117	          0.07333837	          0.00999999	          0.05668968	          0.12113605	          0.29532168	          0.03219806	          0.00999999	          0.00999999	          0.00999999	          0.16795542	
          1.45739611	        -10.34644434	          0.73087332	         -0.16143757	          2.46947469	          0.86135904	          0.00823865	         23.70616667	          2.27061576	          4.68695031	        -32.28753968	          6.79460148	          6.17821372	         35.76056901	          3.22085429	         -0.76890128	        -26.22284782	         -0.79798219	          0.78270447	         -9.19852908	          3.49299257	         -2.48784014	          0.17329573	          0.05205084	          0.02792811	          0.12922399	          0.14918078	          0.27295902	          0.09682210	          0.03680191	          0.08163672	          0.10192284	          0.03405322	          0.02099921	          0.13747609	          0.35599511	          0.16201875	          0.11608845	          0.01855846	          0.02422366	          0.06194042	          0.00999999	          0.04787921	          0.15150468	          0.31560127	          0.03530528	          0.00999999	          0.00999999	          0.00999999	          0.16906348	
          1.46843699	        -10.40064085	          0.95083888	         -1.17038112	          2.48637790	          0.85474140	          0.00889622	         22.67323089	          2.27814492	          4.79564942	        -32.85236982	          9.10490105	          7.29947308	         35.68922658	          2.99171253	         -0.45882002	        -21.16534970	         -0.86358205	          0.67083554	         -9.25664613	          3.45456194	         -2.34500464	          0.14636283	          0.04396132	          0.02358764	          0.13744862	          0.12599572	          0.23053686	          0.08987556	          0.06031560	          0.06894908	          0.08608242	          0.02876081	          0.01773560	          0.17734872	          0.30066783	          0.15210904	          0.09804646	          0.01567418	          0.03193458	          0.05231390	          0.00999999	          0.04043802	          0.18353321	          0.35461863	          0.02981828	          0.00999999	          0.00999999	          0.00999999	          0.16916816	
          1.47947786	        -10.44777953	          1.15301522	         -2.15927183	          2.50349730	          0.84733470	          0.00953916	         21.39688814	          2.26047740	          4.98930851	        -33.09166210	         11.34418181	          9.22410813	         35.66029021	          2.65565352	         -0.13994826	        -16.37806572	         -0.91689723	          0.57801723	         -9.27434195	          3.42761377	         -2.18145511	          0.12361572	          0.03712903	          0.01992175	          0.14859963	          0.10641398	          0.19470777	          0.07590748	          0.08581691	          0.05823330	          0.07270384	          0.02429093	          0.01497921	          0.24395037	          0.25393928	          0.15636121	          0.08280848	          0.01323816	          0.03262114	          0.04418349	          0.00999999	          0.03415331	          0.21201801	          0.38078683	          0.02788199	          0.00999999	          0.00999999	          0.00999999	          0.16922892	
          1.49051874	        -10.48878763	          1.31142975	         -3.13293634	          2.52071697	          0.83935873	          0.01015451	         19.98611417	          2.23374306	          5.27836166	        -33.16823157	         13.85636376	         11.21036857	         35.71175501	          2.18864083	          0.12953542	        -11.94449225	         -0.96858580	          0.50221990	         -9.27676479	          3.44261929	         -1.99827855	          0.10440388	          0.03135859	          0.01682559	          0.16084145	          0.08987556	          0.16444709	          0.06411025	          0.11644926	          0.04918292	          0.06140451	          0.02051573	          0.01265120	          0.31424918	          0.21447309	          0.16881734	          0.07940775	          0.01118074	          0.02755130	          0.03731667	          0.00999999	          0.02884534	          0.22881323	          0.41005051	          0.02870260	          0.01395900	          0.00999999	          0.00999999	          0.17044720	
          1.50155962	        -10.52397521	          1.41120267	         -4.09175223	          2.53794426	          0.83110447	          0.01072995	         18.58147604	          2.22425648	          5.67153658	        -33.30069472	         16.58370823	         12.91997028	         35.86855870	          1.59047358	          0.28798324	         -7.93199877	         -1.03095581	          0.44101153	         -9.28786840	          3.51338670	         -1.79976451	          0.08817786	          0.02648497	          0.01421063	          0.16963447	          0.07590747	          0.14341514	          0.05414650	          0.11676215	          0.04153911	          0.05186128	          0.05527479	          0.01068500	          0.39505387	          0.18114057	          0.19219832	          0.10183867	          0.00999999	          0.02326939	          0.03151707	          0.00999999	          0.02436232	          0.23854560	          0.43101184	          0.03506303	          0.01492161	          0.00999999	          0.01168453	          0.17453110	
          1.51260050	        -10.55430579	          1.45385807	         -5.03333648	          2.55518065	          0.82291008	          0.01125794	         17.22306101	          2.23488252	          6.13284456	        -33.51586419	         19.24203661	         14.41978420	         36.13408606	          0.88443810	          0.30364521	         -4.38583261	         -1.11913304	          0.39172716	         -9.31857057	          3.63012574	         -1.58849117	          0.08014036	          0.02236878	          0.01200207	          0.18155535	          0.06411025	          0.13155270	          0.04573127	          0.11100434	          0.03508328	          0.04380121	          0.10396534	          0.00999999	          0.47965878	          0.15298845	          0.21925094	          0.13600811	          0.00999999	          0.01965296	          0.02661882	          0.00999999	          0.02057603	          0.24233518	          0.44827223	          0.04638633	          0.01542689	          0.01253869	          0.01401889	          0.18496002	
          1.52364138	        -10.58091982	          1.44653990	         -5.95296537	          2.57249728	          0.81512047	          0.01172825	         15.90375326	          2.25697394	          6.64442628	        -33.78588992	         21.64386341	         15.76935225	         36.49987256	          0.10152713	          0.18154707	         -1.33685514	         -1.23930353	          0.35471788	         -9.36917102	          3.77566578	         -1.36365100	          0.07636892	          0.01889232	          0.01013676	          0.19291988	          0.05414650	          0.12157008	          0.03862391	          0.09389210	          0.02963078	          0.03699381	          0.15537060	          0.00999999	          0.56138463	          0.12921162	          0.24348680	          0.17647084	          0.00999999	          0.01659858	          0.02248183	          0.00999999	          0.01737819	          0.24784862	          0.45809450	          0.06218449	          0.01466792	          0.03961196	          0.01184014	          0.21440464	
          1.53468226	        -10.60465450	          1.40294582	         -6.84477566	          2.58999479	          0.80804212	          0.01212816	         14.59884059	          2.27122074	          7.17416185	        -34.04663922	         23.60305751	         17.08816895	         36.97060108	         -0.72322793	         -0.06314522	          1.14010402	         -1.38604144	          0.32585602	         -9.43384164	          3.92644381	         -1.12238139	          0.07926092	          0.01595615	          0.00999999	          0.20213264	          0.04573127	          0.10849353	          0.03262114	          0.07929978	          0.02502568	          0.03124438	          0.20326763	          0.04444350	          0.63217868	          0.10913008	          0.26338344	          0.21538519	          0.00999999	          0.01401889	          0.01898780	          0.00999999	          0.01467734	          0.25012379	          0.45537678	          0.09207400	          0.01491377	          0.06455967	          0.00999999	          0.23875785	
          1.54572314	        -10.62583571	          1.34132150	         -7.70265373	          2.60779768	          0.80190369	          0.01244605	         13.26094653	          2.24792566	          7.68341386	        -34.19836256	         25.00010515	         18.48551957	         37.54257479	         -1.55460466	         -0.41229564	          2.98385064	         -1.51796727	          0.30621267	         -9.50006851	          4.05618513	         -0.86114365	          0.08610779	          0.01347631	          0.00999999	          0.20037763	          0.03862391	          0.09163192	          0.02755130	          0.06697534	          0.02113630	          0.02638851	          0.23713218	          0.07963005	          0.68569162	          0.09216954	          0.28009213	          0.24941177	          0.00999999	          0.01184013	          0.01603679	          0.00999999	          0.01239625	          0.24993491	          0.44267931	          0.08987556	          0.01568972	          0.08384927	          0.00999999	          0.26321625	
          1.55676402	        -10.64383444	          1.27818399	         -8.51886532	          2.62603562	          0.79682755	          0.01268276	         11.82461183	          2.15797139	          8.14481225	        -34.12305348	         25.82023340	         19.98728585	         38.20199213	         -2.36382024	         -0.83672716	          4.15646592	         -1.60840274	          0.29305055	         -9.55119713	          4.14149083	         -0.57974404	          0.08686354	          0.01138188	          0.00999999	          0.18912162	          0.03262114	          0.07739087	          0.02326939	          0.05656631	          0.01785138	          0.02228732	          0.24941505	          0.10745304	          0.71922399	          0.07784493	          0.29031486	          0.27211479	          0.00999999	          0.00999999	          0.01354442	          0.00999999	          0.01046968	          0.23984838	          0.41631445	          0.07590748	          0.01965296	          0.09874257	          0.00999999	          0.28087415	
          1.56780490	        -10.65746239	          1.22835125	         -9.28718842	          2.64480106	          0.79282604	          0.01285395	         10.24704371	          1.97934240	          8.54147762	        -33.74695576	         26.08465527	         21.59761851	         38.93297058	         -3.12787460	         -1.30309773	          4.64013878	         -1.64009989	          0.28556116	         -9.57256999	          4.16107711	         -0.28076797	          0.09460312	          0.00999999	          0.00999999	          0.16074838	          0.02755130	          0.06536310	          0.01965296	          0.05394001	          0.01507699	          0.01882352	          0.23177726	          0.13299840	          0.73304526	          0.06574659	          0.28996963	          0.28995843	          0.00999999	          0.00999999	          0.03130888	          0.00999999	          0.01000002	          0.21439773	          0.37351362	          0.06411025	          0.01659858	          0.10981641	          0.00999999	          0.29454844	
          1.57884578	        -10.66524314	          1.20266965	        -10.00126212	          2.66412611	          0.78983520	          0.01295895	          8.55609841	          1.70520286	          8.85811230	        -33.12033361	         25.79054671	         23.35083809	         39.71465652	         -3.81580257	         -1.81910570	          4.45000518	         -1.60379836	          0.28071931	         -9.55692138	          4.10255642	          0.03256082	          0.08247983	          0.00999999	          0.00999999	          0.13576553	          0.02326939	          0.05520464	          0.01659858	          0.04847142	          0.01273379	          0.08999329	          0.19575540	          0.15593016	          0.72660776	          0.05552853	          0.26728251	          0.29058471	          0.00999999	          0.00999999	          0.04801496	          0.00999999	          0.12756770	          0.18107692	          0.31780124	          0.05414650	          0.01401889	          0.11717874	          0.00999999	          0.30281132	
          1.58988666	        -10.66607113	          1.21130014	        -10.65903725	          2.68398156	          0.78775786	          0.01298460	          6.81272773	          1.33513619	          9.07596438	        -32.34416602	         24.93276546	         25.28919414	         40.53449498	         -4.40004013	         -2.40477712	          3.59673087	         -1.49885807	          0.27753549	         -9.50803138	          3.95776487	          0.35684342	          0.07487380	          0.00999999	          0.00999999	          0.11466541	          0.01965296	          0.04662496	          0.01401889	          0.04093819	          0.01075476	          0.14294878	          0.16533190	          0.17610577	          0.70027220	          0.04689851	          0.24711224	          0.28344648	          0.00999999	          0.00999999	          0.06008113	          0.00999999	          0.21922584	          0.15293470	          0.26840989	          0.04573127	          0.01184013	          0.12094602	          0.00999999	          0.30866788	
          1.60092754	        -10.65874618	          1.25450471	        -11.26118166	          2.70436851	          0.78648368	          0.01292238	          5.04531401	          0.87837401	          9.19089525	        -31.47145809	         23.53776341	         27.41148363	         41.35267406	         -4.87058778	         -3.06886657	          2.15932274	         -1.32563893	          0.27339199	         -9.42723477	          3.73185786	          0.68871995	          0.07370415	          0.00999999	          0.00999999	          0.09684459	          0.01659858	          0.03937870	          0.01184014	          0.03457575	          0.00999999	          0.15870992	          0.13963670	          0.19164599	          0.65415960	          0.03960974	          0.23135276	          0.27431023	          0.00999999	          0.00999999	          0.06869599	          0.00999999	          0.28185314	          0.12916622	          0.22669473	          0.03862391	          0.00999999	          0.12103088	          0.00999999	          0.31086101	
          1.61196842	        -10.64173535	          1.32374757	        -11.80668234	          2.72532348	          0.78588786	          0.01277307	          3.25585751	          0.35196233	          9.21245055	        -30.52135774	         21.65452673	         29.67106068	         42.11546184	         -5.23105404	         -3.79761464	          0.25481022	         -1.08806239	          0.26851396	         -9.31086867	          3.43994022	          1.02235176	          0.07665654	          0.00999999	          0.00999999	          0.08179340	          0.01401889	          0.03325863	          0.00999999	          0.02920213	          0.00999999	          0.13404388	          0.11793494	          0.20269175	          0.59872662	          0.03345376	          0.23128309	          0.23736448	          0.00999999	          0.00999999	          0.07072703	          0.00999999	          0.30767201	          0.12585319	          0.19146278	          0.03262114	          0.00999999	          0.11613902	          0.00999999	          0.31006731	
          1.62300930	        -10.61314773	          1.40227547	        -12.29355146	          2.74690914	          0.78582275	          0.01255765	          1.43468558	         -0.21782560	          9.15262126	        -29.50017871	         19.33300926	         32.00277539	         42.75754739	         -5.49931709	         -4.55299551	         -1.97271674	         -0.79033405	          0.26279548	         -9.14977879	          3.10514168	          1.34451863	          0.07923889	          0.00999999	          0.00999999	          0.06908141	          0.01184013	          0.02808971	          0.00999999	          0.02466365	          0.01401890	          0.11321134	          0.09960598	          0.20630688	          0.51287643	          0.02825451	          0.23402193	          0.20047428	          0.00999999	          0.00999999	          0.06150796	          0.03234734	          0.31193253	          0.11342448	          0.16170642	          0.02755130	          0.00999999	          0.11151651	          0.00999999	          0.30635251	
          1.63405018	        -10.57082043	          1.48122146	        -12.72108912	          2.76916217	          0.78610268	          0.01229986	         -0.42618550	         -0.81429942	          9.00891276	        -28.41947646	         16.66130769	         34.28654928	         43.23837640	         -5.68950145	         -5.27014555	         -4.43816328	         -0.45380931	          0.25840840	         -8.93502343	          2.74173247	          1.64047154	          0.09435758	          0.00999999	          0.00999999	          0.05834506	          0.00999999	          0.02372412	          0.17165955	          0.02083053	          0.01184014	          0.09561650	          0.08412563	          0.20245117	          0.43316730	          0.02386331	          0.20473559	          0.16931739	          0.00999999	          0.00999999	          0.07016585	          0.04004311	          0.32696304	          0.09579652	          0.13657468	          0.02326939	          0.00999999	          0.10301630	          0.00999999	          0.30243340	
          1.64509106	        -10.51392703	          1.56280343	        -13.10296512	          2.79203636	          0.78651205	          0.01199369	         -2.27890144	         -1.42816974	          8.78657987	        -27.38299393	         13.75747526	         36.37017270	         43.54196253	         -5.80156719	         -5.93940652	         -7.08463151	         -0.14499422	          0.25717505	         -8.66768688	          2.35742364	          1.91883672	          0.09884783	          0.00999999	          0.00999999	          0.04927732	          0.00999999	          0.05495634	          0.28936463	          0.02044430	          0.01000000	          0.08075618	          0.07105118	          0.19304281	          0.36584623	          0.02015458	          0.17291643	          0.14300279	          0.00999999	          0.00999999	          0.07342769	          0.04032609	          0.32419849	          0.08090822	          0.11534881	          0.01965296	          0.00999999	          0.08700593	          0.01070497	          0.28902163	
          1.65613194	        -10.44350662	          1.64736015	        -13.45280658	          2.81542430	          0.78684752	          0.01162846	         -4.06059582	         -2.04798843	          8.49447293	        -26.51872218	         10.80172477	         37.99528842	         43.67614271	         -5.83868798	         -6.54107296	         -9.90749210	          0.01643387	          0.25490571	         -8.35811183	          1.96030170	          2.19124879	          0.09292003	          0.00999999	          0.00999999	          0.04161884	          0.05898799	          0.06819305	          0.41593252	          0.01726693	          0.00999999	          0.06820539	          0.06000870	          0.17865213	          0.30898792	          0.01702224	          0.14604248	          0.12077788	          0.00999999	          0.00999999	          0.07851150	          0.04896816	          0.27381290	          0.06833380	          0.09742177	          0.01659858	          0.00999999	          0.07348383	          0.00999999	          0.31819506	
          1.66717282	        -10.36212648	          1.71955896	        -13.76753794	          2.83913386	          0.78700105	          0.01119426	         -5.68090058	         -2.63942079	          8.14395138	        -25.99581066	          7.94704895	         38.93415175	         43.69250375	         -5.82370485	         -7.01622312	        -13.03403914	         -0.04364565	          0.24997917	         -8.03206580	          1.56970645	          2.45362451	          0.10767829	          0.00999999	          0.00999999	          0.03515061	          0.10420511	          0.05759477	          0.35129001	          0.01458337	          0.03069549	          0.05760519	          0.05068239	          0.16406486	          0.26096630	          0.01437671	          0.13352392	          0.10200708	          0.00999999	          0.00999999	          0.06630956	          0.06060163	          0.23125803	          0.14158847	          0.08228088	          0.01401889	          0.00999999	          0.06206328	          0.01184013	          0.34721166	
          1.67821370	        -10.27415910	          1.76558814	        -14.03767007	          2.86287893	          0.78706547	          0.01069396	         -7.03770954	         -3.16848272	          7.74527816	        -25.97174974	          5.27270433	         39.03663923	         43.64925065	         -5.78968286	         -7.38202363	        -16.13518145	         -0.29666342	          0.23886924	         -7.72561626	          1.19823206	          2.69582359	          0.12220361	          0.00999999	          0.00999999	          0.02968765	          0.16712860	          0.04864363	          0.29669397	          0.01231689	          0.16487214	          0.04865243	          0.04280554	          0.14736607	          0.22040799	          0.01214234	          0.12157237	          0.08615357	          0.00999999	          0.02633102	          0.09769267	          0.06079648	          0.19531686	          0.22984841	          0.06949313	          0.01184013	          0.00999999	          0.05241766	          0.00999999	          0.42706717	
          1.68925458	        -10.18096781	          1.78177796	        -14.25374624	          2.88635858	          0.78721984	          0.01011911	         -7.98330441	         -3.60470579	          7.35532850	        -26.64718443	          2.68343122	         38.43607971	         43.65162781	         -5.75167302	         -7.68520970	        -19.26909329	         -0.51709790	          0.21119197	         -7.47639080	          0.84615661	          2.90596191	          0.16835906	          0.00999999	          0.00999999	          0.02507372	          0.26402903	          0.04108364	          0.25058302	          0.01709807	          0.34398383	          0.04109107	          0.03615288	          0.12458114	          0.18615310	          0.01025523	          0.15660533	          0.07276393	          0.00999999	          0.07493140	          0.17629894	          0.06023080	          0.16496153	          0.32436995	          0.05869279	          0.00999999	          0.00999999	          0.04427112	          0.00999999	          0.44456994	
          1.70029546	        -10.07977653	          1.77254683	        -14.41821693	          2.90945245	          0.78761410	          0.00948549	         -8.39828298	         -3.93694777	          7.02925505	        -28.17449476	          0.07122938	         37.21364562	         43.69542947	         -5.69036854	         -7.85908039	        -22.50231094	         -0.33058956	          0.18416741	         -7.29079874	          0.50681002	          3.08181853	          0.23273713	          0.00999999	          0.00999999	          0.02117686	          0.25902416	          0.03469859	          0.21163844	          0.01659858	          0.44335714	          0.03470487	          0.03053415	          0.10521925	          0.15722195	          0.00999999	          0.15992125	          0.06145527	          0.00999999	          0.12249819	          0.23471593	          0.05086998	          0.13932389	          0.38326259	          0.04957100	          0.00999999	          0.00999999	          0.03739069	          0.00999999	          0.38827537	
          1.71133634	         -9.96714614	          1.76056115	        -14.54163932	          2.93211598	          0.78835837	          0.00877116	         -8.22972185	         -4.19216422	          6.80656240	        -30.56027464	         -2.70165819	         35.41654739	         43.75420057	         -5.55211271	         -7.81498836	        -25.78676437	          0.31602221	          0.16708160	         -7.15905400	          0.16649082	          3.23368270	          0.31399932	          0.03524953	          0.00999999	          0.01788564	          0.21876770	          0.02930588	          0.17874647	          0.01401889	          0.47445450	          0.02931118	          0.02578866	          0.08886651	          0.13278717	          0.00999999	          0.19616831	          0.05190414	          0.00999999	          0.17645972	          0.28942858	          0.04296398	          0.11767075	          0.43210042	          0.04186688	          0.00999999	          0.00999999	          0.03157958	          0.01951472	          0.32793121	
          1.72237722	         -9.84163450	          1.74746992	        -14.63117468	          2.95444484	          0.78947454	          0.00797643	         -7.53426436	         -4.37885418	          6.71222605	        -33.61604537	         -5.81293709	         33.09061054	         43.74987770	         -5.32037934	         -7.56993537	        -29.03463258	          1.61085364	          0.26819572	         -7.05148406	         -0.16038085	          3.36496961	          0.37035870	          0.02977120	          0.00999999	          0.01510593	          0.18476773	          0.02475128	          0.15096643	          0.01184014	          0.42448405	          0.02475576	          0.02178069	          0.07505525	          0.11214993	          0.00999999	          0.20811815	          0.04383741	          0.00999999	          0.22136153	          0.31664516	          0.03628670	          0.09938284	          0.43287489	          0.03536011	          0.00999999	          0.00999999	          0.02667161	          0.09589014	          0.27696550	
          1.73341810	         -9.70521883	          1.72956518	        -14.67558071	          2.97650650	          0.79093118	          0.00712917	         -6.42741585	         -4.49215093	          6.73143473	        -37.10266495	         -9.07897810	         29.95249993	         43.62121558	         -5.02023299	         -7.24964532	        -32.09339119	          3.24607082	          0.66227863	         -6.94208608	         -0.46294830	          3.46907584	          0.40755119	          0.03395794	          0.00999999	          0.02118192	          0.15605189	          0.02090454	          0.12750386	          0.00999999	          0.35851249	          0.02090832	          0.01839563	          0.06339047	          0.09472006	          0.09433269	          0.19568610	          0.03702439	          0.00999999	          0.24523711	          0.30959508	          0.03064717	          0.08393717	          0.40424577	          0.02986458	          0.00999999	          0.02693255	          0.02252642	          0.13345412	          0.23392067	
          1.74445898	         -9.56549783	          1.71463053	        -14.67069477	          2.99832958	          0.79262630	          0.00626289	         -5.06615673	         -4.53501976	          6.80099835	        -40.76836859	        -11.62447313	         26.11548780	         43.27721120	         -4.65899838	         -6.94125581	        -34.73051438	          4.85349909	          1.44914454	         -6.80734039	         -0.74347227	          3.54590415	          0.40742030	          0.03938123	          0.00999999	          0.02232757	          0.13179895	          0.01765564	          0.19813636	          0.00999999	          0.30279397	          0.01765883	          0.01553666	          0.06746409	          0.07999906	          0.12001296	          0.18558062	          0.03127021	          0.00999999	          0.27073886	          0.27018427	          0.04603274	          0.07089201	          0.34714653	          0.02522315	          0.00999999	          0.10924203	          0.01902546	          0.18350838	          0.19756569	
          1.75549985	         -9.43697996	          1.70289756	        -14.61591131	          3.01984902	          0.79467310	          0.00541803	         -3.52391439	         -4.49805730	          6.85205150	        -44.38785088	        -12.62500613	         22.69033822	         42.58539982	         -4.23490023	         -6.67944808	        -36.65273919	          6.22911409	          2.57685336	         -6.64209784	         -1.00193071	          3.59413277	          0.39556099	          0.03546037	          0.00999999	          0.01885751	          0.11131531	          0.01491168	          0.17883400	          0.00999999	          0.25573498	          0.01491437	          0.01312201	          0.13022830	          0.06756593	          0.16777016	          0.15673845	          0.02641032	          0.00999999	          0.28940914	          0.22819335	          0.05728890	          0.05987426	          0.29319445	          0.02130308	          0.00999999	          0.23908506	          0.01606860	          0.22828487	          0.16686085	
          1.76654073	         -9.33076589	          1.70440852	        -14.51439869	          3.04091558	          0.79737501	          0.00461361	         -1.77356993	         -4.39799978	          6.85358087	        -47.87761537	        -12.86250404	         19.72524596	         41.46109054	         -3.74495277	         -6.48982022	        -37.67757795	          7.36924438	          3.92867023	         -6.46195129	         -1.25297846	          3.61785355	          0.37889354	          0.02994926	          0.00999999	          0.01592676	          0.09401514	          0.02011792	          0.21433483	          0.00999999	          0.21598971	          0.01259644	          0.01108264	          0.14880044	          0.05706512	          0.19498354	          0.13237881	          0.02230574	          0.00999999	          0.30497443	          0.19272848	          0.07004034	          0.05056885	          0.24762738	          0.01799224	          0.00999999	          0.32186155	          0.01357129	          0.26875137	          0.14092802	
          1.77758161	         -9.25314971	          1.72371776	        -14.36196300	          3.06138677	          0.80094632	          0.00384698	          0.20031623	         -4.24754544	          6.78158693	        -51.18201418	        -12.72130653	         17.14426791	         39.96544048	         -3.19347547	         -6.33409785	        -37.87132650	          8.24475021	          5.37937720	         -6.28782341	         -1.50570428	          3.61540311	          0.36143042	          0.02529467	          0.00999999	          0.01345149	          0.07940370	          0.01699127	          0.25979126	          0.00999999	          0.18242148	          0.01063875	          0.00999999	          0.17206206	          0.04819629	          0.20244294	          0.11180505	          0.01883907	          0.00999999	          0.29702085	          0.16277542	          0.08727012	          0.04270965	          0.20914216	          0.01519596	          0.00999999	          0.32000014	          0.01146209	          0.30481015	          0.11902557	
          1.78862249	         -9.20521145	          1.72944926	        -14.15813986	          3.08121004	          0.80540294	          0.00310611	          2.37416930	         -4.02978523	          6.61702535	        -54.24557823	        -12.33251672	         14.90005856	         38.24722296	         -2.62481497	         -6.15033569	        -37.47011693	          8.76915937	          6.84362752	         -6.14051424	         -1.72708278	          3.59234838	          0.33808084	          0.02136348	          0.00999999	          0.01136091	          0.06706310	          0.01965296	          0.28670099	          0.00999999	          0.15407029	          0.00999999	          0.00999999	          0.14852404	          0.04070582	          0.19184949	          0.10946102	          0.01591118	          0.00999999	          0.28243302	          0.13747754	          0.09840728	          0.03607189	          0.17689826	          0.01283427	          0.00999999	          0.27026704	          0.00999999	          0.33301572	          0.10052711	
          1.79966337	         -9.18289639	          1.69485749	        -13.91198132	          3.10044160	          0.81060978	          0.00239386	          4.69410582	         -3.74046241	          6.34548888	        -56.99250306	        -11.75290809	         12.94848262	         36.42095707	         -2.08342661	         -5.90492412	        -36.68100645	          8.86662209	          8.32516658	         -6.02562843	         -1.88916097	          3.55987000	          0.33601801	          0.01804326	          0.00999999	          0.00999999	          0.06404935	          0.01659858	          0.32791334	          0.00999999	          0.13012532	          0.00999999	          0.00999999	          0.12544105	          0.03437949	          0.17810943	          0.09888536	          0.01343833	          0.00999999	          0.25297241	          0.13332956	          0.10499709	          0.03046575	          0.17216452	          0.01083962	          0.00999999	          0.22826326	          0.08551543	          0.34977148	          0.08490360	
          1.81070425	         -9.18009928	          1.60560374	        -13.63139090	          3.11918127	          0.81640725	          0.00169943	          7.10478322	         -3.38097550	          5.96579484	        -59.36053142	        -11.06119527	         11.25199783	         34.54137962	         -1.59931499	         -5.60755008	        -35.62244980	          8.51440691	          9.87020961	         -5.93954566	         -1.97276083	          3.52990888	          0.33407442	          0.01523905	          0.00999999	          0.00999999	          0.11869334	          0.01401890	          0.40167011	          0.00999999	          0.10990178	          0.00999999	          0.00999999	          0.10594552	          0.02903637	          0.16451396	          0.09514094	          0.01134980	          0.00999999	          0.21365649	          0.14614958	          0.10707572	          0.02573089	          0.17847048	          0.00999999	          0.00999999	          0.19278753	          0.12580212	          0.35493534	          0.07170824	
          1.82174513	         -9.19103904	          1.45588931	        -13.31382956	          3.13753444	          0.82264794	          0.00102202	          9.55696259	         -2.92809389	          5.51129689	        -61.32577445	        -10.30644157	          9.77616876	         32.62214820	         -1.18647777	         -5.28062530	        -34.35491630	          7.79995526	         11.45322093	         -5.87466840	         -1.97031200	          3.50205347	          0.31570567	          0.01287066	          0.00999999	          0.00999999	          0.14762166	          0.01184014	          0.48366399	          0.00999999	          0.09282130	          0.00999999	          0.00999999	          0.08947991	          0.02452366	          0.15305101	          0.08499610	          0.00999999	          0.00999999	          0.18045088	          0.12343562	          0.10253732	          0.02173190	          0.16528711	          0.00999999	          0.00999999	          0.16282529	          0.16529894	          0.35148806	          0.06056364	
          1.83278601	         -9.21164750	          1.25078637	        -12.95858237	          3.15555365	          0.82919039	          0.00035823	         12.02600514	         -2.37877625	          4.99956874	        -62.90532695	         -9.50963437	          8.49188731	         30.69380994	         -0.84696759	         -4.93436702	        -32.95049331	          6.77283311	         13.05970334	         -5.82849887	         -1.88836311	          3.47500736	          0.28981752	          0.01087035	          0.00999999	          0.00999999	          0.18509430	          0.00999999	          0.55066415	          0.00999999	          0.09567916	          0.00999999	          0.00999999	          0.07557331	          0.02071229	          0.14406176	          0.07178636	          0.01539201	          0.00999999	          0.15240595	          0.10425176	          0.09098250	          0.01835442	          0.13959887	          0.00999999	          0.00999999	          0.13751965	          0.19438905	          0.33175015	          0.05115109	
          1.84382689	         -9.23999621	          1.00117313	        -12.56223143	          3.17324857	          0.83590454	         -0.00029743	         14.50452430	         -1.73942156	          4.44340376	        -64.13370516	         -8.68188545	          7.37353668	         28.80479998	         -0.57554706	         -4.57409455	        -31.50000244	          5.47552367	         14.66425660	         -5.80299182	         -1.74204503	          3.44443635	          0.26238583	          0.00999999	          0.00999999	          0.00999999	          0.21593725	          0.00999999	          0.57657813	          0.00999999	          0.10516995	          0.00999999	          0.00999999	          0.06382802	          0.01749328	          0.13873011	          0.06185528	          0.01651533	          0.00999999	          0.12871965	          0.08804939	          0.07684238	          0.01550185	          0.11790299	          0.00999999	          0.00999999	          0.11614692	          0.21542812	          0.28019091	          0.04320140	
          1.85486777	         -9.27452566	          0.72075863	        -12.12714793	          3.19064734	          0.84265533	         -0.00093762	         16.97991461	         -1.02529525	          3.85710384	        -65.02376976	         -7.81879126	          6.40069010	         26.98139162	         -0.36351244	         -4.20607062	        -30.06857336	          4.01020544	         16.18784763	         -5.79590670	         -1.55051643	          3.40990671	          0.23688234	          0.00999999	          0.00999999	          0.00999999	          0.24873892	          0.00999999	          0.50950219	          0.00999999	          0.09165209	          0.01401889	          0.00999999	          0.05390813	          0.01477454	          0.13390693	          0.06789743	          0.03206800	          0.00999999	          0.10871457	          0.07436511	          0.06489985	          0.12638729	          0.09957900	          0.00999999	          0.01401889	          0.09809584	          0.22346118	          0.23664480	          0.03648722	
          1.86590865	         -9.31277011	          0.43172098	        -11.64391147	          3.20777802	          0.84928425	         -0.00155141	         19.41760507	         -0.26612466	          3.24547044	        -65.52914602	         -6.95846832	          5.55595894	         25.28974046	         -0.18822304	         -3.80644203	        -28.79331044	          2.46736768	         17.56401105	         -5.80419555	         -1.34883106	          3.36257065	          0.20006707	          0.00999999	          0.01747809	          0.00999999	          0.31003662	          0.00999999	          0.43031747	          0.00999999	          0.07740790	          0.01184014	          0.00999999	          0.04552995	          0.01247834	          0.13044759	          0.05734509	          0.11223680	          0.00999999	          0.09181860	          0.06280760	          0.05481338	          0.39331325	          0.08410284	          0.08335772	          0.01184014	          0.08285019	          0.18873177	          0.19986645	          0.03081652	
          1.87694953	         -9.35629012	          0.16227697	        -11.09837267	          3.22452880	          0.85558903	         -0.00212127	         21.80489835	          0.51599387	          2.63060707	        -65.61820278	         -6.11815341	          4.82153029	         23.93032400	         -0.02398714	         -3.30215824	        -28.02142208	          0.90036636	         18.74988903	         -5.84368449	         -1.18959905	          3.30889511	          0.16897347	          0.00999999	          0.06253229	          0.00999999	          0.36550017	          0.03499457	          0.36343931	          0.00999999	          0.06537748	          0.00999999	          0.00999999	          0.03845388	          0.01053901	          0.12931540	          0.04843276	          0.19175781	          0.00999999	          0.07754854	          0.07319251	          0.06422977	          0.59297994	          0.07103192	          0.22233371	          0.00999999	          0.06997396	          0.15939986	          0.16880403	          0.02602715	
          1.88799041	         -9.40716228	         -0.06495578	        -10.47880241	          3.24074422	          0.86136375	         -0.00264442	         24.13663922	          1.29964953	          2.03569479	        -65.26910419	         -5.29682245	          4.18299855	         23.11060595	          0.15381323	         -2.62507843	        -28.09997802	         -0.64359835	         19.70459397	         -5.94117528	         -1.11660216	          3.26763413	          0.14271232	          0.00999999	          0.11672390	          0.00999999	          0.37532677	          0.02955586	          0.30695507	          0.00999999	          0.05521679	          0.00999999	          0.01751024	          0.03247753	          0.00999999	          0.13554632	          0.04090554	          0.25114915	          0.03475502	          0.06549626	          0.06181723	          0.05424745	          0.62072945	          0.05999244	          0.34010632	          0.00999999	          0.05909890	          0.13462659	          0.14256921	          0.02198211	
          1.89903129	         -9.46620494	         -0.23132763	         -9.77348829	          3.25633137	          0.86644821	         -0.00314087	         26.38643008	          2.04124487	          1.46400652	        -64.41308590	         -4.49640252	          3.62672205	         22.93317401	          0.38318144	         -1.72548194	        -29.18451293	         -2.12011938	         20.33246035	         -6.11960213	         -1.15978338	          3.24838093	          0.12053256	          0.01184013	          0.10048766	          0.00999999	          0.33538602	          0.02496241	          0.25924939	          0.00999999	          0.04663522	          0.00999999	          0.02326939	          0.02743001	          0.00999999	          0.14307075	          0.03454817	          0.27874572	          0.04775649	          0.05531710	          0.05220986	          0.04581653	          0.52425824	          0.05066866	          0.38814915	          0.00999999	          0.04991399	          0.11370348	          0.12041169	          0.01856575	
          1.91007217	         -9.53269238	         -0.29955599	         -8.98183586	          3.27133415	          0.87071133	         -0.00362941	         28.51744563	          2.65856200	          0.91985909	        -62.99614999	         -3.72023225	          3.14328489	         23.35517761	          0.73371601	         -0.63894198	        -31.21809696	         -3.17045710	         20.06477081	         -6.37744862	         -1.35973949	          3.24540338	          0.10179989	          0.00999999	          0.08487029	          0.02217364	          0.28326172	          0.02108286	          0.21895792	          0.00999999	          0.03938737	          0.00999999	          0.01965296	          0.02316695	          0.00999999	          0.14620542	          0.02917883	          0.23803536	          0.12771893	          0.04671995	          0.04409562	          0.03869592	          0.44278020	          0.04279395	          0.37333547	          0.15265965	          0.04215656	          0.09603216	          0.10169780	          0.23321138	
          1.92111305	         -9.60737965	         -0.28656968	         -8.10154667	          3.28593803	          0.87399272	         -0.00415275	         30.46502404	          3.10316709	          0.38164167	        -60.98806840	         -3.01554926	          2.72338046	         24.18876545	          1.21145897	          0.50132479	        -33.92221145	         -3.38608908	         18.50950972	         -6.70097218	         -1.68258205	          3.23080837	          0.08597857	          0.01415391	          0.07168010	          0.05616701	          0.23923835	          0.01780625	          0.18492838	          0.00999999	          0.03326595	          0.00999999	          0.01659858	          0.01956644	          0.00999999	          0.15123943	          0.02503061	          0.20104089	          0.10786938	          0.03945893	          0.03724246	          0.03268196	          0.37396513	          0.03614309	          0.31531322	          0.29240266	          0.03560477	          0.08110724	          0.08589235	          0.51973236	
          1.93215393	         -9.68914881	         -0.22081753	         -7.16681543	          3.30041003	          0.87619685	         -0.00470704	         32.14108875	          3.35711763	         -0.12834542	        -58.34514144	         -2.36831310	          2.35417675	         25.10582137	          1.75050622	          1.53970806	        -36.57326640	         -2.80581795	         16.25248180	         -7.06372032	         -2.07666000	          3.21256240	          0.07261614	          0.08379515	          0.06053987	          0.05831416	          0.20205692	          0.01503887	          0.15618758	          0.00999999	          0.04599307	          0.01234104	          0.01401889	          0.01652550	          0.00999999	          0.16247279	          0.03873385	          0.16979595	          0.09110477	          0.03332638	          0.03145439	          0.02760266	          0.31584502	          0.03052588	          0.26630854	          0.33248426	          0.08611222	          0.06850189	          0.07254332	          0.57785725	
          1.94319481	         -9.78167206	         -0.16127939	         -6.20062235	          3.31497884	          0.87737522	         -0.00523135	         33.48193331	          3.49543608	         -0.57100255	        -55.03975881	         -1.76226261	          2.02398801	         25.68825314	          2.19969895	          2.40430796	        -37.89740295	         -1.49871219	         14.14759716	         -7.44279400	         -2.46272830	          3.18104166	          0.06133044	          0.07077206	          0.05113102	          0.05320201	          0.17065407	          0.01270159	          0.13191355	          0.00999999	          0.05465019	          0.01042305	          0.01184013	          0.01395718	          0.00999999	          0.16817077	          0.03271399	          0.14340696	          0.07694564	          0.02990551	          0.02656588	          0.02331277	          0.26675769	          0.02578167	          0.22491997	          0.28081093	          0.09382115	          0.05785561	          0.06126893	          0.62540931	
          1.95423569	         -9.88683677	         -0.12845357	         -5.18686934	          3.32966223	          0.87753782	         -0.00573671	         34.49803784	          3.55019562	         -0.92321137	        -51.13289714	         -1.27746501	          1.72684398	         25.91337606	          2.50750768	          3.10493087	        -37.74916578	          0.10488038	         12.29904705	         -7.83440456	         -2.81243703	          3.11004904	          0.08343855	          0.05977296	          0.04318444	          0.05636703	          0.14413172	          0.01072756	          0.11141209	          0.00999999	          0.09328506	          0.00999999	          0.00999999	          0.01178801	          0.00999999	          0.17185812	          0.05418525	          0.12111925	          0.06498707	          0.04867416	          0.03962866	          0.07334583	          0.22529931	          0.02177479	          0.18996384	          0.23716846	          0.07923985	          0.04886393	          0.05174677	          0.58880450	
          1.96527657	         -9.99725461	         -0.15072852	         -4.13435084	          3.34450309	          0.87663321	         -0.00622030	         35.21088214	          3.56447748	         -1.14304938	        -46.71996121	         -0.93512108	          1.46459225	         25.89665261	          2.65066919	          3.66143618	        -36.71507820	          1.58675514	         10.64973581	         -8.22723904	         -3.09180830	          3.01312804	          0.13549751	          0.06326461	          0.03647290	          0.04760670	          0.12173136	          0.00999999	          0.09409689	          0.04184583	          0.14783806	          0.01927443	          0.00999999	          0.00999999	          0.00999999	          0.16949758	          0.11212342	          0.10229539	          0.05488705	          0.08381258	          0.19452225	          0.16161260	          0.19028423	          0.01839064	          0.16044044	          0.20030872	          0.06692472	          0.04126970	          0.04370450	          0.54935158	
          1.97631745	        -10.10379758	         -0.22906049	         -3.05873536	          3.35967037	          0.87460446	         -0.00669209	         35.63616371	          3.54291668	         -1.22908018	        -41.88463807	         -0.74653762	          1.24729923	         25.64952729	          2.65691676	          4.11427446	        -35.19980651	          2.89955182	          9.18709557	         -8.58276322	         -3.29486230	          2.90143731	          0.17086788	          0.07965571	          0.03080443	          0.04020786	          0.10281238	          0.00999999	          0.07947274	          0.06743967	          0.19590397	          0.02143077	          0.00999999	          0.00999999	          0.00999999	          0.16801028	          0.15427231	          0.08639707	          0.04635673	          0.09980870	          0.24761908	          0.24227921	          0.16071104	          0.01553245	          0.13550545	          0.16917756	          0.05652356	          0.03485573	          0.03691213	          0.51327213	
          1.98735833	        -10.19973391	         -0.35580207	         -1.97407479	          3.37528880	          0.87139676	         -0.00717217	         35.81861764	          3.48141503	         -1.18541899	        -36.74646791	         -0.70125808	          1.06776813	         25.17400559	          2.55812842	          4.46211035	        -33.54885051	          4.00340001	          7.86725520	         -8.86973510	         -3.42549956	          2.77702170	          0.18002193	          0.09426047	          0.02601693	          0.03395892	          0.08683370	          0.00999999	          0.06712141	          0.09829631	          0.24305699	          0.02880729	          0.00999999	          0.00999999	          0.00999999	          0.16765249	          0.18347659	          0.07296959	          0.03915216	          0.10544718	          0.20913515	          0.30130219	          0.13573400	          0.01311846	          0.11444576	          0.14288469	          0.04773890	          0.02943860	          0.03117540	          0.49906625	
          1.99839921	        -10.28098163	         -0.52428914	         -0.89261970	          3.39139609	          0.86696976	         -0.00767042	         35.82866287	          3.37529799	         -1.02634701	        -31.46250847	         -0.73423499	          0.91458835	         24.50745469	          2.38441922	          4.64861230	        -32.28061031	          5.07550274	          6.65851543	         -9.07423960	         -3.49152041	          2.63608227	          0.16556386	          0.11220295	          0.02197349	          0.02868117	          0.07333837	          0.00999999	          0.05668968	          0.12113605	          0.29532168	          0.03219806	          0.00999999	          0.00999999	          0.00999999	          0.16795542	          0.20518469	          0.06162896	          0.03306729	          0.14039531	          0.17663223	          0.31581259	          0.11463878	          0.01107964	          0.09665907	          0.12067814	          0.04031952	          0.02486337	          0.02633025	          0.42150343	
          2.00944009	        -10.34644434	         -0.73087332	          0.16143757	          3.40794946	          0.86135904	         -0.00823865	         35.76056901	          3.22085429	         -0.76890128	        -26.22284782	         -0.79798219	          0.78270447	         23.70616667	          2.27061576	          4.68695031	        -32.28753968	          6.79460148	          6.17821372	         -9.19852908	         -3.49299257	          2.48784014	          0.16201875	          0.11608845	          0.01855846	          0.02422366	          0.06194042	          0.00999999	          0.04787921	          0.15150468	          0.31560127	          0.03530528	          0.00999999	          0.00999999	          0.00999999	          0.16906348	          0.17329573	          0.05205084	          0.02792811	          0.12922399	          0.14918078	          0.27295902	          0.09682210	          0.03680191	          0.08163672	          0.10192284	          0.03405322	          0.02099921	          0.13747609	          0.35599511	
          2.02048096	        -10.40064085	         -0.95083888	          1.17038112	          3.42485267	          0.85474140	         -0.00889622	         35.68922658	          2.99171253	         -0.45882002	        -21.16534970	         -0.86358205	          0.67083554	         22.67323089	          2.27814492	          4.79564942	        -32.85236982	          9.10490105	          7.29947308	         -9.25664613	         -3.45456194	          2.34500464	          0.15210904	          0.09804646	          0.01567418	          0.03193458	          0.05231390	          0.00999999	          0.04043802	          0.18353321	          0.35461863	          0.02981828	          0.00999999	          0.00999999	          0.00999999	          0.16916816	          0.14636283	          0.04396132	          0.02358764	          0.13744862	          0.12599572	          0.23053686	          0.08987556	          0.06031560	          0.06894908	          0.08608242	          0.02876081	          0.01773560	          0.17734872	          0.30066783	
          2.03152184	        -10.44777953	         -1.15301522	          2.15927183	          3.44197206	          0.84733470	         -0.00953916	         35.66029021	          2.65565352	         -0.13994826	        -16.37806572	         -0.91689723	          0.57801723	         21.39688814	          2.26047740	          4.98930851	        -33.09166210	         11.34418181	          9.22410813	         -9.27434195	         -3.42761377	          2.18145511	          0.15636121	          0.08280848	          0.01323816	          0.03262114	          0.04418349	          0.00999999	          0.03415331	          0.21201801	          0.38078683	          0.02788199	          0.00999999	          0.00999999	          0.00999999	          0.16922892	          0.12361572	          0.03712903	          0.01992175	          0.14859963	          0.10641398	          0.19470777	          0.07590748	          0.08581691	          0.05823330	          0.07270384	          0.02429093	          0.01497921	          0.24395037	          0.25393928	
          2.04256272	        -10.48878763	         -1.31142975	          3.13293634	          3.45919174	          0.83935873	         -0.01015451	         35.71175501	          2.18864083	          0.12953542	        -11.94449225	         -0.96858580	          0.50221990	         19.98611417	          2.23374306	          5.27836166	        -33.16823157	         13.85636376	         11.21036857	         -9.27676479	         -3.44261929	          1.99827855	          0.16881734	          0.07940775	          0.01118074	          0.02755130	          0.03731667	          0.00999999	          0.02884534	          0.22881323	          0.41005051	          0.02870260	          0.01395900	          0.00999999	          0.00999999	          0.17044720	          0.10440388	          0.03135859	          0.01682559	          0.16084145	          0.08987556	          0.16444709	          0.06411025	          0.11644926	          0.04918292	          0.06140451	          0.02051573	          0.01265120	          0.31424918	          0.21447309	
          2.05360360	        -10.52397521	         -1.41120267	          4.09175223	          3.47641903	          0.83110447	         -0.01072995	         35.86855870	          1.59047358	          0.28798324	         -7.93199877	         -1.03095581	          0.44101153	         18.58147604	          2.22425648	          5.67153658	        -33.30069472	         16.58370823	         12.91997028	         -9.28786840	         -3.51338670	          1.79976451	          0.19219832	          0.10183867	          0.00999999	          0.02326939	          0.03151707	          0.00999999	          0.02436232	          0.23854560	          0.43101184	          0.03506303	          0.01492161	          0.00999999	          0.01168453	          0.17453110	          0.08817786	          0.02648497	          0.01421063	          0.16963447	          0.07590747	          0.14341514	          0.05414650	          0.11676215	          0.04153911	          0.05186128	          0.05527479	          0.01068500	          0.39505387	          0.18114057	
          2.06464448	        -10.55430579	         -1.45385807	          5.03333648	          3.49365541	          0.82291008	         -0.01125794	         36.13408606	          0.88443810	          0.30364521	         -4.38583261	         -1.11913304	          0.39172716	         17.22306101	          2.23488252	          6.13284456	        -33.51586419	         19.24203661	         14.41978420	         -9.31857057	         -3.63012574	          1.58849117	          0.21925094	          0.13600811	          0.00999999	          0.01965296	          0.02661882	          0.00999999	          0.02057603	          0.24233518	          0.44827223	          0.04638633	          0.01542689	          0.01253869	          0.01401889	          0.18496002	          0.08014036	          0.02236878	          0.01200207	          0.18155535	          0.06411025	          0.13155270	          0.04573127	          0.11100434	          0.03508328	          0.04380121	          0.10396534	          0.00999999	          0.47965878	          0.15298845	
          2.07568536	        -10.58091982	         -1.44653990	          5.95296537	          3.51097204	          0.81512047	         -0.01172825	         36.49987256	          0.10152713	          0.18154707	         -1.33685514	         -1.23930353	          0.35471788	         15.90375326	          2.25697394	          6.64442628	        -33.78588992	         21.64386341	         15.76935225	         -9.36917102	         -3.77566578	          1.36365100	          0.24348680	          0.17647084	          0.00999999	          0.01659858	          0.02248183	          0.00999999	          0.01737819	          0.24784862	          0.45809450	          0.06218449	          0.01466792	          0.03961196	          0.01184014	          0.21440464	          0.07636892	          0.01889232	          0.01013676	          0.19291988	          0.05414650	          0.12157008	          0.03862391	          0.09389210	          0.02963078	          0.03699381	          0.15537060	          0.00999999	          0.56138463	          0.12921162	
          2.08672624	        -10.60465450	         -1.40294582	          6.84477566	          3.52846955	          0.80804212	         -0.01212816	         36.97060108	         -0.72322793	         -0.06314522	          1.14010402	         -1.38604144	          0.32585602	         14.59884059	          2.27122074	          7.17416185	        -34.04663922	         23.60305751	         17.08816895	         -9.43384164	         -3.92644381	          1.12238139	          0.26338344	          0.21538519	          0.00999999	          0.01401889	          0.01898780	          0.00999999	          0.01467734	          0.25012379	          0.45537678	          0.09207400	          0.01491377	          0.06455967	          0.00999999	          0.23875785	          0.07926092	          0.01595615	          0.00999999	          0.20213264	          0.04573127	          0.10849353	          0.03262114	          0.07929978	          0.02502568	          0.03124438	          0.20326763	          0.04444350	          0.63217868	          0.10913008	
          2.09776712	        -10.62583571	         -1.34132150	          7.70265373	          3.54627244	          0.80190369	         -0.01244605	         37.54257479	         -1.55460466	         -0.41229564	          2.98385064	         -1.51796727	          0.30621267	         13.26094653	          2.24792566	          7.68341386	        -34.19836256	         25.00010515	         18.48551957	         -9.50006851	         -4.05618513	          0.86114365	          0.28009213	          0.24941177	          0.00999999	          0.01184013	          0.01603679	          0.00999999	          0.01239625	          0.24993491	          0.44267931	          0.08987556	          0.01568972	          0.08384927	          0.00999999	          0.26321625	          0.08610779	          0.01347631	          0.00999999	          0.20037763	          0.03862391	          0.09163192	          0.02755130	          0.06697534	          0.02113630	          0.02638851	          0.23713218	          0.07963005	          0.68569162	          0.09216954	
          2.10880800	        -10.64383444	         -1.27818399	          8.51886532	          3.56451039	          0.79682755	         -0.01268276	         38.20199213	         -2.36382024	         -0.83672716	          4.15646592	         -1.60840274	          0.29305055	         11.82461183	          2.15797139	          8.14481225	        -34.12305348	         25.82023340	         19.98728585	         -9.55119713	         -4.14149083	          0.57974404	          0.29031486	          0.27211479	          0.00999999	          0.00999999	          0.01354442	          0.00999999	          0.01046968	          0.23984838	          0.41631445	          0.07590748	          0.01965296	          0.09874257	          0.00999999	          0.28087415	          0.08686354	          0.01138188	          0.00999999	          0.18912162	          0.03262114	          0.07739087	          0.02326939	          0.05656631	          0.01785138	          0.02228732	          0.24941505	          0.10745304	          0.71922399	          0.07784493	
          2.11984888	        -10.65746239	         -1.22835125	          9.28718842	          3.58327583	          0.79282604	         -0.01285395	         38.93297058	         -3.12787460	         -1.30309773	          4.64013878	         -1.64009989	          0.28556116	         10.24704371	          1.97934240	          8.54147762	        -33.74695576	         26.08465527	         21.59761851	         -9.57256999	         -4.16107711	          0.28076797	          0.28996963	          0.28995843	          0.00999999	          0.00999999	          0.03130888	          0.00999999	          0.01000002	          0.21439773	          0.37351362	          0.06411025	          0.01659858	          0.10981641	          0.00999999	          0.29454844	          0.09460312	          0.00999999	          0.00999999	          0.16074838	          0.02755130	          0.06536310	          0.01965296	          0.05394001	          0.01507699	          0.01882352	          0.23177726	          0.13299840	          0.73304526	          0.06574659	
          2.13088976	        -10.66524314	         -1.20266965	         10.00126212	          3.60260088	          0.78983520	         -0.01295895	         39.71465652	         -3.81580257	         -1.81910570	          4.45000518	         -1.60379836	          0.28071931	          8.55609841	          1.70520286	          8.85811230	        -33.12033361	         25.79054671	         23.35083809	         -9.55692138	         -4.10255642	         -0.03256082	          0.26728251	          0.29058471	          0.00999999	          0.00999999	          0.04801496	          0.00999999	          0.12756770	          0.18107692	          0.31780124	          0.05414650	          0.01401889	          0.11717874	          0.00999999	          0.30281132	          0.08247983	          0.00999999	          0.00999999	          0.13576553	          0.02326939	          0.05520464	          0.01659858	          0.04847142	          0.01273379	          0.08999329	          0.19575540	          0.15593016	          0.72660776	          0.05552853	
          2.14193064	        -10.66607113	         -1.21130014	         10.65903725	          3.62245632	          0.78775786	         -0.01298460	         40.53449498	         -4.40004013	         -2.40477712	          3.59673087	         -1.49885807	          0.27753549	          6.81272773	          1.33513619	          9.07596438	        -32.34416602	         24.93276546	         25.28919414	         -9.50803138	         -3.95776487	         -0.35684342	          0.24711224	          0.28344648	          0.00999999	          0.00999999	          0.06008113	          0.00999999	          0.21922584	          0.15293470	          0.26840989	          0.04573127	          0.01184013	          0.12094602	          0.00999999	          0.30866788	          0.07487380	          0.00999999	          0.00999999	          0.11466541	          0.01965296	          0.04662496	          0.01401889	          0.04093819	          0.01075476	          0.14294878	          0.16533190	          0.17610577	          0.70027220	          0.04689851	
          2.15297152	        -10.65874618	         -1.25450471	         11.26118166	          3.64284328	          0.78648368	         -0.01292238	         41.35267406	         -4.87058778	         -3.06886657	          2.15932274	         -1.32563893	          0.27339199	          5.04531401	          0.87837401	          9.19089525	        -31.47145809	         23.53776341	         27.41148363	         -9.42723477	         -3.73185786	         -0.68871995	          0.23135276	          0.27431023	          0.00999999	          0.00999999	          0.06869599	          0.00999999	          0.28185314	          0.12916622	          0.22669473	          0.03862391	          0.00999999	          0.12103088	          0.00999999	          0.31086101	          0.07370415	          0.00999999	          0.00999999	          0.09684459	          0.01659858	          0.03937870	          0.01184014	          0.03457575	          0.00999999	          0.15870992	          0.13963670	          0.19164599	          0.65415960	          0.03960974	
          2.16401240	        -10.64173535	         -1.32374757	         11.80668234	          3.66379824	          0.78588786	         -0.01277307	         42.11546184	         -5.23105404	         -3.79761464	          0.25481022	         -1.08806239	          0.26851396	          3.25585751	          0.35196233	          9.21245055	        -30.52135774	         21.65452673	         29.67106068	         -9.31086867	         -3.43994022	         -1.02235176	          0.23128309	          0.23736448	          0.00999999	          0.00999999	          0.07072703	          0.00999999	          0.30767201	          0.12585319	          0.19146278	          0.03262114	          0.00999999	          0.11613902	          0.00999999	          0.31006731	          0.07665654	          0.00999999	          0.00999999	          0.08179340	          0.01401889	          0.03325863	          0.00999999	          0.02920213	          0.00999999	          0.13404388	          0.11793494	          0.20269175	          0.59872662	          0.03345376	
          2.17505328	        -10.61314773	         -1.40227547	         12.29355146	          3.68538391	          0.78582275	         -0.01255765	         42.75754739	         -5.49931709	         -4.55299551	         -1.97271674	         -0.79033405	          0.26279548	          1.43468558	         -0.21782560	          9.15262126	        -29.50017871	         19.33300926	         32.00277539	         -9.14977879	         -3.10514168	         -1.34451863	          0.23402193	          0.20047428	          0.00999999	          0.00999999	          0.06150796	          0.03234734	          0.31193253	          0.11342448	          0.16170642	          0.02755130	          0.00999999	          0.11151651	          0.00999999	          0.30635251	          0.07923889	          0.00999999	          0.00999999	          0.06908141	          0.01184013	          0.02808971	          0.00999999	          0.02466365	          0.01401890	          0.11321134	          0.09960598	          0.20630688	          0.51287643	          0.02825451	
          2.18609416	        -10.57082043	         -1.48122146	         12.72108912	          3.70763694	          0.78610268	         -0.01229986	         43.23837640	         -5.68950145	         -5.27014555	         -4.43816328	         -0.45380931	          0.25840840	         -0.42618550	         -0.81429942	          9.00891276	        -28.41947646	         16.66130769	         34.28654928	         -8.93502343	         -2.74173247	         -1.64047154	          0.20473559	          0.16931739	          0.00999999	          0.00999999	          0.07016585	          0.04004311	          0.32696304	          0.09579652	          0.13657468	          0.02326939	          0.00999999	          0.10301630	          0.00999999	          0.30243340	          0.09435758	          0.00999999	          0.00999999	          0.05834506	          0.00999999	          0.02372412	          0.17165955	          0.02083053	          0.01184014	          0.09561650	          0.08412563	          0.20245117	          0.43316730	          0.02386331	
          2.19713504	        -10.51392703	         -1.56280343	         13.10296512	          3.73051113	          0.78651205	         -0.01199369	         43.54196253	         -5.80156719	         -5.93940652	         -7.08463151	         -0.14499422	          0.25717505	         -2.27890144	         -1.42816974	          8.78657987	        -27.38299393	         13.75747526	         36.37017270	         -8.66768688	         -2.35742364	         -1.91883672	          0.17291643	          0.14300279	          0.00999999	          0.00999999	          0.07342769	          0.04032609	          0.32419849	          0.08090822	          0.11534881	          0.01965296	          0.00999999	          0.08700593	          0.01070497	          0.28902163	          0.09884783	          0.00999999	          0.00999999	          0.04927732	          0.00999999	          0.05495634	          0.28936463	          0.02044430	          0.01000000	          0.08075618	          0.07105118	          0.19304281	          0.36584623	          0.02015458	
