/vscmnt/brussel_pixiu_data/_data_brussel/112/vsc11236/PredSimResults/SUBJ10opt3D/expIG/worker_06.mot
version=1
nRows=200
nColumns=50
inDegrees=yes
endheader
                time	         pelvis_tilt	         pelvis_list	     pelvis_rotation	           pelvis_tx	           pelvis_ty	           pelvis_tz	       hip_flexion_r	     hip_adduction_r	      hip_rotation_r	        knee_angle_r	       ankle_angle_r	         mtp_angle_r	       hip_flexion_l	     hip_adduction_l	      hip_rotation_l	        knee_angle_l	       ankle_angle_l	         mtp_angle_l	    lumbar_extension	      lumbar_bending	     lumbar_rotation	 ercspn_r/activation	 intobl_r/activation	 extobl_r/activation	    abd_r/activation	    add_r/activation	hamstrings_r/activation	bifemsh_r/activation	glut_max_r/activation	iliopsoas_r/activation	rect_fem_r/activation	  vasti_r/activation	gastroc_r/activation	 soleus_r/activation	tib_ant_r/activation	 ercspn_l/activation	 intobl_l/activation	 extobl_l/activation	    abd_l/activation	    add_l/activation	hamstrings_l/activation	bifemsh_l/activation	glut_max_l/activation	iliopsoas_l/activation	rect_fem_l/activation	  vasti_l/activation	gastroc_l/activation	 soleus_l/activation	tib_ant_l/activation	
          0.00000000	         -3.65800208	         -0.90089830	          7.44331496	          0.00000000	          0.82517516	         -0.01351504	         29.79448310	         -1.71116743	         -5.61143646	         -8.26101036	          2.68306479	          0.25806404	        -15.89871370	         -1.07075683	         -0.72988928	         -6.45950050	          8.73714483	         25.52177639	         -6.16158370	         -0.79245663	         -6.02811692	          0.10411796	          0.17213163	          0.00999999	          0.00999999	          0.15781540	          0.09774272	          0.19900824	          0.04486633	          0.09166561	          0.00999999	          0.00999999	          0.01704997	          0.01194651	          0.27706604	          0.09204022	          0.00999999	          0.00999999	          0.05076489	          0.00999999	          0.01053011	          0.18462731	          0.01194651	          0.30196067	          0.00999999	          0.00999999	          0.27740492	          0.24124027	          0.02118728	
          0.01167910	         -3.69865491	         -0.85624487	          7.50352254	          0.01517374	          0.82396197	         -0.01315732	         29.56150299	         -1.61689613	         -5.35171636	         -9.64399931	          2.35426695	          0.24904720	        -15.98534638	         -1.17774225	         -1.07125948	         -8.11031487	          8.04707897	         27.11341852	         -5.94876614	         -0.35710731	         -6.33263460	          0.08728968	          0.14408520	          0.00999999	          0.01605303	          0.13210160	          0.08519412	          0.16658264	          0.08094036	          0.07672998	          0.00999999	          0.00999999	          0.01427191	          0.00999999	          0.34440097	          0.10487121	          0.00999999	          0.00999999	          0.04249346	          0.00999999	          0.01000000	          0.15454488	          0.00999999	          0.25276042	          0.00999999	          0.00999999	          0.24198218	          0.22945597	          0.01773511	
          0.02335821	         -3.73090961	         -0.81326896	          7.51332483	          0.03051221	          0.82305781	         -0.01267210	         29.23902610	         -1.52129258	         -5.17249814	        -10.85443268	          1.89982877	          0.23938990	        -15.93151820	         -1.29430960	         -1.44361464	        -10.02481434	          7.20400823	         28.64612253	         -5.73213241	          0.08332215	         -6.61057625	          0.10945248	          0.12060854	          0.00999999	          0.06771268	          0.16818531	          0.07137887	          0.13944033	          0.09560803	          0.06422791	          0.00999999	          0.00999999	          0.01194651	          0.00999999	          0.39353935	          0.12760821	          0.00999999	          0.00999999	          0.03556975	          0.00999999	          0.00999999	          0.12936396	          0.00999999	          0.21157665	          0.00999999	          0.00999999	          0.20255458	          0.21447004	          0.01484542	
          0.03503731	         -3.75382497	         -0.76545443	          7.47672828	          0.04588584	          0.82256400	         -0.01207885	         28.89781960	         -1.42976598	         -5.08314881	        -12.04969397	          1.47582998	          0.22708399	        -15.68970138	         -1.41482451	         -1.85103588	        -12.26426400	          6.20414210	         30.02826736	         -5.52225324	          0.52068968	         -6.85632396	          0.10919091	          0.10095707	          0.00999999	          0.10022392	          0.20768672	          0.06387417	          0.11672049	          0.09680060	          0.05376287	          0.00999999	          0.01321384	          0.00999999	          0.00999999	          0.41933790	          0.15157858	          0.00999999	          0.00999999	          0.02977416	          0.00999999	          0.01000005	          0.10828592	          0.00999999	          0.17710321	          0.00999999	          0.00999999	          0.16955115	          0.19697397	          0.01242657	
          0.04671642	         -3.76722968	         -0.71845799	          7.40115298	          0.06119143	          0.82254166	         -0.01139014	         28.57746982	         -1.33683923	         -5.05440803	        -13.30996551	          1.19971996	          0.21420554	        -15.21972345	         -1.54994627	         -2.29483328	        -14.87668524	          5.06847520	         31.11683310	         -5.32473731	          0.95792885	         -7.07104467	          0.10632982	          0.08450753	          0.00999999	          0.12265126	          0.22808315	          0.06258477	          0.09770252	          0.09350468	          0.04500297	          0.00999999	          0.03999308	          0.00999999	          0.00999999	          0.42844034	          0.17012875	          0.00999999	          0.00999999	          0.02492288	          0.05426479	          0.02292152	          0.09064225	          0.00999999	          0.14824672	          0.00999999	          0.00999999	          0.14192517	          0.17213164	          0.01040183	
          0.05839552	         -3.77262288	         -0.67242246	          7.29079514	          0.07633717	          0.82306104	         -0.01062595	         28.24740659	         -1.23681620	         -5.04977851	        -14.57216315	          1.12488010	          0.20049592	        -14.48175465	         -1.70352151	         -2.79489102	        -17.90396920	          3.81666162	         31.72734100	         -5.14492054	          1.39303490	         -7.25549910	          0.10070192	          0.07073822	          0.00999999	          0.13369816	          0.24398332	          0.06358048	          0.08178327	          0.08841673	          0.03767036	          0.00999999	          0.06818754	          0.00999999	          0.00999999	          0.41671652	          0.18074489	          0.00999999	          0.00999999	          0.02086204	          0.11775322	          0.02967968	          0.07587336	          0.00999999	          0.12409200	          0.00999999	          0.00999999	          0.11880045	          0.14408520	          0.00999999	
          0.07007463	         -3.77183123	         -0.62160814	          7.14708790	          0.09125939	          0.82415300	         -0.00981018	         27.85007825	         -1.12740598	         -5.03880263	        -15.73158407	          1.28662578	          0.19222137	        -13.44542117	         -1.87813598	         -3.37012355	        -21.37827681	          2.46808705	         31.67183878	         -4.98694556	          1.81924829	         -7.40854949	          0.09544056	          0.05921242	          0.00999999	          0.13772982	          0.25212218	          0.06622986	          0.06845783	          0.08319797	          0.03153251	          0.00999999	          0.08582536	          0.00999999	          0.00999999	          0.38423554	          0.18368809	          0.00999999	          0.00999999	          0.01746287	          0.17448540	          0.03315600	          0.06351086	          0.00999999	          0.10387295	          0.00999999	          0.00999999	          0.09944359	          0.12060854	          0.00999999	
          0.08175373	         -3.76647251	         -0.55865628	          6.96982103	          0.10591683	          0.82578861	         -0.00896546	         27.34058562	         -1.01055925	         -4.99849862	        -16.69899787	          1.67243415	          0.20821883	        -12.10191026	         -2.07796891	         -4.01019894	        -25.26697848	          0.90950346	         30.97123113	         -4.85425473	          2.22926512	         -7.52752235	          0.08459090	          0.04956458	          0.00999999	          0.13687568	          0.24363803	          0.06944761	          0.05730359	          0.07343402	          0.02639473	          0.00999999	          0.10973533	          0.00999999	          0.00999999	          0.33781964	          0.18218080	          0.00999999	          0.00999999	          0.01461754	          0.23751511	          0.03859847	          0.05316266	          0.00999999	          0.08694831	          0.00999999	          0.00999999	          0.08324065	          0.10095707	          0.00999999	
          0.09343283	         -3.75855524	         -0.47431459	          6.75714781	          0.12026707	          0.82791703	         -0.00811334	         26.67617766	         -0.89076771	         -4.90614223	        -17.37830451	          2.21818695	          0.27570179	        -10.46612714	         -2.30202103	         -4.68904272	        -29.47363757	         -0.99655883	         29.68360284	         -4.75244522	          2.61427660	         -7.60952025	          0.07080800	          0.04148873	          0.00999999	          0.13077501	          0.20576008	          0.07291496	          0.04796677	          0.06146898	          0.02209408	          0.00999999	          0.12599145	          0.00999999	          0.00999999	          0.29176775	          0.17316701	          0.00999999	          0.00999999	          0.01223581	          0.27285639	          0.05042291	          0.04450055	          0.00999999	          0.07278130	          0.00999999	          0.00999999	          0.06967775	          0.08450753	          0.00999999	
          0.10511194	         -3.74980291	         -0.35919460	          6.50830749	          0.13426143	          0.83045638	         -0.00726832	         25.85414914	         -0.77974620	         -4.75433360	        -17.74089947	          2.82008255	          0.38918136	         -8.57537036	         -2.54471577	         -5.36198698	        -33.85739919	         -3.34448421	         27.85371545	         -4.68993734	          2.96401237	         -7.65236009	          0.05927083	          0.03472872	          0.00999999	          0.12565249	          0.17223436	          0.07696846	          0.04015126	          0.05145347	          0.01849416	          0.00999999	          0.12476421	          0.00999999	          0.00999999	          0.25288353	          0.17828068	          0.02585407	          0.00999999	          0.01024216	          0.22839827	          0.08063516	          0.03961096	          0.00999999	          0.06092261	          0.00999999	          0.00999999	          0.05832474	          0.07073822	          0.01326178	
          0.11679104	         -3.74020294	         -0.21061915	          6.23027437	          0.14787559	          0.83326216	         -0.00642031	         24.90852966	         -0.68919538	         -4.55590500	        -17.83370989	          3.40542673	          0.53409248	         -6.49319229	         -2.79865555	         -5.97361901	        -38.30176290	         -5.78775398	         25.16470800	         -4.67172380	          3.26611357	         -7.65629449	          0.04961348	          0.02907017	          0.00999999	          0.12433753	          0.14417119	          0.07556457	          0.03360918	          0.04898296	          0.01548079	          0.00999999	          0.12816302	          0.00999999	          0.00999999	          0.22892855	          0.19640020	          0.05807799	          0.00999999	          0.00999999	          0.19118398	          0.06749680	          0.06412035	          0.01194651	          0.05099613	          0.00999999	          0.00999999	          0.04882154	          0.05921242	          0.12713215	
          0.12847015	         -3.72899820	         -0.03632733	          5.92780271	          0.16110902	          0.83613992	         -0.00557790	         23.86537879	         -0.62162314	         -4.33553156	        -17.69740871	          3.94558624	          0.70287464	         -4.33426105	         -3.00778775	         -6.47273112	        -42.63638767	         -7.30782674	         21.76450487	         -4.69733799	          3.51804978	         -7.61415384	          0.04152966	          0.02433359	          0.00999999	          0.11376648	          0.12068052	          0.07688994	          0.02813303	          0.04881958	          0.01295842	          0.00999999	          0.12312605	          0.00999999	          0.00999999	          0.20825174	          0.20394808	          0.06534431	          0.00999999	          0.01115669	          0.16003323	          0.05649914	          0.11389728	          0.00999999	          0.04268702	          0.00999999	          0.00999999	          0.06292819	          0.04956458	          0.15142515	
          0.14014925	         -3.71566347	          0.15608527	          5.60483352	          0.17398929	          0.83901647	         -0.00475816	         22.75689587	         -0.57704068	         -4.10419209	        -17.39484933	          4.44724452	          0.88369068	         -2.17674177	         -3.11874612	         -6.87825755	        -46.54382160	         -7.64003687	         18.76946460	         -4.76222010	          3.72353944	         -7.52582217	          0.03754630	          0.02036877	          0.00999999	          0.10673773	          0.10101732	          0.07693403	          0.02354915	          0.04272031	          0.01084702	          0.00999999	          0.11225757	          0.00999999	          0.00999999	          0.19249685	          0.20143535	          0.06462283	          0.00999999	          0.00999999	          0.13395806	          0.04729340	          0.12981748	          0.00999999	          0.03573177	          0.00999999	          0.00999999	          0.07855804	          0.04148873	          0.19054425	
          0.15182836	         -3.69929425	          0.36546297	          5.26774448	          0.18655697	          0.84186848	         -0.00394555	         21.61227468	         -0.55785454	         -3.86107741	        -16.98402619	          4.90383337	          1.06448849	         -0.02711225	         -3.14798623	         -7.23301667	        -49.97568229	         -7.43571219	         16.19239610	         -4.86188010	          3.87961906	         -7.39910770	          0.03788029	          0.01704997	          0.00999999	          0.10232553	          0.08455796	          0.07531903	          0.01971215	          0.03994420	          0.00999999	          0.00999999	          0.10227935	          0.00999999	          0.00999999	          0.18105241	          0.19681324	          0.06945398	          0.00999999	          0.00999999	          0.11504223	          0.03958761	          0.16004709	          0.00999999	          0.04519383	          0.00999999	          0.00999999	          0.07894318	          0.03472872	          0.19929786	
          0.16350746	         -3.67909067	          0.59254939	          4.92193850	          0.19885665	          0.84465562	         -0.00313424	         20.44352886	         -0.56839323	         -3.61550372	        -16.49150960	          5.30605673	          1.24091575	          2.10824545	         -3.11017362	         -7.56786425	        -52.92160320	         -6.96872192	         13.97024360	         -4.99133982	          3.98356492	         -7.23867451	          0.03882907	          0.01427191	          0.00999999	          0.09561715	          0.07078043	          0.07498319	          0.01650033	          0.03942731	          0.00999999	          0.00999999	          0.09485589	          0.00999999	          0.00999999	          0.17124858	          0.19085113	          0.06906689	          0.00999999	          0.00999999	          0.12150936	          0.03313736	          0.20019254	          0.00999999	          0.04939785	          0.00999999	          0.00999999	          0.07617548	          0.02907017	          0.19430591	
          0.17518656	         -3.65449200	          0.83825363	          4.56937983	          0.21093149	          0.84733952	         -0.00232992	         19.25314453	         -0.61150818	         -3.37288092	        -15.92762195	          5.65448886	          1.41378953	          4.22105463	         -3.00733951	         -7.89478232	        -55.38436497	         -6.33762941	         12.05130859	         -5.14549082	          4.03541778	         -7.04649375	          0.03763069	          0.01194651	          0.00999999	          0.08937071	          0.05924775	          0.07427766	          0.01381183	          0.03755660	          0.00999999	          0.00999999	          0.08855274	          0.00999999	          0.00999999	          0.16154323	          0.18610060	          0.06867380	          0.00999999	          0.00999999	          0.13080342	          0.02773809	          0.25271157	          0.00999999	          0.05301412	          0.00999999	          0.00999999	          0.06376376	          0.02433359	          0.18409491	
          0.18686567	         -3.62515211	          1.10004324	          4.21132532	          0.22281650	          0.84988767	         -0.00153805	         18.04255538	         -0.68527630	         -3.13241370	        -15.30034556	          5.95591026	          1.58563251	          6.30613436	         -2.84277082	         -8.21902133	        -57.38039581	         -5.60818212	         10.39432376	         -5.31985694	          4.03928067	         -6.82489933	          0.03645375	          0.00999999	          0.00999999	          0.08429617	          0.04959416	          0.07286192	          0.01156139	          0.03596883	          0.00999999	          0.00999999	          0.08252575	          0.00999999	          0.00999999	          0.15009378	          0.18234559	          0.06976354	          0.00999999	          0.00999999	          0.14175447	          0.02321856	          0.31747864	          0.00999999	          0.05652906	          0.00999999	          0.00999999	          0.05337435	          0.02036877	          0.17543970	
          0.19854477	         -3.59098298	          1.37358399	          3.84913283	          0.23453749	          0.85227282	         -0.00076170	         16.81369228	         -0.78576125	         -2.89374023	        -14.61677435	          6.21603023	          1.76027903	          8.36343967	         -2.62294090	         -8.54323454	        -58.94298287	         -4.82561375	          8.96334112	         -5.51087547	          4.00067954	         -6.57611979	          0.03506968	          0.00999999	          0.00999999	          0.08061671	          0.04151349	          0.07055986	          0.00999999	          0.03343907	          0.00999999	          0.00999999	          0.07630114	          0.00999999	          0.00999999	          0.13573064	          0.17957093	          0.07221139	          0.00999999	          0.00999999	          0.15427649	          0.01943542	          0.39156830	          0.00999999	          0.05967355	          0.00999999	          0.00999999	          0.04467775	          0.01704997	          0.16949023	
          0.21022388	         -3.55216719	          1.65308910	          3.48423026	          0.24611075	          0.85447192	         -0.00000275	         15.57073022	         -0.90738492	         -2.65602912	        -13.88610003	          6.43789055	          1.94290022	         10.39789799	         -2.35712247	         -8.86761136	        -60.12375021	         -4.01051427	          7.72626401	         -5.71603738	          3.92648524	         -6.30241554	          0.03323990	          0.00999999	          0.00999999	          0.07839648	          0.03474945	          0.06756158	          0.00999999	          0.03048625	          0.00999999	          0.00999999	          0.06931019	          0.00999999	          0.00999999	          0.11588142	          0.17740236	          0.07448753	          0.00999999	          0.00999999	          0.16668953	          0.01626869	          0.47027724	          0.00999999	          0.06275261	          0.00999999	          0.00999999	          0.03739813	          0.01427191	          0.16646216	
          0.22190298	         -3.50913792	          1.93201201	          3.11791737	          0.25754735	          0.85646676	          0.00073813	         14.31880670	         -1.04362790	         -2.41904997	        -13.11843561	          6.62624443	          2.13838052	         12.41703726	         -2.05686157	         -9.19114812	        -60.98512312	         -3.17449405	          6.65592463	         -5.93338681	          3.82413584	         -6.00605366	          0.03124732	          0.00999999	          0.00999999	          0.07723584	          0.02908751	          0.06357167	          0.00999999	          0.02660857	          0.00999999	          0.00999999	          0.06321120	          0.00999999	          0.00999999	          0.09700017	          0.17562920	          0.07668507	          0.00999999	          0.00999999	          0.17815109	          0.01361794	          0.54660687	          0.00999999	          0.06532580	          0.00999999	          0.00999999	          0.03130463	          0.01194651	          0.16568585	
          0.23358208	         -3.46250420	          2.20355918	          2.75116095	          0.26885924	          0.85824523	          0.00146121	         13.06165197	         -1.18752203	         -2.18353625	        -12.32065719	          6.77725818	          2.35534863	         14.42746554	         -1.73516596	         -9.51265115	        -61.59013932	         -2.33576266	          5.72849051	         -6.16073696	          3.70119306	         -5.68927083	          0.02955459	          0.00999999	          0.00999999	          0.07830286	          0.02434811	          0.06057042	          0.00999999	          0.02461504	          0.00999999	          0.00999999	          0.05699344	          0.03106445	          0.00999999	          0.09061992	          0.17581144	          0.07556227	          0.00999999	          0.00999999	          0.18787424	          0.01139909	          0.61082102	          0.00999999	          0.06712289	          0.00999999	          0.00999999	          0.02620398	          0.00999999	          0.16720416	
          0.24526119	         -3.41293750	          2.46120757	          2.38398376	          0.28005660	          0.85980489	          0.00216608	         11.81252456	         -1.33254180	         -1.95078739	        -11.51395381	          6.87432630	          2.61049337	         16.43171467	         -1.40499060	         -9.83134036	        -61.99206100	         -1.51874834	          4.92345792	         -6.39580401	          3.56536706	         -5.35450810	          0.02849715	          0.00999999	          0.00999999	          0.07963612	          0.02038093	          0.05606102	          0.00999999	          0.02218806	          0.00999999	          0.00999999	          0.05323723	          0.05135198	          0.00999999	          0.08579616	          0.17634001	          0.07360421	          0.00999999	          0.00999999	          0.19374353	          0.00999999	          0.65200718	          0.00999999	          0.06818881	          0.00999999	          0.00999999	          0.02193441	          0.00999999	          0.17642311	
          0.25694029	         -3.36109849	          2.69870012	          2.01578983	          0.29116133	          0.86115013	          0.00285139	         10.57902581	         -1.47205426	         -1.72149392	        -10.71916941	          6.95028870	          2.90421471	         18.42239768	         -1.07867732	        -10.14703048	        -62.22249411	         -0.74130099	          4.22224422	         -6.63469035	          3.42455314	         -5.00413074	          0.02867972	          0.00999999	          0.00999999	          0.08130519	          0.01706014	          0.05114609	          0.00999999	          0.01986611	          0.00999999	          0.00999999	          0.04883407	          0.06997637	          0.00999999	          0.08078245	          0.17619745	          0.06928036	          0.00999999	          0.00999999	          0.19773142	          0.00999999	          0.65788113	          0.00999999	          0.06922810	          0.00999999	          0.00999999	          0.01836051	          0.00999999	          0.18553262	
          0.26861940	         -3.30767408	          2.91076763	          1.64528953	          0.30220982	          0.86228965	          0.00351505	          9.36131754	         -1.60030208	         -1.49588899	         -9.94407665	          7.02524702	          3.23121239	         20.37859452	         -0.76684264	        -10.46045022	        -62.28019076	          0.00095678	          3.61213475	         -6.87164420	          3.28622128	         -4.64026742	          0.02830029	          0.00999999	          0.00999999	          0.08665714	          0.01428043	          0.04509287	          0.00999999	          0.01724400	          0.00999999	          0.00999999	          0.04330077	          0.08771926	          0.00999999	          0.07790390	          0.17640141	          0.06391418	          0.00999999	          0.00999999	          0.17376602	          0.00999999	          0.60767310	          0.00999999	          0.07273175	          0.00999999	          0.00999999	          0.01536892	          0.00999999	          0.19605753	
          0.28029850	         -3.25339048	          3.09263935	          1.27156937	          0.31324889	          0.86323505	          0.00416095	          8.15498692	         -1.71172751	         -1.27579763	         -9.18737409	          7.10645282	          3.58344034	         22.26596460	         -0.48465801	        -10.77692290	        -62.12099457	          0.70221736	          3.08303690	         -7.09965545	          3.15679533	         -4.26612474	          0.02922325	          0.00999999	          0.00999999	          0.09129623	          0.01195364	          0.04038703	          0.00999999	          0.01569954	          0.00999999	          0.00999999	          0.03747643	          0.10484095	          0.00999999	          0.07720391	          0.17515056	          0.05685738	          0.00999999	          0.00999999	          0.14545329	          0.00999999	          0.50866129	          0.00999999	          0.07697149	          0.01000000	          0.00999999	          0.01286477	          0.00999999	          0.20700278	
          0.29197761	         -3.19909752	          3.24092593	          0.89351758	          0.32433034	          0.86399910	          0.00479236	          6.95300185	         -1.80208125	         -1.06297894	         -8.44136153	          7.18978659	          3.95412961	         24.03835024	         -0.24314123	        -11.09910957	        -61.66040822	          1.35171683	          2.62559719	         -7.31121448	          3.04187281	         -3.88456859	          0.03015826	          0.00999999	          0.00999999	          0.09451159	          0.01000596	          0.03840965	          0.00999999	          0.01467386	          0.00999999	          0.00999999	          0.03244789	          0.12143576	          0.00999999	          0.07803843	          0.17120424	          0.05271343	          0.00999999	          0.00999999	          0.12175372	          0.00999999	          0.42578207	          0.00999999	          0.08015354	          0.01969996	          0.00999999	          0.01076864	          0.00999999	          0.21813770	
          0.30365671	         -3.14583075	          3.35318182	          0.51063593	          0.33549549	          0.86458781	          0.00541040	          5.74837340	         -1.86826421	         -0.85807505	         -7.69615704	          7.26715761	          4.33907134	         25.65462612	         -0.04742206	        -11.42255092	        -60.81991963	          1.93674314	          2.22987746	         -7.50063241	          2.94628785	         -3.49746786	          0.03163467	          0.00999999	          0.00999999	          0.09654295	          0.00999999	          0.03765521	          0.00999999	          0.01357152	          0.00999999	          0.00999999	          0.02840032	          0.13775600	          0.00999999	          0.07982664	          0.16711795	          0.05067552	          0.00999999	          0.00999999	          0.10191566	          0.00999999	          0.35640686	          0.00999999	          0.08264035	          0.02435442	          0.00999999	          0.00999999	          0.00999999	          0.22990651	
          0.31533581	         -3.09464372	          3.42743520	          0.12309023	          0.34677502	          0.86499724	          0.00601591	          4.53441015	         -1.90781005	         -0.66090361	         -6.94159162	          7.33204794	          4.73628405	         27.08487690	          0.10120546	        -11.73703120	        -59.55290228	          2.44453568	          1.88706820	         -7.66386101	          2.87398833	         -3.10591634	          0.03334692	          0.00999999	          0.00999999	          0.09767773	          0.00999999	          0.03812847	          0.00999999	          0.01252335	          0.00999999	          0.00999999	          0.02514602	          0.15385102	          0.00999999	          0.08208640	          0.16265829	          0.05006011	          0.00999999	          0.00999999	          0.08530993	          0.00999999	          0.29833536	          0.00999999	          0.08407610	          0.02658141	          0.00999999	          0.00999999	          0.00999999	          0.24106996	
          0.32701492	         -3.04656511	          3.46212906	         -0.26865970	          0.35819174	          0.86521559	          0.00660946	          3.30509823	         -1.91885668	         -0.47099825	         -6.16860491	          7.38109598	          5.14508483	         28.30855835	          0.20418289	        -12.02924803	        -57.83957233	          2.86405643	          1.59012559	         -7.79807125	          2.82818141	         -2.71042936	          0.03495762	          0.00999999	          0.00999999	          0.09825411	          0.00999999	          0.03955022	          0.00999999	          0.01152312	          0.00999999	          0.00999999	          0.02234815	          0.16979259	          0.00999999	          0.08461117	          0.15805571	          0.05026861	          0.00999999	          0.00999999	          0.07140987	          0.00999999	          0.24972580	          0.00999999	          0.08443530	          0.02695377	          0.00999999	          0.00999999	          0.00999999	          0.24969997	
          0.33869402	         -3.00257740	          3.45616747	         -0.66406773	          0.36976202	          0.86522554	          0.00719163	          2.05577269	         -1.90013824	         -0.28772945	         -5.37060528	          7.41404294	          5.56530896	         29.31281038	          0.26469031	        -12.28483136	        -55.67898020	          3.18260599	          1.33422591	         -7.90149876	          2.81130329	         -2.31121363	          0.03606238	          0.00999999	          0.00999999	          0.09837164	          0.00999999	          0.04117224	          0.00999999	          0.01074320	          0.00999999	          0.00999999	          0.01974299	          0.18565481	          0.00999999	          0.08740945	          0.15320242	          0.05129391	          0.00999999	          0.00999999	          0.05977464	          0.00999999	          0.20903649	          0.00999999	          0.08449045	          0.02591579	          0.00999999	          0.00999999	          0.00999999	          0.25468871	
          0.35037313	         -2.96362227	          3.40906034	         -1.06254853	          0.38149546	          0.86500587	          0.00776357	          0.78375963	         -1.85103413	         -0.11068748	         -4.54443833	          7.43338875	          5.99693690	         30.09217696	          0.28698664	        -12.48873638	        -53.08396679	          3.38466247	          1.11635017	         -7.97357242	          2.82470986	         -1.90833928	          0.03572317	          0.00999999	          0.00999999	          0.09753883	          0.00999999	          0.04208546	          0.00999999	          0.01080701	          0.00999999	          0.00999999	          0.01735316	          0.20151570	          0.00999999	          0.09055592	          0.14789250	          0.05408571	          0.00999999	          0.00999999	          0.05003520	          0.00999999	          0.17497692	          0.00999999	          0.08612854	          0.02439527	          0.00999999	          0.00999999	          0.00999999	          0.25537452	
          0.36205223	         -2.93069118	          3.32120144	         -1.46337263	          0.39339138	          0.86453219	          0.00832759	         -0.51033224	         -1.77179031	          0.06090595	         -3.69219597	          7.44453025	          6.44031700	         30.65037855	          0.27655226	        -12.62253717	        -50.07954546	          3.46095487	          0.93497434	         -8.01559417	          2.86802042	         -1.50178189	          0.03218250	          0.00999999	          0.00999999	          0.09690644	          0.00999999	          0.04332021	          0.00999999	          0.00999999	          0.00999999	          0.00999999	          0.01452571	          0.21748549	          0.00999999	          0.09310775	          0.14019527	          0.05854080	          0.00999999	          0.00999999	          0.04188267	          0.00999999	          0.14646689	          0.00999999	          0.09457332	          0.02175698	          0.00999999	          0.00999999	          0.00999999	          0.25218716	
          0.37373134	         -2.90488757	          3.19436597	         -1.86584777	          0.40543681	          0.86377888	          0.00888482	         -1.81881319	         -1.66430962	          0.22791345	         -2.82844405	          7.45813503	          6.89804447	         31.00096436	          0.24041291	        -12.66247049	        -46.70128536	          3.41826452	          0.78878552	         -8.03095983	          2.93903582	         -1.09144425	          0.03306779	          0.00999999	          0.00999999	          0.09886442	          0.00999999	          0.04549674	          0.07035786	          0.01106421	          0.00999999	          0.00999999	          0.01551940	          0.23354244	          0.01116436	          0.09419517	          0.13582618	          0.05848758	          0.00999999	          0.00999999	          0.03505847	          0.00999999	          0.12260217	          0.02201612	          0.10894412	          0.01824193	          0.00999999	          0.00999999	          0.00999999	          0.24653021	
          0.38541044	         -2.88703618	          3.03140206	         -2.27033574	          0.41762729	          0.86272662	          0.00943360	         -3.12693726	         -1.53160902	          0.38762147	         -1.98154422	          7.48303125	          7.38092368	         31.15348324	          0.18237409	        -12.59738813	        -42.97823910	          3.28264362	          0.67364617	         -8.02108193	          3.03546398	         -0.67747254	          0.03418620	          0.00999999	          0.00999999	          0.10349558	          0.00999999	          0.04581605	          0.15655349	          0.01186986	          0.00999999	          0.00999999	          0.01429330	          0.24965953	          0.02214703	          0.10480555	          0.13205037	          0.05887265	          0.00999999	          0.00999999	          0.02934619	          0.00999999	          0.11203838	          0.04097780	          0.12805947	          0.01609854	          0.00999999	          0.00999999	          0.00999999	          0.24135274	
          0.39708954	         -2.87769679	          2.83734359	         -2.67679760	          0.42995818	          0.86136342	          0.00997037	         -4.41583810	         -1.37885861	          0.53841057	         -1.18699762	          7.52954358	          7.90406413	         31.12753585	          0.10257680	        -12.42622592	        -38.97213739	          3.09527960	          0.58112175	         -7.98705994	          3.15276258	         -0.26101144	          0.03536907	          0.00999999	          0.00999999	          0.11011318	          0.00999999	          0.04019357	          0.24430795	          0.01153977	          0.00999999	          0.00999999	          0.01338037	          0.26553307	          0.03619693	          0.11793610	          0.12990029	          0.06466163	          0.00999999	          0.00999999	          0.02456464	          0.00999999	          0.16244517	          0.06776790	          0.15072740	          0.01700750	          0.00999999	          0.00999999	          0.00999999	          0.23598304	
          0.40876865	         -2.87703449	          2.62024439	         -3.08330053	          0.44241646	          0.85968023	          0.01049464	         -5.67019401	         -1.21368668	          0.67717134	         -0.47599492	          7.62361825	          8.47207284	         30.97421961	         -0.00583665	        -12.16000049	        -34.83792872	          2.89470209	          0.50441765	         -7.93125322	          3.28132036	          0.15590534	          0.03594524	          0.00999999	          0.00999999	          0.11610164	          0.00999999	          0.03836362	          0.33297815	          0.01066296	          0.00999999	          0.00999999	          0.01120023	          0.28131873	          0.05110392	          0.13203743	          0.12609961	          0.07259359	          0.00999999	          0.00999999	          0.02056217	          0.00999999	          0.17349731	          0.09020797	          0.17400333	          0.01752761	          0.00999999	          0.00999999	          0.00999999	          0.23229449	
          0.42044775	         -2.88518956	          2.39034246	         -3.48735110	          0.45498551	          0.85768495	          0.01100343	         -6.87568393	         -1.04583735	          0.80099482	          0.12357100	          7.78711043	          9.08566131	         30.74455893	         -0.14566726	        -11.80973820	        -30.71798443	          2.70606574	          0.44043810	         -7.85685490	          3.40883913	          0.57194363	          0.03457171	          0.00999999	          0.00999999	          0.11978229	          0.00999999	          0.03211282	          0.42069981	          0.01040192	          0.00999999	          0.00999999	          0.00999999	          0.29713703	          0.06667547	          0.14781822	          0.12217804	          0.08368969	          0.00999999	          0.00999999	          0.01721186	          0.00999999	          0.16883943	          0.10822301	          0.19633547	          0.01772515	          0.00999999	          0.00999999	          0.00999999	          0.22936380	
          0.43212686	         -2.90233569	          2.15806870	         -3.88618969	          0.46764770	          0.85540284	          0.01149517	         -8.02029333	         -0.88480677	          0.90674669	          0.59156458	          8.02774964	          9.74651326	         30.48122934	         -0.31608116	        -11.38468323	        -26.71941035	          2.54238279	          0.38818731	         -7.76760933	          3.52181926	          0.98623562	          0.02917608	          0.00999999	          0.00999999	          0.12045485	          0.00999999	          0.02688048	          0.50243980	          0.00999999	          0.00999999	          0.00999999	          0.00999999	          0.31258696	          0.08375693	          0.16269635	          0.12067215	          0.09685852	          0.00999999	          0.00999999	          0.01440743	          0.00999999	          0.15943738	          0.12033883	          0.21310892	          0.02013698	          0.00999999	          0.00999999	          0.00999999	          0.22732235	
          0.44380596	         -2.92857568	          1.93307832	         -4.27651866	          0.48038710	          0.85287409	          0.01197341	         -9.09582002	         -0.73878259	          0.99086203	          0.91776912	          8.33660306	         10.46180960	         30.21940732	         -0.51507615	        -10.89533213	        -22.92435674	          2.40980941	          0.34639353	         -7.66730215	          3.60585245	          1.39705843	          0.02442225	          0.00999999	          0.00999999	          0.12339205	          0.00999999	          0.02250069	          0.57112390	          0.00999999	          0.02393438	          0.00999999	          0.00999999	          0.32737476	          0.10248122	          0.17145364	          0.11890283	          0.11088340	          0.00999999	          0.00999999	          0.01205994	          0.00999999	          0.14577055	          0.12730827	          0.22519795	          0.02036876	          0.00999999	          0.00999999	          0.00999999	          0.22615430	
          0.45548507	         -2.96390159	          1.72416514	         -4.65554692	          0.49319489	          0.85015478	          0.01243921	        -10.09905380	         -0.61495372	          1.04635256	          1.10503319	          8.68047465	         11.25220157	         29.98403191	         -0.73810168	        -10.35617949	        -19.39153522	          2.31017097	          0.31377009	         -7.55899202	          3.64782761	          1.80389391	          0.02044298	          0.00999999	          0.00999999	          0.12683243	          0.00999999	          0.02992850	          0.62128146	          0.00999999	          0.06688800	          0.00999999	          0.00999999	          0.34077372	          0.12254390	          0.14987516	          0.11514887	          0.12857689	          0.00999999	          0.00999999	          0.01867164	          0.00999999	          0.13882420	          0.12798671	          0.23075080	          0.01704996	          0.00999999	          0.00999999	          0.00999999	          0.22567861	
          0.46716417	         -3.00821378	          1.53954690	         -5.02049732	          0.50606814	          0.84731927	          0.01288360	        -11.03249304	         -0.52067488	          1.06885748	          1.16827139	          9.01514624	         12.14146792	         29.79291714	         -0.97442869	         -9.78820358	        -16.16956958	          2.24378335	          0.28885431	         -7.44555295	          3.63675989	          2.20826311	          0.01711209	          0.00999999	          0.00999999	          0.12592209	          0.00999999	          0.04491900	          0.64912933	          0.00999999	          0.12036003	          0.00999999	          0.00999999	          0.35247463	          0.14363288	          0.12545510	          0.10973895	          0.14775871	          0.00999999	          0.00999999	          0.03733168	          0.00999999	          0.14155627	          0.11931556	          0.22465115	          0.01427191	          0.00999999	          0.00999999	          0.00999999	          0.22638646	
          0.47884327	         -3.06123585	          1.38530461	         -5.36791666	          0.51900389	          0.84444714	          0.01328669	        -11.89604476	         -0.46209273	          1.05621865	          1.11146618	          9.32666982	         13.12549031	         29.65706503	         -1.20680976	         -9.21639752	        -13.29405807	          2.21642167	          0.27025403	         -7.33084744	          3.56569339	          2.61251088	          0.01432391	          0.00999999	          0.00999999	          0.12771267	          0.00999999	          0.05219200	          0.65206089	          0.00999999	          0.20179769	          0.00999999	          0.00999999	          0.36196921	          0.16474453	          0.10501396	          0.09799631	          0.16270005	          0.01704997	          0.00999999	          0.05611018	          0.01066034	          0.12781055	          0.09987476	          0.21015732	          0.01194651	          0.00999999	          0.00999999	          0.00999999	          0.22860860	
          0.49052238	         -3.12248106	          1.26488472	         -5.69570769	          0.53199765	          0.84161296	          0.01362405	        -12.68000088	         -0.44268425	          1.00337706	          0.92058717	          9.60653383	         14.19709659	         29.57737976	         -1.41637288	         -8.65575855	        -10.77959490	          2.23565740	          0.25684166	         -7.21981569	          3.43219561	          3.01894819	          0.01199003	          0.00999999	          0.00999999	          0.12736917	          0.00999999	          0.04368805	          0.63136548	          0.00999999	          0.28721707	          0.00999999	          0.00999999	          0.36900684	          0.18473549	          0.08790341	          0.10241300	          0.16853679	          0.01427191	          0.00999999	          0.05149688	          0.03581488	          0.12902595	          0.08360157	          0.20470259	          0.00999999	          0.00999999	          0.00999999	          0.00999999	          0.22825721	
          0.50220148	         -3.19027387	          1.17761903	         -6.00355505	          0.54507194	          0.83888346	          0.01388783	        -13.37622816	         -0.46143078	          0.90984776	          0.57909045	          9.84035169	         15.35360025	         29.55253808	         -1.59462988	         -8.11600196	         -8.68166666	          2.29992804	          0.24907998	         -7.11204864	          3.23683270	          3.42638593	          0.01003642	          0.00999999	          0.00999999	          0.12423713	          0.00999999	          0.03656970	          0.58964740	          0.00999999	          0.37244391	          0.00999999	          0.00999999	          0.37270804	          0.20306655	          0.07358078	          0.10790831	          0.16974782	          0.01194651	          0.00999999	          0.04535307	          0.06841825	          0.11296848	          0.06997987	          0.20320117	          0.01108774	          0.00999999	          0.00999999	          0.00999999	          0.22958274	
          0.51388059	         -3.26245251	          1.11837287	         -6.29118665	          0.55826317	          0.83631564	          0.01407439	        -13.97694032	         -0.51328796	          0.77821632	          0.06745322	         10.01213321	         16.59470068	         29.57110495	         -1.73684920	         -7.60517508	         -7.04433744	          2.40243297	          0.24529435	         -7.00495959	          2.98535788	          3.83108609	          0.00999999	          0.00999999	          0.00999999	          0.12058731	          0.00999999	          0.03061118	          0.52931375	          0.00999999	          0.43799290	          0.00999999	          0.00999999	          0.37252617	          0.21922366	          0.06159182	          0.11184593	          0.17335992	          0.00999999	          0.00999999	          0.04012825	          0.09558496	          0.12391135	          0.05857763	          0.19732633	          0.01893091	          0.00999999	          0.00999999	          0.00999999	          0.23127357	
          0.52555969	         -3.33682257	          1.08043781	         -6.55750961	          0.57160986	          0.83394804	          0.01418107	        -14.48094761	         -0.59107541	          0.60610984	         -0.62223732	         10.10274298	         17.91997776	         29.62229150	         -1.83955045	         -7.13093831	         -5.90697627	          2.53567473	          0.24488975	         -6.89576306	          2.68533711	          4.22968430	          0.01664816	          0.00999999	          0.00999999	          0.11472485	          0.00999999	          0.02562352	          0.44926495	          0.00999999	          0.47864079	          0.00999999	          0.00999999	          0.36788781	          0.23258765	          0.05155630	          0.11540503	          0.17994768	          0.00999999	          0.00999999	          0.03922027	          0.11602445	          0.16216059	          0.04903323	          0.18966858	          0.01704997	          0.01124018	          0.00999999	          0.00999999	          0.23318934	
          0.53723879	         -3.41098755	          1.05560671	         -6.79957250	          0.58515724	          0.83179839	          0.01420353	        -14.89798809	         -0.68647824	          0.39288334	         -1.48013421	         10.08948748	         19.32599763	         29.69806725	         -1.89954275	         -6.70109300	         -5.31205852	          2.68629123	          0.24703060	         -6.78059639	          2.34627026	          4.61959037	          0.02590714	          0.00999999	          0.00999999	          0.10340195	          0.00999999	          0.02144852	          0.37606353	          0.00999999	          0.48483961	          0.00999999	          0.00999999	          0.35860248	          0.24261208	          0.04315592	          0.12059905	          0.18705865	          0.00999999	          0.01199963	          0.04839113	          0.12944420	          0.20837342	          0.04104395	          0.17952320	          0.01427191	          0.01194651	          0.00999999	          0.00999999	          0.23535435	
          0.54891790	         -3.48242159	          1.03414565	         -7.01374547	          0.59895781	          0.82986637	          0.01414067	        -15.24033627	         -0.79094631	          0.14741330	         -2.49556206	          9.95539130	         20.80352066	         29.78300072	         -1.91357037	         -6.32522868	         -5.27831492	          2.82876183	          0.25041293	         -6.65433932	          1.97874438	          4.99845272	          0.03377858	          0.00999999	          0.00999999	          0.08655406	          0.00999999	          0.01795379	          0.31478925	          0.01174670	          0.46838409	          0.00999999	          0.00999999	          0.34463572	          0.24868925	          0.03612427	          0.12856241	          0.18942056	          0.00999999	          0.01427192	          0.06631730	          0.13237654	          0.24185789	          0.03435642	          0.15628970	          0.01194651	          0.00999999	          0.00999999	          0.00999999	          0.23910308	
          0.56059700	         -3.54867273	          1.00408147	         -7.19557392	          0.61306566	          0.82813699	          0.01399975	        -15.51684140	         -0.89308901	         -0.12107923	         -3.66607280	          9.68936762	         22.34006750	         29.84965920	         -1.88184040	         -6.02127006	         -5.78840156	          2.92171101	          0.25486163	         -6.51164311	          1.59440556	          5.36179735	          0.03854190	          0.00999999	          0.00999999	          0.07245129	          0.00999999	          0.01502847	          0.26349876	          0.01535683	          0.43095608	          0.00999999	          0.00999999	          0.32638090	          0.25066956	          0.03023833	          0.13288477	          0.19169979	          0.00999999	          0.01194651	          0.06976046	          0.12766826	          0.25248992	          0.02875852	          0.13082449	          0.00999999	          0.00999999	          0.00999999	          0.00999999	          0.24391785	
          0.57227611	         -3.60782107	          0.95716039	         -7.34041002	          0.62752097	          0.82658129	          0.01379247	        -15.73495796	         -0.98348557	         -0.41425547	         -4.98801878	          9.28347810	         23.92076001	         29.86769893	         -1.80911069	         -5.80321103	         -6.81003434	          2.89461430	          0.25806713	         -6.34876020	          1.20046653	          5.70536139	          0.05543903	          0.00999999	          0.00999999	          0.06064637	          0.00999999	          0.01257980	          0.22056533	          0.01285465	          0.36073784	          0.00999999	          0.00999999	          0.30306366	          0.24782155	          0.02531142	          0.12252358	          0.19012041	          0.00999999	          0.00999999	          0.10287868	          0.11451529	          0.23344254	          0.02407272	          0.10950847	          0.00999999	          0.00999999	          0.01072426	          0.00999999	          0.26289282	
          0.58395521	         -3.65800208	          0.90089830	         -7.44331496	          0.64235073	          0.82517516	          0.01351504	        -15.89871370	         -1.07075683	         -0.72988928	         -6.45950050	          8.73714483	         25.52177639	         29.79448310	         -1.71116743	         -5.61143646	         -8.26101036	          2.68306479	          0.25806404	         -6.16158370	          0.79245663	          6.02811692	          0.09204022	          0.00999999	          0.00999999	          0.05076489	          0.00999999	          0.01053011	          0.18462731	          0.01194651	          0.30196067	          0.00999999	          0.00999999	          0.27740492	          0.24124027	          0.02118728	          0.10411796	          0.17213163	          0.00999999	          0.00999999	          0.15781540	          0.09774272	          0.19900824	          0.04486633	          0.09166561	          0.00999999	          0.00999999	          0.01704997	          0.01194651	          0.27706604	
          0.59563432	         -3.69865491	          0.85624487	         -7.50352254	          0.65752447	          0.82396197	          0.01315732	        -15.98534638	         -1.17774225	         -1.07125948	         -8.11031487	          8.04707897	         27.11341852	         29.56150299	         -1.61689613	         -5.35171636	         -9.64399931	          2.35426695	          0.24904720	         -5.94876614	          0.35710731	          6.33263460	          0.10487121	          0.00999999	          0.00999999	          0.04249346	          0.00999999	          0.01000000	          0.15454488	          0.00999999	          0.25276042	          0.00999999	          0.00999999	          0.24198218	          0.22945597	          0.01773511	          0.08728968	          0.14408520	          0.00999999	          0.01605303	          0.13210160	          0.08519412	          0.16658264	          0.08094036	          0.07672998	          0.00999999	          0.00999999	          0.01427191	          0.00999999	          0.34440097	
          0.60731342	         -3.73090961	          0.81326896	         -7.51332483	          0.67286294	          0.82305781	          0.01267210	        -15.93151820	         -1.29430960	         -1.44361464	        -10.02481434	          7.20400823	         28.64612253	         29.23902610	         -1.52129258	         -5.17249814	        -10.85443268	          1.89982877	          0.23938990	         -5.73213241	         -0.08332215	          6.61057625	          0.12760821	          0.00999999	          0.00999999	          0.03556975	          0.00999999	          0.00999999	          0.12936396	          0.00999999	          0.21157665	          0.00999999	          0.00999999	          0.20255458	          0.21447004	          0.01484542	          0.10945248	          0.12060854	          0.00999999	          0.06771268	          0.16818531	          0.07137887	          0.13944033	          0.09560803	          0.06422791	          0.00999999	          0.00999999	          0.01194651	          0.00999999	          0.39353935	
          0.61899252	         -3.75382497	          0.76545443	         -7.47672828	          0.68823657	          0.82256400	          0.01207885	        -15.68970138	         -1.41482451	         -1.85103588	        -12.26426400	          6.20414210	         30.02826736	         28.89781960	         -1.42976598	         -5.08314881	        -12.04969397	          1.47582998	          0.22708399	         -5.52225324	         -0.52068968	          6.85632396	          0.15157858	          0.00999999	          0.00999999	          0.02977416	          0.00999999	          0.01000005	          0.10828592	          0.00999999	          0.17710321	          0.00999999	          0.00999999	          0.16955115	          0.19697397	          0.01242657	          0.10919091	          0.10095707	          0.00999999	          0.10022392	          0.20768672	          0.06387417	          0.11672049	          0.09680060	          0.05376287	          0.00999999	          0.01321384	          0.00999999	          0.00999999	          0.41933790	
          0.63067163	         -3.76722968	          0.71845799	         -7.40115298	          0.70354216	          0.82254166	          0.01139014	        -15.21972345	         -1.54994627	         -2.29483328	        -14.87668524	          5.06847520	         31.11683310	         28.57746982	         -1.33683923	         -5.05440803	        -13.30996551	          1.19971996	          0.21420554	         -5.32473731	         -0.95792885	          7.07104467	          0.17012875	          0.00999999	          0.00999999	          0.02492288	          0.05426479	          0.02292152	          0.09064225	          0.00999999	          0.14824672	          0.00999999	          0.00999999	          0.14192517	          0.17213164	          0.01040183	          0.10632982	          0.08450753	          0.00999999	          0.12265126	          0.22808315	          0.06258477	          0.09770252	          0.09350468	          0.04500297	          0.00999999	          0.03999308	          0.00999999	          0.00999999	          0.42844034	
          0.64235073	         -3.77262288	          0.67242246	         -7.29079514	          0.71868790	          0.82306104	          0.01062595	        -14.48175465	         -1.70352151	         -2.79489102	        -17.90396920	          3.81666162	         31.72734100	         28.24740659	         -1.23681620	         -5.04977851	        -14.57216315	          1.12488010	          0.20049592	         -5.14492054	         -1.39303490	          7.25549910	          0.18074489	          0.00999999	          0.00999999	          0.02086204	          0.11775322	          0.02967968	          0.07587336	          0.00999999	          0.12409200	          0.00999999	          0.00999999	          0.11880045	          0.14408520	          0.00999999	          0.10070192	          0.07073822	          0.00999999	          0.13369816	          0.24398332	          0.06358048	          0.08178327	          0.08841673	          0.03767036	          0.00999999	          0.06818754	          0.00999999	          0.00999999	          0.41671652	
          0.65402984	         -3.77183123	          0.62160814	         -7.14708790	          0.73361012	          0.82415300	          0.00981018	        -13.44542117	         -1.87813598	         -3.37012355	        -21.37827681	          2.46808705	         31.67183878	         27.85007825	         -1.12740598	         -5.03880263	        -15.73158407	          1.28662578	          0.19222137	         -4.98694556	         -1.81924829	          7.40854949	          0.18368809	          0.00999999	          0.00999999	          0.01746287	          0.17448540	          0.03315600	          0.06351086	          0.00999999	          0.10387295	          0.00999999	          0.00999999	          0.09944359	          0.12060854	          0.00999999	          0.09544056	          0.05921242	          0.00999999	          0.13772982	          0.25212218	          0.06622986	          0.06845783	          0.08319797	          0.03153251	          0.00999999	          0.08582536	          0.00999999	          0.00999999	          0.38423554	
          0.66570894	         -3.76647251	          0.55865628	         -6.96982103	          0.74826756	          0.82578861	          0.00896546	        -12.10191026	         -2.07796891	         -4.01019894	        -25.26697848	          0.90950346	         30.97123113	         27.34058562	         -1.01055925	         -4.99849862	        -16.69899787	          1.67243415	          0.20821883	         -4.85425473	         -2.22926512	          7.52752235	          0.18218080	          0.00999999	          0.00999999	          0.01461754	          0.23751511	          0.03859847	          0.05316266	          0.00999999	          0.08694831	          0.00999999	          0.00999999	          0.08324065	          0.10095707	          0.00999999	          0.08459090	          0.04956458	          0.00999999	          0.13687568	          0.24363803	          0.06944761	          0.05730359	          0.07343402	          0.02639473	          0.00999999	          0.10973533	          0.00999999	          0.00999999	          0.33781964	
          0.67738805	         -3.75855524	          0.47431459	         -6.75714781	          0.76261780	          0.82791703	          0.00811334	        -10.46612714	         -2.30202103	         -4.68904272	        -29.47363757	         -0.99655883	         29.68360284	         26.67617766	         -0.89076771	         -4.90614223	        -17.37830451	          2.21818695	          0.27570179	         -4.75244522	         -2.61427660	          7.60952025	          0.17316701	          0.00999999	          0.00999999	          0.01223581	          0.27285639	          0.05042291	          0.04450055	          0.00999999	          0.07278130	          0.00999999	          0.00999999	          0.06967775	          0.08450753	          0.00999999	          0.07080800	          0.04148873	          0.00999999	          0.13077501	          0.20576008	          0.07291496	          0.04796677	          0.06146898	          0.02209408	          0.00999999	          0.12599145	          0.00999999	          0.00999999	          0.29176775	
          0.68906715	         -3.74980291	          0.35919460	         -6.50830749	          0.77661216	          0.83045638	          0.00726832	         -8.57537036	         -2.54471577	         -5.36198698	        -33.85739919	         -3.34448421	         27.85371545	         25.85414914	         -0.77974620	         -4.75433360	        -17.74089947	          2.82008255	          0.38918136	         -4.68993734	         -2.96401237	          7.65236009	          0.17828068	          0.02585407	          0.00999999	          0.01024216	          0.22839827	          0.08063516	          0.03961096	          0.00999999	          0.06092261	          0.00999999	          0.00999999	          0.05832474	          0.07073822	          0.01326178	          0.05927083	          0.03472872	          0.00999999	          0.12565249	          0.17223436	          0.07696846	          0.04015126	          0.05145347	          0.01849416	          0.00999999	          0.12476421	          0.00999999	          0.00999999	          0.25288353	
          0.70074625	         -3.74020294	          0.21061915	         -6.23027437	          0.79022633	          0.83326216	          0.00642031	         -6.49319229	         -2.79865555	         -5.97361901	        -38.30176290	         -5.78775398	         25.16470800	         24.90852966	         -0.68919538	         -4.55590500	        -17.83370989	          3.40542673	          0.53409248	         -4.67172380	         -3.26611357	          7.65629449	          0.19640020	          0.05807799	          0.00999999	          0.00999999	          0.19118398	          0.06749680	          0.06412035	          0.01194651	          0.05099613	          0.00999999	          0.00999999	          0.04882154	          0.05921242	          0.12713215	          0.04961348	          0.02907017	          0.00999999	          0.12433753	          0.14417119	          0.07556457	          0.03360918	          0.04898296	          0.01548079	          0.00999999	          0.12816302	          0.00999999	          0.00999999	          0.22892855	
          0.71242536	         -3.72899820	          0.03632733	         -5.92780271	          0.80345976	          0.83613992	          0.00557790	         -4.33426105	         -3.00778775	         -6.47273112	        -42.63638767	         -7.30782674	         21.76450487	         23.86537879	         -0.62162314	         -4.33553156	        -17.69740871	          3.94558624	          0.70287464	         -4.69733799	         -3.51804978	          7.61415384	          0.20394808	          0.06534431	          0.00999999	          0.01115669	          0.16003323	          0.05649914	          0.11389728	          0.00999999	          0.04268702	          0.00999999	          0.00999999	          0.06292819	          0.04956458	          0.15142515	          0.04152966	          0.02433359	          0.00999999	          0.11376648	          0.12068052	          0.07688994	          0.02813303	          0.04881958	          0.01295842	          0.00999999	          0.12312605	          0.00999999	          0.00999999	          0.20825174	
          0.72410446	         -3.71566347	         -0.15608527	         -5.60483352	          0.81634002	          0.83901647	          0.00475816	         -2.17674177	         -3.11874612	         -6.87825755	        -46.54382160	         -7.64003687	         18.76946460	         22.75689587	         -0.57704068	         -4.10419209	        -17.39484933	          4.44724452	          0.88369068	         -4.76222010	         -3.72353944	          7.52582217	          0.20143535	          0.06462283	          0.00999999	          0.00999999	          0.13395806	          0.04729340	          0.12981748	          0.00999999	          0.03573177	          0.00999999	          0.00999999	          0.07855804	          0.04148873	          0.19054425	          0.03754630	          0.02036877	          0.00999999	          0.10673773	          0.10101732	          0.07693403	          0.02354915	          0.04272031	          0.01084702	          0.00999999	          0.11225757	          0.00999999	          0.00999999	          0.19249685	
          0.73578357	         -3.69929425	         -0.36546297	         -5.26774448	          0.82890770	          0.84186848	          0.00394555	         -0.02711225	         -3.14798623	         -7.23301667	        -49.97568229	         -7.43571219	         16.19239610	         21.61227468	         -0.55785454	         -3.86107741	        -16.98402619	          4.90383337	          1.06448849	         -4.86188010	         -3.87961906	          7.39910770	          0.19681324	          0.06945398	          0.00999999	          0.00999999	          0.11504223	          0.03958761	          0.16004709	          0.00999999	          0.04519383	          0.00999999	          0.00999999	          0.07894318	          0.03472872	          0.19929786	          0.03788029	          0.01704997	          0.00999999	          0.10232553	          0.08455796	          0.07531903	          0.01971215	          0.03994420	          0.00999999	          0.00999999	          0.10227935	          0.00999999	          0.00999999	          0.18105241	
          0.74746267	         -3.67909067	         -0.59254939	         -4.92193850	          0.84120738	          0.84465562	          0.00313424	          2.10824545	         -3.11017362	         -7.56786425	        -52.92160320	         -6.96872192	         13.97024360	         20.44352886	         -0.56839323	         -3.61550372	        -16.49150960	          5.30605673	          1.24091575	         -4.99133982	         -3.98356492	          7.23867451	          0.19085113	          0.06906689	          0.00999999	          0.00999999	          0.12150936	          0.03313736	          0.20019254	          0.00999999	          0.04939785	          0.00999999	          0.00999999	          0.07617548	          0.02907017	          0.19430591	          0.03882907	          0.01427191	          0.00999999	          0.09561715	          0.07078043	          0.07498319	          0.01650033	          0.03942731	          0.00999999	          0.00999999	          0.09485589	          0.00999999	          0.00999999	          0.17124858	
          0.75914178	         -3.65449200	         -0.83825363	         -4.56937983	          0.85328222	          0.84733952	          0.00232992	          4.22105463	         -3.00733951	         -7.89478232	        -55.38436497	         -6.33762941	         12.05130859	         19.25314453	         -0.61150818	         -3.37288092	        -15.92762195	          5.65448886	          1.41378953	         -5.14549082	         -4.03541778	          7.04649375	          0.18610060	          0.06867380	          0.00999999	          0.00999999	          0.13080342	          0.02773809	          0.25271157	          0.00999999	          0.05301412	          0.00999999	          0.00999999	          0.06376376	          0.02433359	          0.18409491	          0.03763069	          0.01194651	          0.00999999	          0.08937071	          0.05924775	          0.07427766	          0.01381183	          0.03755660	          0.00999999	          0.00999999	          0.08855274	          0.00999999	          0.00999999	          0.16154323	
          0.77082088	         -3.62515211	         -1.10004324	         -4.21132532	          0.86516724	          0.84988767	          0.00153805	          6.30613436	         -2.84277082	         -8.21902133	        -57.38039581	         -5.60818212	         10.39432376	         18.04255538	         -0.68527630	         -3.13241370	        -15.30034556	          5.95591026	          1.58563251	         -5.31985694	         -4.03928067	          6.82489933	          0.18234559	          0.06976354	          0.00999999	          0.00999999	          0.14175447	          0.02321856	          0.31747864	          0.00999999	          0.05652906	          0.00999999	          0.00999999	          0.05337435	          0.02036877	          0.17543970	          0.03645375	          0.00999999	          0.00999999	          0.08429617	          0.04959416	          0.07286192	          0.01156139	          0.03596883	          0.00999999	          0.00999999	          0.08252575	          0.00999999	          0.00999999	          0.15009378	
          0.78249998	         -3.59098298	         -1.37358399	         -3.84913283	          0.87688822	          0.85227282	          0.00076170	          8.36343967	         -2.62294090	         -8.54323454	        -58.94298287	         -4.82561375	          8.96334112	         16.81369228	         -0.78576125	         -2.89374023	        -14.61677435	          6.21603023	          1.76027903	         -5.51087547	         -4.00067954	          6.57611979	          0.17957093	          0.07221139	          0.00999999	          0.00999999	          0.15427649	          0.01943542	          0.39156830	          0.00999999	          0.05967355	          0.00999999	          0.00999999	          0.04467775	          0.01704997	          0.16949023	          0.03506968	          0.00999999	          0.00999999	          0.08061671	          0.04151349	          0.07055986	          0.00999999	          0.03343907	          0.00999999	          0.00999999	          0.07630114	          0.00999999	          0.00999999	          0.13573064	
          0.79417909	         -3.55216719	         -1.65308910	         -3.48423026	          0.88846149	          0.85447192	          0.00000275	         10.39789799	         -2.35712247	         -8.86761136	        -60.12375021	         -4.01051427	          7.72626401	         15.57073022	         -0.90738492	         -2.65602912	        -13.88610003	          6.43789055	          1.94290022	         -5.71603738	         -3.92648524	          6.30241554	          0.17740236	          0.07448753	          0.00999999	          0.00999999	          0.16668953	          0.01626869	          0.47027724	          0.00999999	          0.06275261	          0.00999999	          0.00999999	          0.03739813	          0.01427191	          0.16646216	          0.03323990	          0.00999999	          0.00999999	          0.07839648	          0.03474945	          0.06756158	          0.00999999	          0.03048625	          0.00999999	          0.00999999	          0.06931019	          0.00999999	          0.00999999	          0.11588142	
          0.80585819	         -3.50913792	         -1.93201201	         -3.11791737	          0.89989809	          0.85646676	         -0.00073813	         12.41703726	         -2.05686157	         -9.19114812	        -60.98512312	         -3.17449405	          6.65592463	         14.31880670	         -1.04362790	         -2.41904997	        -13.11843561	          6.62624443	          2.13838052	         -5.93338681	         -3.82413584	          6.00605366	          0.17562920	          0.07668507	          0.00999999	          0.00999999	          0.17815109	          0.01361794	          0.54660687	          0.00999999	          0.06532580	          0.00999999	          0.00999999	          0.03130463	          0.01194651	          0.16568585	          0.03124732	          0.00999999	          0.00999999	          0.07723584	          0.02908751	          0.06357167	          0.00999999	          0.02660857	          0.00999999	          0.00999999	          0.06321120	          0.00999999	          0.00999999	          0.09700017	
          0.81753730	         -3.46250420	         -2.20355918	         -2.75116095	          0.91120998	          0.85824523	         -0.00146121	         14.42746554	         -1.73516596	         -9.51265115	        -61.59013932	         -2.33576266	          5.72849051	         13.06165197	         -1.18752203	         -2.18353625	        -12.32065719	          6.77725818	          2.35534863	         -6.16073696	         -3.70119306	          5.68927083	          0.17581144	          0.07556227	          0.00999999	          0.00999999	          0.18787424	          0.01139909	          0.61082102	          0.00999999	          0.06712289	          0.00999999	          0.00999999	          0.02620398	          0.00999999	          0.16720416	          0.02955459	          0.00999999	          0.00999999	          0.07830286	          0.02434811	          0.06057042	          0.00999999	          0.02461504	          0.00999999	          0.00999999	          0.05699344	          0.03106445	          0.00999999	          0.09061992	
          0.82921640	         -3.41293750	         -2.46120757	         -2.38398376	          0.92240733	          0.85980489	         -0.00216608	         16.43171467	         -1.40499060	         -9.83134036	        -61.99206100	         -1.51874834	          4.92345792	         11.81252456	         -1.33254180	         -1.95078739	        -11.51395381	          6.87432630	          2.61049337	         -6.39580401	         -3.56536706	          5.35450810	          0.17634001	          0.07360421	          0.00999999	          0.00999999	          0.19374353	          0.00999999	          0.65200718	          0.00999999	          0.06818881	          0.00999999	          0.00999999	          0.02193441	          0.00999999	          0.17642311	          0.02849715	          0.00999999	          0.00999999	          0.07963612	          0.02038093	          0.05606102	          0.00999999	          0.02218806	          0.00999999	          0.00999999	          0.05323723	          0.05135198	          0.00999999	          0.08579616	
          0.84089551	         -3.36109849	         -2.69870012	         -2.01578983	          0.93351206	          0.86115013	         -0.00285139	         18.42239768	         -1.07867732	        -10.14703048	        -62.22249411	         -0.74130099	          4.22224422	         10.57902581	         -1.47205426	         -1.72149392	        -10.71916941	          6.95028870	          2.90421471	         -6.63469035	         -3.42455314	          5.00413074	          0.17619745	          0.06928036	          0.00999999	          0.00999999	          0.19773142	          0.00999999	          0.65788113	          0.00999999	          0.06922810	          0.00999999	          0.00999999	          0.01836051	          0.00999999	          0.18553262	          0.02867972	          0.00999999	          0.00999999	          0.08130519	          0.01706014	          0.05114609	          0.00999999	          0.01986611	          0.00999999	          0.00999999	          0.04883407	          0.06997637	          0.00999999	          0.08078245	
          0.85257461	         -3.30767408	         -2.91076763	         -1.64528953	          0.94456056	          0.86228965	         -0.00351505	         20.37859452	         -0.76684264	        -10.46045022	        -62.28019076	          0.00095678	          3.61213475	          9.36131754	         -1.60030208	         -1.49588899	         -9.94407665	          7.02524702	          3.23121239	         -6.87164420	         -3.28622128	          4.64026742	          0.17640141	          0.06391418	          0.00999999	          0.00999999	          0.17376602	          0.00999999	          0.60767310	          0.00999999	          0.07273175	          0.00999999	          0.00999999	          0.01536892	          0.00999999	          0.19605753	          0.02830029	          0.00999999	          0.00999999	          0.08665714	          0.01428043	          0.04509287	          0.00999999	          0.01724400	          0.00999999	          0.00999999	          0.04330077	          0.08771926	          0.00999999	          0.07790390	
          0.86425371	         -3.25339048	         -3.09263935	         -1.27156937	          0.95559962	          0.86323505	         -0.00416095	         22.26596460	         -0.48465801	        -10.77692290	        -62.12099457	          0.70221736	          3.08303690	          8.15498692	         -1.71172751	         -1.27579763	         -9.18737409	          7.10645282	          3.58344034	         -7.09965545	         -3.15679533	          4.26612474	          0.17515056	          0.05685738	          0.00999999	          0.00999999	          0.14545329	          0.00999999	          0.50866129	          0.00999999	          0.07697149	          0.01000000	          0.00999999	          0.01286477	          0.00999999	          0.20700278	          0.02922325	          0.00999999	          0.00999999	          0.09129623	          0.01195364	          0.04038703	          0.00999999	          0.01569954	          0.00999999	          0.00999999	          0.03747643	          0.10484095	          0.00999999	          0.07720391	
          0.87593282	         -3.19909752	         -3.24092593	         -0.89351758	          0.96668107	          0.86399910	         -0.00479236	         24.03835024	         -0.24314123	        -11.09910957	        -61.66040822	          1.35171683	          2.62559719	          6.95300185	         -1.80208125	         -1.06297894	         -8.44136153	          7.18978659	          3.95412961	         -7.31121448	         -3.04187281	          3.88456859	          0.17120424	          0.05271343	          0.00999999	          0.00999999	          0.12175372	          0.00999999	          0.42578207	          0.00999999	          0.08015354	          0.01969996	          0.00999999	          0.01076864	          0.00999999	          0.21813770	          0.03015826	          0.00999999	          0.00999999	          0.09451159	          0.01000596	          0.03840965	          0.00999999	          0.01467386	          0.00999999	          0.00999999	          0.03244789	          0.12143576	          0.00999999	          0.07803843	
          0.88761192	         -3.14583075	         -3.35318182	         -0.51063593	          0.97784622	          0.86458781	         -0.00541040	         25.65462612	         -0.04742206	        -11.42255092	        -60.81991963	          1.93674314	          2.22987746	          5.74837340	         -1.86826421	         -0.85807505	         -7.69615704	          7.26715761	          4.33907134	         -7.50063241	         -2.94628785	          3.49746786	          0.16711795	          0.05067552	          0.00999999	          0.00999999	          0.10191566	          0.00999999	          0.35640686	          0.00999999	          0.08264035	          0.02435442	          0.00999999	          0.00999999	          0.00999999	          0.22990651	          0.03163467	          0.00999999	          0.00999999	          0.09654295	          0.00999999	          0.03765521	          0.00999999	          0.01357152	          0.00999999	          0.00999999	          0.02840032	          0.13775600	          0.00999999	          0.07982664	
          0.89929103	         -3.09464372	         -3.42743520	         -0.12309023	          0.98912575	          0.86499724	         -0.00601591	         27.08487690	          0.10120546	        -11.73703120	        -59.55290228	          2.44453568	          1.88706820	          4.53441015	         -1.90781005	         -0.66090361	         -6.94159162	          7.33204794	          4.73628405	         -7.66386101	         -2.87398833	          3.10591634	          0.16265829	          0.05006011	          0.00999999	          0.00999999	          0.08530993	          0.00999999	          0.29833536	          0.00999999	          0.08407610	          0.02658141	          0.00999999	          0.00999999	          0.00999999	          0.24106996	          0.03334692	          0.00999999	          0.00999999	          0.09767773	          0.00999999	          0.03812847	          0.00999999	          0.01252335	          0.00999999	          0.00999999	          0.02514602	          0.15385102	          0.00999999	          0.08208640	
          0.91097013	         -3.04656511	         -3.46212906	          0.26865970	          1.00054247	          0.86521559	         -0.00660946	         28.30855835	          0.20418289	        -12.02924803	        -57.83957233	          2.86405643	          1.59012559	          3.30509823	         -1.91885668	         -0.47099825	         -6.16860491	          7.38109598	          5.14508483	         -7.79807125	         -2.82818141	          2.71042936	          0.15805571	          0.05026861	          0.00999999	          0.00999999	          0.07140987	          0.00999999	          0.24972580	          0.00999999	          0.08443530	          0.02695377	          0.00999999	          0.00999999	          0.00999999	          0.24969997	          0.03495762	          0.00999999	          0.00999999	          0.09825411	          0.00999999	          0.03955022	          0.00999999	          0.01152312	          0.00999999	          0.00999999	          0.02234815	          0.16979259	          0.00999999	          0.08461117	
          0.92264923	         -3.00257740	         -3.45616747	          0.66406773	          1.01211275	          0.86522554	         -0.00719163	         29.31281038	          0.26469031	        -12.28483136	        -55.67898020	          3.18260599	          1.33422591	          2.05577269	         -1.90013824	         -0.28772945	         -5.37060528	          7.41404294	          5.56530896	         -7.90149876	         -2.81130329	          2.31121363	          0.15320242	          0.05129391	          0.00999999	          0.00999999	          0.05977464	          0.00999999	          0.20903649	          0.00999999	          0.08449045	          0.02591579	          0.00999999	          0.00999999	          0.00999999	          0.25468871	          0.03606238	          0.00999999	          0.00999999	          0.09837164	          0.00999999	          0.04117224	          0.00999999	          0.01074320	          0.00999999	          0.00999999	          0.01974299	          0.18565481	          0.00999999	          0.08740945	
          0.93432834	         -2.96362227	         -3.40906034	          1.06254853	          1.02384619	          0.86500587	         -0.00776357	         30.09217696	          0.28698664	        -12.48873638	        -53.08396679	          3.38466247	          1.11635017	          0.78375963	         -1.85103413	         -0.11068748	         -4.54443833	          7.43338875	          5.99693690	         -7.97357242	         -2.82470986	          1.90833928	          0.14789250	          0.05408571	          0.00999999	          0.00999999	          0.05003520	          0.00999999	          0.17497692	          0.00999999	          0.08612854	          0.02439527	          0.00999999	          0.00999999	          0.00999999	          0.25537452	          0.03572317	          0.00999999	          0.00999999	          0.09753883	          0.00999999	          0.04208546	          0.00999999	          0.01080701	          0.00999999	          0.00999999	          0.01735316	          0.20151570	          0.00999999	          0.09055592	
          0.94600744	         -2.93069118	         -3.32120144	          1.46337263	          1.03574212	          0.86453219	         -0.00832759	         30.65037855	          0.27655226	        -12.62253717	        -50.07954546	          3.46095487	          0.93497434	         -0.51033224	         -1.77179031	          0.06090595	         -3.69219597	          7.44453025	          6.44031700	         -8.01559417	         -2.86802042	          1.50178189	          0.14019527	          0.05854080	          0.00999999	          0.00999999	          0.04188267	          0.00999999	          0.14646689	          0.00999999	          0.09457332	          0.02175698	          0.00999999	          0.00999999	          0.00999999	          0.25218716	          0.03218250	          0.00999999	          0.00999999	          0.09690644	          0.00999999	          0.04332021	          0.00999999	          0.00999999	          0.00999999	          0.00999999	          0.01452571	          0.21748549	          0.00999999	          0.09310775	
          0.95768655	         -2.90488757	         -3.19436597	          1.86584777	          1.04778754	          0.86377888	         -0.00888482	         31.00096436	          0.24041291	        -12.66247049	        -46.70128536	          3.41826452	          0.78878552	         -1.81881319	         -1.66430962	          0.22791345	         -2.82844405	          7.45813503	          6.89804447	         -8.03095983	         -2.93903582	          1.09144425	          0.13582618	          0.05848758	          0.00999999	          0.00999999	          0.03505847	          0.00999999	          0.12260217	          0.02201612	          0.10894412	          0.01824193	          0.00999999	          0.00999999	          0.00999999	          0.24653021	          0.03306779	          0.00999999	          0.00999999	          0.09886442	          0.00999999	          0.04549674	          0.07035786	          0.01106421	          0.00999999	          0.00999999	          0.01551940	          0.23354244	          0.01116436	          0.09419517	
          0.96936565	         -2.88703618	         -3.03140206	          2.27033574	          1.05997802	          0.86272662	         -0.00943360	         31.15348324	          0.18237409	        -12.59738813	        -42.97823910	          3.28264362	          0.67364617	         -3.12693726	         -1.53160902	          0.38762147	         -1.98154422	          7.48303125	          7.38092368	         -8.02108193	         -3.03546398	          0.67747254	          0.13205037	          0.05887265	          0.00999999	          0.00999999	          0.02934619	          0.00999999	          0.11203838	          0.04097780	          0.12805947	          0.01609854	          0.00999999	          0.00999999	          0.00999999	          0.24135274	          0.03418620	          0.00999999	          0.00999999	          0.10349558	          0.00999999	          0.04581605	          0.15655349	          0.01186986	          0.00999999	          0.00999999	          0.01429330	          0.24965953	          0.02214703	          0.10480555	
          0.98104476	         -2.87769679	         -2.83734359	          2.67679760	          1.07230892	          0.86136342	         -0.00997037	         31.12753585	          0.10257680	        -12.42622592	        -38.97213739	          3.09527960	          0.58112175	         -4.41583810	         -1.37885861	          0.53841057	         -1.18699762	          7.52954358	          7.90406413	         -7.98705994	         -3.15276258	          0.26101144	          0.12990029	          0.06466163	          0.00999999	          0.00999999	          0.02456464	          0.00999999	          0.16244517	          0.06776790	          0.15072740	          0.01700750	          0.00999999	          0.00999999	          0.00999999	          0.23598304	          0.03536907	          0.00999999	          0.00999999	          0.11011318	          0.00999999	          0.04019357	          0.24430795	          0.01153977	          0.00999999	          0.00999999	          0.01338037	          0.26553307	          0.03619693	          0.11793610	
          0.99272386	         -2.87703449	         -2.62024439	          3.08330053	          1.08476719	          0.85968023	         -0.01049464	         30.97421961	         -0.00583665	        -12.16000049	        -34.83792872	          2.89470209	          0.50441765	         -5.67019401	         -1.21368668	          0.67717134	         -0.47599492	          7.62361825	          8.47207284	         -7.93125322	         -3.28132036	         -0.15590534	          0.12609961	          0.07259359	          0.00999999	          0.00999999	          0.02056217	          0.00999999	          0.17349731	          0.09020797	          0.17400333	          0.01752761	          0.00999999	          0.00999999	          0.00999999	          0.23229449	          0.03594524	          0.00999999	          0.00999999	          0.11610164	          0.00999999	          0.03836362	          0.33297815	          0.01066296	          0.00999999	          0.00999999	          0.01120023	          0.28131873	          0.05110392	          0.13203743	
          1.00440296	         -2.88518956	         -2.39034246	          3.48735110	          1.09733624	          0.85768495	         -0.01100343	         30.74455893	         -0.14566726	        -11.80973820	        -30.71798443	          2.70606574	          0.44043810	         -6.87568393	         -1.04583735	          0.80099482	          0.12357100	          7.78711043	          9.08566131	         -7.85685490	         -3.40883913	         -0.57194363	          0.12217804	          0.08368969	          0.00999999	          0.00999999	          0.01721186	          0.00999999	          0.16883943	          0.10822301	          0.19633547	          0.01772515	          0.00999999	          0.00999999	          0.00999999	          0.22936380	          0.03457171	          0.00999999	          0.00999999	          0.11978229	          0.00999999	          0.03211282	          0.42069981	          0.01040192	          0.00999999	          0.00999999	          0.00999999	          0.29713703	          0.06667547	          0.14781822	
          1.01608207	         -2.90233569	         -2.15806870	          3.88618969	          1.10999843	          0.85540284	         -0.01149517	         30.48122934	         -0.31608116	        -11.38468323	        -26.71941035	          2.54238279	          0.38818731	         -8.02029333	         -0.88480677	          0.90674669	          0.59156458	          8.02774964	          9.74651326	         -7.76760933	         -3.52181926	         -0.98623562	          0.12067215	          0.09685852	          0.00999999	          0.00999999	          0.01440743	          0.00999999	          0.15943738	          0.12033883	          0.21310892	          0.02013698	          0.00999999	          0.00999999	          0.00999999	          0.22732235	          0.02917608	          0.00999999	          0.00999999	          0.12045485	          0.00999999	          0.02688048	          0.50243980	          0.00999999	          0.00999999	          0.00999999	          0.00999999	          0.31258696	          0.08375693	          0.16269635	
          1.02776117	         -2.92857568	         -1.93307832	          4.27651866	          1.12273783	          0.85287409	         -0.01197341	         30.21940732	         -0.51507615	        -10.89533213	        -22.92435674	          2.40980941	          0.34639353	         -9.09582002	         -0.73878259	          0.99086203	          0.91776912	          8.33660306	         10.46180960	         -7.66730215	         -3.60585245	         -1.39705843	          0.11890283	          0.11088340	          0.00999999	          0.00999999	          0.01205994	          0.00999999	          0.14577055	          0.12730827	          0.22519795	          0.02036876	          0.00999999	          0.00999999	          0.00999999	          0.22615430	          0.02442225	          0.00999999	          0.00999999	          0.12339205	          0.00999999	          0.02250069	          0.57112390	          0.00999999	          0.02393438	          0.00999999	          0.00999999	          0.32737476	          0.10248122	          0.17145364	
          1.03944028	         -2.96390159	         -1.72416514	          4.65554692	          1.13554562	          0.85015478	         -0.01243921	         29.98403191	         -0.73810168	        -10.35617949	        -19.39153522	          2.31017097	          0.31377009	        -10.09905380	         -0.61495372	          1.04635256	          1.10503319	          8.68047465	         11.25220157	         -7.55899202	         -3.64782761	         -1.80389391	          0.11514887	          0.12857689	          0.00999999	          0.00999999	          0.01867164	          0.00999999	          0.13882420	          0.12798671	          0.23075080	          0.01704996	          0.00999999	          0.00999999	          0.00999999	          0.22567861	          0.02044298	          0.00999999	          0.00999999	          0.12683243	          0.00999999	          0.02992850	          0.62128146	          0.00999999	          0.06688800	          0.00999999	          0.00999999	          0.34077372	          0.12254390	          0.14987516	
          1.05111938	         -3.00821378	         -1.53954690	          5.02049732	          1.14841888	          0.84731927	         -0.01288360	         29.79291714	         -0.97442869	         -9.78820358	        -16.16956958	          2.24378335	          0.28885431	        -11.03249304	         -0.52067488	          1.06885748	          1.16827139	          9.01514624	         12.14146792	         -7.44555295	         -3.63675989	         -2.20826311	          0.10973895	          0.14775871	          0.00999999	          0.00999999	          0.03733168	          0.00999999	          0.14155627	          0.11931556	          0.22465115	          0.01427191	          0.00999999	          0.00999999	          0.00999999	          0.22638646	          0.01711209	          0.00999999	          0.00999999	          0.12592209	          0.00999999	          0.04491900	          0.64912933	          0.00999999	          0.12036003	          0.00999999	          0.00999999	          0.35247463	          0.14363288	          0.12545510	
          1.06279849	         -3.06123585	         -1.38530461	          5.36791666	          1.16135462	          0.84444714	         -0.01328669	         29.65706503	         -1.20680976	         -9.21639752	        -13.29405807	          2.21642167	          0.27025403	        -11.89604476	         -0.46209273	          1.05621865	          1.11146618	          9.32666982	         13.12549031	         -7.33084744	         -3.56569339	         -2.61251088	          0.09799631	          0.16270005	          0.01704997	          0.00999999	          0.05611018	          0.01066034	          0.12781055	          0.09987476	          0.21015732	          0.01194651	          0.00999999	          0.00999999	          0.00999999	          0.22860860	          0.01432391	          0.00999999	          0.00999999	          0.12771267	          0.00999999	          0.05219200	          0.65206089	          0.00999999	          0.20179769	          0.00999999	          0.00999999	          0.36196921	          0.16474453	          0.10501396	
          1.07447759	         -3.12248106	         -1.26488472	          5.69570769	          1.17434838	          0.84161296	         -0.01362405	         29.57737976	         -1.41637288	         -8.65575855	        -10.77959490	          2.23565740	          0.25684166	        -12.68000088	         -0.44268425	          1.00337706	          0.92058717	          9.60653383	         14.19709659	         -7.21981569	         -3.43219561	         -3.01894819	          0.10241300	          0.16853679	          0.01427191	          0.00999999	          0.05149688	          0.03581488	          0.12902595	          0.08360157	          0.20470259	          0.00999999	          0.00999999	          0.00999999	          0.00999999	          0.22825721	          0.01199003	          0.00999999	          0.00999999	          0.12736917	          0.00999999	          0.04368805	          0.63136548	          0.00999999	          0.28721707	          0.00999999	          0.00999999	          0.36900684	          0.18473549	          0.08790341	
          1.08615669	         -3.19027387	         -1.17761903	          6.00355505	          1.18742267	          0.83888346	         -0.01388783	         29.55253808	         -1.59462988	         -8.11600196	         -8.68166666	          2.29992804	          0.24907998	        -13.37622816	         -0.46143078	          0.90984776	          0.57909045	          9.84035169	         15.35360025	         -7.11204864	         -3.23683270	         -3.42638593	          0.10790831	          0.16974782	          0.01194651	          0.00999999	          0.04535307	          0.06841825	          0.11296848	          0.06997987	          0.20320117	          0.01108774	          0.00999999	          0.00999999	          0.00999999	          0.22958274	          0.01003642	          0.00999999	          0.00999999	          0.12423713	          0.00999999	          0.03656970	          0.58964740	          0.00999999	          0.37244391	          0.00999999	          0.00999999	          0.37270804	          0.20306655	          0.07358078	
          1.09783580	         -3.26245251	         -1.11837287	          6.29118665	          1.20061390	          0.83631564	         -0.01407439	         29.57110495	         -1.73684920	         -7.60517508	         -7.04433744	          2.40243297	          0.24529435	        -13.97694032	         -0.51328796	          0.77821632	          0.06745322	         10.01213321	         16.59470068	         -7.00495959	         -2.98535788	         -3.83108609	          0.11184593	          0.17335992	          0.00999999	          0.00999999	          0.04012825	          0.09558496	          0.12391135	          0.05857763	          0.19732633	          0.01893091	          0.00999999	          0.00999999	          0.00999999	          0.23127357	          0.00999999	          0.00999999	          0.00999999	          0.12058731	          0.00999999	          0.03061118	          0.52931375	          0.00999999	          0.43799290	          0.00999999	          0.00999999	          0.37252617	          0.21922366	          0.06159182	
          1.10951490	         -3.33682257	         -1.08043781	          6.55750961	          1.21396060	          0.83394804	         -0.01418107	         29.62229150	         -1.83955045	         -7.13093831	         -5.90697627	          2.53567473	          0.24488975	        -14.48094761	         -0.59107541	          0.60610984	         -0.62223732	         10.10274298	         17.91997776	         -6.89576306	         -2.68533711	         -4.22968430	          0.11540503	          0.17994768	          0.00999999	          0.00999999	          0.03922027	          0.11602445	          0.16216059	          0.04903323	          0.18966858	          0.01704997	          0.01124018	          0.00999999	          0.00999999	          0.23318934	          0.01664816	          0.00999999	          0.00999999	          0.11472485	          0.00999999	          0.02562352	          0.44926495	          0.00999999	          0.47864079	          0.00999999	          0.00999999	          0.36788781	          0.23258765	          0.05155630	
          1.12119401	         -3.41098755	         -1.05560671	          6.79957250	          1.22750797	          0.83179839	         -0.01420353	         29.69806725	         -1.89954275	         -6.70109300	         -5.31205852	          2.68629123	          0.24703060	        -14.89798809	         -0.68647824	          0.39288334	         -1.48013421	         10.08948748	         19.32599763	         -6.78059639	         -2.34627026	         -4.61959037	          0.12059905	          0.18705865	          0.00999999	          0.01199963	          0.04839113	          0.12944420	          0.20837342	          0.04104395	          0.17952320	          0.01427191	          0.01194651	          0.00999999	          0.00999999	          0.23535435	          0.02590714	          0.00999999	          0.00999999	          0.10340195	          0.00999999	          0.02144852	          0.37606353	          0.00999999	          0.48483961	          0.00999999	          0.00999999	          0.35860248	          0.24261208	          0.04315592	
          1.13287311	         -3.48242159	         -1.03414565	          7.01374547	          1.24130855	          0.82986637	         -0.01414067	         29.78300072	         -1.91357037	         -6.32522868	         -5.27831492	          2.82876183	          0.25041293	        -15.24033627	         -0.79094631	          0.14741330	         -2.49556206	          9.95539130	         20.80352066	         -6.65433932	         -1.97874438	         -4.99845272	          0.12856241	          0.18942056	          0.00999999	          0.01427192	          0.06631730	          0.13237654	          0.24185789	          0.03435642	          0.15628970	          0.01194651	          0.00999999	          0.00999999	          0.00999999	          0.23910308	          0.03377858	          0.00999999	          0.00999999	          0.08655406	          0.00999999	          0.01795379	          0.31478925	          0.01174670	          0.46838409	          0.00999999	          0.00999999	          0.34463572	          0.24868925	          0.03612427	
          1.14455222	         -3.54867273	         -1.00408147	          7.19557392	          1.25541639	          0.82813699	         -0.01399975	         29.84965920	         -1.88184040	         -6.02127006	         -5.78840156	          2.92171101	          0.25486163	        -15.51684140	         -0.89308901	         -0.12107923	         -3.66607280	          9.68936762	         22.34006750	         -6.51164311	         -1.59440556	         -5.36179735	          0.13288477	          0.19169979	          0.00999999	          0.01194651	          0.06976046	          0.12766826	          0.25248992	          0.02875852	          0.13082449	          0.00999999	          0.00999999	          0.00999999	          0.00999999	          0.24391785	          0.03854190	          0.00999999	          0.00999999	          0.07245129	          0.00999999	          0.01502847	          0.26349876	          0.01535683	          0.43095608	          0.00999999	          0.00999999	          0.32638090	          0.25066956	          0.03023833	
          1.15623132	         -3.60782107	         -0.95716039	          7.34041002	          1.26987170	          0.82658129	         -0.01379247	         29.86769893	         -1.80911069	         -5.80321103	         -6.81003434	          2.89461430	          0.25806713	        -15.73495796	         -0.98348557	         -0.41425547	         -4.98801878	          9.28347810	         23.92076001	         -6.34876020	         -1.20046653	         -5.70536139	          0.12252358	          0.19012041	          0.00999999	          0.00999999	          0.10287868	          0.11451529	          0.23344254	          0.02407272	          0.10950847	          0.00999999	          0.00999999	          0.01072426	          0.00999999	          0.26289282	          0.05543903	          0.00999999	          0.00999999	          0.06064637	          0.00999999	          0.01257980	          0.22056533	          0.01285465	          0.36073784	          0.00999999	          0.00999999	          0.30306366	          0.24782155	          0.02531142	
          1.16791042	         -3.65800208	         -0.90089830	          7.44331496	          1.28470147	          0.82517516	         -0.01351504	         29.79448310	         -1.71116743	         -5.61143646	         -8.26101036	          2.68306479	          0.25806404	        -15.89871370	         -1.07075683	         -0.72988928	         -6.45950050	          8.73714483	         25.52177639	         -6.16158370	         -0.79245663	         -6.02811692	          0.10411796	          0.17213163	          0.00999999	          0.00999999	          0.15781540	          0.09774272	          0.19900824	          0.04486633	          0.09166561	          0.00999999	          0.00999999	          0.01704997	          0.01194651	          0.27706604	          0.09204022	          0.00999999	          0.00999999	          0.05076489	          0.00999999	          0.01053011	          0.18462731	          0.01194651	          0.30196067	          0.00999999	          0.00999999	          0.27740492	          0.24124027	          0.02118728	
          1.17958953	         -3.69865491	         -0.85624487	          7.50352254	          1.29987520	          0.82396197	         -0.01315732	         29.56150299	         -1.61689613	         -5.35171636	         -9.64399931	          2.35426695	          0.24904720	        -15.98534638	         -1.17774225	         -1.07125948	         -8.11031487	          8.04707897	         27.11341852	         -5.94876614	         -0.35710731	         -6.33263460	          0.08728968	          0.14408520	          0.00999999	          0.01605303	          0.13210160	          0.08519412	          0.16658264	          0.08094036	          0.07672998	          0.00999999	          0.00999999	          0.01427191	          0.00999999	          0.34440097	          0.10487121	          0.00999999	          0.00999999	          0.04249346	          0.00999999	          0.01000000	          0.15454488	          0.00999999	          0.25276042	          0.00999999	          0.00999999	          0.24198218	          0.22945597	          0.01773511	
          1.19126863	         -3.73090961	         -0.81326896	          7.51332483	          1.31521367	          0.82305781	         -0.01267210	         29.23902610	         -1.52129258	         -5.17249814	        -10.85443268	          1.89982877	          0.23938990	        -15.93151820	         -1.29430960	         -1.44361464	        -10.02481434	          7.20400823	         28.64612253	         -5.73213241	          0.08332215	         -6.61057625	          0.10945248	          0.12060854	          0.00999999	          0.06771268	          0.16818531	          0.07137887	          0.13944033	          0.09560803	          0.06422791	          0.00999999	          0.00999999	          0.01194651	          0.00999999	          0.39353935	          0.12760821	          0.00999999	          0.00999999	          0.03556975	          0.00999999	          0.00999999	          0.12936396	          0.00999999	          0.21157665	          0.00999999	          0.00999999	          0.20255458	          0.21447004	          0.01484542	
          1.20294774	         -3.75382497	         -0.76545443	          7.47672828	          1.33058731	          0.82256400	         -0.01207885	         28.89781960	         -1.42976598	         -5.08314881	        -12.04969397	          1.47582998	          0.22708399	        -15.68970138	         -1.41482451	         -1.85103588	        -12.26426400	          6.20414210	         30.02826736	         -5.52225324	          0.52068968	         -6.85632396	          0.10919091	          0.10095707	          0.00999999	          0.10022392	          0.20768672	          0.06387417	          0.11672049	          0.09680060	          0.05376287	          0.00999999	          0.01321384	          0.00999999	          0.00999999	          0.41933790	          0.15157858	          0.00999999	          0.00999999	          0.02977416	          0.00999999	          0.01000005	          0.10828592	          0.00999999	          0.17710321	          0.00999999	          0.00999999	          0.16955115	          0.19697397	          0.01242657	
          1.21462684	         -3.76722968	         -0.71845799	          7.40115298	          1.34589290	          0.82254166	         -0.01139014	         28.57746982	         -1.33683923	         -5.05440803	        -13.30996551	          1.19971996	          0.21420554	        -15.21972345	         -1.54994627	         -2.29483328	        -14.87668524	          5.06847520	         31.11683310	         -5.32473731	          0.95792885	         -7.07104467	          0.10632982	          0.08450753	          0.00999999	          0.12265126	          0.22808315	          0.06258477	          0.09770252	          0.09350468	          0.04500297	          0.00999999	          0.03999308	          0.00999999	          0.00999999	          0.42844034	          0.17012875	          0.00999999	          0.00999999	          0.02492288	          0.05426479	          0.02292152	          0.09064225	          0.00999999	          0.14824672	          0.00999999	          0.00999999	          0.14192517	          0.17213164	          0.01040183	
          1.22630594	         -3.77262288	         -0.67242246	          7.29079514	          1.36103863	          0.82306104	         -0.01062595	         28.24740659	         -1.23681620	         -5.04977851	        -14.57216315	          1.12488010	          0.20049592	        -14.48175465	         -1.70352151	         -2.79489102	        -17.90396920	          3.81666162	         31.72734100	         -5.14492054	          1.39303490	         -7.25549910	          0.10070192	          0.07073822	          0.00999999	          0.13369816	          0.24398332	          0.06358048	          0.08178327	          0.08841673	          0.03767036	          0.00999999	          0.06818754	          0.00999999	          0.00999999	          0.41671652	          0.18074489	          0.00999999	          0.00999999	          0.02086204	          0.11775322	          0.02967968	          0.07587336	          0.00999999	          0.12409200	          0.00999999	          0.00999999	          0.11880045	          0.14408520	          0.00999999	
          1.23798505	         -3.77183123	         -0.62160814	          7.14708790	          1.37596086	          0.82415300	         -0.00981018	         27.85007825	         -1.12740598	         -5.03880263	        -15.73158407	          1.28662578	          0.19222137	        -13.44542117	         -1.87813598	         -3.37012355	        -21.37827681	          2.46808705	         31.67183878	         -4.98694556	          1.81924829	         -7.40854949	          0.09544056	          0.05921242	          0.00999999	          0.13772982	          0.25212218	          0.06622986	          0.06845783	          0.08319797	          0.03153251	          0.00999999	          0.08582536	          0.00999999	          0.00999999	          0.38423554	          0.18368809	          0.00999999	          0.00999999	          0.01746287	          0.17448540	          0.03315600	          0.06351086	          0.00999999	          0.10387295	          0.00999999	          0.00999999	          0.09944359	          0.12060854	          0.00999999	
          1.24966415	         -3.76647251	         -0.55865628	          6.96982103	          1.39061829	          0.82578861	         -0.00896546	         27.34058562	         -1.01055925	         -4.99849862	        -16.69899787	          1.67243415	          0.20821883	        -12.10191026	         -2.07796891	         -4.01019894	        -25.26697848	          0.90950346	         30.97123113	         -4.85425473	          2.22926512	         -7.52752235	          0.08459090	          0.04956458	          0.00999999	          0.13687568	          0.24363803	          0.06944761	          0.05730359	          0.07343402	          0.02639473	          0.00999999	          0.10973533	          0.00999999	          0.00999999	          0.33781964	          0.18218080	          0.00999999	          0.00999999	          0.01461754	          0.23751511	          0.03859847	          0.05316266	          0.00999999	          0.08694831	          0.00999999	          0.00999999	          0.08324065	          0.10095707	          0.00999999	
          1.26134326	         -3.75855524	         -0.47431459	          6.75714781	          1.40496853	          0.82791703	         -0.00811334	         26.67617766	         -0.89076771	         -4.90614223	        -17.37830451	          2.21818695	          0.27570179	        -10.46612714	         -2.30202103	         -4.68904272	        -29.47363757	         -0.99655883	         29.68360284	         -4.75244522	          2.61427660	         -7.60952025	          0.07080800	          0.04148873	          0.00999999	          0.13077501	          0.20576008	          0.07291496	          0.04796677	          0.06146898	          0.02209408	          0.00999999	          0.12599145	          0.00999999	          0.00999999	          0.29176775	          0.17316701	          0.00999999	          0.00999999	          0.01223581	          0.27285639	          0.05042291	          0.04450055	          0.00999999	          0.07278130	          0.00999999	          0.00999999	          0.06967775	          0.08450753	          0.00999999	
          1.27302236	         -3.74980291	         -0.35919460	          6.50830749	          1.41896290	          0.83045638	         -0.00726832	         25.85414914	         -0.77974620	         -4.75433360	        -17.74089947	          2.82008255	          0.38918136	         -8.57537036	         -2.54471577	         -5.36198698	        -33.85739919	         -3.34448421	         27.85371545	         -4.68993734	          2.96401237	         -7.65236009	          0.05927083	          0.03472872	          0.00999999	          0.12565249	          0.17223436	          0.07696846	          0.04015126	          0.05145347	          0.01849416	          0.00999999	          0.12476421	          0.00999999	          0.00999999	          0.25288353	          0.17828068	          0.02585407	          0.00999999	          0.01024216	          0.22839827	          0.08063516	          0.03961096	          0.00999999	          0.06092261	          0.00999999	          0.00999999	          0.05832474	          0.07073822	          0.01326178	
          1.28470147	         -3.74020294	         -0.21061915	          6.23027437	          1.43257706	          0.83326216	         -0.00642031	         24.90852966	         -0.68919538	         -4.55590500	        -17.83370989	          3.40542673	          0.53409248	         -6.49319229	         -2.79865555	         -5.97361901	        -38.30176290	         -5.78775398	         25.16470800	         -4.67172380	          3.26611357	         -7.65629449	          0.04961348	          0.02907017	          0.00999999	          0.12433753	          0.14417119	          0.07556457	          0.03360918	          0.04898296	          0.01548079	          0.00999999	          0.12816302	          0.00999999	          0.00999999	          0.22892855	          0.19640020	          0.05807799	          0.00999999	          0.00999999	          0.19118398	          0.06749680	          0.06412035	          0.01194651	          0.05099613	          0.00999999	          0.00999999	          0.04882154	          0.05921242	          0.12713215	
          1.29638057	         -3.72899820	         -0.03632733	          5.92780271	          1.44581049	          0.83613992	         -0.00557790	         23.86537879	         -0.62162314	         -4.33553156	        -17.69740871	          3.94558624	          0.70287464	         -4.33426105	         -3.00778775	         -6.47273112	        -42.63638767	         -7.30782674	         21.76450487	         -4.69733799	          3.51804978	         -7.61415384	          0.04152966	          0.02433359	          0.00999999	          0.11376648	          0.12068052	          0.07688994	          0.02813303	          0.04881958	          0.01295842	          0.00999999	          0.12312605	          0.00999999	          0.00999999	          0.20825174	          0.20394808	          0.06534431	          0.00999999	          0.01115669	          0.16003323	          0.05649914	          0.11389728	          0.00999999	          0.04268702	          0.00999999	          0.00999999	          0.06292819	          0.04956458	          0.15142515	
          1.30805967	         -3.71566347	          0.15608527	          5.60483352	          1.45869076	          0.83901647	         -0.00475816	         22.75689587	         -0.57704068	         -4.10419209	        -17.39484933	          4.44724452	          0.88369068	         -2.17674177	         -3.11874612	         -6.87825755	        -46.54382160	         -7.64003687	         18.76946460	         -4.76222010	          3.72353944	         -7.52582217	          0.03754630	          0.02036877	          0.00999999	          0.10673773	          0.10101732	          0.07693403	          0.02354915	          0.04272031	          0.01084702	          0.00999999	          0.11225757	          0.00999999	          0.00999999	          0.19249685	          0.20143535	          0.06462283	          0.00999999	          0.00999999	          0.13395806	          0.04729340	          0.12981748	          0.00999999	          0.03573177	          0.00999999	          0.00999999	          0.07855804	          0.04148873	          0.19054425	
          1.31973878	         -3.69929425	          0.36546297	          5.26774448	          1.47125843	          0.84186848	         -0.00394555	         21.61227468	         -0.55785454	         -3.86107741	        -16.98402619	          4.90383337	          1.06448849	         -0.02711225	         -3.14798623	         -7.23301667	        -49.97568229	         -7.43571219	         16.19239610	         -4.86188010	          3.87961906	         -7.39910770	          0.03788029	          0.01704997	          0.00999999	          0.10232553	          0.08455796	          0.07531903	          0.01971215	          0.03994420	          0.00999999	          0.00999999	          0.10227935	          0.00999999	          0.00999999	          0.18105241	          0.19681324	          0.06945398	          0.00999999	          0.00999999	          0.11504223	          0.03958761	          0.16004709	          0.00999999	          0.04519383	          0.00999999	          0.00999999	          0.07894318	          0.03472872	          0.19929786	
          1.33141788	         -3.67909067	          0.59254939	          4.92193850	          1.48355812	          0.84465562	         -0.00313424	         20.44352886	         -0.56839323	         -3.61550372	        -16.49150960	          5.30605673	          1.24091575	          2.10824545	         -3.11017362	         -7.56786425	        -52.92160320	         -6.96872192	         13.97024360	         -4.99133982	          3.98356492	         -7.23867451	          0.03882907	          0.01427191	          0.00999999	          0.09561715	          0.07078043	          0.07498319	          0.01650033	          0.03942731	          0.00999999	          0.00999999	          0.09485589	          0.00999999	          0.00999999	          0.17124858	          0.19085113	          0.06906689	          0.00999999	          0.00999999	          0.12150936	          0.03313736	          0.20019254	          0.00999999	          0.04939785	          0.00999999	          0.00999999	          0.07617548	          0.02907017	          0.19430591	
          1.34309699	         -3.65449200	          0.83825363	          4.56937983	          1.49563295	          0.84733952	         -0.00232992	         19.25314453	         -0.61150818	         -3.37288092	        -15.92762195	          5.65448886	          1.41378953	          4.22105463	         -3.00733951	         -7.89478232	        -55.38436497	         -6.33762941	         12.05130859	         -5.14549082	          4.03541778	         -7.04649375	          0.03763069	          0.01194651	          0.00999999	          0.08937071	          0.05924775	          0.07427766	          0.01381183	          0.03755660	          0.00999999	          0.00999999	          0.08855274	          0.00999999	          0.00999999	          0.16154323	          0.18610060	          0.06867380	          0.00999999	          0.00999999	          0.13080342	          0.02773809	          0.25271157	          0.00999999	          0.05301412	          0.00999999	          0.00999999	          0.06376376	          0.02433359	          0.18409491	
          1.35477609	         -3.62515211	          1.10004324	          4.21132532	          1.50751797	          0.84988767	         -0.00153805	         18.04255538	         -0.68527630	         -3.13241370	        -15.30034556	          5.95591026	          1.58563251	          6.30613436	         -2.84277082	         -8.21902133	        -57.38039581	         -5.60818212	         10.39432376	         -5.31985694	          4.03928067	         -6.82489933	          0.03645375	          0.00999999	          0.00999999	          0.08429617	          0.04959416	          0.07286192	          0.01156139	          0.03596883	          0.00999999	          0.00999999	          0.08252575	          0.00999999	          0.00999999	          0.15009378	          0.18234559	          0.06976354	          0.00999999	          0.00999999	          0.14175447	          0.02321856	          0.31747864	          0.00999999	          0.05652906	          0.00999999	          0.00999999	          0.05337435	          0.02036877	          0.17543970	
          1.36645520	         -3.59098298	          1.37358399	          3.84913283	          1.51923896	          0.85227282	         -0.00076170	         16.81369228	         -0.78576125	         -2.89374023	        -14.61677435	          6.21603023	          1.76027903	          8.36343967	         -2.62294090	         -8.54323454	        -58.94298287	         -4.82561375	          8.96334112	         -5.51087547	          4.00067954	         -6.57611979	          0.03506968	          0.00999999	          0.00999999	          0.08061671	          0.04151349	          0.07055986	          0.00999999	          0.03343907	          0.00999999	          0.00999999	          0.07630114	          0.00999999	          0.00999999	          0.13573064	          0.17957093	          0.07221139	          0.00999999	          0.00999999	          0.15427649	          0.01943542	          0.39156830	          0.00999999	          0.05967355	          0.00999999	          0.00999999	          0.04467775	          0.01704997	          0.16949023	
          1.37813430	         -3.55216719	          1.65308910	          3.48423026	          1.53081222	          0.85447192	         -0.00000275	         15.57073022	         -0.90738492	         -2.65602912	        -13.88610003	          6.43789055	          1.94290022	         10.39789799	         -2.35712247	         -8.86761136	        -60.12375021	         -4.01051427	          7.72626401	         -5.71603738	          3.92648524	         -6.30241554	          0.03323990	          0.00999999	          0.00999999	          0.07839648	          0.03474945	          0.06756158	          0.00999999	          0.03048625	          0.00999999	          0.00999999	          0.06931019	          0.00999999	          0.00999999	          0.11588142	          0.17740236	          0.07448753	          0.00999999	          0.00999999	          0.16668953	          0.01626869	          0.47027724	          0.00999999	          0.06275261	          0.00999999	          0.00999999	          0.03739813	          0.01427191	          0.16646216	
          1.38981340	         -3.50913792	          1.93201201	          3.11791737	          1.54224882	          0.85646676	          0.00073813	         14.31880670	         -1.04362790	         -2.41904997	        -13.11843561	          6.62624443	          2.13838052	         12.41703726	         -2.05686157	         -9.19114812	        -60.98512312	         -3.17449405	          6.65592463	         -5.93338681	          3.82413584	         -6.00605366	          0.03124732	          0.00999999	          0.00999999	          0.07723584	          0.02908751	          0.06357167	          0.00999999	          0.02660857	          0.00999999	          0.00999999	          0.06321120	          0.00999999	          0.00999999	          0.09700017	          0.17562920	          0.07668507	          0.00999999	          0.00999999	          0.17815109	          0.01361794	          0.54660687	          0.00999999	          0.06532580	          0.00999999	          0.00999999	          0.03130463	          0.01194651	          0.16568585	
          1.40149251	         -3.46250420	          2.20355918	          2.75116095	          1.55356071	          0.85824523	          0.00146121	         13.06165197	         -1.18752203	         -2.18353625	        -12.32065719	          6.77725818	          2.35534863	         14.42746554	         -1.73516596	         -9.51265115	        -61.59013932	         -2.33576266	          5.72849051	         -6.16073696	          3.70119306	         -5.68927083	          0.02955459	          0.00999999	          0.00999999	          0.07830286	          0.02434811	          0.06057042	          0.00999999	          0.02461504	          0.00999999	          0.00999999	          0.05699344	          0.03106445	          0.00999999	          0.09061992	          0.17581144	          0.07556227	          0.00999999	          0.00999999	          0.18787424	          0.01139909	          0.61082102	          0.00999999	          0.06712289	          0.00999999	          0.00999999	          0.02620398	          0.00999999	          0.16720416	
          1.41317161	         -3.41293750	          2.46120757	          2.38398376	          1.56475807	          0.85980489	          0.00216608	         11.81252456	         -1.33254180	         -1.95078739	        -11.51395381	          6.87432630	          2.61049337	         16.43171467	         -1.40499060	         -9.83134036	        -61.99206100	         -1.51874834	          4.92345792	         -6.39580401	          3.56536706	         -5.35450810	          0.02849715	          0.00999999	          0.00999999	          0.07963612	          0.02038093	          0.05606102	          0.00999999	          0.02218806	          0.00999999	          0.00999999	          0.05323723	          0.05135198	          0.00999999	          0.08579616	          0.17634001	          0.07360421	          0.00999999	          0.00999999	          0.19374353	          0.00999999	          0.65200718	          0.00999999	          0.06818881	          0.00999999	          0.00999999	          0.02193441	          0.00999999	          0.17642311	
          1.42485072	         -3.36109849	          2.69870012	          2.01578983	          1.57586280	          0.86115013	          0.00285139	         10.57902581	         -1.47205426	         -1.72149392	        -10.71916941	          6.95028870	          2.90421471	         18.42239768	         -1.07867732	        -10.14703048	        -62.22249411	         -0.74130099	          4.22224422	         -6.63469035	          3.42455314	         -5.00413074	          0.02867972	          0.00999999	          0.00999999	          0.08130519	          0.01706014	          0.05114609	          0.00999999	          0.01986611	          0.00999999	          0.00999999	          0.04883407	          0.06997637	          0.00999999	          0.08078245	          0.17619745	          0.06928036	          0.00999999	          0.00999999	          0.19773142	          0.00999999	          0.65788113	          0.00999999	          0.06922810	          0.00999999	          0.00999999	          0.01836051	          0.00999999	          0.18553262	
          1.43652982	         -3.30767408	          2.91076763	          1.64528953	          1.58691129	          0.86228965	          0.00351505	          9.36131754	         -1.60030208	         -1.49588899	         -9.94407665	          7.02524702	          3.23121239	         20.37859452	         -0.76684264	        -10.46045022	        -62.28019076	          0.00095678	          3.61213475	         -6.87164420	          3.28622128	         -4.64026742	          0.02830029	          0.00999999	          0.00999999	          0.08665714	          0.01428043	          0.04509287	          0.00999999	          0.01724400	          0.00999999	          0.00999999	          0.04330077	          0.08771926	          0.00999999	          0.07790390	          0.17640141	          0.06391418	          0.00999999	          0.00999999	          0.17376602	          0.00999999	          0.60767310	          0.00999999	          0.07273175	          0.00999999	          0.00999999	          0.01536892	          0.00999999	          0.19605753	
          1.44820893	         -3.25339048	          3.09263935	          1.27156937	          1.59795035	          0.86323505	          0.00416095	          8.15498692	         -1.71172751	         -1.27579763	         -9.18737409	          7.10645282	          3.58344034	         22.26596460	         -0.48465801	        -10.77692290	        -62.12099457	          0.70221736	          3.08303690	         -7.09965545	          3.15679533	         -4.26612474	          0.02922325	          0.00999999	          0.00999999	          0.09129623	          0.01195364	          0.04038703	          0.00999999	          0.01569954	          0.00999999	          0.00999999	          0.03747643	          0.10484095	          0.00999999	          0.07720391	          0.17515056	          0.05685738	          0.00999999	          0.00999999	          0.14545329	          0.00999999	          0.50866129	          0.00999999	          0.07697149	          0.01000000	          0.00999999	          0.01286477	          0.00999999	          0.20700278	
          1.45988803	         -3.19909752	          3.24092593	          0.89351758	          1.60903181	          0.86399910	          0.00479236	          6.95300185	         -1.80208125	         -1.06297894	         -8.44136153	          7.18978659	          3.95412961	         24.03835024	         -0.24314123	        -11.09910957	        -61.66040822	          1.35171683	          2.62559719	         -7.31121448	          3.04187281	         -3.88456859	          0.03015826	          0.00999999	          0.00999999	          0.09451159	          0.01000596	          0.03840965	          0.00999999	          0.01467386	          0.00999999	          0.00999999	          0.03244789	          0.12143576	          0.00999999	          0.07803843	          0.17120424	          0.05271343	          0.00999999	          0.00999999	          0.12175372	          0.00999999	          0.42578207	          0.00999999	          0.08015354	          0.01969996	          0.00999999	          0.01076864	          0.00999999	          0.21813770	
          1.47156713	         -3.14583075	          3.35318182	          0.51063593	          1.62019696	          0.86458781	          0.00541040	          5.74837340	         -1.86826421	         -0.85807505	         -7.69615704	          7.26715761	          4.33907134	         25.65462612	         -0.04742206	        -11.42255092	        -60.81991963	          1.93674314	          2.22987746	         -7.50063241	          2.94628785	         -3.49746786	          0.03163467	          0.00999999	          0.00999999	          0.09654295	          0.00999999	          0.03765521	          0.00999999	          0.01357152	          0.00999999	          0.00999999	          0.02840032	          0.13775600	          0.00999999	          0.07982664	          0.16711795	          0.05067552	          0.00999999	          0.00999999	          0.10191566	          0.00999999	          0.35640686	          0.00999999	          0.08264035	          0.02435442	          0.00999999	          0.00999999	          0.00999999	          0.22990651	
          1.48324624	         -3.09464372	          3.42743520	          0.12309023	          1.63147648	          0.86499724	          0.00601591	          4.53441015	         -1.90781005	         -0.66090361	         -6.94159162	          7.33204794	          4.73628405	         27.08487690	          0.10120546	        -11.73703120	        -59.55290228	          2.44453568	          1.88706820	         -7.66386101	          2.87398833	         -3.10591634	          0.03334692	          0.00999999	          0.00999999	          0.09767773	          0.00999999	          0.03812847	          0.00999999	          0.01252335	          0.00999999	          0.00999999	          0.02514602	          0.15385102	          0.00999999	          0.08208640	          0.16265829	          0.05006011	          0.00999999	          0.00999999	          0.08530993	          0.00999999	          0.29833536	          0.00999999	          0.08407610	          0.02658141	          0.00999999	          0.00999999	          0.00999999	          0.24106996	
          1.49492534	         -3.04656511	          3.46212906	         -0.26865970	          1.64289321	          0.86521559	          0.00660946	          3.30509823	         -1.91885668	         -0.47099825	         -6.16860491	          7.38109598	          5.14508483	         28.30855835	          0.20418289	        -12.02924803	        -57.83957233	          2.86405643	          1.59012559	         -7.79807125	          2.82818141	         -2.71042936	          0.03495762	          0.00999999	          0.00999999	          0.09825411	          0.00999999	          0.03955022	          0.00999999	          0.01152312	          0.00999999	          0.00999999	          0.02234815	          0.16979259	          0.00999999	          0.08461117	          0.15805571	          0.05026861	          0.00999999	          0.00999999	          0.07140987	          0.00999999	          0.24972580	          0.00999999	          0.08443530	          0.02695377	          0.00999999	          0.00999999	          0.00999999	          0.24969997	
          1.50660445	         -3.00257740	          3.45616747	         -0.66406773	          1.65446348	          0.86522554	          0.00719163	          2.05577269	         -1.90013824	         -0.28772945	         -5.37060528	          7.41404294	          5.56530896	         29.31281038	          0.26469031	        -12.28483136	        -55.67898020	          3.18260599	          1.33422591	         -7.90149876	          2.81130329	         -2.31121363	          0.03606238	          0.00999999	          0.00999999	          0.09837164	          0.00999999	          0.04117224	          0.00999999	          0.01074320	          0.00999999	          0.00999999	          0.01974299	          0.18565481	          0.00999999	          0.08740945	          0.15320242	          0.05129391	          0.00999999	          0.00999999	          0.05977464	          0.00999999	          0.20903649	          0.00999999	          0.08449045	          0.02591579	          0.00999999	          0.00999999	          0.00999999	          0.25468871	
          1.51828355	         -2.96362227	          3.40906034	         -1.06254853	          1.66619692	          0.86500587	          0.00776357	          0.78375963	         -1.85103413	         -0.11068748	         -4.54443833	          7.43338875	          5.99693690	         30.09217696	          0.28698664	        -12.48873638	        -53.08396679	          3.38466247	          1.11635017	         -7.97357242	          2.82470986	         -1.90833928	          0.03572317	          0.00999999	          0.00999999	          0.09753883	          0.00999999	          0.04208546	          0.00999999	          0.01080701	          0.00999999	          0.00999999	          0.01735316	          0.20151570	          0.00999999	          0.09055592	          0.14789250	          0.05408571	          0.00999999	          0.00999999	          0.05003520	          0.00999999	          0.17497692	          0.00999999	          0.08612854	          0.02439527	          0.00999999	          0.00999999	          0.00999999	          0.25537452	
          1.52996266	         -2.93069118	          3.32120144	         -1.46337263	          1.67809285	          0.86453219	          0.00832759	         -0.51033224	         -1.77179031	          0.06090595	         -3.69219597	          7.44453025	          6.44031700	         30.65037855	          0.27655226	        -12.62253717	        -50.07954546	          3.46095487	          0.93497434	         -8.01559417	          2.86802042	         -1.50178189	          0.03218250	          0.00999999	          0.00999999	          0.09690644	          0.00999999	          0.04332021	          0.00999999	          0.00999999	          0.00999999	          0.00999999	          0.01452571	          0.21748549	          0.00999999	          0.09310775	          0.14019527	          0.05854080	          0.00999999	          0.00999999	          0.04188267	          0.00999999	          0.14646689	          0.00999999	          0.09457332	          0.02175698	          0.00999999	          0.00999999	          0.00999999	          0.25218716	
          1.54164176	         -2.90488757	          3.19436597	         -1.86584777	          1.69013828	          0.86377888	          0.00888482	         -1.81881319	         -1.66430962	          0.22791345	         -2.82844405	          7.45813503	          6.89804447	         31.00096436	          0.24041291	        -12.66247049	        -46.70128536	          3.41826452	          0.78878552	         -8.03095983	          2.93903582	         -1.09144425	          0.03306779	          0.00999999	          0.00999999	          0.09886442	          0.00999999	          0.04549674	          0.07035786	          0.01106421	          0.00999999	          0.00999999	          0.01551940	          0.23354244	          0.01116436	          0.09419517	          0.13582618	          0.05848758	          0.00999999	          0.00999999	          0.03505847	          0.00999999	          0.12260217	          0.02201612	          0.10894412	          0.01824193	          0.00999999	          0.00999999	          0.00999999	          0.24653021	
          1.55332086	         -2.88703618	          3.03140206	         -2.27033574	          1.70232875	          0.86272662	          0.00943360	         -3.12693726	         -1.53160902	          0.38762147	         -1.98154422	          7.48303125	          7.38092368	         31.15348324	          0.18237409	        -12.59738813	        -42.97823910	          3.28264362	          0.67364617	         -8.02108193	          3.03546398	         -0.67747254	          0.03418620	          0.00999999	          0.00999999	          0.10349558	          0.00999999	          0.04581605	          0.15655349	          0.01186986	          0.00999999	          0.00999999	          0.01429330	          0.24965953	          0.02214703	          0.10480555	          0.13205037	          0.05887265	          0.00999999	          0.00999999	          0.02934619	          0.00999999	          0.11203838	          0.04097780	          0.12805947	          0.01609854	          0.00999999	          0.00999999	          0.00999999	          0.24135274	
          1.56499997	         -2.87769679	          2.83734359	         -2.67679760	          1.71465965	          0.86136342	          0.00997037	         -4.41583810	         -1.37885861	          0.53841057	         -1.18699762	          7.52954358	          7.90406413	         31.12753585	          0.10257680	        -12.42622592	        -38.97213739	          3.09527960	          0.58112175	         -7.98705994	          3.15276258	         -0.26101144	          0.03536907	          0.00999999	          0.00999999	          0.11011318	          0.00999999	          0.04019357	          0.24430795	          0.01153977	          0.00999999	          0.00999999	          0.01338037	          0.26553307	          0.03619693	          0.11793610	          0.12990029	          0.06466163	          0.00999999	          0.00999999	          0.02456464	          0.00999999	          0.16244517	          0.06776790	          0.15072740	          0.01700750	          0.00999999	          0.00999999	          0.00999999	          0.23598304	
          1.57667907	         -2.87703449	          2.62024439	         -3.08330053	          1.72711793	          0.85968023	          0.01049464	         -5.67019401	         -1.21368668	          0.67717134	         -0.47599492	          7.62361825	          8.47207284	         30.97421961	         -0.00583665	        -12.16000049	        -34.83792872	          2.89470209	          0.50441765	         -7.93125322	          3.28132036	          0.15590534	          0.03594524	          0.00999999	          0.00999999	          0.11610164	          0.00999999	          0.03836362	          0.33297815	          0.01066296	          0.00999999	          0.00999999	          0.01120023	          0.28131873	          0.05110392	          0.13203743	          0.12609961	          0.07259359	          0.00999999	          0.00999999	          0.02056217	          0.00999999	          0.17349731	          0.09020797	          0.17400333	          0.01752761	          0.00999999	          0.00999999	          0.00999999	          0.23229449	
          1.58835818	         -2.88518956	          2.39034246	         -3.48735110	          1.73968697	          0.85768495	          0.01100343	         -6.87568393	         -1.04583735	          0.80099482	          0.12357100	          7.78711043	          9.08566131	         30.74455893	         -0.14566726	        -11.80973820	        -30.71798443	          2.70606574	          0.44043810	         -7.85685490	          3.40883913	          0.57194363	          0.03457171	          0.00999999	          0.00999999	          0.11978229	          0.00999999	          0.03211282	          0.42069981	          0.01040192	          0.00999999	          0.00999999	          0.00999999	          0.29713703	          0.06667547	          0.14781822	          0.12217804	          0.08368969	          0.00999999	          0.00999999	          0.01721186	          0.00999999	          0.16883943	          0.10822301	          0.19633547	          0.01772515	          0.00999999	          0.00999999	          0.00999999	          0.22936380	
          1.60003728	         -2.90233569	          2.15806870	         -3.88618969	          1.75234916	          0.85540284	          0.01149517	         -8.02029333	         -0.88480677	          0.90674669	          0.59156458	          8.02774964	          9.74651326	         30.48122934	         -0.31608116	        -11.38468323	        -26.71941035	          2.54238279	          0.38818731	         -7.76760933	          3.52181926	          0.98623562	          0.02917608	          0.00999999	          0.00999999	          0.12045485	          0.00999999	          0.02688048	          0.50243980	          0.00999999	          0.00999999	          0.00999999	          0.00999999	          0.31258696	          0.08375693	          0.16269635	          0.12067215	          0.09685852	          0.00999999	          0.00999999	          0.01440743	          0.00999999	          0.15943738	          0.12033883	          0.21310892	          0.02013698	          0.00999999	          0.00999999	          0.00999999	          0.22732235	
          1.61171638	         -2.92857568	          1.93307832	         -4.27651866	          1.76508857	          0.85287409	          0.01197341	         -9.09582002	         -0.73878259	          0.99086203	          0.91776912	          8.33660306	         10.46180960	         30.21940732	         -0.51507615	        -10.89533213	        -22.92435674	          2.40980941	          0.34639353	         -7.66730215	          3.60585245	          1.39705843	          0.02442225	          0.00999999	          0.00999999	          0.12339205	          0.00999999	          0.02250069	          0.57112390	          0.00999999	          0.02393438	          0.00999999	          0.00999999	          0.32737476	          0.10248122	          0.17145364	          0.11890283	          0.11088340	          0.00999999	          0.00999999	          0.01205994	          0.00999999	          0.14577055	          0.12730827	          0.22519795	          0.02036876	          0.00999999	          0.00999999	          0.00999999	          0.22615430	
          1.62339549	         -2.96390159	          1.72416514	         -4.65554692	          1.77789635	          0.85015478	          0.01243921	        -10.09905380	         -0.61495372	          1.04635256	          1.10503319	          8.68047465	         11.25220157	         29.98403191	         -0.73810168	        -10.35617949	        -19.39153522	          2.31017097	          0.31377009	         -7.55899202	          3.64782761	          1.80389391	          0.02044298	          0.00999999	          0.00999999	          0.12683243	          0.00999999	          0.02992850	          0.62128146	          0.00999999	          0.06688800	          0.00999999	          0.00999999	          0.34077372	          0.12254390	          0.14987516	          0.11514887	          0.12857689	          0.00999999	          0.00999999	          0.01867164	          0.00999999	          0.13882420	          0.12798671	          0.23075080	          0.01704996	          0.00999999	          0.00999999	          0.00999999	          0.22567861	
          1.63507459	         -3.00821378	          1.53954690	         -5.02049732	          1.79076961	          0.84731927	          0.01288360	        -11.03249304	         -0.52067488	          1.06885748	          1.16827139	          9.01514624	         12.14146792	         29.79291714	         -0.97442869	         -9.78820358	        -16.16956958	          2.24378335	          0.28885431	         -7.44555295	          3.63675989	          2.20826311	          0.01711209	          0.00999999	          0.00999999	          0.12592209	          0.00999999	          0.04491900	          0.64912933	          0.00999999	          0.12036003	          0.00999999	          0.00999999	          0.35247463	          0.14363288	          0.12545510	          0.10973895	          0.14775871	          0.00999999	          0.00999999	          0.03733168	          0.00999999	          0.14155627	          0.11931556	          0.22465115	          0.01427191	          0.00999999	          0.00999999	          0.00999999	          0.22638646	
          1.64675370	         -3.06123585	          1.38530461	         -5.36791666	          1.80370536	          0.84444714	          0.01328669	        -11.89604476	         -0.46209273	          1.05621865	          1.11146618	          9.32666982	         13.12549031	         29.65706503	         -1.20680976	         -9.21639752	        -13.29405807	          2.21642167	          0.27025403	         -7.33084744	          3.56569339	          2.61251088	          0.01432391	          0.00999999	          0.00999999	          0.12771267	          0.00999999	          0.05219200	          0.65206089	          0.00999999	          0.20179769	          0.00999999	          0.00999999	          0.36196921	          0.16474453	          0.10501396	          0.09799631	          0.16270005	          0.01704997	          0.00999999	          0.05611018	          0.01066034	          0.12781055	          0.09987476	          0.21015732	          0.01194651	          0.00999999	          0.00999999	          0.00999999	          0.22860860	
          1.65843280	         -3.12248106	          1.26488472	         -5.69570769	          1.81669911	          0.84161296	          0.01362405	        -12.68000088	         -0.44268425	          1.00337706	          0.92058717	          9.60653383	         14.19709659	         29.57737976	         -1.41637288	         -8.65575855	        -10.77959490	          2.23565740	          0.25684166	         -7.21981569	          3.43219561	          3.01894819	          0.01199003	          0.00999999	          0.00999999	          0.12736917	          0.00999999	          0.04368805	          0.63136548	          0.00999999	          0.28721707	          0.00999999	          0.00999999	          0.36900684	          0.18473549	          0.08790341	          0.10241300	          0.16853679	          0.01427191	          0.00999999	          0.05149688	          0.03581488	          0.12902595	          0.08360157	          0.20470259	          0.00999999	          0.00999999	          0.00999999	          0.00999999	          0.22825721	
          1.67011191	         -3.19027387	          1.17761903	         -6.00355505	          1.82977340	          0.83888346	          0.01388783	        -13.37622816	         -0.46143078	          0.90984776	          0.57909045	          9.84035169	         15.35360025	         29.55253808	         -1.59462988	         -8.11600196	         -8.68166666	          2.29992804	          0.24907998	         -7.11204864	          3.23683270	          3.42638593	          0.01003642	          0.00999999	          0.00999999	          0.12423713	          0.00999999	          0.03656970	          0.58964740	          0.00999999	          0.37244391	          0.00999999	          0.00999999	          0.37270804	          0.20306655	          0.07358078	          0.10790831	          0.16974782	          0.01194651	          0.00999999	          0.04535307	          0.06841825	          0.11296848	          0.06997987	          0.20320117	          0.01108774	          0.00999999	          0.00999999	          0.00999999	          0.22958274	
          1.68179101	         -3.26245251	          1.11837287	         -6.29118665	          1.84296463	          0.83631564	          0.01407439	        -13.97694032	         -0.51328796	          0.77821632	          0.06745322	         10.01213321	         16.59470068	         29.57110495	         -1.73684920	         -7.60517508	         -7.04433744	          2.40243297	          0.24529435	         -7.00495959	          2.98535788	          3.83108609	          0.00999999	          0.00999999	          0.00999999	          0.12058731	          0.00999999	          0.03061118	          0.52931375	          0.00999999	          0.43799290	          0.00999999	          0.00999999	          0.37252617	          0.21922366	          0.06159182	          0.11184593	          0.17335992	          0.00999999	          0.00999999	          0.04012825	          0.09558496	          0.12391135	          0.05857763	          0.19732633	          0.01893091	          0.00999999	          0.00999999	          0.00999999	          0.23127357	
          1.69347011	         -3.33682257	          1.08043781	         -6.55750961	          1.85631133	          0.83394804	          0.01418107	        -14.48094761	         -0.59107541	          0.60610984	         -0.62223732	         10.10274298	         17.91997776	         29.62229150	         -1.83955045	         -7.13093831	         -5.90697627	          2.53567473	          0.24488975	         -6.89576306	          2.68533711	          4.22968430	          0.01664816	          0.00999999	          0.00999999	          0.11472485	          0.00999999	          0.02562352	          0.44926495	          0.00999999	          0.47864079	          0.00999999	          0.00999999	          0.36788781	          0.23258765	          0.05155630	          0.11540503	          0.17994768	          0.00999999	          0.00999999	          0.03922027	          0.11602445	          0.16216059	          0.04903323	          0.18966858	          0.01704997	          0.01124018	          0.00999999	          0.00999999	          0.23318934	
          1.70514922	         -3.41098755	          1.05560671	         -6.79957250	          1.86985871	          0.83179839	          0.01420353	        -14.89798809	         -0.68647824	          0.39288334	         -1.48013421	         10.08948748	         19.32599763	         29.69806725	         -1.89954275	         -6.70109300	         -5.31205852	          2.68629123	          0.24703060	         -6.78059639	          2.34627026	          4.61959037	          0.02590714	          0.00999999	          0.00999999	          0.10340195	          0.00999999	          0.02144852	          0.37606353	          0.00999999	          0.48483961	          0.00999999	          0.00999999	          0.35860248	          0.24261208	          0.04315592	          0.12059905	          0.18705865	          0.00999999	          0.01199963	          0.04839113	          0.12944420	          0.20837342	          0.04104395	          0.17952320	          0.01427191	          0.01194651	          0.00999999	          0.00999999	          0.23535435	
          1.71682832	         -3.48242159	          1.03414565	         -7.01374547	          1.88365928	          0.82986637	          0.01414067	        -15.24033627	         -0.79094631	          0.14741330	         -2.49556206	          9.95539130	         20.80352066	         29.78300072	         -1.91357037	         -6.32522868	         -5.27831492	          2.82876183	          0.25041293	         -6.65433932	          1.97874438	          4.99845272	          0.03377858	          0.00999999	          0.00999999	          0.08655406	          0.00999999	          0.01795379	          0.31478925	          0.01174670	          0.46838409	          0.00999999	          0.00999999	          0.34463572	          0.24868925	          0.03612427	          0.12856241	          0.18942056	          0.00999999	          0.01427192	          0.06631730	          0.13237654	          0.24185789	          0.03435642	          0.15628970	          0.01194651	          0.00999999	          0.00999999	          0.00999999	          0.23910308	
          1.72850743	         -3.54867273	          1.00408147	         -7.19557392	          1.89776712	          0.82813699	          0.01399975	        -15.51684140	         -0.89308901	         -0.12107923	         -3.66607280	          9.68936762	         22.34006750	         29.84965920	         -1.88184040	         -6.02127006	         -5.78840156	          2.92171101	          0.25486163	         -6.51164311	          1.59440556	          5.36179735	          0.03854190	          0.00999999	          0.00999999	          0.07245129	          0.00999999	          0.01502847	          0.26349876	          0.01535683	          0.43095608	          0.00999999	          0.00999999	          0.32638090	          0.25066956	          0.03023833	          0.13288477	          0.19169979	          0.00999999	          0.01194651	          0.06976046	          0.12766826	          0.25248992	          0.02875852	          0.13082449	          0.00999999	          0.00999999	          0.00999999	          0.00999999	          0.24391785	
          1.74018653	         -3.60782107	          0.95716039	         -7.34041002	          1.91222243	          0.82658129	          0.01379247	        -15.73495796	         -0.98348557	         -0.41425547	         -4.98801878	          9.28347810	         23.92076001	         29.86769893	         -1.80911069	         -5.80321103	         -6.81003434	          2.89461430	          0.25806713	         -6.34876020	          1.20046653	          5.70536139	          0.05543903	          0.00999999	          0.00999999	          0.06064637	          0.00999999	          0.01257980	          0.22056533	          0.01285465	          0.36073784	          0.00999999	          0.00999999	          0.30306366	          0.24782155	          0.02531142	          0.12252358	          0.19012041	          0.00999999	          0.00999999	          0.10287868	          0.11451529	          0.23344254	          0.02407272	          0.10950847	          0.00999999	          0.00999999	          0.01072426	          0.00999999	          0.26289282	
          1.75186564	         -3.65800208	          0.90089830	         -7.44331496	          1.92705220	          0.82517516	          0.01351504	        -15.89871370	         -1.07075683	         -0.72988928	         -6.45950050	          8.73714483	         25.52177639	         29.79448310	         -1.71116743	         -5.61143646	         -8.26101036	          2.68306479	          0.25806404	         -6.16158370	          0.79245663	          6.02811692	          0.09204022	          0.00999999	          0.00999999	          0.05076489	          0.00999999	          0.01053011	          0.18462731	          0.01194651	          0.30196067	          0.00999999	          0.00999999	          0.27740492	          0.24124027	          0.02118728	          0.10411796	          0.17213163	          0.00999999	          0.00999999	          0.15781540	          0.09774272	          0.19900824	          0.04486633	          0.09166561	          0.00999999	          0.00999999	          0.01704997	          0.01194651	          0.27706604	
          1.76354474	         -3.69865491	          0.85624487	         -7.50352254	          1.94222593	          0.82396197	          0.01315732	        -15.98534638	         -1.17774225	         -1.07125948	         -8.11031487	          8.04707897	         27.11341852	         29.56150299	         -1.61689613	         -5.35171636	         -9.64399931	          2.35426695	          0.24904720	         -5.94876614	          0.35710731	          6.33263460	          0.10487121	          0.00999999	          0.00999999	          0.04249346	          0.00999999	          0.01000000	          0.15454488	          0.00999999	          0.25276042	          0.00999999	          0.00999999	          0.24198218	          0.22945597	          0.01773511	          0.08728968	          0.14408520	          0.00999999	          0.01605303	          0.13210160	          0.08519412	          0.16658264	          0.08094036	          0.07672998	          0.00999999	          0.00999999	          0.01427191	          0.00999999	          0.34440097	
          1.77522384	         -3.73090961	          0.81326896	         -7.51332483	          1.95756440	          0.82305781	          0.01267210	        -15.93151820	         -1.29430960	         -1.44361464	        -10.02481434	          7.20400823	         28.64612253	         29.23902610	         -1.52129258	         -5.17249814	        -10.85443268	          1.89982877	          0.23938990	         -5.73213241	         -0.08332215	          6.61057625	          0.12760821	          0.00999999	          0.00999999	          0.03556975	          0.00999999	          0.00999999	          0.12936396	          0.00999999	          0.21157665	          0.00999999	          0.00999999	          0.20255458	          0.21447004	          0.01484542	          0.10945248	          0.12060854	          0.00999999	          0.06771268	          0.16818531	          0.07137887	          0.13944033	          0.09560803	          0.06422791	          0.00999999	          0.00999999	          0.01194651	          0.00999999	          0.39353935	
          1.78690295	         -3.75382497	          0.76545443	         -7.47672828	          1.97293804	          0.82256400	          0.01207885	        -15.68970138	         -1.41482451	         -1.85103588	        -12.26426400	          6.20414210	         30.02826736	         28.89781960	         -1.42976598	         -5.08314881	        -12.04969397	          1.47582998	          0.22708399	         -5.52225324	         -0.52068968	          6.85632396	          0.15157858	          0.00999999	          0.00999999	          0.02977416	          0.00999999	          0.01000005	          0.10828592	          0.00999999	          0.17710321	          0.00999999	          0.00999999	          0.16955115	          0.19697397	          0.01242657	          0.10919091	          0.10095707	          0.00999999	          0.10022392	          0.20768672	          0.06387417	          0.11672049	          0.09680060	          0.05376287	          0.00999999	          0.01321384	          0.00999999	          0.00999999	          0.41933790	
          1.79858205	         -3.76722968	          0.71845799	         -7.40115298	          1.98824363	          0.82254166	          0.01139014	        -15.21972345	         -1.54994627	         -2.29483328	        -14.87668524	          5.06847520	         31.11683310	         28.57746982	         -1.33683923	         -5.05440803	        -13.30996551	          1.19971996	          0.21420554	         -5.32473731	         -0.95792885	          7.07104467	          0.17012875	          0.00999999	          0.00999999	          0.02492288	          0.05426479	          0.02292152	          0.09064225	          0.00999999	          0.14824672	          0.00999999	          0.00999999	          0.14192517	          0.17213164	          0.01040183	          0.10632982	          0.08450753	          0.00999999	          0.12265126	          0.22808315	          0.06258477	          0.09770252	          0.09350468	          0.04500297	          0.00999999	          0.03999308	          0.00999999	          0.00999999	          0.42844034	
          1.81026116	         -3.77262288	          0.67242246	         -7.29079514	          2.00338936	          0.82306104	          0.01062595	        -14.48175465	         -1.70352151	         -2.79489102	        -17.90396920	          3.81666162	         31.72734100	         28.24740659	         -1.23681620	         -5.04977851	        -14.57216315	          1.12488010	          0.20049592	         -5.14492054	         -1.39303490	          7.25549910	          0.18074489	          0.00999999	          0.00999999	          0.02086204	          0.11775322	          0.02967968	          0.07587336	          0.00999999	          0.12409200	          0.00999999	          0.00999999	          0.11880045	          0.14408520	          0.00999999	          0.10070192	          0.07073822	          0.00999999	          0.13369816	          0.24398332	          0.06358048	          0.08178327	          0.08841673	          0.03767036	          0.00999999	          0.06818754	          0.00999999	          0.00999999	          0.41671652	
          1.82194026	         -3.77183123	          0.62160814	         -7.14708790	          2.01831159	          0.82415300	          0.00981018	        -13.44542117	         -1.87813598	         -3.37012355	        -21.37827681	          2.46808705	         31.67183878	         27.85007825	         -1.12740598	         -5.03880263	        -15.73158407	          1.28662578	          0.19222137	         -4.98694556	         -1.81924829	          7.40854949	          0.18368809	          0.00999999	          0.00999999	          0.01746287	          0.17448540	          0.03315600	          0.06351086	          0.00999999	          0.10387295	          0.00999999	          0.00999999	          0.09944359	          0.12060854	          0.00999999	          0.09544056	          0.05921242	          0.00999999	          0.13772982	          0.25212218	          0.06622986	          0.06845783	          0.08319797	          0.03153251	          0.00999999	          0.08582536	          0.00999999	          0.00999999	          0.38423554	
          1.83361937	         -3.76647251	          0.55865628	         -6.96982103	          2.03296902	          0.82578861	          0.00896546	        -12.10191026	         -2.07796891	         -4.01019894	        -25.26697848	          0.90950346	         30.97123113	         27.34058562	         -1.01055925	         -4.99849862	        -16.69899787	          1.67243415	          0.20821883	         -4.85425473	         -2.22926512	          7.52752235	          0.18218080	          0.00999999	          0.00999999	          0.01461754	          0.23751511	          0.03859847	          0.05316266	          0.00999999	          0.08694831	          0.00999999	          0.00999999	          0.08324065	          0.10095707	          0.00999999	          0.08459090	          0.04956458	          0.00999999	          0.13687568	          0.24363803	          0.06944761	          0.05730359	          0.07343402	          0.02639473	          0.00999999	          0.10973533	          0.00999999	          0.00999999	          0.33781964	
          1.84529847	         -3.75855524	          0.47431459	         -6.75714781	          2.04731927	          0.82791703	          0.00811334	        -10.46612714	         -2.30202103	         -4.68904272	        -29.47363757	         -0.99655883	         29.68360284	         26.67617766	         -0.89076771	         -4.90614223	        -17.37830451	          2.21818695	          0.27570179	         -4.75244522	         -2.61427660	          7.60952025	          0.17316701	          0.00999999	          0.00999999	          0.01223581	          0.27285639	          0.05042291	          0.04450055	          0.00999999	          0.07278130	          0.00999999	          0.00999999	          0.06967775	          0.08450753	          0.00999999	          0.07080800	          0.04148873	          0.00999999	          0.13077501	          0.20576008	          0.07291496	          0.04796677	          0.06146898	          0.02209408	          0.00999999	          0.12599145	          0.00999999	          0.00999999	          0.29176775	
          1.85697757	         -3.74980291	          0.35919460	         -6.50830749	          2.06131363	          0.83045638	          0.00726832	         -8.57537036	         -2.54471577	         -5.36198698	        -33.85739919	         -3.34448421	         27.85371545	         25.85414914	         -0.77974620	         -4.75433360	        -17.74089947	          2.82008255	          0.38918136	         -4.68993734	         -2.96401237	          7.65236009	          0.17828068	          0.02585407	          0.00999999	          0.01024216	          0.22839827	          0.08063516	          0.03961096	          0.00999999	          0.06092261	          0.00999999	          0.00999999	          0.05832474	          0.07073822	          0.01326178	          0.05927083	          0.03472872	          0.00999999	          0.12565249	          0.17223436	          0.07696846	          0.04015126	          0.05145347	          0.01849416	          0.00999999	          0.12476421	          0.00999999	          0.00999999	          0.25288353	
          1.86865668	         -3.74020294	          0.21061915	         -6.23027437	          2.07492779	          0.83326216	          0.00642031	         -6.49319229	         -2.79865555	         -5.97361901	        -38.30176290	         -5.78775398	         25.16470800	         24.90852966	         -0.68919538	         -4.55590500	        -17.83370989	          3.40542673	          0.53409248	         -4.67172380	         -3.26611357	          7.65629449	          0.19640020	          0.05807799	          0.00999999	          0.00999999	          0.19118398	          0.06749680	          0.06412035	          0.01194651	          0.05099613	          0.00999999	          0.00999999	          0.04882154	          0.05921242	          0.12713215	          0.04961348	          0.02907017	          0.00999999	          0.12433753	          0.14417119	          0.07556457	          0.03360918	          0.04898296	          0.01548079	          0.00999999	          0.12816302	          0.00999999	          0.00999999	          0.22892855	
          1.88033578	         -3.72899820	          0.03632733	         -5.92780271	          2.08816122	          0.83613992	          0.00557790	         -4.33426105	         -3.00778775	         -6.47273112	        -42.63638767	         -7.30782674	         21.76450487	         23.86537879	         -0.62162314	         -4.33553156	        -17.69740871	          3.94558624	          0.70287464	         -4.69733799	         -3.51804978	          7.61415384	          0.20394808	          0.06534431	          0.00999999	          0.01115669	          0.16003323	          0.05649914	          0.11389728	          0.00999999	          0.04268702	          0.00999999	          0.00999999	          0.06292819	          0.04956458	          0.15142515	          0.04152966	          0.02433359	          0.00999999	          0.11376648	          0.12068052	          0.07688994	          0.02813303	          0.04881958	          0.01295842	          0.00999999	          0.12312605	          0.00999999	          0.00999999	          0.20825174	
          1.89201489	         -3.71566347	         -0.15608527	         -5.60483352	          2.10104149	          0.83901647	          0.00475816	         -2.17674177	         -3.11874612	         -6.87825755	        -46.54382160	         -7.64003687	         18.76946460	         22.75689587	         -0.57704068	         -4.10419209	        -17.39484933	          4.44724452	          0.88369068	         -4.76222010	         -3.72353944	          7.52582217	          0.20143535	          0.06462283	          0.00999999	          0.00999999	          0.13395806	          0.04729340	          0.12981748	          0.00999999	          0.03573177	          0.00999999	          0.00999999	          0.07855804	          0.04148873	          0.19054425	          0.03754630	          0.02036877	          0.00999999	          0.10673773	          0.10101732	          0.07693403	          0.02354915	          0.04272031	          0.01084702	          0.00999999	          0.11225757	          0.00999999	          0.00999999	          0.19249685	
          1.90369399	         -3.69929425	         -0.36546297	         -5.26774448	          2.11360917	          0.84186848	          0.00394555	         -0.02711225	         -3.14798623	         -7.23301667	        -49.97568229	         -7.43571219	         16.19239610	         21.61227468	         -0.55785454	         -3.86107741	        -16.98402619	          4.90383337	          1.06448849	         -4.86188010	         -3.87961906	          7.39910770	          0.19681324	          0.06945398	          0.00999999	          0.00999999	          0.11504223	          0.03958761	          0.16004709	          0.00999999	          0.04519383	          0.00999999	          0.00999999	          0.07894318	          0.03472872	          0.19929786	          0.03788029	          0.01704997	          0.00999999	          0.10232553	          0.08455796	          0.07531903	          0.01971215	          0.03994420	          0.00999999	          0.00999999	          0.10227935	          0.00999999	          0.00999999	          0.18105241	
          1.91537309	         -3.67909067	         -0.59254939	         -4.92193850	          2.12590885	          0.84465562	          0.00313424	          2.10824545	         -3.11017362	         -7.56786425	        -52.92160320	         -6.96872192	         13.97024360	         20.44352886	         -0.56839323	         -3.61550372	        -16.49150960	          5.30605673	          1.24091575	         -4.99133982	         -3.98356492	          7.23867451	          0.19085113	          0.06906689	          0.00999999	          0.00999999	          0.12150936	          0.03313736	          0.20019254	          0.00999999	          0.04939785	          0.00999999	          0.00999999	          0.07617548	          0.02907017	          0.19430591	          0.03882907	          0.01427191	          0.00999999	          0.09561715	          0.07078043	          0.07498319	          0.01650033	          0.03942731	          0.00999999	          0.00999999	          0.09485589	          0.00999999	          0.00999999	          0.17124858	
          1.92705220	         -3.65449200	         -0.83825363	         -4.56937983	          2.13798368	          0.84733952	          0.00232992	          4.22105463	         -3.00733951	         -7.89478232	        -55.38436497	         -6.33762941	         12.05130859	         19.25314453	         -0.61150818	         -3.37288092	        -15.92762195	          5.65448886	          1.41378953	         -5.14549082	         -4.03541778	          7.04649375	          0.18610060	          0.06867380	          0.00999999	          0.00999999	          0.13080342	          0.02773809	          0.25271157	          0.00999999	          0.05301412	          0.00999999	          0.00999999	          0.06376376	          0.02433359	          0.18409491	          0.03763069	          0.01194651	          0.00999999	          0.08937071	          0.05924775	          0.07427766	          0.01381183	          0.03755660	          0.00999999	          0.00999999	          0.08855274	          0.00999999	          0.00999999	          0.16154323	
          1.93873130	         -3.62515211	         -1.10004324	         -4.21132532	          2.14986870	          0.84988767	          0.00153805	          6.30613436	         -2.84277082	         -8.21902133	        -57.38039581	         -5.60818212	         10.39432376	         18.04255538	         -0.68527630	         -3.13241370	        -15.30034556	          5.95591026	          1.58563251	         -5.31985694	         -4.03928067	          6.82489933	          0.18234559	          0.06976354	          0.00999999	          0.00999999	          0.14175447	          0.02321856	          0.31747864	          0.00999999	          0.05652906	          0.00999999	          0.00999999	          0.05337435	          0.02036877	          0.17543970	          0.03645375	          0.00999999	          0.00999999	          0.08429617	          0.04959416	          0.07286192	          0.01156139	          0.03596883	          0.00999999	          0.00999999	          0.08252575	          0.00999999	          0.00999999	          0.15009378	
          1.95041041	         -3.59098298	         -1.37358399	         -3.84913283	          2.16158969	          0.85227282	          0.00076170	          8.36343967	         -2.62294090	         -8.54323454	        -58.94298287	         -4.82561375	          8.96334112	         16.81369228	         -0.78576125	         -2.89374023	        -14.61677435	          6.21603023	          1.76027903	         -5.51087547	         -4.00067954	          6.57611979	          0.17957093	          0.07221139	          0.00999999	          0.00999999	          0.15427649	          0.01943542	          0.39156830	          0.00999999	          0.05967355	          0.00999999	          0.00999999	          0.04467775	          0.01704997	          0.16949023	          0.03506968	          0.00999999	          0.00999999	          0.08061671	          0.04151349	          0.07055986	          0.00999999	          0.03343907	          0.00999999	          0.00999999	          0.07630114	          0.00999999	          0.00999999	          0.13573064	
          1.96208951	         -3.55216719	         -1.65308910	         -3.48423026	          2.17316295	          0.85447192	          0.00000275	         10.39789799	         -2.35712247	         -8.86761136	        -60.12375021	         -4.01051427	          7.72626401	         15.57073022	         -0.90738492	         -2.65602912	        -13.88610003	          6.43789055	          1.94290022	         -5.71603738	         -3.92648524	          6.30241554	          0.17740236	          0.07448753	          0.00999999	          0.00999999	          0.16668953	          0.01626869	          0.47027724	          0.00999999	          0.06275261	          0.00999999	          0.00999999	          0.03739813	          0.01427191	          0.16646216	          0.03323990	          0.00999999	          0.00999999	          0.07839648	          0.03474945	          0.06756158	          0.00999999	          0.03048625	          0.00999999	          0.00999999	          0.06931019	          0.00999999	          0.00999999	          0.11588142	
          1.97376862	         -3.50913792	         -1.93201201	         -3.11791737	          2.18459955	          0.85646676	         -0.00073813	         12.41703726	         -2.05686157	         -9.19114812	        -60.98512312	         -3.17449405	          6.65592463	         14.31880670	         -1.04362790	         -2.41904997	        -13.11843561	          6.62624443	          2.13838052	         -5.93338681	         -3.82413584	          6.00605366	          0.17562920	          0.07668507	          0.00999999	          0.00999999	          0.17815109	          0.01361794	          0.54660687	          0.00999999	          0.06532580	          0.00999999	          0.00999999	          0.03130463	          0.01194651	          0.16568585	          0.03124732	          0.00999999	          0.00999999	          0.07723584	          0.02908751	          0.06357167	          0.00999999	          0.02660857	          0.00999999	          0.00999999	          0.06321120	          0.00999999	          0.00999999	          0.09700017	
          1.98544772	         -3.46250420	         -2.20355918	         -2.75116095	          2.19591144	          0.85824523	         -0.00146121	         14.42746554	         -1.73516596	         -9.51265115	        -61.59013932	         -2.33576266	          5.72849051	         13.06165197	         -1.18752203	         -2.18353625	        -12.32065719	          6.77725818	          2.35534863	         -6.16073696	         -3.70119306	          5.68927083	          0.17581144	          0.07556227	          0.00999999	          0.00999999	          0.18787424	          0.01139909	          0.61082102	          0.00999999	          0.06712289	          0.00999999	          0.00999999	          0.02620398	          0.00999999	          0.16720416	          0.02955459	          0.00999999	          0.00999999	          0.07830286	          0.02434811	          0.06057042	          0.00999999	          0.02461504	          0.00999999	          0.00999999	          0.05699344	          0.03106445	          0.00999999	          0.09061992	
          1.99712682	         -3.41293750	         -2.46120757	         -2.38398376	          2.20710880	          0.85980489	         -0.00216608	         16.43171467	         -1.40499060	         -9.83134036	        -61.99206100	         -1.51874834	          4.92345792	         11.81252456	         -1.33254180	         -1.95078739	        -11.51395381	          6.87432630	          2.61049337	         -6.39580401	         -3.56536706	          5.35450810	          0.17634001	          0.07360421	          0.00999999	          0.00999999	          0.19374353	          0.00999999	          0.65200718	          0.00999999	          0.06818881	          0.00999999	          0.00999999	          0.02193441	          0.00999999	          0.17642311	          0.02849715	          0.00999999	          0.00999999	          0.07963612	          0.02038093	          0.05606102	          0.00999999	          0.02218806	          0.00999999	          0.00999999	          0.05323723	          0.05135198	          0.00999999	          0.08579616	
          2.00880593	         -3.36109849	         -2.69870012	         -2.01578983	          2.21821353	          0.86115013	         -0.00285139	         18.42239768	         -1.07867732	        -10.14703048	        -62.22249411	         -0.74130099	          4.22224422	         10.57902581	         -1.47205426	         -1.72149392	        -10.71916941	          6.95028870	          2.90421471	         -6.63469035	         -3.42455314	          5.00413074	          0.17619745	          0.06928036	          0.00999999	          0.00999999	          0.19773142	          0.00999999	          0.65788113	          0.00999999	          0.06922810	          0.00999999	          0.00999999	          0.01836051	          0.00999999	          0.18553262	          0.02867972	          0.00999999	          0.00999999	          0.08130519	          0.01706014	          0.05114609	          0.00999999	          0.01986611	          0.00999999	          0.00999999	          0.04883407	          0.06997637	          0.00999999	          0.08078245	
          2.02048503	         -3.30767408	         -2.91076763	         -1.64528953	          2.22926202	          0.86228965	         -0.00351505	         20.37859452	         -0.76684264	        -10.46045022	        -62.28019076	          0.00095678	          3.61213475	          9.36131754	         -1.60030208	         -1.49588899	         -9.94407665	          7.02524702	          3.23121239	         -6.87164420	         -3.28622128	          4.64026742	          0.17640141	          0.06391418	          0.00999999	          0.00999999	          0.17376602	          0.00999999	          0.60767310	          0.00999999	          0.07273175	          0.00999999	          0.00999999	          0.01536892	          0.00999999	          0.19605753	          0.02830029	          0.00999999	          0.00999999	          0.08665714	          0.01428043	          0.04509287	          0.00999999	          0.01724400	          0.00999999	          0.00999999	          0.04330077	          0.08771926	          0.00999999	          0.07790390	
          2.03216414	         -3.25339048	         -3.09263935	         -1.27156937	          2.24030108	          0.86323505	         -0.00416095	         22.26596460	         -0.48465801	        -10.77692290	        -62.12099457	          0.70221736	          3.08303690	          8.15498692	         -1.71172751	         -1.27579763	         -9.18737409	          7.10645282	          3.58344034	         -7.09965545	         -3.15679533	          4.26612474	          0.17515056	          0.05685738	          0.00999999	          0.00999999	          0.14545329	          0.00999999	          0.50866129	          0.00999999	          0.07697149	          0.01000000	          0.00999999	          0.01286477	          0.00999999	          0.20700278	          0.02922325	          0.00999999	          0.00999999	          0.09129623	          0.01195364	          0.04038703	          0.00999999	          0.01569954	          0.00999999	          0.00999999	          0.03747643	          0.10484095	          0.00999999	          0.07720391	
          2.04384324	         -3.19909752	         -3.24092593	         -0.89351758	          2.25138254	          0.86399910	         -0.00479236	         24.03835024	         -0.24314123	        -11.09910957	        -61.66040822	          1.35171683	          2.62559719	          6.95300185	         -1.80208125	         -1.06297894	         -8.44136153	          7.18978659	          3.95412961	         -7.31121448	         -3.04187281	          3.88456859	          0.17120424	          0.05271343	          0.00999999	          0.00999999	          0.12175372	          0.00999999	          0.42578207	          0.00999999	          0.08015354	          0.01969996	          0.00999999	          0.01076864	          0.00999999	          0.21813770	          0.03015826	          0.00999999	          0.00999999	          0.09451159	          0.01000596	          0.03840965	          0.00999999	          0.01467386	          0.00999999	          0.00999999	          0.03244789	          0.12143576	          0.00999999	          0.07803843	
          2.05552235	         -3.14583075	         -3.35318182	         -0.51063593	          2.26254769	          0.86458781	         -0.00541040	         25.65462612	         -0.04742206	        -11.42255092	        -60.81991963	          1.93674314	          2.22987746	          5.74837340	         -1.86826421	         -0.85807505	         -7.69615704	          7.26715761	          4.33907134	         -7.50063241	         -2.94628785	          3.49746786	          0.16711795	          0.05067552	          0.00999999	          0.00999999	          0.10191566	          0.00999999	          0.35640686	          0.00999999	          0.08264035	          0.02435442	          0.00999999	          0.00999999	          0.00999999	          0.22990651	          0.03163467	          0.00999999	          0.00999999	          0.09654295	          0.00999999	          0.03765521	          0.00999999	          0.01357152	          0.00999999	          0.00999999	          0.02840032	          0.13775600	          0.00999999	          0.07982664	
          2.06720145	         -3.09464372	         -3.42743520	         -0.12309023	          2.27382722	          0.86499724	         -0.00601591	         27.08487690	          0.10120546	        -11.73703120	        -59.55290228	          2.44453568	          1.88706820	          4.53441015	         -1.90781005	         -0.66090361	         -6.94159162	          7.33204794	          4.73628405	         -7.66386101	         -2.87398833	          3.10591634	          0.16265829	          0.05006011	          0.00999999	          0.00999999	          0.08530993	          0.00999999	          0.29833536	          0.00999999	          0.08407610	          0.02658141	          0.00999999	          0.00999999	          0.00999999	          0.24106996	          0.03334692	          0.00999999	          0.00999999	          0.09767773	          0.00999999	          0.03812847	          0.00999999	          0.01252335	          0.00999999	          0.00999999	          0.02514602	          0.15385102	          0.00999999	          0.08208640	
          2.07888055	         -3.04656511	         -3.46212906	          0.26865970	          2.28524394	          0.86521559	         -0.00660946	         28.30855835	          0.20418289	        -12.02924803	        -57.83957233	          2.86405643	          1.59012559	          3.30509823	         -1.91885668	         -0.47099825	         -6.16860491	          7.38109598	          5.14508483	         -7.79807125	         -2.82818141	          2.71042936	          0.15805571	          0.05026861	          0.00999999	          0.00999999	          0.07140987	          0.00999999	          0.24972580	          0.00999999	          0.08443530	          0.02695377	          0.00999999	          0.00999999	          0.00999999	          0.24969997	          0.03495762	          0.00999999	          0.00999999	          0.09825411	          0.00999999	          0.03955022	          0.00999999	          0.01152312	          0.00999999	          0.00999999	          0.02234815	          0.16979259	          0.00999999	          0.08461117	
          2.09055966	         -3.00257740	         -3.45616747	          0.66406773	          2.29681422	          0.86522554	         -0.00719163	         29.31281038	          0.26469031	        -12.28483136	        -55.67898020	          3.18260599	          1.33422591	          2.05577269	         -1.90013824	         -0.28772945	         -5.37060528	          7.41404294	          5.56530896	         -7.90149876	         -2.81130329	          2.31121363	          0.15320242	          0.05129391	          0.00999999	          0.00999999	          0.05977464	          0.00999999	          0.20903649	          0.00999999	          0.08449045	          0.02591579	          0.00999999	          0.00999999	          0.00999999	          0.25468871	          0.03606238	          0.00999999	          0.00999999	          0.09837164	          0.00999999	          0.04117224	          0.00999999	          0.01074320	          0.00999999	          0.00999999	          0.01974299	          0.18565481	          0.00999999	          0.08740945	
          2.10223876	         -2.96362227	         -3.40906034	          1.06254853	          2.30854765	          0.86500587	         -0.00776357	         30.09217696	          0.28698664	        -12.48873638	        -53.08396679	          3.38466247	          1.11635017	          0.78375963	         -1.85103413	         -0.11068748	         -4.54443833	          7.43338875	          5.99693690	         -7.97357242	         -2.82470986	          1.90833928	          0.14789250	          0.05408571	          0.00999999	          0.00999999	          0.05003520	          0.00999999	          0.17497692	          0.00999999	          0.08612854	          0.02439527	          0.00999999	          0.00999999	          0.00999999	          0.25537452	          0.03572317	          0.00999999	          0.00999999	          0.09753883	          0.00999999	          0.04208546	          0.00999999	          0.01080701	          0.00999999	          0.00999999	          0.01735316	          0.20151570	          0.00999999	          0.09055592	
          2.11391787	         -2.93069118	         -3.32120144	          1.46337263	          2.32044358	          0.86453219	         -0.00832759	         30.65037855	          0.27655226	        -12.62253717	        -50.07954546	          3.46095487	          0.93497434	         -0.51033224	         -1.77179031	          0.06090595	         -3.69219597	          7.44453025	          6.44031700	         -8.01559417	         -2.86802042	          1.50178189	          0.14019527	          0.05854080	          0.00999999	          0.00999999	          0.04188267	          0.00999999	          0.14646689	          0.00999999	          0.09457332	          0.02175698	          0.00999999	          0.00999999	          0.00999999	          0.25218716	          0.03218250	          0.00999999	          0.00999999	          0.09690644	          0.00999999	          0.04332021	          0.00999999	          0.00999999	          0.00999999	          0.00999999	          0.01452571	          0.21748549	          0.00999999	          0.09310775	
          2.12559697	         -2.90488757	         -3.19436597	          1.86584777	          2.33248901	          0.86377888	         -0.00888482	         31.00096436	          0.24041291	        -12.66247049	        -46.70128536	          3.41826452	          0.78878552	         -1.81881319	         -1.66430962	          0.22791345	         -2.82844405	          7.45813503	          6.89804447	         -8.03095983	         -2.93903582	          1.09144425	          0.13582618	          0.05848758	          0.00999999	          0.00999999	          0.03505847	          0.00999999	          0.12260217	          0.02201612	          0.10894412	          0.01824193	          0.00999999	          0.00999999	          0.00999999	          0.24653021	          0.03306779	          0.00999999	          0.00999999	          0.09886442	          0.00999999	          0.04549674	          0.07035786	          0.01106421	          0.00999999	          0.00999999	          0.01551940	          0.23354244	          0.01116436	          0.09419517	
          2.13727608	         -2.88703618	         -3.03140206	          2.27033574	          2.34467948	          0.86272662	         -0.00943360	         31.15348324	          0.18237409	        -12.59738813	        -42.97823910	          3.28264362	          0.67364617	         -3.12693726	         -1.53160902	          0.38762147	         -1.98154422	          7.48303125	          7.38092368	         -8.02108193	         -3.03546398	          0.67747254	          0.13205037	          0.05887265	          0.00999999	          0.00999999	          0.02934619	          0.00999999	          0.11203838	          0.04097780	          0.12805947	          0.01609854	          0.00999999	          0.00999999	          0.00999999	          0.24135274	          0.03418620	          0.00999999	          0.00999999	          0.10349558	          0.00999999	          0.04581605	          0.15655349	          0.01186986	          0.00999999	          0.00999999	          0.01429330	          0.24965953	          0.02214703	          0.10480555	
          2.14895518	         -2.87769679	         -2.83734359	          2.67679760	          2.35701038	          0.86136342	         -0.00997037	         31.12753585	          0.10257680	        -12.42622592	        -38.97213739	          3.09527960	          0.58112175	         -4.41583810	         -1.37885861	          0.53841057	         -1.18699762	          7.52954358	          7.90406413	         -7.98705994	         -3.15276258	          0.26101144	          0.12990029	          0.06466163	          0.00999999	          0.00999999	          0.02456464	          0.00999999	          0.16244517	          0.06776790	          0.15072740	          0.01700750	          0.00999999	          0.00999999	          0.00999999	          0.23598304	          0.03536907	          0.00999999	          0.00999999	          0.11011318	          0.00999999	          0.04019357	          0.24430795	          0.01153977	          0.00999999	          0.00999999	          0.01338037	          0.26553307	          0.03619693	          0.11793610	
          2.16063428	         -2.87703449	         -2.62024439	          3.08330053	          2.36946866	          0.85968023	         -0.01049464	         30.97421961	         -0.00583665	        -12.16000049	        -34.83792872	          2.89470209	          0.50441765	         -5.67019401	         -1.21368668	          0.67717134	         -0.47599492	          7.62361825	          8.47207284	         -7.93125322	         -3.28132036	         -0.15590534	          0.12609961	          0.07259359	          0.00999999	          0.00999999	          0.02056217	          0.00999999	          0.17349731	          0.09020797	          0.17400333	          0.01752761	          0.00999999	          0.00999999	          0.00999999	          0.23229449	          0.03594524	          0.00999999	          0.00999999	          0.11610164	          0.00999999	          0.03836362	          0.33297815	          0.01066296	          0.00999999	          0.00999999	          0.01120023	          0.28131873	          0.05110392	          0.13203743	
          2.17231339	         -2.88518956	         -2.39034246	          3.48735110	          2.38203771	          0.85768495	         -0.01100343	         30.74455893	         -0.14566726	        -11.80973820	        -30.71798443	          2.70606574	          0.44043810	         -6.87568393	         -1.04583735	          0.80099482	          0.12357100	          7.78711043	          9.08566131	         -7.85685490	         -3.40883913	         -0.57194363	          0.12217804	          0.08368969	          0.00999999	          0.00999999	          0.01721186	          0.00999999	          0.16883943	          0.10822301	          0.19633547	          0.01772515	          0.00999999	          0.00999999	          0.00999999	          0.22936380	          0.03457171	          0.00999999	          0.00999999	          0.11978229	          0.00999999	          0.03211282	          0.42069981	          0.01040192	          0.00999999	          0.00999999	          0.00999999	          0.29713703	          0.06667547	          0.14781822	
          2.18399249	         -2.90233569	         -2.15806870	          3.88618969	          2.39469990	          0.85540284	         -0.01149517	         30.48122934	         -0.31608116	        -11.38468323	        -26.71941035	          2.54238279	          0.38818731	         -8.02029333	         -0.88480677	          0.90674669	          0.59156458	          8.02774964	          9.74651326	         -7.76760933	         -3.52181926	         -0.98623562	          0.12067215	          0.09685852	          0.00999999	          0.00999999	          0.01440743	          0.00999999	          0.15943738	          0.12033883	          0.21310892	          0.02013698	          0.00999999	          0.00999999	          0.00999999	          0.22732235	          0.02917608	          0.00999999	          0.00999999	          0.12045485	          0.00999999	          0.02688048	          0.50243980	          0.00999999	          0.00999999	          0.00999999	          0.00999999	          0.31258696	          0.08375693	          0.16269635	
          2.19567160	         -2.92857568	         -1.93307832	          4.27651866	          2.40743930	          0.85287409	         -0.01197341	         30.21940732	         -0.51507615	        -10.89533213	        -22.92435674	          2.40980941	          0.34639353	         -9.09582002	         -0.73878259	          0.99086203	          0.91776912	          8.33660306	         10.46180960	         -7.66730215	         -3.60585245	         -1.39705843	          0.11890283	          0.11088340	          0.00999999	          0.00999999	          0.01205994	          0.00999999	          0.14577055	          0.12730827	          0.22519795	          0.02036876	          0.00999999	          0.00999999	          0.00999999	          0.22615430	          0.02442225	          0.00999999	          0.00999999	          0.12339205	          0.00999999	          0.02250069	          0.57112390	          0.00999999	          0.02393438	          0.00999999	          0.00999999	          0.32737476	          0.10248122	          0.17145364	
          2.20735070	         -2.96390159	         -1.72416514	          4.65554692	          2.42024708	          0.85015478	         -0.01243921	         29.98403191	         -0.73810168	        -10.35617949	        -19.39153522	          2.31017097	          0.31377009	        -10.09905380	         -0.61495372	          1.04635256	          1.10503319	          8.68047465	         11.25220157	         -7.55899202	         -3.64782761	         -1.80389391	          0.11514887	          0.12857689	          0.00999999	          0.00999999	          0.01867164	          0.00999999	          0.13882420	          0.12798671	          0.23075080	          0.01704996	          0.00999999	          0.00999999	          0.00999999	          0.22567861	          0.02044298	          0.00999999	          0.00999999	          0.12683243	          0.00999999	          0.02992850	          0.62128146	          0.00999999	          0.06688800	          0.00999999	          0.00999999	          0.34077372	          0.12254390	          0.14987516	
          2.21902981	         -3.00821378	         -1.53954690	          5.02049732	          2.43312034	          0.84731927	         -0.01288360	         29.79291714	         -0.97442869	         -9.78820358	        -16.16956958	          2.24378335	          0.28885431	        -11.03249304	         -0.52067488	          1.06885748	          1.16827139	          9.01514624	         12.14146792	         -7.44555295	         -3.63675989	         -2.20826311	          0.10973895	          0.14775871	          0.00999999	          0.00999999	          0.03733168	          0.00999999	          0.14155627	          0.11931556	          0.22465115	          0.01427191	          0.00999999	          0.00999999	          0.00999999	          0.22638646	          0.01711209	          0.00999999	          0.00999999	          0.12592209	          0.00999999	          0.04491900	          0.64912933	          0.00999999	          0.12036003	          0.00999999	          0.00999999	          0.35247463	          0.14363288	          0.12545510	
          2.23070891	         -3.06123585	         -1.38530461	          5.36791666	          2.44605609	          0.84444714	         -0.01328669	         29.65706503	         -1.20680976	         -9.21639752	        -13.29405807	          2.21642167	          0.27025403	        -11.89604476	         -0.46209273	          1.05621865	          1.11146618	          9.32666982	         13.12549031	         -7.33084744	         -3.56569339	         -2.61251088	          0.09799631	          0.16270005	          0.01704997	          0.00999999	          0.05611018	          0.01066034	          0.12781055	          0.09987476	          0.21015732	          0.01194651	          0.00999999	          0.00999999	          0.00999999	          0.22860860	          0.01432391	          0.00999999	          0.00999999	          0.12771267	          0.00999999	          0.05219200	          0.65206089	          0.00999999	          0.20179769	          0.00999999	          0.00999999	          0.36196921	          0.16474453	          0.10501396	
          2.24238801	         -3.12248106	         -1.26488472	          5.69570769	          2.45904985	          0.84161296	         -0.01362405	         29.57737976	         -1.41637288	         -8.65575855	        -10.77959490	          2.23565740	          0.25684166	        -12.68000088	         -0.44268425	          1.00337706	          0.92058717	          9.60653383	         14.19709659	         -7.21981569	         -3.43219561	         -3.01894819	          0.10241300	          0.16853679	          0.01427191	          0.00999999	          0.05149688	          0.03581488	          0.12902595	          0.08360157	          0.20470259	          0.00999999	          0.00999999	          0.00999999	          0.00999999	          0.22825721	          0.01199003	          0.00999999	          0.00999999	          0.12736917	          0.00999999	          0.04368805	          0.63136548	          0.00999999	          0.28721707	          0.00999999	          0.00999999	          0.36900684	          0.18473549	          0.08790341	
          2.25406712	         -3.19027387	         -1.17761903	          6.00355505	          2.47212414	          0.83888346	         -0.01388783	         29.55253808	         -1.59462988	         -8.11600196	         -8.68166666	          2.29992804	          0.24907998	        -13.37622816	         -0.46143078	          0.90984776	          0.57909045	          9.84035169	         15.35360025	         -7.11204864	         -3.23683270	         -3.42638593	          0.10790831	          0.16974782	          0.01194651	          0.00999999	          0.04535307	          0.06841825	          0.11296848	          0.06997987	          0.20320117	          0.01108774	          0.00999999	          0.00999999	          0.00999999	          0.22958274	          0.01003642	          0.00999999	          0.00999999	          0.12423713	          0.00999999	          0.03656970	          0.58964740	          0.00999999	          0.37244391	          0.00999999	          0.00999999	          0.37270804	          0.20306655	          0.07358078	
          2.26574622	         -3.26245251	         -1.11837287	          6.29118665	          2.48531537	          0.83631564	         -0.01407439	         29.57110495	         -1.73684920	         -7.60517508	         -7.04433744	          2.40243297	          0.24529435	        -13.97694032	         -0.51328796	          0.77821632	          0.06745322	         10.01213321	         16.59470068	         -7.00495959	         -2.98535788	         -3.83108609	          0.11184593	          0.17335992	          0.00999999	          0.00999999	          0.04012825	          0.09558496	          0.12391135	          0.05857763	          0.19732633	          0.01893091	          0.00999999	          0.00999999	          0.00999999	          0.23127357	          0.00999999	          0.00999999	          0.00999999	          0.12058731	          0.00999999	          0.03061118	          0.52931375	          0.00999999	          0.43799290	          0.00999999	          0.00999999	          0.37252617	          0.21922366	          0.06159182	
          2.27742533	         -3.33682257	         -1.08043781	          6.55750961	          2.49866206	          0.83394804	         -0.01418107	         29.62229150	         -1.83955045	         -7.13093831	         -5.90697627	          2.53567473	          0.24488975	        -14.48094761	         -0.59107541	          0.60610984	         -0.62223732	         10.10274298	         17.91997776	         -6.89576306	         -2.68533711	         -4.22968430	          0.11540503	          0.17994768	          0.00999999	          0.00999999	          0.03922027	          0.11602445	          0.16216059	          0.04903323	          0.18966858	          0.01704997	          0.01124018	          0.00999999	          0.00999999	          0.23318934	          0.01664816	          0.00999999	          0.00999999	          0.11472485	          0.00999999	          0.02562352	          0.44926495	          0.00999999	          0.47864079	          0.00999999	          0.00999999	          0.36788781	          0.23258765	          0.05155630	
          2.28910443	         -3.41098755	         -1.05560671	          6.79957250	          2.51220944	          0.83179839	         -0.01420353	         29.69806725	         -1.89954275	         -6.70109300	         -5.31205852	          2.68629123	          0.24703060	        -14.89798809	         -0.68647824	          0.39288334	         -1.48013421	         10.08948748	         19.32599763	         -6.78059639	         -2.34627026	         -4.61959037	          0.12059905	          0.18705865	          0.00999999	          0.01199963	          0.04839113	          0.12944420	          0.20837342	          0.04104395	          0.17952320	          0.01427191	          0.01194651	          0.00999999	          0.00999999	          0.23535435	          0.02590714	          0.00999999	          0.00999999	          0.10340195	          0.00999999	          0.02144852	          0.37606353	          0.00999999	          0.48483961	          0.00999999	          0.00999999	          0.35860248	          0.24261208	          0.04315592	
          2.30078353	         -3.48242159	         -1.03414565	          7.01374547	          2.52601001	          0.82986637	         -0.01414067	         29.78300072	         -1.91357037	         -6.32522868	         -5.27831492	          2.82876183	          0.25041293	        -15.24033627	         -0.79094631	          0.14741330	         -2.49556206	          9.95539130	         20.80352066	         -6.65433932	         -1.97874438	         -4.99845272	          0.12856241	          0.18942056	          0.00999999	          0.01427192	          0.06631730	          0.13237654	          0.24185789	          0.03435642	          0.15628970	          0.01194651	          0.00999999	          0.00999999	          0.00999999	          0.23910308	          0.03377858	          0.00999999	          0.00999999	          0.08655406	          0.00999999	          0.01795379	          0.31478925	          0.01174670	          0.46838409	          0.00999999	          0.00999999	          0.34463572	          0.24868925	          0.03612427	
          2.31246264	         -3.54867273	         -1.00408147	          7.19557392	          2.54011786	          0.82813699	         -0.01399975	         29.84965920	         -1.88184040	         -6.02127006	         -5.78840156	          2.92171101	          0.25486163	        -15.51684140	         -0.89308901	         -0.12107923	         -3.66607280	          9.68936762	         22.34006750	         -6.51164311	         -1.59440556	         -5.36179735	          0.13288477	          0.19169979	          0.00999999	          0.01194651	          0.06976046	          0.12766826	          0.25248992	          0.02875852	          0.13082449	          0.00999999	          0.00999999	          0.00999999	          0.00999999	          0.24391785	          0.03854190	          0.00999999	          0.00999999	          0.07245129	          0.00999999	          0.01502847	          0.26349876	          0.01535683	          0.43095608	          0.00999999	          0.00999999	          0.32638090	          0.25066956	          0.03023833	
          2.32414174	         -3.60782107	         -0.95716039	          7.34041002	          2.55457316	          0.82658129	         -0.01379247	         29.86769893	         -1.80911069	         -5.80321103	         -6.81003434	          2.89461430	          0.25806713	        -15.73495796	         -0.98348557	         -0.41425547	         -4.98801878	          9.28347810	         23.92076001	         -6.34876020	         -1.20046653	         -5.70536139	          0.12252358	          0.19012041	          0.00999999	          0.00999999	          0.10287868	          0.11451529	          0.23344254	          0.02407272	          0.10950847	          0.00999999	          0.00999999	          0.01072426	          0.00999999	          0.26289282	          0.05543903	          0.00999999	          0.00999999	          0.06064637	          0.00999999	          0.01257980	          0.22056533	          0.01285465	          0.36073784	          0.00999999	          0.00999999	          0.30306366	          0.24782155	          0.02531142	
