/vscmnt/brussel_pixiu_data/_data_brussel/112/vsc11236/PredSimResults/SUBJ10mtu3D/weighted-LRposFixed/trackIG/worker_02.mot
version=1
nRows=200
nColumns=50
inDegrees=yes
endheader
                time	         pelvis_tilt	         pelvis_list	     pelvis_rotation	           pelvis_tx	           pelvis_ty	           pelvis_tz	       hip_flexion_r	     hip_adduction_r	      hip_rotation_r	        knee_angle_r	       ankle_angle_r	         mtp_angle_r	       hip_flexion_l	     hip_adduction_l	      hip_rotation_l	        knee_angle_l	       ankle_angle_l	         mtp_angle_l	    lumbar_extension	      lumbar_bending	     lumbar_rotation	 ercspn_r/activation	 intobl_r/activation	 extobl_r/activation	    abd_r/activation	    add_r/activation	hamstrings_r/activation	bifemsh_r/activation	glut_max_r/activation	iliopsoas_r/activation	rect_fem_r/activation	  vasti_r/activation	gastroc_r/activation	 soleus_r/activation	tib_ant_r/activation	 ercspn_l/activation	 intobl_l/activation	 extobl_l/activation	    abd_l/activation	    add_l/activation	hamstrings_l/activation	bifemsh_l/activation	glut_max_l/activation	iliopsoas_l/activation	rect_fem_l/activation	  vasti_l/activation	gastroc_l/activation	 soleus_l/activation	tib_ant_l/activation	
          0.00000000	         -4.20173942	         -2.96571070	         10.02701779	          0.00000000	          0.82903362	         -0.01396908	         27.94616184	         -0.75586076	         -7.80242644	         -3.45426004	          6.87404141	          0.25180029	        -13.40617566	         -3.29138128	          5.90309097	         -7.88095344	          9.69653641	         24.74288681	         -7.61468419	          1.16629483	         -3.68371417	          0.09003337	          0.16339232	          0.02068637	          0.01190094	          0.10788533	          0.03540782	          0.13796031	          0.00999999	          0.06948485	          0.01235936	          0.00999999	          0.01347307	          0.01004332	          0.26032391	          0.02931839	          0.00999999	          0.00999999	          0.04032561	          0.02468677	          0.02383809	          0.13025186	          0.03381197	          0.30819215	          0.00999999	          0.00999999	          0.24397232	          0.23636711	          0.01685560	
          0.01140569	         -4.27091833	         -2.77279143	          9.83008470	          0.01516062	          0.82738940	         -0.01356547	         28.00638570	         -0.52437429	         -6.68875113	         -5.00699076	          6.59311134	          0.25295263	        -13.50219790	         -3.07085697	          5.20775367	         -9.62259484	          9.15974262	         26.37235589	         -7.40819601	          1.51769101	         -3.86430452	          0.07565227	          0.13729354	          0.01738212	          0.00999999	          0.18743794	          0.02975210	          0.11724069	          0.06064640	          0.05838598	          0.01038519	          0.00999999	          0.01938589	          0.01416324	          0.26282188	          0.07927906	          0.00999999	          0.00999999	          0.03388437	          0.07363800	          0.02003041	          0.10944662	          0.02841115	          0.32616909	          0.00999999	          0.00999999	          0.20500243	          0.22228997	          0.01416324	
          0.02281137	         -4.32434170	         -2.59102455	          9.57614130	          0.03065115	          0.82585142	         -0.01313401	         27.88124467	         -0.32783776	         -5.54185466	         -6.53437151	          6.30766151	          0.24122584	        -13.45951633	         -2.84841626	          4.45772628	        -11.68193713	          8.53320144	         27.94523002	         -7.17824939	          1.89968089	         -4.02250666	          0.06515381	          0.11942445	          0.01460566	          0.04956095	          0.15749833	          0.04323960	          0.09851375	          0.06271499	          0.04905994	          0.00999999	          0.00999999	          0.01628937	          0.01190094	          0.29595820	          0.09212097	          0.00999999	          0.00999999	          0.02847199	          0.06567279	          0.01683094	          0.09196463	          0.02387302	          0.31257921	          0.00999999	          0.00999999	          0.17225723	          0.20585223	          0.01190094	
          0.03421706	         -4.36444843	         -2.41663100	          9.26388495	          0.04626420	          0.82457754	         -0.01260465	         27.60729082	         -0.11989437	         -4.47622328	         -7.81172892	          5.92324265	          0.23230037	        -13.20800916	         -2.62710678	          3.65773822	        -14.13699632	          7.77127657	         29.39700092	         -6.94811081	          2.29550177	         -4.15709830	          0.07925719	          0.10034869	          0.01227268	          0.09836896	          0.16111497	          0.04452995	          0.08277807	          0.07573610	          0.04122356	          0.00999999	          0.00999999	          0.01368745	          0.00999999	          0.31631642	          0.11377462	          0.00999999	          0.00999999	          0.02392414	          0.06870966	          0.01779095	          0.07727505	          0.02005976	          0.30074139	          0.00999999	          0.00999999	          0.14474245	          0.17432534	          0.00999999	
          0.04562275	         -4.39188144	         -2.25010782	          8.89834437	          0.06180228	          0.82371118	         -0.01198312	         27.27484551	          0.10975480	         -3.51958308	         -8.99174662	          5.53869658	          0.22145686	        -12.69890622	         -2.41276046	          2.79956776	        -17.03225634	          6.86898606	         30.55609332	         -6.73601309	          2.70527783	         -4.26628157	          0.07552546	          0.08431991	          0.01031236	          0.12160752	          0.16712817	          0.04329816	          0.06955586	          0.08290192	          0.03463888	          0.00999999	          0.03091688	          0.01150115	          0.00999999	          0.33849279	          0.13630754	          0.00999999	          0.00999999	          0.02010272	          0.08296782	          0.02057078	          0.06493184	          0.01685560	          0.27736549	          0.00999999	          0.00999999	          0.12162262	          0.14648022	          0.00999999	
          0.05702843	         -4.40720870	         -2.09167355	          8.48228790	          0.07714895	          0.82334441	         -0.01128331	         26.90885015	          0.35402274	         -2.67136428	        -10.11784215	          5.23447970	          0.21031207	        -11.91081560	         -2.21659638	          1.86445043	        -20.36960364	          5.83037011	         31.20604826	         -6.55088900	          3.12695529	         -4.34958300	          0.06409430	          0.07085143	          0.00999999	          0.13275687	          0.14791535	          0.04632878	          0.05844565	          0.06965993	          0.02910599	          0.00999999	          0.08259882	          0.00999999	          0.00999999	          0.34865803	          0.14812172	          0.00999999	          0.00999999	          0.01689169	          0.09355106	          0.02027128	          0.05456023	          0.01416324	          0.24179671	          0.00999999	          0.00999999	          0.10219575	          0.12308282	          0.00999999	
          0.06843412	         -4.41238946	         -1.93521392	          8.01620393	          0.09223402	          0.82356206	         -0.01052492	         26.47654685	          0.60012996	         -1.91786555	        -11.12716709	          5.05287113	          0.19772601	        -10.84788229	         -2.04869553	          0.84681481	        -24.09650502	          4.58936258	         31.23003006	         -6.39887760	          3.55171632	         -4.40682972	          0.05385646	          0.05953427	          0.00999999	          0.13660364	          0.12428871	          0.04651128	          0.04911008	          0.05855314	          0.02445687	          0.00999999	          0.13695396	          0.00999999	          0.00999999	          0.35164424	          0.15607733	          0.00999999	          0.00999999	          0.01419357	          0.10869989	          0.01829819	          0.04584528	          0.01190094	          0.20317433	          0.00999999	          0.00999999	          0.08587194	          0.10342270	          0.00999999	
          0.07983981	         -4.40978955	         -1.77058126	          7.49696331	          0.10702334	          0.82442654	         -0.00973539	         25.92537913	          0.83341271	         -1.24546095	        -11.92344787	          5.01473288	          0.18758319	         -9.53964676	         -1.91278258	         -0.23964187	        -28.09441526	          3.00901435	         30.63993691	         -6.28297440	          3.96823227	         -4.43439945	          0.04525393	          0.05002482	          0.00999999	          0.13681444	          0.10443598	          0.04790236	          0.04126569	          0.04920040	          0.02055035	          0.00999999	          0.16436107	          0.00999999	          0.00999999	          0.34291787	          0.15728913	          0.00999999	          0.00999999	          0.01192642	          0.12344898	          0.01632099	          0.04512948	          0.00999999	          0.17072113	          0.00999999	          0.00999999	          0.07215555	          0.08690291	          0.01701649	
          0.09124549	         -4.40078723	         -1.58419618	          6.92491134	          0.12149887	          0.82589608	         -0.00893755	         25.23832353	          1.03559640	         -0.62320006	        -12.47283891	          5.09975564	          0.18147900	         -8.03024381	         -1.80634108	         -1.37435511	        -32.25578415	          1.18991607	         29.19830040	         -6.20538416	          4.36054359	         -4.43092035	          0.03802548	          0.04203431	          0.00999999	          0.14625426	          0.08775434	          0.04684918	          0.03467429	          0.04134158	          0.01726783	          0.00999999	          0.15684306	          0.01103015	          0.01175410	          0.32673866	          0.16542515	          0.02611448	          0.00999999	          0.01002140	          0.10715062	          0.01416324	          0.03792091	          0.00999999	          0.14345171	          0.00999999	          0.00999999	          0.06063008	          0.07302184	          0.07205405	
          0.10265118	         -4.38513660	         -1.37507294	          6.31286496	          0.13563570	          0.82780451	         -0.00813906	         24.45080069	          1.19929387	         -0.02386008	        -12.83042310	          5.26860919	          0.18107398	         -6.38079495	         -1.73463592	         -2.53767243	        -36.50282820	         -0.46568804	         26.54884686	         -6.16717121	          4.71936005	         -4.40063609	          0.03195164	          0.03532014	          0.00999999	          0.15197408	          0.07373727	          0.04461054	          0.02913574	          0.04011855	          0.01450962	          0.00999999	          0.15600602	          0.00999999	          0.00999999	          0.31093081	          0.18394984	          0.05720147	          0.00999999	          0.00999999	          0.09003537	          0.01190094	          0.03186378	          0.00999999	          0.12053806	          0.00999999	          0.00999999	          0.05094559	          0.06135800	          0.17172463	
          0.11405687	         -4.36195556	         -1.14285041	          5.66983776	          0.14944731	          0.82996164	         -0.00734153	         23.58684085	          1.31948789	          0.55960922	        -13.03155723	          5.47422184	          0.18486703	         -4.69476137	         -1.67168738	         -3.70508786	        -40.63710325	         -1.25586406	         23.08314335	         -6.16428803	          5.03175833	         -4.34158771	          0.02684798	          0.02967843	          0.00999999	          0.14554965	          0.06195915	          0.04334663	          0.02448186	          0.04055652	          0.01219199	          0.00999999	          0.14625736	          0.00999999	          0.00999999	          0.29206194	          0.19050034	          0.06204899	          0.01416325	          0.00999999	          0.07565395	          0.00999999	          0.06375134	          0.00999999	          0.10777708	          0.00999999	          0.00999999	          0.04280801	          0.05155724	          0.18899854	
          0.12546255	         -4.33105903	         -0.88721240	          5.00070022	          0.16297159	          0.83230076	         -0.00655741	         22.67046546	          1.39247863	          1.13169724	        -13.12359105	          5.72028739	          0.19441726	         -3.05336759	         -1.58188769	         -4.88264111	        -44.33422610	         -1.11362020	         19.98636188	         -6.19012106	          5.29239386	         -4.25540317	          0.02255953	          0.02493787	          0.00999999	          0.13813117	          0.05206237	          0.04236586	          0.02057136	          0.03819321	          0.01024455	          0.00999999	          0.13327647	          0.00999999	          0.00999999	          0.27123119	          0.18442848	          0.06498833	          0.01190094	          0.00999999	          0.06356968	          0.00999999	          0.08715207	          0.00999999	          0.10608676	          0.00999999	          0.00999999	          0.03597026	          0.04332196	          0.20588930	
          0.13686824	         -4.29232520	         -0.60801524	          4.31344124	          0.17624285	          0.83480478	         -0.00577672	         21.72019585	          1.41763621	          1.70407176	        -13.13863301	          5.98420797	          0.21523091	         -1.46254813	         -1.47391861	         -6.08550761	        -47.53805740	         -0.70026046	         17.30849466	         -6.24002428	          5.49765189	         -4.14775705	          0.01895608	          0.02095452	          0.00999999	          0.12999985	          0.04374641	          0.04005255	          0.01728548	          0.03801697	          0.00999999	          0.00999999	          0.12160076	          0.00999999	          0.00999999	          0.25199972	          0.17529194	          0.07441848	          0.01000000	          0.00999999	          0.05341565	          0.00999999	          0.10515896	          0.00999999	          0.11110623	          0.00999999	          0.00999999	          0.03361138	          0.03640211	          0.19953404	
          0.14827393	         -4.24576492	         -0.30289707	          3.61695300	          0.18928515	          0.83742662	         -0.00499256	         20.74442021	          1.39079632	          2.27827189	        -13.08765752	          6.23444432	          0.25112294	          0.08273721	         -1.35358116	         -7.31762473	        -50.25339854	         -0.23018497	         14.99323800	         -6.31136490	          5.64186236	         -4.02240823	          0.01592821	          0.01760744	          0.00999999	          0.12173497	          0.03675876	          0.03801456	          0.01452445	          0.03697543	          0.00999999	          0.00999999	          0.11204689	          0.00999999	          0.00999999	          0.23500767	          0.16565292	          0.08442274	          0.00999999	          0.00999999	          0.04488353	          0.00999999	          0.13414797	          0.00999999	          0.11620502	          0.00999999	          0.00999999	          0.03271393	          0.03058757	          0.19501838	
          0.15967961	         -4.19157719	          0.02907411	          2.91940382	          0.20211328	          0.84010737	         -0.00419905	         19.74743342	          1.30916232	          2.85106884	        -12.97557650	          6.45661541	          0.30419329	          1.59376314	         -1.22577032	         -8.57680023	        -52.51485254	          0.25121315	         12.98573810	         -6.40256399	          5.72117161	         -3.88202100	          0.01338399	          0.01479499	          0.00999999	          0.11198288	          0.03088725	          0.03713442	          0.01220445	          0.03632137	          0.00999999	          0.00999999	          0.10487398	          0.00999999	          0.00999999	          0.22048477	          0.15620892	          0.09132066	          0.00999999	          0.00999999	          0.04440320	          0.00999999	          0.16922744	          0.00999999	          0.12031950	          0.00999999	          0.00999999	          0.03164451	          0.02570180	          0.19151211	
          0.17108530	         -4.13012707	          0.38750982	          2.22641816	          0.21473836	          0.84278959	         -0.00339715	         18.73191141	          1.17135460	          3.41725191	        -12.80544511	          6.64878303	          0.37489496	          3.08296535	         -1.09033478	         -9.85419545	        -54.36660723	          0.72709390	         11.24592460	         -6.51205637	          5.73494989	         -3.72792592	          0.01124615	          0.01243177	          0.00999999	          0.10362070	          0.02595361	          0.03609852	          0.01025503	          0.03544070	          0.00999999	          0.00999999	          0.09854915	          0.00999999	          0.00999999	          0.20779626	          0.14849683	          0.09852378	          0.00999999	          0.00999999	          0.04510465	          0.00999999	          0.21358233	          0.00999999	          0.12390265	          0.00999999	          0.00999999	          0.03085439	          0.02159643	          0.18946017	
          0.18249099	         -4.06191252	          0.76861228	          1.54266558	          0.22716845	          0.84542139	         -0.00258952	         17.70103021	          0.98005719	          3.97246106	        -12.58182893	          6.81569401	          0.46339937	          4.56373954	         -0.94945183	        -11.13983983	        -55.86070185	          1.19645503	          9.73710102	         -6.63817068	          5.68687873	         -3.56106057	          0.00999999	          0.01044604	          0.00999999	          0.09660806	          0.02180802	          0.03425563	          0.00999999	          0.03418838	          0.00999999	          0.00999999	          0.09258876	          0.00999999	          0.00999999	          0.19610490	          0.14233031	          0.10539335	          0.01202430	          0.00999999	          0.04633352	          0.00999999	          0.26541210	          0.00999999	          0.12676323	          0.00999999	          0.00999999	          0.03009836	          0.01814681	          0.18871023	
          0.19389667	         -3.98766899	          1.16652567	          0.87227545	          0.23940624	          0.84795784	         -0.00177796	         16.65990413	          0.74102286	          4.51394039	        -12.31229437	          6.96288365	          0.57217035	          6.04999391	         -0.80846284	        -12.42469335	        -57.05222222	          1.66121924	          8.42859875	         -6.77988078	          5.58291577	         -3.38263958	          0.00999999	          0.00999999	          0.00999999	          0.09132943	          0.01832461	          0.03111549	          0.00999999	          0.03180943	          0.00999999	          0.00999999	          0.08665224	          0.00999999	          0.00999999	          0.18419875	          0.13526313	          0.11319225	          0.02082358	          0.00999999	          0.04777705	          0.00999999	          0.32250982	          0.00999999	          0.12871703	          0.02837086	          0.00999999	          0.02896308	          0.01524821	          0.18896433	
          0.20530236	         -3.90855009	          1.57362492	          0.21891812	          0.25144689	          0.85036247	         -0.00096311	         15.61469128	          0.46272258	          5.04090885	        -12.00475327	          7.09354906	          0.70717828	          7.55439900	         -0.67631084	        -13.70160570	        -57.98703826	          2.12601771	          7.29332992	         -6.93772602	          5.43102966	         -3.19443345	          0.00999999	          0.00999999	          0.00999999	          0.08997313	          0.01539760	          0.02614539	          0.00999999	          0.02832637	          0.00999999	          0.00999999	          0.08134661	          0.00999999	          0.00999999	          0.17220496	          0.13028626	          0.12220862	          0.02822119	          0.00999999	          0.04383610	          0.00999999	          0.38054815	          0.00999999	          0.13047058	          0.04134666	          0.00999999	          0.02752794	          0.01281260	          0.18972148	
          0.21670805	         -3.82584925	          1.98141538	         -0.41365224	          0.26328656	          0.85260656	         -0.00014246	         14.56866218	          0.15493965	          5.55174503	        -11.66082487	          7.19679098	          0.87958162	          9.08824334	         -0.56727328	        -14.96628221	        -58.71238519	          2.59515761	          6.30821256	         -7.11217975	          5.23950760	         -2.99857581	          0.00999999	          0.00999999	          0.00999999	          0.09187269	          0.01293813	          0.02196917	          0.00999999	          0.02576581	          0.00999999	          0.00999999	          0.07497368	          0.02639598	          0.00999999	          0.16393497	          0.12827575	          0.12796011	          0.03371757	          0.00999999	          0.03683413	          0.00999999	          0.43402090	          0.00999999	          0.13211668	          0.04837793	          0.00999999	          0.02543786	          0.01076603	          0.19079151	
          0.22811373	         -3.74082944	          2.38222999	         -1.02254273	          0.27492335	          0.85467045	          0.00068768	         13.52929398	         -0.17238203	          6.04305214	        -11.29201225	          7.26877401	          1.10169347	         10.65956157	         -0.49658691	        -16.21528687	        -59.27310945	          3.06968902	          5.45346148	         -7.30311739	          5.01570608	         -2.79745465	          0.00999999	          0.00999999	          0.00999999	          0.09402472	          0.01087151	          0.01846001	          0.00999999	          0.02276751	          0.00999999	          0.00999999	          0.07116613	          0.04559231	          0.00999999	          0.15598970	          0.12771502	          0.13096253	          0.03711195	          0.00999999	          0.03095058	          0.00999999	          0.47438648	          0.00999999	          0.13374907	          0.05333477	          0.00999999	          0.02137466	          0.00999999	          0.19156581	
          0.23951942	         -3.65468694	          2.77001262	         -1.60646006	          0.28636857	          0.85654452	          0.00152816	         12.50023105	         -0.51089441	          6.51157985	        -10.90936925	          7.33185818	          1.37985973	         12.26745677	         -0.47474042	        -17.44384889	        -59.69358932	          3.54452703	          4.71195670	         -7.50850264	          4.76614119	         -2.59319958	          0.00999999	          0.00999999	          0.00999999	          0.09580948	          0.00999999	          0.01551138	          0.00999999	          0.01963665	          0.00999999	          0.00999999	          0.06783143	          0.06311042	          0.00999999	          0.14809771	          0.12898416	          0.13135425	          0.04077430	          0.00999999	          0.02600682	          0.00999999	          0.48908483	          0.00999999	          0.13554388	          0.05809729	          0.00999999	          0.01796046	          0.00999999	          0.19351462	
          0.25092511	         -3.56866826	          3.13993236	         -2.16583954	          0.29764864	          0.85822939	          0.00237796	         11.47864773	         -0.85402623	          6.95378888	        -10.51189946	          7.39565745	          1.71462673	         13.89898118	         -0.50597917	        -18.64594100	        -59.96425103	          4.01148906	          4.06886382	         -7.72437608	          4.49686908	         -2.38780919	          0.00999999	          0.00999999	          0.00999999	          0.09570023	          0.00999999	          0.01303374	          0.00999999	          0.01762007	          0.00999999	          0.02328187	          0.06323561	          0.07944915	          0.00999999	          0.14074747	          0.12825420	          0.12741847	          0.04880096	          0.00999999	          0.02185273	          0.00999999	          0.43714529	          0.00999999	          0.13762329	          0.06210184	          0.00999999	          0.01509163	          0.00999999	          0.19603942	
          0.26233079	         -3.48434915	          3.48814168	         -2.70334667	          0.30880049	          0.85973636	          0.00323227	         10.45709601	         -1.19717366	          7.36455538	        -10.08758808	          7.45619703	          2.10164873	         15.52495520	         -0.58581495	        -19.81496008	        -60.02271170	          4.46942004	          3.51121100	         -7.94605577	          4.21448460	         -2.18288168	          0.00999999	          0.00999999	          0.00999999	          0.09336839	          0.00999999	          0.01095185	          0.00999999	          0.01662539	          0.00999999	          0.05153394	          0.05760751	          0.09483944	          0.00999999	          0.13463809	          0.12494352	          0.12282545	          0.05985144	          0.00999999	          0.01836218	          0.00999999	          0.36731973	          0.00999999	          0.13863602	          0.06178104	          0.00999999	          0.01268103	          0.00999999	          0.19897410	
          0.27373648	         -3.40359013	          3.81112644	         -3.22250352	          0.31986046	          0.86107867	          0.00408420	          9.42675917	         -1.53653789	          7.74038433	         -9.62126797	          7.50842971	          2.53122596	         17.11073541	         -0.70449949	        -20.94313445	        -59.78831687	          4.91596350	          3.02731929	         -8.16961626	          3.92609342	         -1.97956562	          0.00999999	          0.00999999	          0.00999999	          0.09032869	          0.00999999	          0.00999999	          0.00999999	          0.01666280	          0.00999999	          0.07480059	          0.05115841	          0.10977208	          0.00999999	          0.12999636	          0.12149145	          0.11964980	          0.06626111	          0.00999999	          0.01542917	          0.00999999	          0.30864746	          0.00999999	          0.14001989	          0.06135278	          0.00999999	          0.01065548	          0.00999999	          0.20206292	
          0.28514217	         -3.32813507	          4.10474203	         -3.72575304	          0.33086096	          0.86226206	          0.00492718	          8.38053046	         -1.86752393	          8.08037676	         -9.10258024	          7.55097475	          2.99004376	         18.62705152	         -0.85197151	        -22.01949047	        -59.19967309	          5.34368835	          2.60665598	         -8.39173358	          3.63926248	         -1.77845552	          0.00999999	          0.00999999	          0.00999999	          0.08708248	          0.00999999	          0.00999999	          0.00999999	          0.01664132	          0.00999999	          0.09396332	          0.04481645	          0.12438468	          0.00999999	          0.12731205	          0.11842156	          0.11701684	          0.06903647	          0.00999999	          0.01296466	          0.00999999	          0.25934696	          0.00999999	          0.14060756	          0.05990662	          0.00999999	          0.00999999	          0.00999999	          0.20643669	
          0.29654785	         -3.25947390	          4.36473944	         -4.21449128	          0.34183243	          0.86328255	          0.00575601	          7.31254233	         -2.18530472	          8.38519197	         -8.52391558	          7.58182461	          3.46462892	         20.05135564	         -1.01882835	        -23.03040124	        -58.22146922	          5.74649126	          2.23864722	         -8.60917740	          3.36116894	         -1.57956476	          0.00999999	          0.00999999	          0.00999999	          0.08388716	          0.00999999	          0.00999999	          0.00999999	          0.01666365	          0.00999999	          0.10863001	          0.03889474	          0.13889785	          0.00999999	          0.12675179	          0.11556320	          0.11437859	          0.06884627	          0.00999999	          0.01089380	          0.00999999	          0.21792126	          0.00999999	          0.13996742	          0.05837666	          0.00999999	          0.00999999	          0.00999999	          0.21110755	
          0.30795354	         -3.19880216	          4.58700455	         -4.68951184	          0.35280560	          0.86412784	          0.00656647	          6.21723043	         -2.48520911	          8.65535491	         -7.87943779	          7.60096537	          3.94305570	         21.36599944	         -1.19650889	        -23.96089939	        -56.84030831	          6.12382806	          1.91356996	         -8.81858097	          3.09855494	         -1.38234674	          0.00999999	          0.00999999	          0.00999999	          0.08074653	          0.00999999	          0.00999999	          0.00999999	          0.01711671	          0.00999999	          0.11834445	          0.03350245	          0.15347375	          0.00999999	          0.12825830	          0.11305041	          0.11133222	          0.06446003	          0.00999999	          0.00999999	          0.00999999	          0.18311253	          0.00999999	          0.13772256	          0.05667123	          0.00999999	          0.00999999	          0.00999999	          0.21553145	
          0.31935923	         -3.14693788	          4.76780831	         -5.15122730	          0.36381493	          0.86477975	          0.00735394	          5.08849667	         -2.76314193	          8.89085404	         -7.16408064	          7.60993503	          4.41580706	         22.55635388	         -1.37697870	        -24.79587437	        -55.05952910	          6.47023349	          1.62310793	         -9.01591125	          2.85784297	         -1.18545491	          0.00999999	          0.00999999	          0.00999999	          0.07875468	          0.00999999	          0.00999999	          0.00999999	          0.01799456	          0.00999999	          0.12019778	          0.02880118	          0.16826983	          0.00999999	          0.13151397	          0.11121124	          0.10774570	          0.05416378	          0.00999999	          0.00999999	          0.00999999	          0.15386382	          0.00999999	          0.13423825	          0.05419259	          0.00999999	          0.00999999	          0.00999999	          0.21916472	
          0.33076491	         -3.10423414	          4.90405421	         -5.59958675	          0.37490053	          0.86521586	          0.00811324	          3.91953422	         -3.01581518	          9.09268204	         -6.37367568	          7.61104888	          4.87621428	         23.61025146	         -1.55316941	        -25.52116566	        -52.89662563	          6.77282094	          1.36304117	         -9.19606661	          2.64496704	         -0.98688023	          0.00999999	          0.00999999	          0.00999999	          0.07657855	          0.00999999	          0.00999999	          0.00999999	          0.01767182	          0.00999999	          0.11411349	          0.02517586	          0.18350130	          0.00999999	          0.13599084	          0.11113970	          0.10347346	          0.04551216	          0.00999999	          0.00999999	          0.00999999	          0.12928703	          0.00999999	          0.13150085	          0.05227977	          0.00999999	          0.00999999	          0.00999999	          0.22116154	
          0.34217060	         -3.07070918	          4.99353346	         -6.03412047	          0.38610043	          0.86541058	          0.00884279	          2.70658523	         -3.24018633	          9.26641061	         -5.51077026	          7.60796996	          5.32089905	         24.51984589	         -1.71987852	        -26.12288987	        -50.37899877	          7.01450957	          1.13549041	         -9.35405707	          2.46414179	         -0.78566392	          0.00999999	          0.00999999	          0.00999999	          0.07461573	          0.00999999	          0.00999999	          0.00999999	          0.01484909	          0.00999999	          0.09606379	          0.02355035	          0.19940225	          0.00999999	          0.14115254	          0.11212890	          0.09939845	          0.03824246	          0.00999999	          0.00999999	          0.00999999	          0.10863591	          0.00999999	          0.13231924	          0.05269312	          0.01061391	          0.00999999	          0.00999999	          0.22103677	
          0.35357629	         -3.04626392	          5.03550649	         -6.45423993	          0.39744445	          0.86533644	          0.00954464	          1.45215818	         -3.43381523	          9.41964615	         -4.58935762	          7.60805749	          5.75021097	         25.28295926	         -1.87240780	        -26.58385906	        -47.53529270	          7.17915393	          0.94628963	         -9.48576675	          2.31699553	         -0.58192677	          0.00999999	          0.00999999	          0.00999999	          0.07287819	          0.00999999	          0.00999999	          0.00999999	          0.01247723	          0.00999999	          0.08071945	          0.01978863	          0.21582410	          0.00999999	          0.14606899	          0.11447737	          0.09768568	          0.03213397	          0.00999999	          0.00999999	          0.00999999	          0.09128341	          0.00999999	          0.13397418	          0.05029706	          0.01004205	          0.00999999	          0.00999999	          0.21941198	
          0.36498197	         -3.03077962	          5.03202638	         -6.85923058	          0.40895355	          0.86496549	          0.01022420	          0.16404168	         -3.59625225	          9.55481774	         -3.63030948	          7.61801788	          6.16960826	         25.90411688	         -2.00602329	        -26.88175759	        -44.39851869	          7.26317572	          0.79780928	         -9.58783001	          2.20086960	         -0.37628862	          0.00999999	          0.00999999	          0.00999999	          0.07133927	          0.00999999	          0.00999999	          0.00999999	          0.01048423	          0.00999999	          0.06782607	          0.01662778	          0.23281707	          0.00999999	          0.15108254	          0.11602818	          0.09941773	          0.02700118	          0.00999999	          0.00999999	          0.00999999	          0.07670264	          0.00999999	          0.13877756	          0.04914011	          0.00999999	          0.00999999	          0.00999999	          0.21812927	
          0.37638766	         -3.02421257	          4.98737677	         -7.24845208	          0.42064485	          0.86427378	          0.01088659	         -1.15109084	         -3.72946449	          9.67280598	         -2.65056364	          7.64465556	          6.58594483	         26.39098991	         -2.11514253	        -26.98871586	        -41.00195582	          7.28210187	          0.68335571	         -9.65733205	          2.11017326	         -0.16864623	          0.01002161	          0.00999999	          0.00999999	          0.06485694	          0.00999999	          0.00999999	          0.01000000	          0.00999999	          0.00999999	          0.05699215	          0.01397181	          0.25003056	          0.00999999	          0.15516770	          0.11683408	          0.10121088	          0.02268826	          0.00999999	          0.01830538	          0.00999999	          0.06445087	          0.00999999	          0.14468981	          0.04559662	          0.00999999	          0.00999999	          0.00999999	          0.21826917	
          0.38779335	         -3.02658016	          4.90748517	         -7.62112083	          0.43253188	          0.86324478	          0.01153071	         -2.48174125	         -3.83683088	          9.77655856	         -1.67710299	          7.70245295	          7.00707695	         26.75122694	         -2.19247824	        -26.88181955	        -37.38316107	          7.26309118	          0.59151553	         -9.69187975	          2.03840476	          0.04113215	          0.01060980	          0.00999999	          0.00999999	          0.06033310	          0.00999999	          0.00999999	          0.09319702	          0.00999999	          0.00999999	          0.04788875	          0.01174008	          0.26787525	          0.00999999	          0.15684634	          0.11466826	          0.10056671	          0.01906425	          0.00999999	          0.03079096	          0.00999999	          0.05415608	          0.00999999	          0.15260749	          0.04352738	          0.00999999	          0.00999999	          0.00999999	          0.21973953	
          0.39919903	         -3.03798980	          4.79955699	         -7.97733235	          0.44461546	          0.86187188	          0.01214809	         -3.79929543	         -3.92122682	          9.87088561	         -0.76684065	          7.81416638	          7.44543720	         26.99489658	         -2.23264976	        -26.54971461	        -33.59262916	          7.22719626	          0.51442648	         -9.69084126	          1.97922540	          0.25390386	          0.01132264	          0.00999999	          0.00999999	          0.05523929	          0.00999999	          0.00999999	          0.18450032	          0.00999999	          0.00999999	          0.04023944	          0.00999999	          0.28578316	          0.00999999	          0.15589154	          0.11252210	          0.10400108	          0.01601910	          0.00999999	          0.04456370	          0.00999999	          0.04550569	          0.00999999	          0.16243350	          0.04206783	          0.00999999	          0.00999999	          0.00999999	          0.22188984	
          0.41060472	         -3.05860242	          4.67061786	         -8.31586696	          0.45689330	          0.86016213	          0.01272839	         -5.07575453	         -3.98507478	          9.95785248	          0.02840255	          7.99405865	          7.91649999	         27.13549325	         -2.23507164	        -25.99144767	        -29.69483277	          7.18543482	          0.44958072	         -9.65434209	          1.92641610	          0.47008959	          0.00999999	          0.00999999	          0.00999999	          0.05240949	          0.00999999	          0.00999999	          0.26844551	          0.00999999	          0.01490245	          0.03381197	          0.00999999	          0.30343550	          0.00999999	          0.15153866	          0.11033768	          0.10963573	          0.01346036	          0.00999999	          0.05562733	          0.00999999	          0.03823703	          0.00999999	          0.17174061	          0.04129626	          0.00999999	          0.00999999	          0.00999999	          0.22429756	
          0.42201040	         -3.08871092	          4.52788739	         -8.63488188	          0.46935879	          0.85813726	          0.01326255	         -6.28815164	         -4.03117757	         10.03221955	          0.66840697	          8.25202609	          8.43553903	         27.19117951	         -2.20423883	        -25.21695855	        -25.76771566	          7.13961354	          0.39575751	         -9.58371356	          1.87278160	          0.69034654	          0.00999999	          0.00999999	          0.00999999	          0.05490045	          0.00999999	          0.00999999	          0.34074740	          0.01573544	          0.04043785	          0.02841115	          0.00999999	          0.32048906	          0.00999999	          0.14304195	          0.10094344	          0.11896679	          0.01440243	          0.00999999	          0.06672131	          0.00999999	          0.03212940	          0.00999999	          0.18163675	          0.04148123	          0.00999999	          0.00999999	          0.00999999	          0.22684159	
          0.43341609	         -3.12893821	          4.37960622	         -8.93226386	          0.48199027	          0.85583696	          0.01373641	         -7.41168903	         -4.06219257	         10.08066041	          1.11671669	          8.57612807	          9.03350654	         27.18588024	         -2.14595888	        -24.24987732	        -21.89976628	          7.08955014	          0.35174269	         -9.48358292	          1.81039337	          0.91619743	          0.00999999	          0.00999999	          0.00999999	          0.06213171	          0.00999999	          0.01742179	          0.39734782	          0.02086786	          0.09391323	          0.02387302	          0.00999999	          0.33592349	          0.02760334	          0.13206224	          0.09547685	          0.13103625	          0.03076461	          0.00999999	          0.07084377	          0.00999999	          0.02699734	          0.00999999	          0.18537142	          0.04103961	          0.00999999	          0.00999999	          0.00999999	          0.22968628	
          0.44482178	         -3.18009892	          4.23334940	         -9.20615758	          0.49475225	          0.85332742	          0.01414511	         -8.42229153	         -4.07923780	         10.09379002	          1.34409604	          8.93645318	          9.75318816	         27.14888227	         -2.07052428	        -23.12153890	        -18.19329657	          7.03712306	          0.31656016	         -9.36168620	          1.72929599	          1.14645683	          0.00999999	          0.00999999	          0.00999999	          0.07087186	          0.00999999	          0.02452140	          0.43820492	          0.02618322	          0.15139309	          0.02005976	          0.00999999	          0.34892460	          0.05679105	          0.11432502	          0.09135257	          0.14722039	          0.04595306	          0.00999999	          0.07223943	          0.00999999	          0.02268504	          0.00999999	          0.18674925	          0.04461795	          0.00999999	          0.00999999	          0.00999999	          0.23312613	
          0.45622746	         -3.24274332	          4.09465817	         -9.45421505	          0.50761700	          0.85069614	          0.01448637	         -9.30975119	         -4.08332080	         10.06159313	          1.34327217	          9.30848704	         10.61945947	         27.10871540	         -1.98815829	        -21.86791352	        -14.75265115	          6.98789752	          0.28939700	         -9.22561776	          1.62063357	          1.37967230	          0.00999999	          0.00999999	          0.00999999	          0.08096260	          0.00999999	          0.03035381	          0.46097586	          0.02939714	          0.20583608	          0.01685560	          0.00999999	          0.35881114	          0.08883671	          0.09606380	          0.08766124	          0.16201893	          0.05937276	          0.00999999	          0.06979205	          0.00999999	          0.01906154	          0.00999999	          0.18407164	          0.04847569	          0.01000000	          0.00999999	          0.00999999	          0.23649022	
          0.46763315	         -3.31694647	          3.96733994	         -9.67420294	          0.52056887	          0.84803323	          0.01475755	        -10.07540256	         -4.07616064	          9.97553661	          1.12155455	          9.68249938	         11.62557142	         27.08951289	         -1.90570094	        -20.52185128	        -11.66823277	          6.94950168	          0.26940590	         -9.08172537	          1.47764931	          1.61476685	          0.00999999	          0.00999999	          0.00999999	          0.09051094	          0.00999999	          0.03550071	          0.46534927	          0.03176830	          0.25326222	          0.01416324	          0.00999999	          0.36536330	          0.12088649	          0.08071945	          0.08509304	          0.17302318	          0.06993989	          0.00999999	          0.06422991	          0.00999999	          0.01601682	          0.00999999	          0.17734051	          0.05276028	          0.01189175	          0.00999999	          0.00999999	          0.23945938	
          0.47903884	         -3.40215823	          3.85321533	         -9.86480092	          0.53360492	          0.84541383	          0.01495821	        -10.72546649	         -4.05845253	          9.82642152	          0.69235794	         10.04448854	         12.75292441	         27.10419079	         -1.82545845	        -19.10857570	         -8.99018668	          6.92546870	          0.25555363	         -8.93453972	          1.29616798	          1.85067288	          0.00999999	          0.00999999	          0.00999999	          0.09832943	          0.00999999	          0.03945798	          0.45185700	          0.03344770	          0.29214797	          0.01190094	          0.00999999	          0.36838998	          0.15136504	          0.06782607	          0.08337476	          0.17990573	          0.07523900	          0.00999999	          0.05837609	          0.00999999	          0.01345844	          0.00999999	          0.16796183	          0.04973344	          0.01355452	          0.00999999	          0.00999999	          0.24196829	
          0.49044452	         -3.49706319	          3.75211786	        -10.02513310	          0.54673598	          0.84289191	          0.01508802	        -11.26921203	         -4.02978358	          9.60410333	          0.07289940	         10.37016079	         13.98712120	         27.15627892	         -1.74630054	        -17.64770430	         -6.74047568	          6.91370031	          0.24679148	         -8.78645771	          1.07510690	          2.08650542	          0.00999999	          0.00999999	          0.00999999	          0.10449760	          0.00999999	          0.04304875	          0.42080850	          0.03550514	          0.32053421	          0.00999999	          0.00999999	          0.36750660	          0.17917204	          0.05699216	          0.08235438	          0.18496178	          0.06994474	          0.00999999	          0.05386881	          0.00999999	          0.01130872	          0.00999999	          0.15672291	          0.04178948	          0.01515318	          0.00999999	          0.00999999	          0.24424340	
          0.50185021	         -3.59950518	          3.66195161	        -10.15373468	          0.55999209	          0.84050231	          0.01514366	        -11.72236512	         -3.98923390	          9.29573961	         -0.71112940	         10.62778281	         15.31997711	         27.24103913	         -1.66379101	        -16.15621272	         -4.92417097	          6.91159986	          0.24189704	         -8.63697333	          0.81682047	          2.32275433	          0.00999999	          0.00999999	          0.00999999	          0.10725840	          0.00999999	          0.04516504	          0.37006091	          0.03920437	          0.33880702	          0.00999999	          0.00999999	          0.36235660	          0.20316655	          0.04788875	          0.08227880	          0.19249092	          0.05877241	          0.00999999	          0.05089525	          0.00999999	          0.00999999	          0.00999999	          0.14558930	          0.03511441	          0.01570573	          0.00999999	          0.00999999	          0.24621795	
          0.51325590	         -3.70667343	          3.57849145	        -10.24731173	          0.57341721	          0.83826466	          0.01512069	        -12.10645197	         -3.93545286	          8.89375006	         -1.62746117	         10.78457390	         16.74511037	         27.34879739	         -1.57102942	        -14.65155875	         -3.53837656	          6.91810080	          0.23978170	         -8.48383151	          0.52603402	          2.56057910	          0.00999999	          0.00999999	          0.00999999	          0.09626950	          0.00999999	          0.04300162	          0.31095079	          0.04569667	          0.34067586	          0.00999999	          0.00999999	          0.35287415	          0.22237867	          0.04023945	          0.08517647	          0.20270162	          0.04938465	          0.01111513	          0.05659206	          0.00999999	          0.00999999	          0.00999999	          0.13807161	          0.02950556	          0.01333489	          0.00999999	          0.00999999	          0.24792476	
          0.52466158	         -3.81549137	          3.49298412	        -10.29996321	          0.58705485	          0.83618440	          0.01501774	        -12.43965581	         -3.86309954	          8.40528780	         -2.65458316	         10.81870783	         18.25199751	         27.46822988	         -1.46030193	        -13.16187905	         -2.57789994	          6.93350119	          0.23967008	         -8.32556206	          0.21077382	          2.79913185	          0.00999999	          0.00999999	          0.00999999	          0.08089229	          0.00999999	          0.03649713	          0.26128238	          0.05119430	          0.33067056	          0.00999999	          0.00999999	          0.33912423	          0.23627637	          0.03381197	          0.09143736	          0.20802639	          0.04149640	          0.01418940	          0.06447156	          0.00999999	          0.01318852	          0.00999999	          0.12988842	          0.02479261	          0.01120490	          0.00999999	          0.00999999	          0.24923124	
          0.53606727	         -3.92269791	          3.39588856	        -10.30647367	          0.60094596	          0.83425021	          0.01484232	        -12.73562104	         -3.76614647	          7.84297595	         -3.78123664	         10.72013864	         19.82575153	         27.58812918	         -1.32542252	        -11.71151861	         -2.04272508	          6.95830521	          0.24091292	         -8.16063948	         -0.12174632	          3.03575682	          0.00999999	          0.00999999	          0.00999999	          0.06797130	          0.00999999	          0.03066742	          0.21954754	          0.05121361	          0.32078783	          0.00999999	          0.00999999	          0.32141094	          0.24459070	          0.02841116	          0.09768485	          0.20713053	          0.03486815	          0.01880134	          0.07260649	          0.00999999	          0.09093946	          0.00999999	          0.11712099	          0.02083247	          0.00999999	          0.00999999	          0.00999999	          0.24943615	
          0.54747296	         -4.02488065	          3.28015987	        -10.26346746	          0.61511972	          0.83243711	          0.01460465	        -12.99919263	         -3.64114698	          7.22502887	         -5.01219657	         10.49309769	         21.44614963	         27.71056331	         -1.16341528	        -10.31842428	         -1.98015708	          6.98004809	          0.24396679	         -7.98818996	         -0.46694273	          3.26599333	          0.00999999	          0.00999999	          0.00999999	          0.05711419	          0.00999999	          0.02576889	          0.18447904	          0.04788875	          0.30986103	          0.00999999	          0.00999999	          0.29955337	          0.24737228	          0.02387302	          0.10299602	          0.19108009	          0.02929863	          0.01685560	          0.07365622	          0.01727296	          0.13435604	          0.00999999	          0.09841317	          0.01750488	          0.00999999	          0.01190094	          0.01001733	          0.25145729	
          0.55887864	         -4.11880296	          3.13838754	        -10.16975506	          0.62960496	          0.83071121	          0.01431214	        -13.22771001	         -3.48392105	          6.57241877	         -6.36607502	         10.14711546	         23.09199807	         27.83329425	         -0.97334370	         -9.00662440	         -2.43704548	          6.97661457	          0.24829669	         -7.80673133	         -0.81744553	          3.48327106	          0.00999999	          0.00999999	          0.00999999	          0.04799130	          0.00999999	          0.02836958	          0.15501205	          0.04023944	          0.30192737	          0.00999999	          0.00999999	          0.27552875	          0.24454753	          0.02005976	          0.10714824	          0.17395118	          0.02461874	          0.01416324	          0.07218327	          0.02709873	          0.16174384	          0.00999999	          0.08269355	          0.01470881	          0.00999999	          0.00999999	          0.00999999	          0.24774980	
          0.57028433	         -4.20173942	          2.96571070	        -10.02701779	          0.64442129	          0.82903362	          0.01396908	        -13.40617566	         -3.29138128	          5.90309097	         -7.88095344	          9.69653641	         24.74288681	         27.94616184	         -0.75586076	         -7.80242644	         -3.45426004	          6.87404141	          0.25180029	         -7.61468419	         -1.16629483	          3.68371417	          0.02931839	          0.00999999	          0.00999999	          0.04032561	          0.02468677	          0.02383809	          0.13025186	          0.03381197	          0.30819215	          0.00999999	          0.00999999	          0.24397232	          0.23636711	          0.01685560	          0.09003337	          0.16339232	          0.02068637	          0.01190094	          0.10788533	          0.03540782	          0.13796031	          0.00999999	          0.06948485	          0.01235936	          0.00999999	          0.01347307	          0.01004332	          0.26032391	
          0.58169002	         -4.27091833	          2.77279143	         -9.83008470	          0.65958191	          0.82738940	          0.01356547	        -13.50219790	         -3.07085697	          5.20775367	         -9.62259484	          9.15974262	         26.37235589	         28.00638570	         -0.52437429	         -6.68875113	         -5.00699076	          6.59311134	          0.25295263	         -7.40819601	         -1.51769101	          3.86430452	          0.07927906	          0.00999999	          0.00999999	          0.03388437	          0.07363800	          0.02003041	          0.10944662	          0.02841115	          0.32616909	          0.00999999	          0.00999999	          0.20500243	          0.22228997	          0.01416324	          0.07565227	          0.13729354	          0.01738212	          0.00999999	          0.18743794	          0.02975210	          0.11724069	          0.06064640	          0.05838598	          0.01038519	          0.00999999	          0.01938589	          0.01416324	          0.26282188	
          0.59309570	         -4.32434170	          2.59102455	         -9.57614130	          0.67507245	          0.82585142	          0.01313401	        -13.45951633	         -2.84841626	          4.45772628	        -11.68193713	          8.53320144	         27.94523002	         27.88124467	         -0.32783776	         -5.54185466	         -6.53437151	          6.30766151	          0.24122584	         -7.17824939	         -1.89968089	          4.02250666	          0.09212097	          0.00999999	          0.00999999	          0.02847199	          0.06567279	          0.01683094	          0.09196463	          0.02387302	          0.31257921	          0.00999999	          0.00999999	          0.17225723	          0.20585223	          0.01190094	          0.06515381	          0.11942445	          0.01460566	          0.04956095	          0.15749833	          0.04323960	          0.09851375	          0.06271499	          0.04905994	          0.00999999	          0.00999999	          0.01628937	          0.01190094	          0.29595820	
          0.60450139	         -4.36444843	          2.41663100	         -9.26388495	          0.69068549	          0.82457754	          0.01260465	        -13.20800916	         -2.62710678	          3.65773822	        -14.13699632	          7.77127657	         29.39700092	         27.60729082	         -0.11989437	         -4.47622328	         -7.81172892	          5.92324265	          0.23230037	         -6.94811081	         -2.29550177	          4.15709830	          0.11377462	          0.00999999	          0.00999999	          0.02392414	          0.06870966	          0.01779095	          0.07727505	          0.02005976	          0.30074139	          0.00999999	          0.00999999	          0.14474245	          0.17432534	          0.00999999	          0.07925719	          0.10034869	          0.01227268	          0.09836896	          0.16111497	          0.04452995	          0.08277807	          0.07573610	          0.04122356	          0.00999999	          0.00999999	          0.01368745	          0.00999999	          0.31631642	
          0.61590708	         -4.39188144	          2.25010782	         -8.89834437	          0.70622357	          0.82371118	          0.01198312	        -12.69890622	         -2.41276046	          2.79956776	        -17.03225634	          6.86898606	         30.55609332	         27.27484551	          0.10975480	         -3.51958308	         -8.99174662	          5.53869658	          0.22145686	         -6.73601309	         -2.70527783	          4.26628157	          0.13630754	          0.00999999	          0.00999999	          0.02010272	          0.08296782	          0.02057078	          0.06493184	          0.01685560	          0.27736549	          0.00999999	          0.00999999	          0.12162262	          0.14648022	          0.00999999	          0.07552546	          0.08431991	          0.01031236	          0.12160752	          0.16712817	          0.04329816	          0.06955586	          0.08290192	          0.03463888	          0.00999999	          0.03091688	          0.01150115	          0.00999999	          0.33849279	
          0.62731276	         -4.40720870	          2.09167355	         -8.48228790	          0.72157024	          0.82334441	          0.01128331	        -11.91081560	         -2.21659638	          1.86445043	        -20.36960364	          5.83037011	         31.20604826	         26.90885015	          0.35402274	         -2.67136428	        -10.11784215	          5.23447970	          0.21031207	         -6.55088900	         -3.12695529	          4.34958300	          0.14812172	          0.00999999	          0.00999999	          0.01689169	          0.09355106	          0.02027128	          0.05456023	          0.01416324	          0.24179671	          0.00999999	          0.00999999	          0.10219575	          0.12308282	          0.00999999	          0.06409430	          0.07085143	          0.00999999	          0.13275687	          0.14791535	          0.04632878	          0.05844565	          0.06965993	          0.02910599	          0.00999999	          0.08259882	          0.00999999	          0.00999999	          0.34865803	
          0.63871845	         -4.41238946	          1.93521392	         -8.01620393	          0.73665532	          0.82356206	          0.01052492	        -10.84788229	         -2.04869553	          0.84681481	        -24.09650502	          4.58936258	         31.23003006	         26.47654685	          0.60012996	         -1.91786555	        -11.12716709	          5.05287113	          0.19772601	         -6.39887760	         -3.55171632	          4.40682972	          0.15607733	          0.00999999	          0.00999999	          0.01419357	          0.10869989	          0.01829819	          0.04584528	          0.01190094	          0.20317433	          0.00999999	          0.00999999	          0.08587194	          0.10342270	          0.00999999	          0.05385646	          0.05953427	          0.00999999	          0.13660364	          0.12428871	          0.04651128	          0.04911008	          0.05855314	          0.02445687	          0.00999999	          0.13695396	          0.00999999	          0.00999999	          0.35164424	
          0.65012414	         -4.40978955	          1.77058126	         -7.49696331	          0.75144464	          0.82442654	          0.00973539	         -9.53964676	         -1.91278258	         -0.23964187	        -28.09441526	          3.00901435	         30.63993691	         25.92537913	          0.83341271	         -1.24546095	        -11.92344787	          5.01473288	          0.18758319	         -6.28297440	         -3.96823227	          4.43439945	          0.15728913	          0.00999999	          0.00999999	          0.01192642	          0.12344898	          0.01632099	          0.04512948	          0.00999999	          0.17072113	          0.00999999	          0.00999999	          0.07215555	          0.08690291	          0.01701649	          0.04525393	          0.05002482	          0.00999999	          0.13681444	          0.10443598	          0.04790236	          0.04126569	          0.04920040	          0.02055035	          0.00999999	          0.16436107	          0.00999999	          0.00999999	          0.34291787	
          0.66152982	         -4.40078723	          1.58419618	         -6.92491134	          0.76592017	          0.82589608	          0.00893755	         -8.03024381	         -1.80634108	         -1.37435511	        -32.25578415	          1.18991607	         29.19830040	         25.23832353	          1.03559640	         -0.62320006	        -12.47283891	          5.09975564	          0.18147900	         -6.20538416	         -4.36054359	          4.43092035	          0.16542515	          0.02611448	          0.00999999	          0.01002140	          0.10715062	          0.01416324	          0.03792091	          0.00999999	          0.14345171	          0.00999999	          0.00999999	          0.06063008	          0.07302184	          0.07205405	          0.03802548	          0.04203431	          0.00999999	          0.14625426	          0.08775434	          0.04684918	          0.03467429	          0.04134158	          0.01726783	          0.00999999	          0.15684306	          0.01103015	          0.01175410	          0.32673866	
          0.67293551	         -4.38513660	          1.37507294	         -6.31286496	          0.78005700	          0.82780451	          0.00813906	         -6.38079495	         -1.73463592	         -2.53767243	        -36.50282820	         -0.46568804	         26.54884686	         24.45080069	          1.19929387	         -0.02386008	        -12.83042310	          5.26860919	          0.18107398	         -6.16717121	         -4.71936005	          4.40063609	          0.18394984	          0.05720147	          0.00999999	          0.00999999	          0.09003537	          0.01190094	          0.03186378	          0.00999999	          0.12053806	          0.00999999	          0.00999999	          0.05094559	          0.06135800	          0.17172463	          0.03195164	          0.03532014	          0.00999999	          0.15197408	          0.07373727	          0.04461054	          0.02913574	          0.04011855	          0.01450962	          0.00999999	          0.15600602	          0.00999999	          0.00999999	          0.31093081	
          0.68434120	         -4.36195556	          1.14285041	         -5.66983776	          0.79386860	          0.82996164	          0.00734153	         -4.69476137	         -1.67168738	         -3.70508786	        -40.63710325	         -1.25586406	         23.08314335	         23.58684085	          1.31948789	          0.55960922	        -13.03155723	          5.47422184	          0.18486703	         -6.16428803	         -5.03175833	          4.34158771	          0.19050034	          0.06204899	          0.01416325	          0.00999999	          0.07565395	          0.00999999	          0.06375134	          0.00999999	          0.10777708	          0.00999999	          0.00999999	          0.04280801	          0.05155724	          0.18899854	          0.02684798	          0.02967843	          0.00999999	          0.14554965	          0.06195915	          0.04334663	          0.02448186	          0.04055652	          0.01219199	          0.00999999	          0.14625736	          0.00999999	          0.00999999	          0.29206194	
          0.69574688	         -4.33105903	          0.88721240	         -5.00070022	          0.80739289	          0.83230076	          0.00655741	         -3.05336759	         -1.58188769	         -4.88264111	        -44.33422610	         -1.11362020	         19.98636188	         22.67046546	          1.39247863	          1.13169724	        -13.12359105	          5.72028739	          0.19441726	         -6.19012106	         -5.29239386	          4.25540317	          0.18442848	          0.06498833	          0.01190094	          0.00999999	          0.06356968	          0.00999999	          0.08715207	          0.00999999	          0.10608676	          0.00999999	          0.00999999	          0.03597026	          0.04332196	          0.20588930	          0.02255953	          0.02493787	          0.00999999	          0.13813117	          0.05206237	          0.04236586	          0.02057136	          0.03819321	          0.01024455	          0.00999999	          0.13327647	          0.00999999	          0.00999999	          0.27123119	
          0.70715257	         -4.29232520	          0.60801524	         -4.31344124	          0.82066414	          0.83480478	          0.00577672	         -1.46254813	         -1.47391861	         -6.08550761	        -47.53805740	         -0.70026046	         17.30849466	         21.72019585	          1.41763621	          1.70407176	        -13.13863301	          5.98420797	          0.21523091	         -6.24002428	         -5.49765189	          4.14775705	          0.17529194	          0.07441848	          0.01000000	          0.00999999	          0.05341565	          0.00999999	          0.10515896	          0.00999999	          0.11110623	          0.00999999	          0.00999999	          0.03361138	          0.03640211	          0.19953404	          0.01895608	          0.02095452	          0.00999999	          0.12999985	          0.04374641	          0.04005255	          0.01728548	          0.03801697	          0.00999999	          0.00999999	          0.12160076	          0.00999999	          0.00999999	          0.25199972	
          0.71855826	         -4.24576492	          0.30289707	         -3.61695300	          0.83370645	          0.83742662	          0.00499256	          0.08273721	         -1.35358116	         -7.31762473	        -50.25339854	         -0.23018497	         14.99323800	         20.74442021	          1.39079632	          2.27827189	        -13.08765752	          6.23444432	          0.25112294	         -6.31136490	         -5.64186236	          4.02240823	          0.16565292	          0.08442274	          0.00999999	          0.00999999	          0.04488353	          0.00999999	          0.13414797	          0.00999999	          0.11620502	          0.00999999	          0.00999999	          0.03271393	          0.03058757	          0.19501838	          0.01592821	          0.01760744	          0.00999999	          0.12173497	          0.03675876	          0.03801456	          0.01452445	          0.03697543	          0.00999999	          0.00999999	          0.11204689	          0.00999999	          0.00999999	          0.23500767	
          0.72996394	         -4.19157719	         -0.02907411	         -2.91940382	          0.84653457	          0.84010737	          0.00419905	          1.59376314	         -1.22577032	         -8.57680023	        -52.51485254	          0.25121315	         12.98573810	         19.74743342	          1.30916232	          2.85106884	        -12.97557650	          6.45661541	          0.30419329	         -6.40256399	         -5.72117161	          3.88202100	          0.15620892	          0.09132066	          0.00999999	          0.00999999	          0.04440320	          0.00999999	          0.16922744	          0.00999999	          0.12031950	          0.00999999	          0.00999999	          0.03164451	          0.02570180	          0.19151211	          0.01338399	          0.01479499	          0.00999999	          0.11198288	          0.03088725	          0.03713442	          0.01220445	          0.03632137	          0.00999999	          0.00999999	          0.10487398	          0.00999999	          0.00999999	          0.22048477	
          0.74136963	         -4.13012707	         -0.38750982	         -2.22641816	          0.85915966	          0.84278959	          0.00339715	          3.08296535	         -1.09033478	         -9.85419545	        -54.36660723	          0.72709390	         11.24592460	         18.73191141	          1.17135460	          3.41725191	        -12.80544511	          6.64878303	          0.37489496	         -6.51205637	         -5.73494989	          3.72792592	          0.14849683	          0.09852378	          0.00999999	          0.00999999	          0.04510465	          0.00999999	          0.21358233	          0.00999999	          0.12390265	          0.00999999	          0.00999999	          0.03085439	          0.02159643	          0.18946017	          0.01124615	          0.01243177	          0.00999999	          0.10362070	          0.02595361	          0.03609852	          0.01025503	          0.03544070	          0.00999999	          0.00999999	          0.09854915	          0.00999999	          0.00999999	          0.20779626	
          0.75277532	         -4.06191252	         -0.76861228	         -1.54266558	          0.87158975	          0.84542139	          0.00258952	          4.56373954	         -0.94945183	        -11.13983983	        -55.86070185	          1.19645503	          9.73710102	         17.70103021	          0.98005719	          3.97246106	        -12.58182893	          6.81569401	          0.46339937	         -6.63817068	         -5.68687873	          3.56106057	          0.14233031	          0.10539335	          0.01202430	          0.00999999	          0.04633352	          0.00999999	          0.26541210	          0.00999999	          0.12676323	          0.00999999	          0.00999999	          0.03009836	          0.01814681	          0.18871023	          0.00999999	          0.01044604	          0.00999999	          0.09660806	          0.02180802	          0.03425563	          0.00999999	          0.03418838	          0.00999999	          0.00999999	          0.09258876	          0.00999999	          0.00999999	          0.19610490	
          0.76418100	         -3.98766899	         -1.16652567	         -0.87227545	          0.88382754	          0.84795784	          0.00177796	          6.04999391	         -0.80846284	        -12.42469335	        -57.05222222	          1.66121924	          8.42859875	         16.65990413	          0.74102286	          4.51394039	        -12.31229437	          6.96288365	          0.57217035	         -6.77988078	         -5.58291577	          3.38263958	          0.13526313	          0.11319225	          0.02082358	          0.00999999	          0.04777705	          0.00999999	          0.32250982	          0.00999999	          0.12871703	          0.02837086	          0.00999999	          0.02896308	          0.01524821	          0.18896433	          0.00999999	          0.00999999	          0.00999999	          0.09132943	          0.01832461	          0.03111549	          0.00999999	          0.03180943	          0.00999999	          0.00999999	          0.08665224	          0.00999999	          0.00999999	          0.18419875	
          0.77558669	         -3.90855009	         -1.57362492	         -0.21891812	          0.89586819	          0.85036247	          0.00096311	          7.55439900	         -0.67631084	        -13.70160570	        -57.98703826	          2.12601771	          7.29332992	         15.61469128	          0.46272258	          5.04090885	        -12.00475327	          7.09354906	          0.70717828	         -6.93772602	         -5.43102966	          3.19443345	          0.13028626	          0.12220862	          0.02822119	          0.00999999	          0.04383610	          0.00999999	          0.38054815	          0.00999999	          0.13047058	          0.04134666	          0.00999999	          0.02752794	          0.01281260	          0.18972148	          0.00999999	          0.00999999	          0.00999999	          0.08997313	          0.01539760	          0.02614539	          0.00999999	          0.02832637	          0.00999999	          0.00999999	          0.08134661	          0.00999999	          0.00999999	          0.17220496	
          0.78699238	         -3.82584925	         -1.98141538	          0.41365224	          0.90770786	          0.85260656	          0.00014246	          9.08824334	         -0.56727328	        -14.96628221	        -58.71238519	          2.59515761	          6.30821256	         14.56866218	          0.15493965	          5.55174503	        -11.66082487	          7.19679098	          0.87958162	         -7.11217975	         -5.23950760	          2.99857581	          0.12827575	          0.12796011	          0.03371757	          0.00999999	          0.03683413	          0.00999999	          0.43402090	          0.00999999	          0.13211668	          0.04837793	          0.00999999	          0.02543786	          0.01076603	          0.19079151	          0.00999999	          0.00999999	          0.00999999	          0.09187269	          0.01293813	          0.02196917	          0.00999999	          0.02576581	          0.00999999	          0.00999999	          0.07497368	          0.02639598	          0.00999999	          0.16393497	
          0.79839806	         -3.74082944	         -2.38222999	          1.02254273	          0.91934464	          0.85467045	         -0.00068768	         10.65956157	         -0.49658691	        -16.21528687	        -59.27310945	          3.06968902	          5.45346148	         13.52929398	         -0.17238203	          6.04305214	        -11.29201225	          7.26877401	          1.10169347	         -7.30311739	         -5.01570608	          2.79745465	          0.12771502	          0.13096253	          0.03711195	          0.00999999	          0.03095058	          0.00999999	          0.47438648	          0.00999999	          0.13374907	          0.05333477	          0.00999999	          0.02137466	          0.00999999	          0.19156581	          0.00999999	          0.00999999	          0.00999999	          0.09402472	          0.01087151	          0.01846001	          0.00999999	          0.02276751	          0.00999999	          0.00999999	          0.07116613	          0.04559231	          0.00999999	          0.15598970	
          0.80980375	         -3.65468694	         -2.77001262	          1.60646006	          0.93078986	          0.85654452	         -0.00152816	         12.26745677	         -0.47474042	        -17.44384889	        -59.69358932	          3.54452703	          4.71195670	         12.50023105	         -0.51089441	          6.51157985	        -10.90936925	          7.33185818	          1.37985973	         -7.50850264	         -4.76614119	          2.59319958	          0.12898416	          0.13135425	          0.04077430	          0.00999999	          0.02600682	          0.00999999	          0.48908483	          0.00999999	          0.13554388	          0.05809729	          0.00999999	          0.01796046	          0.00999999	          0.19351462	          0.00999999	          0.00999999	          0.00999999	          0.09580948	          0.00999999	          0.01551138	          0.00999999	          0.01963665	          0.00999999	          0.00999999	          0.06783143	          0.06311042	          0.00999999	          0.14809771	
          0.82120944	         -3.56866826	         -3.13993236	          2.16583954	          0.94206994	          0.85822939	         -0.00237796	         13.89898118	         -0.50597917	        -18.64594100	        -59.96425103	          4.01148906	          4.06886382	         11.47864773	         -0.85402623	          6.95378888	        -10.51189946	          7.39565745	          1.71462673	         -7.72437608	         -4.49686908	          2.38780919	          0.12825420	          0.12741847	          0.04880096	          0.00999999	          0.02185273	          0.00999999	          0.43714529	          0.00999999	          0.13762329	          0.06210184	          0.00999999	          0.01509163	          0.00999999	          0.19603942	          0.00999999	          0.00999999	          0.00999999	          0.09570023	          0.00999999	          0.01303374	          0.00999999	          0.01762007	          0.00999999	          0.02328187	          0.06323561	          0.07944915	          0.00999999	          0.14074747	
          0.83261512	         -3.48434915	         -3.48814168	          2.70334667	          0.95322179	          0.85973636	         -0.00323227	         15.52495520	         -0.58581495	        -19.81496008	        -60.02271170	          4.46942004	          3.51121100	         10.45709601	         -1.19717366	          7.36455538	        -10.08758808	          7.45619703	          2.10164873	         -7.94605577	         -4.21448460	          2.18288168	          0.12494352	          0.12282545	          0.05985144	          0.00999999	          0.01836218	          0.00999999	          0.36731973	          0.00999999	          0.13863602	          0.06178104	          0.00999999	          0.01268103	          0.00999999	          0.19897410	          0.00999999	          0.00999999	          0.00999999	          0.09336839	          0.00999999	          0.01095185	          0.00999999	          0.01662539	          0.00999999	          0.05153394	          0.05760751	          0.09483944	          0.00999999	          0.13463809	
          0.84402081	         -3.40359013	         -3.81112644	          3.22250352	          0.96428176	          0.86107867	         -0.00408420	         17.11073541	         -0.70449949	        -20.94313445	        -59.78831687	          4.91596350	          3.02731929	          9.42675917	         -1.53653789	          7.74038433	         -9.62126797	          7.50842971	          2.53122596	         -8.16961626	         -3.92609342	          1.97956562	          0.12149145	          0.11964980	          0.06626111	          0.00999999	          0.01542917	          0.00999999	          0.30864746	          0.00999999	          0.14001989	          0.06135278	          0.00999999	          0.01065548	          0.00999999	          0.20206292	          0.00999999	          0.00999999	          0.00999999	          0.09032869	          0.00999999	          0.00999999	          0.00999999	          0.01666280	          0.00999999	          0.07480059	          0.05115841	          0.10977208	          0.00999999	          0.12999636	
          0.85542650	         -3.32813507	         -4.10474203	          3.72575304	          0.97528225	          0.86226206	         -0.00492718	         18.62705152	         -0.85197151	        -22.01949047	        -59.19967309	          5.34368835	          2.60665598	          8.38053046	         -1.86752393	          8.08037676	         -9.10258024	          7.55097475	          2.99004376	         -8.39173358	         -3.63926248	          1.77845552	          0.11842156	          0.11701684	          0.06903647	          0.00999999	          0.01296466	          0.00999999	          0.25934696	          0.00999999	          0.14060756	          0.05990662	          0.00999999	          0.00999999	          0.00999999	          0.20643669	          0.00999999	          0.00999999	          0.00999999	          0.08708248	          0.00999999	          0.00999999	          0.00999999	          0.01664132	          0.00999999	          0.09396332	          0.04481645	          0.12438468	          0.00999999	          0.12731205	
          0.86683218	         -3.25947390	         -4.36473944	          4.21449128	          0.98625372	          0.86328255	         -0.00575601	         20.05135564	         -1.01882835	        -23.03040124	        -58.22146922	          5.74649126	          2.23864722	          7.31254233	         -2.18530472	          8.38519197	         -8.52391558	          7.58182461	          3.46462892	         -8.60917740	         -3.36116894	          1.57956476	          0.11556320	          0.11437859	          0.06884627	          0.00999999	          0.01089380	          0.00999999	          0.21792126	          0.00999999	          0.13996742	          0.05837666	          0.00999999	          0.00999999	          0.00999999	          0.21110755	          0.00999999	          0.00999999	          0.00999999	          0.08388716	          0.00999999	          0.00999999	          0.00999999	          0.01666365	          0.00999999	          0.10863001	          0.03889474	          0.13889785	          0.00999999	          0.12675179	
          0.87823787	         -3.19880216	         -4.58700455	          4.68951184	          0.99722690	          0.86412784	         -0.00656647	         21.36599944	         -1.19650889	        -23.96089939	        -56.84030831	          6.12382806	          1.91356996	          6.21723043	         -2.48520911	          8.65535491	         -7.87943779	          7.60096537	          3.94305570	         -8.81858097	         -3.09855494	          1.38234674	          0.11305041	          0.11133222	          0.06446003	          0.00999999	          0.00999999	          0.00999999	          0.18311253	          0.00999999	          0.13772256	          0.05667123	          0.00999999	          0.00999999	          0.00999999	          0.21553145	          0.00999999	          0.00999999	          0.00999999	          0.08074653	          0.00999999	          0.00999999	          0.00999999	          0.01711671	          0.00999999	          0.11834445	          0.03350245	          0.15347375	          0.00999999	          0.12825830	
          0.88964356	         -3.14693788	         -4.76780831	          5.15122730	          1.00823622	          0.86477975	         -0.00735394	         22.55635388	         -1.37697870	        -24.79587437	        -55.05952910	          6.47023349	          1.62310793	          5.08849667	         -2.76314193	          8.89085404	         -7.16408064	          7.60993503	          4.41580706	         -9.01591125	         -2.85784297	          1.18545491	          0.11121124	          0.10774570	          0.05416378	          0.00999999	          0.00999999	          0.00999999	          0.15386382	          0.00999999	          0.13423825	          0.05419259	          0.00999999	          0.00999999	          0.00999999	          0.21916472	          0.00999999	          0.00999999	          0.00999999	          0.07875468	          0.00999999	          0.00999999	          0.00999999	          0.01799456	          0.00999999	          0.12019778	          0.02880118	          0.16826983	          0.00999999	          0.13151397	
          0.90104924	         -3.10423414	         -4.90405421	          5.59958675	          1.01932182	          0.86521586	         -0.00811324	         23.61025146	         -1.55316941	        -25.52116566	        -52.89662563	          6.77282094	          1.36304117	          3.91953422	         -3.01581518	          9.09268204	         -6.37367568	          7.61104888	          4.87621428	         -9.19606661	         -2.64496704	          0.98688023	          0.11113970	          0.10347346	          0.04551216	          0.00999999	          0.00999999	          0.00999999	          0.12928703	          0.00999999	          0.13150085	          0.05227977	          0.00999999	          0.00999999	          0.00999999	          0.22116154	          0.00999999	          0.00999999	          0.00999999	          0.07657855	          0.00999999	          0.00999999	          0.00999999	          0.01767182	          0.00999999	          0.11411349	          0.02517586	          0.18350130	          0.00999999	          0.13599084	
          0.91245493	         -3.07070918	         -4.99353346	          6.03412047	          1.03052173	          0.86541058	         -0.00884279	         24.51984589	         -1.71987852	        -26.12288987	        -50.37899877	          7.01450957	          1.13549041	          2.70658523	         -3.24018633	          9.26641061	         -5.51077026	          7.60796996	          5.32089905	         -9.35405707	         -2.46414179	          0.78566392	          0.11212890	          0.09939845	          0.03824246	          0.00999999	          0.00999999	          0.00999999	          0.10863591	          0.00999999	          0.13231924	          0.05269312	          0.01061391	          0.00999999	          0.00999999	          0.22103677	          0.00999999	          0.00999999	          0.00999999	          0.07461573	          0.00999999	          0.00999999	          0.00999999	          0.01484909	          0.00999999	          0.09606379	          0.02355035	          0.19940225	          0.00999999	          0.14115254	
          0.92386062	         -3.04626392	         -5.03550649	          6.45423993	          1.04186574	          0.86533644	         -0.00954464	         25.28295926	         -1.87240780	        -26.58385906	        -47.53529270	          7.17915393	          0.94628963	          1.45215818	         -3.43381523	          9.41964615	         -4.58935762	          7.60805749	          5.75021097	         -9.48576675	         -2.31699553	          0.58192677	          0.11447737	          0.09768568	          0.03213397	          0.00999999	          0.00999999	          0.00999999	          0.09128341	          0.00999999	          0.13397418	          0.05029706	          0.01004205	          0.00999999	          0.00999999	          0.21941198	          0.00999999	          0.00999999	          0.00999999	          0.07287819	          0.00999999	          0.00999999	          0.00999999	          0.01247723	          0.00999999	          0.08071945	          0.01978863	          0.21582410	          0.00999999	          0.14606899	
          0.93526630	         -3.03077962	         -5.03202638	          6.85923058	          1.05337484	          0.86496549	         -0.01022420	         25.90411688	         -2.00602329	        -26.88175759	        -44.39851869	          7.26317572	          0.79780928	          0.16404168	         -3.59625225	          9.55481774	         -3.63030948	          7.61801788	          6.16960826	         -9.58783001	         -2.20086960	          0.37628862	          0.11602818	          0.09941773	          0.02700118	          0.00999999	          0.00999999	          0.00999999	          0.07670264	          0.00999999	          0.13877756	          0.04914011	          0.00999999	          0.00999999	          0.00999999	          0.21812927	          0.00999999	          0.00999999	          0.00999999	          0.07133927	          0.00999999	          0.00999999	          0.00999999	          0.01048423	          0.00999999	          0.06782607	          0.01662778	          0.23281707	          0.00999999	          0.15108254	
          0.94667199	         -3.02421257	         -4.98737677	          7.24845208	          1.06506614	          0.86427378	         -0.01088659	         26.39098991	         -2.11514253	        -26.98871586	        -41.00195582	          7.28210187	          0.68335571	         -1.15109084	         -3.72946449	          9.67280598	         -2.65056364	          7.64465556	          6.58594483	         -9.65733205	         -2.11017326	          0.16864623	          0.11683408	          0.10121088	          0.02268826	          0.00999999	          0.01830538	          0.00999999	          0.06445087	          0.00999999	          0.14468981	          0.04559662	          0.00999999	          0.00999999	          0.00999999	          0.21826917	          0.01002161	          0.00999999	          0.00999999	          0.06485694	          0.00999999	          0.00999999	          0.01000000	          0.00999999	          0.00999999	          0.05699215	          0.01397181	          0.25003056	          0.00999999	          0.15516770	
          0.95807768	         -3.02658016	         -4.90748517	          7.62112083	          1.07695317	          0.86324478	         -0.01153071	         26.75122694	         -2.19247824	        -26.88181955	        -37.38316107	          7.26309118	          0.59151553	         -2.48174125	         -3.83683088	          9.77655856	         -1.67710299	          7.70245295	          7.00707695	         -9.69187975	         -2.03840476	         -0.04113215	          0.11466826	          0.10056671	          0.01906425	          0.00999999	          0.03079096	          0.00999999	          0.05415608	          0.00999999	          0.15260749	          0.04352738	          0.00999999	          0.00999999	          0.00999999	          0.21973953	          0.01060980	          0.00999999	          0.00999999	          0.06033310	          0.00999999	          0.00999999	          0.09319702	          0.00999999	          0.00999999	          0.04788875	          0.01174008	          0.26787525	          0.00999999	          0.15684634	
          0.96948336	         -3.03798980	         -4.79955699	          7.97733235	          1.08903676	          0.86187188	         -0.01214809	         26.99489658	         -2.23264976	        -26.54971461	        -33.59262916	          7.22719626	          0.51442648	         -3.79929543	         -3.92122682	          9.87088561	         -0.76684065	          7.81416638	          7.44543720	         -9.69084126	         -1.97922540	         -0.25390386	          0.11252210	          0.10400108	          0.01601910	          0.00999999	          0.04456370	          0.00999999	          0.04550569	          0.00999999	          0.16243350	          0.04206783	          0.00999999	          0.00999999	          0.00999999	          0.22188984	          0.01132264	          0.00999999	          0.00999999	          0.05523929	          0.00999999	          0.00999999	          0.18450032	          0.00999999	          0.00999999	          0.04023944	          0.00999999	          0.28578316	          0.00999999	          0.15589154	
          0.98088905	         -3.05860242	         -4.67061786	          8.31586696	          1.10131459	          0.86016213	         -0.01272839	         27.13549325	         -2.23507164	        -25.99144767	        -29.69483277	          7.18543482	          0.44958072	         -5.07575453	         -3.98507478	          9.95785248	          0.02840255	          7.99405865	          7.91649999	         -9.65434209	         -1.92641610	         -0.47008959	          0.11033768	          0.10963573	          0.01346036	          0.00999999	          0.05562733	          0.00999999	          0.03823703	          0.00999999	          0.17174061	          0.04129626	          0.00999999	          0.00999999	          0.00999999	          0.22429756	          0.00999999	          0.00999999	          0.00999999	          0.05240949	          0.00999999	          0.00999999	          0.26844551	          0.00999999	          0.01490245	          0.03381197	          0.00999999	          0.30343550	          0.00999999	          0.15153866	
          0.99229474	         -3.08871092	         -4.52788739	          8.63488188	          1.11378009	          0.85813726	         -0.01326255	         27.19117951	         -2.20423883	        -25.21695855	        -25.76771566	          7.13961354	          0.39575751	         -6.28815164	         -4.03117757	         10.03221955	          0.66840697	          8.25202609	          8.43553903	         -9.58371356	         -1.87278160	         -0.69034654	          0.10094344	          0.11896679	          0.01440243	          0.00999999	          0.06672131	          0.00999999	          0.03212940	          0.00999999	          0.18163675	          0.04148123	          0.00999999	          0.00999999	          0.00999999	          0.22684159	          0.00999999	          0.00999999	          0.00999999	          0.05490045	          0.00999999	          0.00999999	          0.34074740	          0.01573544	          0.04043785	          0.02841115	          0.00999999	          0.32048906	          0.00999999	          0.14304195	
          1.00370042	         -3.12893821	         -4.37960622	          8.93226386	          1.12641157	          0.85583696	         -0.01373641	         27.18588024	         -2.14595888	        -24.24987732	        -21.89976628	          7.08955014	          0.35174269	         -7.41168903	         -4.06219257	         10.08066041	          1.11671669	          8.57612807	          9.03350654	         -9.48358292	         -1.81039337	         -0.91619743	          0.09547685	          0.13103625	          0.03076461	          0.00999999	          0.07084377	          0.00999999	          0.02699734	          0.00999999	          0.18537142	          0.04103961	          0.00999999	          0.00999999	          0.00999999	          0.22968628	          0.00999999	          0.00999999	          0.00999999	          0.06213171	          0.00999999	          0.01742179	          0.39734782	          0.02086786	          0.09391323	          0.02387302	          0.00999999	          0.33592349	          0.02760334	          0.13206224	
          1.01510611	         -3.18009892	         -4.23334940	          9.20615758	          1.13917354	          0.85332742	         -0.01414511	         27.14888227	         -2.07052428	        -23.12153890	        -18.19329657	          7.03712306	          0.31656016	         -8.42229153	         -4.07923780	         10.09379002	          1.34409604	          8.93645318	          9.75318816	         -9.36168620	         -1.72929599	         -1.14645683	          0.09135257	          0.14722039	          0.04595306	          0.00999999	          0.07223943	          0.00999999	          0.02268504	          0.00999999	          0.18674925	          0.04461795	          0.00999999	          0.00999999	          0.00999999	          0.23312613	          0.00999999	          0.00999999	          0.00999999	          0.07087186	          0.00999999	          0.02452140	          0.43820492	          0.02618322	          0.15139309	          0.02005976	          0.00999999	          0.34892460	          0.05679105	          0.11432502	
          1.02651180	         -3.24274332	         -4.09465817	          9.45421505	          1.15203830	          0.85069614	         -0.01448637	         27.10871540	         -1.98815829	        -21.86791352	        -14.75265115	          6.98789752	          0.28939700	         -9.30975119	         -4.08332080	         10.06159313	          1.34327217	          9.30848704	         10.61945947	         -9.22561776	         -1.62063357	         -1.37967230	          0.08766124	          0.16201893	          0.05937276	          0.00999999	          0.06979205	          0.00999999	          0.01906154	          0.00999999	          0.18407164	          0.04847569	          0.01000000	          0.00999999	          0.00999999	          0.23649022	          0.00999999	          0.00999999	          0.00999999	          0.08096260	          0.00999999	          0.03035381	          0.46097586	          0.02939714	          0.20583608	          0.01685560	          0.00999999	          0.35881114	          0.08883671	          0.09606380	
          1.03791748	         -3.31694647	         -3.96733994	          9.67420294	          1.16499016	          0.84803323	         -0.01475755	         27.08951289	         -1.90570094	        -20.52185128	        -11.66823277	          6.94950168	          0.26940590	        -10.07540256	         -4.07616064	          9.97553661	          1.12155455	          9.68249938	         11.62557142	         -9.08172537	         -1.47764931	         -1.61476685	          0.08509304	          0.17302318	          0.06993989	          0.00999999	          0.06422991	          0.00999999	          0.01601682	          0.00999999	          0.17734051	          0.05276028	          0.01189175	          0.00999999	          0.00999999	          0.23945938	          0.00999999	          0.00999999	          0.00999999	          0.09051094	          0.00999999	          0.03550071	          0.46534927	          0.03176830	          0.25326222	          0.01416324	          0.00999999	          0.36536330	          0.12088649	          0.08071945	
          1.04932317	         -3.40215823	         -3.85321533	          9.86480092	          1.17802622	          0.84541383	         -0.01495821	         27.10419079	         -1.82545845	        -19.10857570	         -8.99018668	          6.92546870	          0.25555363	        -10.72546649	         -4.05845253	          9.82642152	          0.69235794	         10.04448854	         12.75292441	         -8.93453972	         -1.29616798	         -1.85067288	          0.08337476	          0.17990573	          0.07523900	          0.00999999	          0.05837609	          0.00999999	          0.01345844	          0.00999999	          0.16796183	          0.04973344	          0.01355452	          0.00999999	          0.00999999	          0.24196829	          0.00999999	          0.00999999	          0.00999999	          0.09832943	          0.00999999	          0.03945798	          0.45185700	          0.03344770	          0.29214797	          0.01190094	          0.00999999	          0.36838998	          0.15136504	          0.06782607	
          1.06072886	         -3.49706319	         -3.75211786	         10.02513310	          1.19115728	          0.84289191	         -0.01508802	         27.15627892	         -1.74630054	        -17.64770430	         -6.74047568	          6.91370031	          0.24679148	        -11.26921203	         -4.02978358	          9.60410333	          0.07289940	         10.37016079	         13.98712120	         -8.78645771	         -1.07510690	         -2.08650542	          0.08235438	          0.18496178	          0.06994474	          0.00999999	          0.05386881	          0.00999999	          0.01130872	          0.00999999	          0.15672291	          0.04178948	          0.01515318	          0.00999999	          0.00999999	          0.24424340	          0.00999999	          0.00999999	          0.00999999	          0.10449760	          0.00999999	          0.04304875	          0.42080850	          0.03550514	          0.32053421	          0.00999999	          0.00999999	          0.36750660	          0.17917204	          0.05699216	
          1.07213454	         -3.59950518	         -3.66195161	         10.15373468	          1.20441338	          0.84050231	         -0.01514366	         27.24103913	         -1.66379101	        -16.15621272	         -4.92417097	          6.91159986	          0.24189704	        -11.72236512	         -3.98923390	          9.29573961	         -0.71112940	         10.62778281	         15.31997711	         -8.63697333	         -0.81682047	         -2.32275433	          0.08227880	          0.19249092	          0.05877241	          0.00999999	          0.05089525	          0.00999999	          0.00999999	          0.00999999	          0.14558930	          0.03511441	          0.01570573	          0.00999999	          0.00999999	          0.24621795	          0.00999999	          0.00999999	          0.00999999	          0.10725840	          0.00999999	          0.04516504	          0.37006091	          0.03920437	          0.33880702	          0.00999999	          0.00999999	          0.36235660	          0.20316655	          0.04788875	
          1.08354023	         -3.70667343	         -3.57849145	         10.24731173	          1.21783850	          0.83826466	         -0.01512069	         27.34879739	         -1.57102942	        -14.65155875	         -3.53837656	          6.91810080	          0.23978170	        -12.10645197	         -3.93545286	          8.89375006	         -1.62746117	         10.78457390	         16.74511037	         -8.48383151	         -0.52603402	         -2.56057910	          0.08517647	          0.20270162	          0.04938465	          0.01111513	          0.05659206	          0.00999999	          0.00999999	          0.00999999	          0.13807161	          0.02950556	          0.01333489	          0.00999999	          0.00999999	          0.24792476	          0.00999999	          0.00999999	          0.00999999	          0.09626950	          0.00999999	          0.04300162	          0.31095079	          0.04569667	          0.34067586	          0.00999999	          0.00999999	          0.35287415	          0.22237867	          0.04023945	
          1.09494592	         -3.81549137	         -3.49298412	         10.29996321	          1.23147614	          0.83618440	         -0.01501774	         27.46822988	         -1.46030193	        -13.16187905	         -2.57789994	          6.93350119	          0.23967008	        -12.43965581	         -3.86309954	          8.40528780	         -2.65458316	         10.81870783	         18.25199751	         -8.32556206	         -0.21077382	         -2.79913185	          0.09143736	          0.20802639	          0.04149640	          0.01418940	          0.06447156	          0.00999999	          0.01318852	          0.00999999	          0.12988842	          0.02479261	          0.01120490	          0.00999999	          0.00999999	          0.24923124	          0.00999999	          0.00999999	          0.00999999	          0.08089229	          0.00999999	          0.03649713	          0.26128238	          0.05119430	          0.33067056	          0.00999999	          0.00999999	          0.33912423	          0.23627637	          0.03381197	
          1.10635160	         -3.92269791	         -3.39588856	         10.30647367	          1.24536725	          0.83425021	         -0.01484232	         27.58812918	         -1.32542252	        -11.71151861	         -2.04272508	          6.95830521	          0.24091292	        -12.73562104	         -3.76614647	          7.84297595	         -3.78123664	         10.72013864	         19.82575153	         -8.16063948	          0.12174632	         -3.03575682	          0.09768485	          0.20713053	          0.03486815	          0.01880134	          0.07260649	          0.00999999	          0.09093946	          0.00999999	          0.11712099	          0.02083247	          0.00999999	          0.00999999	          0.00999999	          0.24943615	          0.00999999	          0.00999999	          0.00999999	          0.06797130	          0.00999999	          0.03066742	          0.21954754	          0.05121361	          0.32078783	          0.00999999	          0.00999999	          0.32141094	          0.24459070	          0.02841116	
          1.11775729	         -4.02488065	         -3.28015987	         10.26346746	          1.25954101	          0.83243711	         -0.01460465	         27.71056331	         -1.16341528	        -10.31842428	         -1.98015708	          6.98004809	          0.24396679	        -12.99919263	         -3.64114698	          7.22502887	         -5.01219657	         10.49309769	         21.44614963	         -7.98818996	          0.46694273	         -3.26599333	          0.10299602	          0.19108009	          0.02929863	          0.01685560	          0.07365622	          0.01727296	          0.13435604	          0.00999999	          0.09841317	          0.01750488	          0.00999999	          0.01190094	          0.01001733	          0.25145729	          0.00999999	          0.00999999	          0.00999999	          0.05711419	          0.00999999	          0.02576889	          0.18447904	          0.04788875	          0.30986103	          0.00999999	          0.00999999	          0.29955337	          0.24737228	          0.02387302	
          1.12916298	         -4.11880296	         -3.13838754	         10.16975506	          1.27402625	          0.83071121	         -0.01431214	         27.83329425	         -0.97334370	         -9.00662440	         -2.43704548	          6.97661457	          0.24829669	        -13.22771001	         -3.48392105	          6.57241877	         -6.36607502	         10.14711546	         23.09199807	         -7.80673133	          0.81744553	         -3.48327106	          0.10714824	          0.17395118	          0.02461874	          0.01416324	          0.07218327	          0.02709873	          0.16174384	          0.00999999	          0.08269355	          0.01470881	          0.00999999	          0.00999999	          0.00999999	          0.24774980	          0.00999999	          0.00999999	          0.00999999	          0.04799130	          0.00999999	          0.02836958	          0.15501205	          0.04023944	          0.30192737	          0.00999999	          0.00999999	          0.27552875	          0.24454753	          0.02005976	
          1.14056866	         -4.20173942	         -2.96571070	         10.02701779	          1.28884259	          0.82903362	         -0.01396908	         27.94616184	         -0.75586076	         -7.80242644	         -3.45426004	          6.87404141	          0.25180029	        -13.40617566	         -3.29138128	          5.90309097	         -7.88095344	          9.69653641	         24.74288681	         -7.61468419	          1.16629483	         -3.68371417	          0.09003337	          0.16339232	          0.02068637	          0.01190094	          0.10788533	          0.03540782	          0.13796031	          0.00999999	          0.06948485	          0.01235936	          0.00999999	          0.01347307	          0.01004332	          0.26032391	          0.02931839	          0.00999999	          0.00999999	          0.04032561	          0.02468677	          0.02383809	          0.13025186	          0.03381197	          0.30819215	          0.00999999	          0.00999999	          0.24397232	          0.23636711	          0.01685560	
          1.15197435	         -4.27091833	         -2.77279143	          9.83008470	          1.30400321	          0.82738940	         -0.01356547	         28.00638570	         -0.52437429	         -6.68875113	         -5.00699076	          6.59311134	          0.25295263	        -13.50219790	         -3.07085697	          5.20775367	         -9.62259484	          9.15974262	         26.37235589	         -7.40819601	          1.51769101	         -3.86430452	          0.07565227	          0.13729354	          0.01738212	          0.00999999	          0.18743794	          0.02975210	          0.11724069	          0.06064640	          0.05838598	          0.01038519	          0.00999999	          0.01938589	          0.01416324	          0.26282188	          0.07927906	          0.00999999	          0.00999999	          0.03388437	          0.07363800	          0.02003041	          0.10944662	          0.02841115	          0.32616909	          0.00999999	          0.00999999	          0.20500243	          0.22228997	          0.01416324	
          1.16338004	         -4.32434170	         -2.59102455	          9.57614130	          1.31949374	          0.82585142	         -0.01313401	         27.88124467	         -0.32783776	         -5.54185466	         -6.53437151	          6.30766151	          0.24122584	        -13.45951633	         -2.84841626	          4.45772628	        -11.68193713	          8.53320144	         27.94523002	         -7.17824939	          1.89968089	         -4.02250666	          0.06515381	          0.11942445	          0.01460566	          0.04956095	          0.15749833	          0.04323960	          0.09851375	          0.06271499	          0.04905994	          0.00999999	          0.00999999	          0.01628937	          0.01190094	          0.29595820	          0.09212097	          0.00999999	          0.00999999	          0.02847199	          0.06567279	          0.01683094	          0.09196463	          0.02387302	          0.31257921	          0.00999999	          0.00999999	          0.17225723	          0.20585223	          0.01190094	
          1.17478572	         -4.36444843	         -2.41663100	          9.26388495	          1.33510679	          0.82457754	         -0.01260465	         27.60729082	         -0.11989437	         -4.47622328	         -7.81172892	          5.92324265	          0.23230037	        -13.20800916	         -2.62710678	          3.65773822	        -14.13699632	          7.77127657	         29.39700092	         -6.94811081	          2.29550177	         -4.15709830	          0.07925719	          0.10034869	          0.01227268	          0.09836896	          0.16111497	          0.04452995	          0.08277807	          0.07573610	          0.04122356	          0.00999999	          0.00999999	          0.01368745	          0.00999999	          0.31631642	          0.11377462	          0.00999999	          0.00999999	          0.02392414	          0.06870966	          0.01779095	          0.07727505	          0.02005976	          0.30074139	          0.00999999	          0.00999999	          0.14474245	          0.17432534	          0.00999999	
          1.18619141	         -4.39188144	         -2.25010782	          8.89834437	          1.35064486	          0.82371118	         -0.01198312	         27.27484551	          0.10975480	         -3.51958308	         -8.99174662	          5.53869658	          0.22145686	        -12.69890622	         -2.41276046	          2.79956776	        -17.03225634	          6.86898606	         30.55609332	         -6.73601309	          2.70527783	         -4.26628157	          0.07552546	          0.08431991	          0.01031236	          0.12160752	          0.16712817	          0.04329816	          0.06955586	          0.08290192	          0.03463888	          0.00999999	          0.03091688	          0.01150115	          0.00999999	          0.33849279	          0.13630754	          0.00999999	          0.00999999	          0.02010272	          0.08296782	          0.02057078	          0.06493184	          0.01685560	          0.27736549	          0.00999999	          0.00999999	          0.12162262	          0.14648022	          0.00999999	
          1.19759710	         -4.40720870	         -2.09167355	          8.48228790	          1.36599154	          0.82334441	         -0.01128331	         26.90885015	          0.35402274	         -2.67136428	        -10.11784215	          5.23447970	          0.21031207	        -11.91081560	         -2.21659638	          1.86445043	        -20.36960364	          5.83037011	         31.20604826	         -6.55088900	          3.12695529	         -4.34958300	          0.06409430	          0.07085143	          0.00999999	          0.13275687	          0.14791535	          0.04632878	          0.05844565	          0.06965993	          0.02910599	          0.00999999	          0.08259882	          0.00999999	          0.00999999	          0.34865803	          0.14812172	          0.00999999	          0.00999999	          0.01689169	          0.09355106	          0.02027128	          0.05456023	          0.01416324	          0.24179671	          0.00999999	          0.00999999	          0.10219575	          0.12308282	          0.00999999	
          1.20900278	         -4.41238946	         -1.93521392	          8.01620393	          1.38107661	          0.82356206	         -0.01052492	         26.47654685	          0.60012996	         -1.91786555	        -11.12716709	          5.05287113	          0.19772601	        -10.84788229	         -2.04869553	          0.84681481	        -24.09650502	          4.58936258	         31.23003006	         -6.39887760	          3.55171632	         -4.40682972	          0.05385646	          0.05953427	          0.00999999	          0.13660364	          0.12428871	          0.04651128	          0.04911008	          0.05855314	          0.02445687	          0.00999999	          0.13695396	          0.00999999	          0.00999999	          0.35164424	          0.15607733	          0.00999999	          0.00999999	          0.01419357	          0.10869989	          0.01829819	          0.04584528	          0.01190094	          0.20317433	          0.00999999	          0.00999999	          0.08587194	          0.10342270	          0.00999999	
          1.22040847	         -4.40978955	         -1.77058126	          7.49696331	          1.39586593	          0.82442654	         -0.00973539	         25.92537913	          0.83341271	         -1.24546095	        -11.92344787	          5.01473288	          0.18758319	         -9.53964676	         -1.91278258	         -0.23964187	        -28.09441526	          3.00901435	         30.63993691	         -6.28297440	          3.96823227	         -4.43439945	          0.04525393	          0.05002482	          0.00999999	          0.13681444	          0.10443598	          0.04790236	          0.04126569	          0.04920040	          0.02055035	          0.00999999	          0.16436107	          0.00999999	          0.00999999	          0.34291787	          0.15728913	          0.00999999	          0.00999999	          0.01192642	          0.12344898	          0.01632099	          0.04512948	          0.00999999	          0.17072113	          0.00999999	          0.00999999	          0.07215555	          0.08690291	          0.01701649	
          1.23181416	         -4.40078723	         -1.58419618	          6.92491134	          1.41034146	          0.82589608	         -0.00893755	         25.23832353	          1.03559640	         -0.62320006	        -12.47283891	          5.09975564	          0.18147900	         -8.03024381	         -1.80634108	         -1.37435511	        -32.25578415	          1.18991607	         29.19830040	         -6.20538416	          4.36054359	         -4.43092035	          0.03802548	          0.04203431	          0.00999999	          0.14625426	          0.08775434	          0.04684918	          0.03467429	          0.04134158	          0.01726783	          0.00999999	          0.15684306	          0.01103015	          0.01175410	          0.32673866	          0.16542515	          0.02611448	          0.00999999	          0.01002140	          0.10715062	          0.01416324	          0.03792091	          0.00999999	          0.14345171	          0.00999999	          0.00999999	          0.06063008	          0.07302184	          0.07205405	
          1.24321984	         -4.38513660	         -1.37507294	          6.31286496	          1.42447829	          0.82780451	         -0.00813906	         24.45080069	          1.19929387	         -0.02386008	        -12.83042310	          5.26860919	          0.18107398	         -6.38079495	         -1.73463592	         -2.53767243	        -36.50282820	         -0.46568804	         26.54884686	         -6.16717121	          4.71936005	         -4.40063609	          0.03195164	          0.03532014	          0.00999999	          0.15197408	          0.07373727	          0.04461054	          0.02913574	          0.04011855	          0.01450962	          0.00999999	          0.15600602	          0.00999999	          0.00999999	          0.31093081	          0.18394984	          0.05720147	          0.00999999	          0.00999999	          0.09003537	          0.01190094	          0.03186378	          0.00999999	          0.12053806	          0.00999999	          0.00999999	          0.05094559	          0.06135800	          0.17172463	
          1.25462553	         -4.36195556	         -1.14285041	          5.66983776	          1.43828990	          0.82996164	         -0.00734153	         23.58684085	          1.31948789	          0.55960922	        -13.03155723	          5.47422184	          0.18486703	         -4.69476137	         -1.67168738	         -3.70508786	        -40.63710325	         -1.25586406	         23.08314335	         -6.16428803	          5.03175833	         -4.34158771	          0.02684798	          0.02967843	          0.00999999	          0.14554965	          0.06195915	          0.04334663	          0.02448186	          0.04055652	          0.01219199	          0.00999999	          0.14625736	          0.00999999	          0.00999999	          0.29206194	          0.19050034	          0.06204899	          0.01416325	          0.00999999	          0.07565395	          0.00999999	          0.06375134	          0.00999999	          0.10777708	          0.00999999	          0.00999999	          0.04280801	          0.05155724	          0.18899854	
          1.26603121	         -4.33105903	         -0.88721240	          5.00070022	          1.45181418	          0.83230076	         -0.00655741	         22.67046546	          1.39247863	          1.13169724	        -13.12359105	          5.72028739	          0.19441726	         -3.05336759	         -1.58188769	         -4.88264111	        -44.33422610	         -1.11362020	         19.98636188	         -6.19012106	          5.29239386	         -4.25540317	          0.02255953	          0.02493787	          0.00999999	          0.13813117	          0.05206237	          0.04236586	          0.02057136	          0.03819321	          0.01024455	          0.00999999	          0.13327647	          0.00999999	          0.00999999	          0.27123119	          0.18442848	          0.06498833	          0.01190094	          0.00999999	          0.06356968	          0.00999999	          0.08715207	          0.00999999	          0.10608676	          0.00999999	          0.00999999	          0.03597026	          0.04332196	          0.20588930	
          1.27743690	         -4.29232520	         -0.60801524	          4.31344124	          1.46508544	          0.83480478	         -0.00577672	         21.72019585	          1.41763621	          1.70407176	        -13.13863301	          5.98420797	          0.21523091	         -1.46254813	         -1.47391861	         -6.08550761	        -47.53805740	         -0.70026046	         17.30849466	         -6.24002428	          5.49765189	         -4.14775705	          0.01895608	          0.02095452	          0.00999999	          0.12999985	          0.04374641	          0.04005255	          0.01728548	          0.03801697	          0.00999999	          0.00999999	          0.12160076	          0.00999999	          0.00999999	          0.25199972	          0.17529194	          0.07441848	          0.01000000	          0.00999999	          0.05341565	          0.00999999	          0.10515896	          0.00999999	          0.11110623	          0.00999999	          0.00999999	          0.03361138	          0.03640211	          0.19953404	
          1.28884259	         -4.24576492	         -0.30289707	          3.61695300	          1.47812774	          0.83742662	         -0.00499256	         20.74442021	          1.39079632	          2.27827189	        -13.08765752	          6.23444432	          0.25112294	          0.08273721	         -1.35358116	         -7.31762473	        -50.25339854	         -0.23018497	         14.99323800	         -6.31136490	          5.64186236	         -4.02240823	          0.01592821	          0.01760744	          0.00999999	          0.12173497	          0.03675876	          0.03801456	          0.01452445	          0.03697543	          0.00999999	          0.00999999	          0.11204689	          0.00999999	          0.00999999	          0.23500767	          0.16565292	          0.08442274	          0.00999999	          0.00999999	          0.04488353	          0.00999999	          0.13414797	          0.00999999	          0.11620502	          0.00999999	          0.00999999	          0.03271393	          0.03058757	          0.19501838	
          1.30024827	         -4.19157719	          0.02907411	          2.91940382	          1.49095587	          0.84010737	         -0.00419905	         19.74743342	          1.30916232	          2.85106884	        -12.97557650	          6.45661541	          0.30419329	          1.59376314	         -1.22577032	         -8.57680023	        -52.51485254	          0.25121315	         12.98573810	         -6.40256399	          5.72117161	         -3.88202100	          0.01338399	          0.01479499	          0.00999999	          0.11198288	          0.03088725	          0.03713442	          0.01220445	          0.03632137	          0.00999999	          0.00999999	          0.10487398	          0.00999999	          0.00999999	          0.22048477	          0.15620892	          0.09132066	          0.00999999	          0.00999999	          0.04440320	          0.00999999	          0.16922744	          0.00999999	          0.12031950	          0.00999999	          0.00999999	          0.03164451	          0.02570180	          0.19151211	
          1.31165396	         -4.13012707	          0.38750982	          2.22641816	          1.50358095	          0.84278959	         -0.00339715	         18.73191141	          1.17135460	          3.41725191	        -12.80544511	          6.64878303	          0.37489496	          3.08296535	         -1.09033478	         -9.85419545	        -54.36660723	          0.72709390	         11.24592460	         -6.51205637	          5.73494989	         -3.72792592	          0.01124615	          0.01243177	          0.00999999	          0.10362070	          0.02595361	          0.03609852	          0.01025503	          0.03544070	          0.00999999	          0.00999999	          0.09854915	          0.00999999	          0.00999999	          0.20779626	          0.14849683	          0.09852378	          0.00999999	          0.00999999	          0.04510465	          0.00999999	          0.21358233	          0.00999999	          0.12390265	          0.00999999	          0.00999999	          0.03085439	          0.02159643	          0.18946017	
          1.32305965	         -4.06191252	          0.76861228	          1.54266558	          1.51601104	          0.84542139	         -0.00258952	         17.70103021	          0.98005719	          3.97246106	        -12.58182893	          6.81569401	          0.46339937	          4.56373954	         -0.94945183	        -11.13983983	        -55.86070185	          1.19645503	          9.73710102	         -6.63817068	          5.68687873	         -3.56106057	          0.00999999	          0.01044604	          0.00999999	          0.09660806	          0.02180802	          0.03425563	          0.00999999	          0.03418838	          0.00999999	          0.00999999	          0.09258876	          0.00999999	          0.00999999	          0.19610490	          0.14233031	          0.10539335	          0.01202430	          0.00999999	          0.04633352	          0.00999999	          0.26541210	          0.00999999	          0.12676323	          0.00999999	          0.00999999	          0.03009836	          0.01814681	          0.18871023	
          1.33446533	         -3.98766899	          1.16652567	          0.87227545	          1.52824883	          0.84795784	         -0.00177796	         16.65990413	          0.74102286	          4.51394039	        -12.31229437	          6.96288365	          0.57217035	          6.04999391	         -0.80846284	        -12.42469335	        -57.05222222	          1.66121924	          8.42859875	         -6.77988078	          5.58291577	         -3.38263958	          0.00999999	          0.00999999	          0.00999999	          0.09132943	          0.01832461	          0.03111549	          0.00999999	          0.03180943	          0.00999999	          0.00999999	          0.08665224	          0.00999999	          0.00999999	          0.18419875	          0.13526313	          0.11319225	          0.02082358	          0.00999999	          0.04777705	          0.00999999	          0.32250982	          0.00999999	          0.12871703	          0.02837086	          0.00999999	          0.02896308	          0.01524821	          0.18896433	
          1.34587102	         -3.90855009	          1.57362492	          0.21891812	          1.54028948	          0.85036247	         -0.00096311	         15.61469128	          0.46272258	          5.04090885	        -12.00475327	          7.09354906	          0.70717828	          7.55439900	         -0.67631084	        -13.70160570	        -57.98703826	          2.12601771	          7.29332992	         -6.93772602	          5.43102966	         -3.19443345	          0.00999999	          0.00999999	          0.00999999	          0.08997313	          0.01539760	          0.02614539	          0.00999999	          0.02832637	          0.00999999	          0.00999999	          0.08134661	          0.00999999	          0.00999999	          0.17220496	          0.13028626	          0.12220862	          0.02822119	          0.00999999	          0.04383610	          0.00999999	          0.38054815	          0.00999999	          0.13047058	          0.04134666	          0.00999999	          0.02752794	          0.01281260	          0.18972148	
          1.35727671	         -3.82584925	          1.98141538	         -0.41365224	          1.55212915	          0.85260656	         -0.00014246	         14.56866218	          0.15493965	          5.55174503	        -11.66082487	          7.19679098	          0.87958162	          9.08824334	         -0.56727328	        -14.96628221	        -58.71238519	          2.59515761	          6.30821256	         -7.11217975	          5.23950760	         -2.99857581	          0.00999999	          0.00999999	          0.00999999	          0.09187269	          0.01293813	          0.02196917	          0.00999999	          0.02576581	          0.00999999	          0.00999999	          0.07497368	          0.02639598	          0.00999999	          0.16393497	          0.12827575	          0.12796011	          0.03371757	          0.00999999	          0.03683413	          0.00999999	          0.43402090	          0.00999999	          0.13211668	          0.04837793	          0.00999999	          0.02543786	          0.01076603	          0.19079151	
          1.36868239	         -3.74082944	          2.38222999	         -1.02254273	          1.56376593	          0.85467045	          0.00068768	         13.52929398	         -0.17238203	          6.04305214	        -11.29201225	          7.26877401	          1.10169347	         10.65956157	         -0.49658691	        -16.21528687	        -59.27310945	          3.06968902	          5.45346148	         -7.30311739	          5.01570608	         -2.79745465	          0.00999999	          0.00999999	          0.00999999	          0.09402472	          0.01087151	          0.01846001	          0.00999999	          0.02276751	          0.00999999	          0.00999999	          0.07116613	          0.04559231	          0.00999999	          0.15598970	          0.12771502	          0.13096253	          0.03711195	          0.00999999	          0.03095058	          0.00999999	          0.47438648	          0.00999999	          0.13374907	          0.05333477	          0.00999999	          0.02137466	          0.00999999	          0.19156581	
          1.38008808	         -3.65468694	          2.77001262	         -1.60646006	          1.57521115	          0.85654452	          0.00152816	         12.50023105	         -0.51089441	          6.51157985	        -10.90936925	          7.33185818	          1.37985973	         12.26745677	         -0.47474042	        -17.44384889	        -59.69358932	          3.54452703	          4.71195670	         -7.50850264	          4.76614119	         -2.59319958	          0.00999999	          0.00999999	          0.00999999	          0.09580948	          0.00999999	          0.01551138	          0.00999999	          0.01963665	          0.00999999	          0.00999999	          0.06783143	          0.06311042	          0.00999999	          0.14809771	          0.12898416	          0.13135425	          0.04077430	          0.00999999	          0.02600682	          0.00999999	          0.48908483	          0.00999999	          0.13554388	          0.05809729	          0.00999999	          0.01796046	          0.00999999	          0.19351462	
          1.39149377	         -3.56866826	          3.13993236	         -2.16583954	          1.58649123	          0.85822939	          0.00237796	         11.47864773	         -0.85402623	          6.95378888	        -10.51189946	          7.39565745	          1.71462673	         13.89898118	         -0.50597917	        -18.64594100	        -59.96425103	          4.01148906	          4.06886382	         -7.72437608	          4.49686908	         -2.38780919	          0.00999999	          0.00999999	          0.00999999	          0.09570023	          0.00999999	          0.01303374	          0.00999999	          0.01762007	          0.00999999	          0.02328187	          0.06323561	          0.07944915	          0.00999999	          0.14074747	          0.12825420	          0.12741847	          0.04880096	          0.00999999	          0.02185273	          0.00999999	          0.43714529	          0.00999999	          0.13762329	          0.06210184	          0.00999999	          0.01509163	          0.00999999	          0.19603942	
          1.40289945	         -3.48434915	          3.48814168	         -2.70334667	          1.59764308	          0.85973636	          0.00323227	         10.45709601	         -1.19717366	          7.36455538	        -10.08758808	          7.45619703	          2.10164873	         15.52495520	         -0.58581495	        -19.81496008	        -60.02271170	          4.46942004	          3.51121100	         -7.94605577	          4.21448460	         -2.18288168	          0.00999999	          0.00999999	          0.00999999	          0.09336839	          0.00999999	          0.01095185	          0.00999999	          0.01662539	          0.00999999	          0.05153394	          0.05760751	          0.09483944	          0.00999999	          0.13463809	          0.12494352	          0.12282545	          0.05985144	          0.00999999	          0.01836218	          0.00999999	          0.36731973	          0.00999999	          0.13863602	          0.06178104	          0.00999999	          0.01268103	          0.00999999	          0.19897410	
          1.41430514	         -3.40359013	          3.81112644	         -3.22250352	          1.60870305	          0.86107867	          0.00408420	          9.42675917	         -1.53653789	          7.74038433	         -9.62126797	          7.50842971	          2.53122596	         17.11073541	         -0.70449949	        -20.94313445	        -59.78831687	          4.91596350	          3.02731929	         -8.16961626	          3.92609342	         -1.97956562	          0.00999999	          0.00999999	          0.00999999	          0.09032869	          0.00999999	          0.00999999	          0.00999999	          0.01666280	          0.00999999	          0.07480059	          0.05115841	          0.10977208	          0.00999999	          0.12999636	          0.12149145	          0.11964980	          0.06626111	          0.00999999	          0.01542917	          0.00999999	          0.30864746	          0.00999999	          0.14001989	          0.06135278	          0.00999999	          0.01065548	          0.00999999	          0.20206292	
          1.42571083	         -3.32813507	          4.10474203	         -3.72575304	          1.61970355	          0.86226206	          0.00492718	          8.38053046	         -1.86752393	          8.08037676	         -9.10258024	          7.55097475	          2.99004376	         18.62705152	         -0.85197151	        -22.01949047	        -59.19967309	          5.34368835	          2.60665598	         -8.39173358	          3.63926248	         -1.77845552	          0.00999999	          0.00999999	          0.00999999	          0.08708248	          0.00999999	          0.00999999	          0.00999999	          0.01664132	          0.00999999	          0.09396332	          0.04481645	          0.12438468	          0.00999999	          0.12731205	          0.11842156	          0.11701684	          0.06903647	          0.00999999	          0.01296466	          0.00999999	          0.25934696	          0.00999999	          0.14060756	          0.05990662	          0.00999999	          0.00999999	          0.00999999	          0.20643669	
          1.43711651	         -3.25947390	          4.36473944	         -4.21449128	          1.63067502	          0.86328255	          0.00575601	          7.31254233	         -2.18530472	          8.38519197	         -8.52391558	          7.58182461	          3.46462892	         20.05135564	         -1.01882835	        -23.03040124	        -58.22146922	          5.74649126	          2.23864722	         -8.60917740	          3.36116894	         -1.57956476	          0.00999999	          0.00999999	          0.00999999	          0.08388716	          0.00999999	          0.00999999	          0.00999999	          0.01666365	          0.00999999	          0.10863001	          0.03889474	          0.13889785	          0.00999999	          0.12675179	          0.11556320	          0.11437859	          0.06884627	          0.00999999	          0.01089380	          0.00999999	          0.21792126	          0.00999999	          0.13996742	          0.05837666	          0.00999999	          0.00999999	          0.00999999	          0.21110755	
          1.44852220	         -3.19880216	          4.58700455	         -4.68951184	          1.64164819	          0.86412784	          0.00656647	          6.21723043	         -2.48520911	          8.65535491	         -7.87943779	          7.60096537	          3.94305570	         21.36599944	         -1.19650889	        -23.96089939	        -56.84030831	          6.12382806	          1.91356996	         -8.81858097	          3.09855494	         -1.38234674	          0.00999999	          0.00999999	          0.00999999	          0.08074653	          0.00999999	          0.00999999	          0.00999999	          0.01711671	          0.00999999	          0.11834445	          0.03350245	          0.15347375	          0.00999999	          0.12825830	          0.11305041	          0.11133222	          0.06446003	          0.00999999	          0.00999999	          0.00999999	          0.18311253	          0.00999999	          0.13772256	          0.05667123	          0.00999999	          0.00999999	          0.00999999	          0.21553145	
          1.45992789	         -3.14693788	          4.76780831	         -5.15122730	          1.65265751	          0.86477975	          0.00735394	          5.08849667	         -2.76314193	          8.89085404	         -7.16408064	          7.60993503	          4.41580706	         22.55635388	         -1.37697870	        -24.79587437	        -55.05952910	          6.47023349	          1.62310793	         -9.01591125	          2.85784297	         -1.18545491	          0.00999999	          0.00999999	          0.00999999	          0.07875468	          0.00999999	          0.00999999	          0.00999999	          0.01799456	          0.00999999	          0.12019778	          0.02880118	          0.16826983	          0.00999999	          0.13151397	          0.11121124	          0.10774570	          0.05416378	          0.00999999	          0.00999999	          0.00999999	          0.15386382	          0.00999999	          0.13423825	          0.05419259	          0.00999999	          0.00999999	          0.00999999	          0.21916472	
          1.47133357	         -3.10423414	          4.90405421	         -5.59958675	          1.66374311	          0.86521586	          0.00811324	          3.91953422	         -3.01581518	          9.09268204	         -6.37367568	          7.61104888	          4.87621428	         23.61025146	         -1.55316941	        -25.52116566	        -52.89662563	          6.77282094	          1.36304117	         -9.19606661	          2.64496704	         -0.98688023	          0.00999999	          0.00999999	          0.00999999	          0.07657855	          0.00999999	          0.00999999	          0.00999999	          0.01767182	          0.00999999	          0.11411349	          0.02517586	          0.18350130	          0.00999999	          0.13599084	          0.11113970	          0.10347346	          0.04551216	          0.00999999	          0.00999999	          0.00999999	          0.12928703	          0.00999999	          0.13150085	          0.05227977	          0.00999999	          0.00999999	          0.00999999	          0.22116154	
          1.48273926	         -3.07070918	          4.99353346	         -6.03412047	          1.67494302	          0.86541058	          0.00884279	          2.70658523	         -3.24018633	          9.26641061	         -5.51077026	          7.60796996	          5.32089905	         24.51984589	         -1.71987852	        -26.12288987	        -50.37899877	          7.01450957	          1.13549041	         -9.35405707	          2.46414179	         -0.78566392	          0.00999999	          0.00999999	          0.00999999	          0.07461573	          0.00999999	          0.00999999	          0.00999999	          0.01484909	          0.00999999	          0.09606379	          0.02355035	          0.19940225	          0.00999999	          0.14115254	          0.11212890	          0.09939845	          0.03824246	          0.00999999	          0.00999999	          0.00999999	          0.10863591	          0.00999999	          0.13231924	          0.05269312	          0.01061391	          0.00999999	          0.00999999	          0.22103677	
          1.49414495	         -3.04626392	          5.03550649	         -6.45423993	          1.68628704	          0.86533644	          0.00954464	          1.45215818	         -3.43381523	          9.41964615	         -4.58935762	          7.60805749	          5.75021097	         25.28295926	         -1.87240780	        -26.58385906	        -47.53529270	          7.17915393	          0.94628963	         -9.48576675	          2.31699553	         -0.58192677	          0.00999999	          0.00999999	          0.00999999	          0.07287819	          0.00999999	          0.00999999	          0.00999999	          0.01247723	          0.00999999	          0.08071945	          0.01978863	          0.21582410	          0.00999999	          0.14606899	          0.11447737	          0.09768568	          0.03213397	          0.00999999	          0.00999999	          0.00999999	          0.09128341	          0.00999999	          0.13397418	          0.05029706	          0.01004205	          0.00999999	          0.00999999	          0.21941198	
          1.50555063	         -3.03077962	          5.03202638	         -6.85923058	          1.69779613	          0.86496549	          0.01022420	          0.16404168	         -3.59625225	          9.55481774	         -3.63030948	          7.61801788	          6.16960826	         25.90411688	         -2.00602329	        -26.88175759	        -44.39851869	          7.26317572	          0.79780928	         -9.58783001	          2.20086960	         -0.37628862	          0.00999999	          0.00999999	          0.00999999	          0.07133927	          0.00999999	          0.00999999	          0.00999999	          0.01048423	          0.00999999	          0.06782607	          0.01662778	          0.23281707	          0.00999999	          0.15108254	          0.11602818	          0.09941773	          0.02700118	          0.00999999	          0.00999999	          0.00999999	          0.07670264	          0.00999999	          0.13877756	          0.04914011	          0.00999999	          0.00999999	          0.00999999	          0.21812927	
          1.51695632	         -3.02421257	          4.98737677	         -7.24845208	          1.70948744	          0.86427378	          0.01088659	         -1.15109084	         -3.72946449	          9.67280598	         -2.65056364	          7.64465556	          6.58594483	         26.39098991	         -2.11514253	        -26.98871586	        -41.00195582	          7.28210187	          0.68335571	         -9.65733205	          2.11017326	         -0.16864623	          0.01002161	          0.00999999	          0.00999999	          0.06485694	          0.00999999	          0.00999999	          0.01000000	          0.00999999	          0.00999999	          0.05699215	          0.01397181	          0.25003056	          0.00999999	          0.15516770	          0.11683408	          0.10121088	          0.02268826	          0.00999999	          0.01830538	          0.00999999	          0.06445087	          0.00999999	          0.14468981	          0.04559662	          0.00999999	          0.00999999	          0.00999999	          0.21826917	
          1.52836201	         -3.02658016	          4.90748517	         -7.62112083	          1.72137447	          0.86324478	          0.01153071	         -2.48174125	         -3.83683088	          9.77655856	         -1.67710299	          7.70245295	          7.00707695	         26.75122694	         -2.19247824	        -26.88181955	        -37.38316107	          7.26309118	          0.59151553	         -9.69187975	          2.03840476	          0.04113215	          0.01060980	          0.00999999	          0.00999999	          0.06033310	          0.00999999	          0.00999999	          0.09319702	          0.00999999	          0.00999999	          0.04788875	          0.01174008	          0.26787525	          0.00999999	          0.15684634	          0.11466826	          0.10056671	          0.01906425	          0.00999999	          0.03079096	          0.00999999	          0.05415608	          0.00999999	          0.15260749	          0.04352738	          0.00999999	          0.00999999	          0.00999999	          0.21973953	
          1.53976769	         -3.03798980	          4.79955699	         -7.97733235	          1.73345805	          0.86187188	          0.01214809	         -3.79929543	         -3.92122682	          9.87088561	         -0.76684065	          7.81416638	          7.44543720	         26.99489658	         -2.23264976	        -26.54971461	        -33.59262916	          7.22719626	          0.51442648	         -9.69084126	          1.97922540	          0.25390386	          0.01132264	          0.00999999	          0.00999999	          0.05523929	          0.00999999	          0.00999999	          0.18450032	          0.00999999	          0.00999999	          0.04023944	          0.00999999	          0.28578316	          0.00999999	          0.15589154	          0.11252210	          0.10400108	          0.01601910	          0.00999999	          0.04456370	          0.00999999	          0.04550569	          0.00999999	          0.16243350	          0.04206783	          0.00999999	          0.00999999	          0.00999999	          0.22188984	
          1.55117338	         -3.05860242	          4.67061786	         -8.31586696	          1.74573589	          0.86016213	          0.01272839	         -5.07575453	         -3.98507478	          9.95785248	          0.02840255	          7.99405865	          7.91649999	         27.13549325	         -2.23507164	        -25.99144767	        -29.69483277	          7.18543482	          0.44958072	         -9.65434209	          1.92641610	          0.47008959	          0.00999999	          0.00999999	          0.00999999	          0.05240949	          0.00999999	          0.00999999	          0.26844551	          0.00999999	          0.01490245	          0.03381197	          0.00999999	          0.30343550	          0.00999999	          0.15153866	          0.11033768	          0.10963573	          0.01346036	          0.00999999	          0.05562733	          0.00999999	          0.03823703	          0.00999999	          0.17174061	          0.04129626	          0.00999999	          0.00999999	          0.00999999	          0.22429756	
          1.56257907	         -3.08871092	          4.52788739	         -8.63488188	          1.75820138	          0.85813726	          0.01326255	         -6.28815164	         -4.03117757	         10.03221955	          0.66840697	          8.25202609	          8.43553903	         27.19117951	         -2.20423883	        -25.21695855	        -25.76771566	          7.13961354	          0.39575751	         -9.58371356	          1.87278160	          0.69034654	          0.00999999	          0.00999999	          0.00999999	          0.05490045	          0.00999999	          0.00999999	          0.34074740	          0.01573544	          0.04043785	          0.02841115	          0.00999999	          0.32048906	          0.00999999	          0.14304195	          0.10094344	          0.11896679	          0.01440243	          0.00999999	          0.06672131	          0.00999999	          0.03212940	          0.00999999	          0.18163675	          0.04148123	          0.00999999	          0.00999999	          0.00999999	          0.22684159	
          1.57398475	         -3.12893821	          4.37960622	         -8.93226386	          1.77083286	          0.85583696	          0.01373641	         -7.41168903	         -4.06219257	         10.08066041	          1.11671669	          8.57612807	          9.03350654	         27.18588024	         -2.14595888	        -24.24987732	        -21.89976628	          7.08955014	          0.35174269	         -9.48358292	          1.81039337	          0.91619743	          0.00999999	          0.00999999	          0.00999999	          0.06213171	          0.00999999	          0.01742179	          0.39734782	          0.02086786	          0.09391323	          0.02387302	          0.00999999	          0.33592349	          0.02760334	          0.13206224	          0.09547685	          0.13103625	          0.03076461	          0.00999999	          0.07084377	          0.00999999	          0.02699734	          0.00999999	          0.18537142	          0.04103961	          0.00999999	          0.00999999	          0.00999999	          0.22968628	
          1.58539044	         -3.18009892	          4.23334940	         -9.20615758	          1.78359483	          0.85332742	          0.01414511	         -8.42229153	         -4.07923780	         10.09379002	          1.34409604	          8.93645318	          9.75318816	         27.14888227	         -2.07052428	        -23.12153890	        -18.19329657	          7.03712306	          0.31656016	         -9.36168620	          1.72929599	          1.14645683	          0.00999999	          0.00999999	          0.00999999	          0.07087186	          0.00999999	          0.02452140	          0.43820492	          0.02618322	          0.15139309	          0.02005976	          0.00999999	          0.34892460	          0.05679105	          0.11432502	          0.09135257	          0.14722039	          0.04595306	          0.00999999	          0.07223943	          0.00999999	          0.02268504	          0.00999999	          0.18674925	          0.04461795	          0.00999999	          0.00999999	          0.00999999	          0.23312613	
          1.59679613	         -3.24274332	          4.09465817	         -9.45421505	          1.79645959	          0.85069614	          0.01448637	         -9.30975119	         -4.08332080	         10.06159313	          1.34327217	          9.30848704	         10.61945947	         27.10871540	         -1.98815829	        -21.86791352	        -14.75265115	          6.98789752	          0.28939700	         -9.22561776	          1.62063357	          1.37967230	          0.00999999	          0.00999999	          0.00999999	          0.08096260	          0.00999999	          0.03035381	          0.46097586	          0.02939714	          0.20583608	          0.01685560	          0.00999999	          0.35881114	          0.08883671	          0.09606380	          0.08766124	          0.16201893	          0.05937276	          0.00999999	          0.06979205	          0.00999999	          0.01906154	          0.00999999	          0.18407164	          0.04847569	          0.01000000	          0.00999999	          0.00999999	          0.23649022	
          1.60820181	         -3.31694647	          3.96733994	         -9.67420294	          1.80941146	          0.84803323	          0.01475755	        -10.07540256	         -4.07616064	          9.97553661	          1.12155455	          9.68249938	         11.62557142	         27.08951289	         -1.90570094	        -20.52185128	        -11.66823277	          6.94950168	          0.26940590	         -9.08172537	          1.47764931	          1.61476685	          0.00999999	          0.00999999	          0.00999999	          0.09051094	          0.00999999	          0.03550071	          0.46534927	          0.03176830	          0.25326222	          0.01416324	          0.00999999	          0.36536330	          0.12088649	          0.08071945	          0.08509304	          0.17302318	          0.06993989	          0.00999999	          0.06422991	          0.00999999	          0.01601682	          0.00999999	          0.17734051	          0.05276028	          0.01189175	          0.00999999	          0.00999999	          0.23945938	
          1.61960750	         -3.40215823	          3.85321533	         -9.86480092	          1.82244751	          0.84541383	          0.01495821	        -10.72546649	         -4.05845253	          9.82642152	          0.69235794	         10.04448854	         12.75292441	         27.10419079	         -1.82545845	        -19.10857570	         -8.99018668	          6.92546870	          0.25555363	         -8.93453972	          1.29616798	          1.85067288	          0.00999999	          0.00999999	          0.00999999	          0.09832943	          0.00999999	          0.03945798	          0.45185700	          0.03344770	          0.29214797	          0.01190094	          0.00999999	          0.36838998	          0.15136504	          0.06782607	          0.08337476	          0.17990573	          0.07523900	          0.00999999	          0.05837609	          0.00999999	          0.01345844	          0.00999999	          0.16796183	          0.04973344	          0.01355452	          0.00999999	          0.00999999	          0.24196829	
          1.63101319	         -3.49706319	          3.75211786	        -10.02513310	          1.83557857	          0.84289191	          0.01508802	        -11.26921203	         -4.02978358	          9.60410333	          0.07289940	         10.37016079	         13.98712120	         27.15627892	         -1.74630054	        -17.64770430	         -6.74047568	          6.91370031	          0.24679148	         -8.78645771	          1.07510690	          2.08650542	          0.00999999	          0.00999999	          0.00999999	          0.10449760	          0.00999999	          0.04304875	          0.42080850	          0.03550514	          0.32053421	          0.00999999	          0.00999999	          0.36750660	          0.17917204	          0.05699216	          0.08235438	          0.18496178	          0.06994474	          0.00999999	          0.05386881	          0.00999999	          0.01130872	          0.00999999	          0.15672291	          0.04178948	          0.01515318	          0.00999999	          0.00999999	          0.24424340	
          1.64241887	         -3.59950518	          3.66195161	        -10.15373468	          1.84883468	          0.84050231	          0.01514366	        -11.72236512	         -3.98923390	          9.29573961	         -0.71112940	         10.62778281	         15.31997711	         27.24103913	         -1.66379101	        -16.15621272	         -4.92417097	          6.91159986	          0.24189704	         -8.63697333	          0.81682047	          2.32275433	          0.00999999	          0.00999999	          0.00999999	          0.10725840	          0.00999999	          0.04516504	          0.37006091	          0.03920437	          0.33880702	          0.00999999	          0.00999999	          0.36235660	          0.20316655	          0.04788875	          0.08227880	          0.19249092	          0.05877241	          0.00999999	          0.05089525	          0.00999999	          0.00999999	          0.00999999	          0.14558930	          0.03511441	          0.01570573	          0.00999999	          0.00999999	          0.24621795	
          1.65382456	         -3.70667343	          3.57849145	        -10.24731173	          1.86225980	          0.83826466	          0.01512069	        -12.10645197	         -3.93545286	          8.89375006	         -1.62746117	         10.78457390	         16.74511037	         27.34879739	         -1.57102942	        -14.65155875	         -3.53837656	          6.91810080	          0.23978170	         -8.48383151	          0.52603402	          2.56057910	          0.00999999	          0.00999999	          0.00999999	          0.09626950	          0.00999999	          0.04300162	          0.31095079	          0.04569667	          0.34067586	          0.00999999	          0.00999999	          0.35287415	          0.22237867	          0.04023945	          0.08517647	          0.20270162	          0.04938465	          0.01111513	          0.05659206	          0.00999999	          0.00999999	          0.00999999	          0.13807161	          0.02950556	          0.01333489	          0.00999999	          0.00999999	          0.24792476	
          1.66523025	         -3.81549137	          3.49298412	        -10.29996321	          1.87589744	          0.83618440	          0.01501774	        -12.43965581	         -3.86309954	          8.40528780	         -2.65458316	         10.81870783	         18.25199751	         27.46822988	         -1.46030193	        -13.16187905	         -2.57789994	          6.93350119	          0.23967008	         -8.32556206	          0.21077382	          2.79913185	          0.00999999	          0.00999999	          0.00999999	          0.08089229	          0.00999999	          0.03649713	          0.26128238	          0.05119430	          0.33067056	          0.00999999	          0.00999999	          0.33912423	          0.23627637	          0.03381197	          0.09143736	          0.20802639	          0.04149640	          0.01418940	          0.06447156	          0.00999999	          0.01318852	          0.00999999	          0.12988842	          0.02479261	          0.01120490	          0.00999999	          0.00999999	          0.24923124	
          1.67663593	         -3.92269791	          3.39588856	        -10.30647367	          1.88978854	          0.83425021	          0.01484232	        -12.73562104	         -3.76614647	          7.84297595	         -3.78123664	         10.72013864	         19.82575153	         27.58812918	         -1.32542252	        -11.71151861	         -2.04272508	          6.95830521	          0.24091292	         -8.16063948	         -0.12174632	          3.03575682	          0.00999999	          0.00999999	          0.00999999	          0.06797130	          0.00999999	          0.03066742	          0.21954754	          0.05121361	          0.32078783	          0.00999999	          0.00999999	          0.32141094	          0.24459070	          0.02841116	          0.09768485	          0.20713053	          0.03486815	          0.01880134	          0.07260649	          0.00999999	          0.09093946	          0.00999999	          0.11712099	          0.02083247	          0.00999999	          0.00999999	          0.00999999	          0.24943615	
          1.68804162	         -4.02488065	          3.28015987	        -10.26346746	          1.90396231	          0.83243711	          0.01460465	        -12.99919263	         -3.64114698	          7.22502887	         -5.01219657	         10.49309769	         21.44614963	         27.71056331	         -1.16341528	        -10.31842428	         -1.98015708	          6.98004809	          0.24396679	         -7.98818996	         -0.46694273	          3.26599333	          0.00999999	          0.00999999	          0.00999999	          0.05711419	          0.00999999	          0.02576889	          0.18447904	          0.04788875	          0.30986103	          0.00999999	          0.00999999	          0.29955337	          0.24737228	          0.02387302	          0.10299602	          0.19108009	          0.02929863	          0.01685560	          0.07365622	          0.01727296	          0.13435604	          0.00999999	          0.09841317	          0.01750488	          0.00999999	          0.01190094	          0.01001733	          0.25145729	
          1.69944731	         -4.11880296	          3.13838754	        -10.16975506	          1.91844754	          0.83071121	          0.01431214	        -13.22771001	         -3.48392105	          6.57241877	         -6.36607502	         10.14711546	         23.09199807	         27.83329425	         -0.97334370	         -9.00662440	         -2.43704548	          6.97661457	          0.24829669	         -7.80673133	         -0.81744553	          3.48327106	          0.00999999	          0.00999999	          0.00999999	          0.04799130	          0.00999999	          0.02836958	          0.15501205	          0.04023944	          0.30192737	          0.00999999	          0.00999999	          0.27552875	          0.24454753	          0.02005976	          0.10714824	          0.17395118	          0.02461874	          0.01416324	          0.07218327	          0.02709873	          0.16174384	          0.00999999	          0.08269355	          0.01470881	          0.00999999	          0.00999999	          0.00999999	          0.24774980	
          1.71085299	         -4.20173942	          2.96571070	        -10.02701779	          1.93326388	          0.82903362	          0.01396908	        -13.40617566	         -3.29138128	          5.90309097	         -7.88095344	          9.69653641	         24.74288681	         27.94616184	         -0.75586076	         -7.80242644	         -3.45426004	          6.87404141	          0.25180029	         -7.61468419	         -1.16629483	          3.68371417	          0.02931839	          0.00999999	          0.00999999	          0.04032561	          0.02468677	          0.02383809	          0.13025186	          0.03381197	          0.30819215	          0.00999999	          0.00999999	          0.24397232	          0.23636711	          0.01685560	          0.09003337	          0.16339232	          0.02068637	          0.01190094	          0.10788533	          0.03540782	          0.13796031	          0.00999999	          0.06948485	          0.01235936	          0.00999999	          0.01347307	          0.01004332	          0.26032391	
          1.72225868	         -4.27091833	          2.77279143	         -9.83008470	          1.94842450	          0.82738940	          0.01356547	        -13.50219790	         -3.07085697	          5.20775367	         -9.62259484	          9.15974262	         26.37235589	         28.00638570	         -0.52437429	         -6.68875113	         -5.00699076	          6.59311134	          0.25295263	         -7.40819601	         -1.51769101	          3.86430452	          0.07927906	          0.00999999	          0.00999999	          0.03388437	          0.07363800	          0.02003041	          0.10944662	          0.02841115	          0.32616909	          0.00999999	          0.00999999	          0.20500243	          0.22228997	          0.01416324	          0.07565227	          0.13729354	          0.01738212	          0.00999999	          0.18743794	          0.02975210	          0.11724069	          0.06064640	          0.05838598	          0.01038519	          0.00999999	          0.01938589	          0.01416324	          0.26282188	
          1.73366437	         -4.32434170	          2.59102455	         -9.57614130	          1.96391504	          0.82585142	          0.01313401	        -13.45951633	         -2.84841626	          4.45772628	        -11.68193713	          8.53320144	         27.94523002	         27.88124467	         -0.32783776	         -5.54185466	         -6.53437151	          6.30766151	          0.24122584	         -7.17824939	         -1.89968089	          4.02250666	          0.09212097	          0.00999999	          0.00999999	          0.02847199	          0.06567279	          0.01683094	          0.09196463	          0.02387302	          0.31257921	          0.00999999	          0.00999999	          0.17225723	          0.20585223	          0.01190094	          0.06515381	          0.11942445	          0.01460566	          0.04956095	          0.15749833	          0.04323960	          0.09851375	          0.06271499	          0.04905994	          0.00999999	          0.00999999	          0.01628937	          0.01190094	          0.29595820	
          1.74507005	         -4.36444843	          2.41663100	         -9.26388495	          1.97952808	          0.82457754	          0.01260465	        -13.20800916	         -2.62710678	          3.65773822	        -14.13699632	          7.77127657	         29.39700092	         27.60729082	         -0.11989437	         -4.47622328	         -7.81172892	          5.92324265	          0.23230037	         -6.94811081	         -2.29550177	          4.15709830	          0.11377462	          0.00999999	          0.00999999	          0.02392414	          0.06870966	          0.01779095	          0.07727505	          0.02005976	          0.30074139	          0.00999999	          0.00999999	          0.14474245	          0.17432534	          0.00999999	          0.07925719	          0.10034869	          0.01227268	          0.09836896	          0.16111497	          0.04452995	          0.08277807	          0.07573610	          0.04122356	          0.00999999	          0.00999999	          0.01368745	          0.00999999	          0.31631642	
          1.75647574	         -4.39188144	          2.25010782	         -8.89834437	          1.99506616	          0.82371118	          0.01198312	        -12.69890622	         -2.41276046	          2.79956776	        -17.03225634	          6.86898606	         30.55609332	         27.27484551	          0.10975480	         -3.51958308	         -8.99174662	          5.53869658	          0.22145686	         -6.73601309	         -2.70527783	          4.26628157	          0.13630754	          0.00999999	          0.00999999	          0.02010272	          0.08296782	          0.02057078	          0.06493184	          0.01685560	          0.27736549	          0.00999999	          0.00999999	          0.12162262	          0.14648022	          0.00999999	          0.07552546	          0.08431991	          0.01031236	          0.12160752	          0.16712817	          0.04329816	          0.06955586	          0.08290192	          0.03463888	          0.00999999	          0.03091688	          0.01150115	          0.00999999	          0.33849279	
          1.76788143	         -4.40720870	          2.09167355	         -8.48228790	          2.01041283	          0.82334441	          0.01128331	        -11.91081560	         -2.21659638	          1.86445043	        -20.36960364	          5.83037011	         31.20604826	         26.90885015	          0.35402274	         -2.67136428	        -10.11784215	          5.23447970	          0.21031207	         -6.55088900	         -3.12695529	          4.34958300	          0.14812172	          0.00999999	          0.00999999	          0.01689169	          0.09355106	          0.02027128	          0.05456023	          0.01416324	          0.24179671	          0.00999999	          0.00999999	          0.10219575	          0.12308282	          0.00999999	          0.06409430	          0.07085143	          0.00999999	          0.13275687	          0.14791535	          0.04632878	          0.05844565	          0.06965993	          0.02910599	          0.00999999	          0.08259882	          0.00999999	          0.00999999	          0.34865803	
          1.77928711	         -4.41238946	          1.93521392	         -8.01620393	          2.02549790	          0.82356206	          0.01052492	        -10.84788229	         -2.04869553	          0.84681481	        -24.09650502	          4.58936258	         31.23003006	         26.47654685	          0.60012996	         -1.91786555	        -11.12716709	          5.05287113	          0.19772601	         -6.39887760	         -3.55171632	          4.40682972	          0.15607733	          0.00999999	          0.00999999	          0.01419357	          0.10869989	          0.01829819	          0.04584528	          0.01190094	          0.20317433	          0.00999999	          0.00999999	          0.08587194	          0.10342270	          0.00999999	          0.05385646	          0.05953427	          0.00999999	          0.13660364	          0.12428871	          0.04651128	          0.04911008	          0.05855314	          0.02445687	          0.00999999	          0.13695396	          0.00999999	          0.00999999	          0.35164424	
          1.79069280	         -4.40978955	          1.77058126	         -7.49696331	          2.04028723	          0.82442654	          0.00973539	         -9.53964676	         -1.91278258	         -0.23964187	        -28.09441526	          3.00901435	         30.63993691	         25.92537913	          0.83341271	         -1.24546095	        -11.92344787	          5.01473288	          0.18758319	         -6.28297440	         -3.96823227	          4.43439945	          0.15728913	          0.00999999	          0.00999999	          0.01192642	          0.12344898	          0.01632099	          0.04512948	          0.00999999	          0.17072113	          0.00999999	          0.00999999	          0.07215555	          0.08690291	          0.01701649	          0.04525393	          0.05002482	          0.00999999	          0.13681444	          0.10443598	          0.04790236	          0.04126569	          0.04920040	          0.02055035	          0.00999999	          0.16436107	          0.00999999	          0.00999999	          0.34291787	
          1.80209849	         -4.40078723	          1.58419618	         -6.92491134	          2.05476276	          0.82589608	          0.00893755	         -8.03024381	         -1.80634108	         -1.37435511	        -32.25578415	          1.18991607	         29.19830040	         25.23832353	          1.03559640	         -0.62320006	        -12.47283891	          5.09975564	          0.18147900	         -6.20538416	         -4.36054359	          4.43092035	          0.16542515	          0.02611448	          0.00999999	          0.01002140	          0.10715062	          0.01416324	          0.03792091	          0.00999999	          0.14345171	          0.00999999	          0.00999999	          0.06063008	          0.07302184	          0.07205405	          0.03802548	          0.04203431	          0.00999999	          0.14625426	          0.08775434	          0.04684918	          0.03467429	          0.04134158	          0.01726783	          0.00999999	          0.15684306	          0.01103015	          0.01175410	          0.32673866	
          1.81350417	         -4.38513660	          1.37507294	         -6.31286496	          2.06889958	          0.82780451	          0.00813906	         -6.38079495	         -1.73463592	         -2.53767243	        -36.50282820	         -0.46568804	         26.54884686	         24.45080069	          1.19929387	         -0.02386008	        -12.83042310	          5.26860919	          0.18107398	         -6.16717121	         -4.71936005	          4.40063609	          0.18394984	          0.05720147	          0.00999999	          0.00999999	          0.09003537	          0.01190094	          0.03186378	          0.00999999	          0.12053806	          0.00999999	          0.00999999	          0.05094559	          0.06135800	          0.17172463	          0.03195164	          0.03532014	          0.00999999	          0.15197408	          0.07373727	          0.04461054	          0.02913574	          0.04011855	          0.01450962	          0.00999999	          0.15600602	          0.00999999	          0.00999999	          0.31093081	
          1.82490986	         -4.36195556	          1.14285041	         -5.66983776	          2.08271119	          0.82996164	          0.00734153	         -4.69476137	         -1.67168738	         -3.70508786	        -40.63710325	         -1.25586406	         23.08314335	         23.58684085	          1.31948789	          0.55960922	        -13.03155723	          5.47422184	          0.18486703	         -6.16428803	         -5.03175833	          4.34158771	          0.19050034	          0.06204899	          0.01416325	          0.00999999	          0.07565395	          0.00999999	          0.06375134	          0.00999999	          0.10777708	          0.00999999	          0.00999999	          0.04280801	          0.05155724	          0.18899854	          0.02684798	          0.02967843	          0.00999999	          0.14554965	          0.06195915	          0.04334663	          0.02448186	          0.04055652	          0.01219199	          0.00999999	          0.14625736	          0.00999999	          0.00999999	          0.29206194	
          1.83631555	         -4.33105903	          0.88721240	         -5.00070022	          2.09623548	          0.83230076	          0.00655741	         -3.05336759	         -1.58188769	         -4.88264111	        -44.33422610	         -1.11362020	         19.98636188	         22.67046546	          1.39247863	          1.13169724	        -13.12359105	          5.72028739	          0.19441726	         -6.19012106	         -5.29239386	          4.25540317	          0.18442848	          0.06498833	          0.01190094	          0.00999999	          0.06356968	          0.00999999	          0.08715207	          0.00999999	          0.10608676	          0.00999999	          0.00999999	          0.03597026	          0.04332196	          0.20588930	          0.02255953	          0.02493787	          0.00999999	          0.13813117	          0.05206237	          0.04236586	          0.02057136	          0.03819321	          0.01024455	          0.00999999	          0.13327647	          0.00999999	          0.00999999	          0.27123119	
          1.84772123	         -4.29232520	          0.60801524	         -4.31344124	          2.10950673	          0.83480478	          0.00577672	         -1.46254813	         -1.47391861	         -6.08550761	        -47.53805740	         -0.70026046	         17.30849466	         21.72019585	          1.41763621	          1.70407176	        -13.13863301	          5.98420797	          0.21523091	         -6.24002428	         -5.49765189	          4.14775705	          0.17529194	          0.07441848	          0.01000000	          0.00999999	          0.05341565	          0.00999999	          0.10515896	          0.00999999	          0.11110623	          0.00999999	          0.00999999	          0.03361138	          0.03640211	          0.19953404	          0.01895608	          0.02095452	          0.00999999	          0.12999985	          0.04374641	          0.04005255	          0.01728548	          0.03801697	          0.00999999	          0.00999999	          0.12160076	          0.00999999	          0.00999999	          0.25199972	
          1.85912692	         -4.24576492	          0.30289707	         -3.61695300	          2.12254904	          0.83742662	          0.00499256	          0.08273721	         -1.35358116	         -7.31762473	        -50.25339854	         -0.23018497	         14.99323800	         20.74442021	          1.39079632	          2.27827189	        -13.08765752	          6.23444432	          0.25112294	         -6.31136490	         -5.64186236	          4.02240823	          0.16565292	          0.08442274	          0.00999999	          0.00999999	          0.04488353	          0.00999999	          0.13414797	          0.00999999	          0.11620502	          0.00999999	          0.00999999	          0.03271393	          0.03058757	          0.19501838	          0.01592821	          0.01760744	          0.00999999	          0.12173497	          0.03675876	          0.03801456	          0.01452445	          0.03697543	          0.00999999	          0.00999999	          0.11204689	          0.00999999	          0.00999999	          0.23500767	
          1.87053261	         -4.19157719	         -0.02907411	         -2.91940382	          2.13537716	          0.84010737	          0.00419905	          1.59376314	         -1.22577032	         -8.57680023	        -52.51485254	          0.25121315	         12.98573810	         19.74743342	          1.30916232	          2.85106884	        -12.97557650	          6.45661541	          0.30419329	         -6.40256399	         -5.72117161	          3.88202100	          0.15620892	          0.09132066	          0.00999999	          0.00999999	          0.04440320	          0.00999999	          0.16922744	          0.00999999	          0.12031950	          0.00999999	          0.00999999	          0.03164451	          0.02570180	          0.19151211	          0.01338399	          0.01479499	          0.00999999	          0.11198288	          0.03088725	          0.03713442	          0.01220445	          0.03632137	          0.00999999	          0.00999999	          0.10487398	          0.00999999	          0.00999999	          0.22048477	
          1.88193829	         -4.13012707	         -0.38750982	         -2.22641816	          2.14800225	          0.84278959	          0.00339715	          3.08296535	         -1.09033478	         -9.85419545	        -54.36660723	          0.72709390	         11.24592460	         18.73191141	          1.17135460	          3.41725191	        -12.80544511	          6.64878303	          0.37489496	         -6.51205637	         -5.73494989	          3.72792592	          0.14849683	          0.09852378	          0.00999999	          0.00999999	          0.04510465	          0.00999999	          0.21358233	          0.00999999	          0.12390265	          0.00999999	          0.00999999	          0.03085439	          0.02159643	          0.18946017	          0.01124615	          0.01243177	          0.00999999	          0.10362070	          0.02595361	          0.03609852	          0.01025503	          0.03544070	          0.00999999	          0.00999999	          0.09854915	          0.00999999	          0.00999999	          0.20779626	
          1.89334398	         -4.06191252	         -0.76861228	         -1.54266558	          2.16043233	          0.84542139	          0.00258952	          4.56373954	         -0.94945183	        -11.13983983	        -55.86070185	          1.19645503	          9.73710102	         17.70103021	          0.98005719	          3.97246106	        -12.58182893	          6.81569401	          0.46339937	         -6.63817068	         -5.68687873	          3.56106057	          0.14233031	          0.10539335	          0.01202430	          0.00999999	          0.04633352	          0.00999999	          0.26541210	          0.00999999	          0.12676323	          0.00999999	          0.00999999	          0.03009836	          0.01814681	          0.18871023	          0.00999999	          0.01044604	          0.00999999	          0.09660806	          0.02180802	          0.03425563	          0.00999999	          0.03418838	          0.00999999	          0.00999999	          0.09258876	          0.00999999	          0.00999999	          0.19610490	
          1.90474967	         -3.98766899	         -1.16652567	         -0.87227545	          2.17267012	          0.84795784	          0.00177796	          6.04999391	         -0.80846284	        -12.42469335	        -57.05222222	          1.66121924	          8.42859875	         16.65990413	          0.74102286	          4.51394039	        -12.31229437	          6.96288365	          0.57217035	         -6.77988078	         -5.58291577	          3.38263958	          0.13526313	          0.11319225	          0.02082358	          0.00999999	          0.04777705	          0.00999999	          0.32250982	          0.00999999	          0.12871703	          0.02837086	          0.00999999	          0.02896308	          0.01524821	          0.18896433	          0.00999999	          0.00999999	          0.00999999	          0.09132943	          0.01832461	          0.03111549	          0.00999999	          0.03180943	          0.00999999	          0.00999999	          0.08665224	          0.00999999	          0.00999999	          0.18419875	
          1.91615535	         -3.90855009	         -1.57362492	         -0.21891812	          2.18471077	          0.85036247	          0.00096311	          7.55439900	         -0.67631084	        -13.70160570	        -57.98703826	          2.12601771	          7.29332992	         15.61469128	          0.46272258	          5.04090885	        -12.00475327	          7.09354906	          0.70717828	         -6.93772602	         -5.43102966	          3.19443345	          0.13028626	          0.12220862	          0.02822119	          0.00999999	          0.04383610	          0.00999999	          0.38054815	          0.00999999	          0.13047058	          0.04134666	          0.00999999	          0.02752794	          0.01281260	          0.18972148	          0.00999999	          0.00999999	          0.00999999	          0.08997313	          0.01539760	          0.02614539	          0.00999999	          0.02832637	          0.00999999	          0.00999999	          0.08134661	          0.00999999	          0.00999999	          0.17220496	
          1.92756104	         -3.82584925	         -1.98141538	          0.41365224	          2.19655044	          0.85260656	          0.00014246	          9.08824334	         -0.56727328	        -14.96628221	        -58.71238519	          2.59515761	          6.30821256	         14.56866218	          0.15493965	          5.55174503	        -11.66082487	          7.19679098	          0.87958162	         -7.11217975	         -5.23950760	          2.99857581	          0.12827575	          0.12796011	          0.03371757	          0.00999999	          0.03683413	          0.00999999	          0.43402090	          0.00999999	          0.13211668	          0.04837793	          0.00999999	          0.02543786	          0.01076603	          0.19079151	          0.00999999	          0.00999999	          0.00999999	          0.09187269	          0.01293813	          0.02196917	          0.00999999	          0.02576581	          0.00999999	          0.00999999	          0.07497368	          0.02639598	          0.00999999	          0.16393497	
          1.93896673	         -3.74082944	         -2.38222999	          1.02254273	          2.20818723	          0.85467045	         -0.00068768	         10.65956157	         -0.49658691	        -16.21528687	        -59.27310945	          3.06968902	          5.45346148	         13.52929398	         -0.17238203	          6.04305214	        -11.29201225	          7.26877401	          1.10169347	         -7.30311739	         -5.01570608	          2.79745465	          0.12771502	          0.13096253	          0.03711195	          0.00999999	          0.03095058	          0.00999999	          0.47438648	          0.00999999	          0.13374907	          0.05333477	          0.00999999	          0.02137466	          0.00999999	          0.19156581	          0.00999999	          0.00999999	          0.00999999	          0.09402472	          0.01087151	          0.01846001	          0.00999999	          0.02276751	          0.00999999	          0.00999999	          0.07116613	          0.04559231	          0.00999999	          0.15598970	
          1.95037241	         -3.65468694	         -2.77001262	          1.60646006	          2.21963245	          0.85654452	         -0.00152816	         12.26745677	         -0.47474042	        -17.44384889	        -59.69358932	          3.54452703	          4.71195670	         12.50023105	         -0.51089441	          6.51157985	        -10.90936925	          7.33185818	          1.37985973	         -7.50850264	         -4.76614119	          2.59319958	          0.12898416	          0.13135425	          0.04077430	          0.00999999	          0.02600682	          0.00999999	          0.48908483	          0.00999999	          0.13554388	          0.05809729	          0.00999999	          0.01796046	          0.00999999	          0.19351462	          0.00999999	          0.00999999	          0.00999999	          0.09580948	          0.00999999	          0.01551138	          0.00999999	          0.01963665	          0.00999999	          0.00999999	          0.06783143	          0.06311042	          0.00999999	          0.14809771	
          1.96177810	         -3.56866826	         -3.13993236	          2.16583954	          2.23091252	          0.85822939	         -0.00237796	         13.89898118	         -0.50597917	        -18.64594100	        -59.96425103	          4.01148906	          4.06886382	         11.47864773	         -0.85402623	          6.95378888	        -10.51189946	          7.39565745	          1.71462673	         -7.72437608	         -4.49686908	          2.38780919	          0.12825420	          0.12741847	          0.04880096	          0.00999999	          0.02185273	          0.00999999	          0.43714529	          0.00999999	          0.13762329	          0.06210184	          0.00999999	          0.01509163	          0.00999999	          0.19603942	          0.00999999	          0.00999999	          0.00999999	          0.09570023	          0.00999999	          0.01303374	          0.00999999	          0.01762007	          0.00999999	          0.02328187	          0.06323561	          0.07944915	          0.00999999	          0.14074747	
          1.97318379	         -3.48434915	         -3.48814168	          2.70334667	          2.24206437	          0.85973636	         -0.00323227	         15.52495520	         -0.58581495	        -19.81496008	        -60.02271170	          4.46942004	          3.51121100	         10.45709601	         -1.19717366	          7.36455538	        -10.08758808	          7.45619703	          2.10164873	         -7.94605577	         -4.21448460	          2.18288168	          0.12494352	          0.12282545	          0.05985144	          0.00999999	          0.01836218	          0.00999999	          0.36731973	          0.00999999	          0.13863602	          0.06178104	          0.00999999	          0.01268103	          0.00999999	          0.19897410	          0.00999999	          0.00999999	          0.00999999	          0.09336839	          0.00999999	          0.01095185	          0.00999999	          0.01662539	          0.00999999	          0.05153394	          0.05760751	          0.09483944	          0.00999999	          0.13463809	
          1.98458947	         -3.40359013	         -3.81112644	          3.22250352	          2.25312435	          0.86107867	         -0.00408420	         17.11073541	         -0.70449949	        -20.94313445	        -59.78831687	          4.91596350	          3.02731929	          9.42675917	         -1.53653789	          7.74038433	         -9.62126797	          7.50842971	          2.53122596	         -8.16961626	         -3.92609342	          1.97956562	          0.12149145	          0.11964980	          0.06626111	          0.00999999	          0.01542917	          0.00999999	          0.30864746	          0.00999999	          0.14001989	          0.06135278	          0.00999999	          0.01065548	          0.00999999	          0.20206292	          0.00999999	          0.00999999	          0.00999999	          0.09032869	          0.00999999	          0.00999999	          0.00999999	          0.01666280	          0.00999999	          0.07480059	          0.05115841	          0.10977208	          0.00999999	          0.12999636	
          1.99599516	         -3.32813507	         -4.10474203	          3.72575304	          2.26412484	          0.86226206	         -0.00492718	         18.62705152	         -0.85197151	        -22.01949047	        -59.19967309	          5.34368835	          2.60665598	          8.38053046	         -1.86752393	          8.08037676	         -9.10258024	          7.55097475	          2.99004376	         -8.39173358	         -3.63926248	          1.77845552	          0.11842156	          0.11701684	          0.06903647	          0.00999999	          0.01296466	          0.00999999	          0.25934696	          0.00999999	          0.14060756	          0.05990662	          0.00999999	          0.00999999	          0.00999999	          0.20643669	          0.00999999	          0.00999999	          0.00999999	          0.08708248	          0.00999999	          0.00999999	          0.00999999	          0.01664132	          0.00999999	          0.09396332	          0.04481645	          0.12438468	          0.00999999	          0.12731205	
          2.00740085	         -3.25947390	         -4.36473944	          4.21449128	          2.27509631	          0.86328255	         -0.00575601	         20.05135564	         -1.01882835	        -23.03040124	        -58.22146922	          5.74649126	          2.23864722	          7.31254233	         -2.18530472	          8.38519197	         -8.52391558	          7.58182461	          3.46462892	         -8.60917740	         -3.36116894	          1.57956476	          0.11556320	          0.11437859	          0.06884627	          0.00999999	          0.01089380	          0.00999999	          0.21792126	          0.00999999	          0.13996742	          0.05837666	          0.00999999	          0.00999999	          0.00999999	          0.21110755	          0.00999999	          0.00999999	          0.00999999	          0.08388716	          0.00999999	          0.00999999	          0.00999999	          0.01666365	          0.00999999	          0.10863001	          0.03889474	          0.13889785	          0.00999999	          0.12675179	
          2.01880653	         -3.19880216	         -4.58700455	          4.68951184	          2.28606949	          0.86412784	         -0.00656647	         21.36599944	         -1.19650889	        -23.96089939	        -56.84030831	          6.12382806	          1.91356996	          6.21723043	         -2.48520911	          8.65535491	         -7.87943779	          7.60096537	          3.94305570	         -8.81858097	         -3.09855494	          1.38234674	          0.11305041	          0.11133222	          0.06446003	          0.00999999	          0.00999999	          0.00999999	          0.18311253	          0.00999999	          0.13772256	          0.05667123	          0.00999999	          0.00999999	          0.00999999	          0.21553145	          0.00999999	          0.00999999	          0.00999999	          0.08074653	          0.00999999	          0.00999999	          0.00999999	          0.01711671	          0.00999999	          0.11834445	          0.03350245	          0.15347375	          0.00999999	          0.12825830	
          2.03021222	         -3.14693788	         -4.76780831	          5.15122730	          2.29707881	          0.86477975	         -0.00735394	         22.55635388	         -1.37697870	        -24.79587437	        -55.05952910	          6.47023349	          1.62310793	          5.08849667	         -2.76314193	          8.89085404	         -7.16408064	          7.60993503	          4.41580706	         -9.01591125	         -2.85784297	          1.18545491	          0.11121124	          0.10774570	          0.05416378	          0.00999999	          0.00999999	          0.00999999	          0.15386382	          0.00999999	          0.13423825	          0.05419259	          0.00999999	          0.00999999	          0.00999999	          0.21916472	          0.00999999	          0.00999999	          0.00999999	          0.07875468	          0.00999999	          0.00999999	          0.00999999	          0.01799456	          0.00999999	          0.12019778	          0.02880118	          0.16826983	          0.00999999	          0.13151397	
          2.04161791	         -3.10423414	         -4.90405421	          5.59958675	          2.30816441	          0.86521586	         -0.00811324	         23.61025146	         -1.55316941	        -25.52116566	        -52.89662563	          6.77282094	          1.36304117	          3.91953422	         -3.01581518	          9.09268204	         -6.37367568	          7.61104888	          4.87621428	         -9.19606661	         -2.64496704	          0.98688023	          0.11113970	          0.10347346	          0.04551216	          0.00999999	          0.00999999	          0.00999999	          0.12928703	          0.00999999	          0.13150085	          0.05227977	          0.00999999	          0.00999999	          0.00999999	          0.22116154	          0.00999999	          0.00999999	          0.00999999	          0.07657855	          0.00999999	          0.00999999	          0.00999999	          0.01767182	          0.00999999	          0.11411349	          0.02517586	          0.18350130	          0.00999999	          0.13599084	
          2.05302359	         -3.07070918	         -4.99353346	          6.03412047	          2.31936432	          0.86541058	         -0.00884279	         24.51984589	         -1.71987852	        -26.12288987	        -50.37899877	          7.01450957	          1.13549041	          2.70658523	         -3.24018633	          9.26641061	         -5.51077026	          7.60796996	          5.32089905	         -9.35405707	         -2.46414179	          0.78566392	          0.11212890	          0.09939845	          0.03824246	          0.00999999	          0.00999999	          0.00999999	          0.10863591	          0.00999999	          0.13231924	          0.05269312	          0.01061391	          0.00999999	          0.00999999	          0.22103677	          0.00999999	          0.00999999	          0.00999999	          0.07461573	          0.00999999	          0.00999999	          0.00999999	          0.01484909	          0.00999999	          0.09606379	          0.02355035	          0.19940225	          0.00999999	          0.14115254	
          2.06442928	         -3.04626392	         -5.03550649	          6.45423993	          2.33070833	          0.86533644	         -0.00954464	         25.28295926	         -1.87240780	        -26.58385906	        -47.53529270	          7.17915393	          0.94628963	          1.45215818	         -3.43381523	          9.41964615	         -4.58935762	          7.60805749	          5.75021097	         -9.48576675	         -2.31699553	          0.58192677	          0.11447737	          0.09768568	          0.03213397	          0.00999999	          0.00999999	          0.00999999	          0.09128341	          0.00999999	          0.13397418	          0.05029706	          0.01004205	          0.00999999	          0.00999999	          0.21941198	          0.00999999	          0.00999999	          0.00999999	          0.07287819	          0.00999999	          0.00999999	          0.00999999	          0.01247723	          0.00999999	          0.08071945	          0.01978863	          0.21582410	          0.00999999	          0.14606899	
          2.07583497	         -3.03077962	         -5.03202638	          6.85923058	          2.34221743	          0.86496549	         -0.01022420	         25.90411688	         -2.00602329	        -26.88175759	        -44.39851869	          7.26317572	          0.79780928	          0.16404168	         -3.59625225	          9.55481774	         -3.63030948	          7.61801788	          6.16960826	         -9.58783001	         -2.20086960	          0.37628862	          0.11602818	          0.09941773	          0.02700118	          0.00999999	          0.00999999	          0.00999999	          0.07670264	          0.00999999	          0.13877756	          0.04914011	          0.00999999	          0.00999999	          0.00999999	          0.21812927	          0.00999999	          0.00999999	          0.00999999	          0.07133927	          0.00999999	          0.00999999	          0.00999999	          0.01048423	          0.00999999	          0.06782607	          0.01662778	          0.23281707	          0.00999999	          0.15108254	
          2.08724065	         -3.02421257	         -4.98737677	          7.24845208	          2.35390873	          0.86427378	         -0.01088659	         26.39098991	         -2.11514253	        -26.98871586	        -41.00195582	          7.28210187	          0.68335571	         -1.15109084	         -3.72946449	          9.67280598	         -2.65056364	          7.64465556	          6.58594483	         -9.65733205	         -2.11017326	          0.16864623	          0.11683408	          0.10121088	          0.02268826	          0.00999999	          0.01830538	          0.00999999	          0.06445087	          0.00999999	          0.14468981	          0.04559662	          0.00999999	          0.00999999	          0.00999999	          0.21826917	          0.01002161	          0.00999999	          0.00999999	          0.06485694	          0.00999999	          0.00999999	          0.01000000	          0.00999999	          0.00999999	          0.05699215	          0.01397181	          0.25003056	          0.00999999	          0.15516770	
          2.09864634	         -3.02658016	         -4.90748517	          7.62112083	          2.36579576	          0.86324478	         -0.01153071	         26.75122694	         -2.19247824	        -26.88181955	        -37.38316107	          7.26309118	          0.59151553	         -2.48174125	         -3.83683088	          9.77655856	         -1.67710299	          7.70245295	          7.00707695	         -9.69187975	         -2.03840476	         -0.04113215	          0.11466826	          0.10056671	          0.01906425	          0.00999999	          0.03079096	          0.00999999	          0.05415608	          0.00999999	          0.15260749	          0.04352738	          0.00999999	          0.00999999	          0.00999999	          0.21973953	          0.01060980	          0.00999999	          0.00999999	          0.06033310	          0.00999999	          0.00999999	          0.09319702	          0.00999999	          0.00999999	          0.04788875	          0.01174008	          0.26787525	          0.00999999	          0.15684634	
          2.11005202	         -3.03798980	         -4.79955699	          7.97733235	          2.37787935	          0.86187188	         -0.01214809	         26.99489658	         -2.23264976	        -26.54971461	        -33.59262916	          7.22719626	          0.51442648	         -3.79929543	         -3.92122682	          9.87088561	         -0.76684065	          7.81416638	          7.44543720	         -9.69084126	         -1.97922540	         -0.25390386	          0.11252210	          0.10400108	          0.01601910	          0.00999999	          0.04456370	          0.00999999	          0.04550569	          0.00999999	          0.16243350	          0.04206783	          0.00999999	          0.00999999	          0.00999999	          0.22188984	          0.01132264	          0.00999999	          0.00999999	          0.05523929	          0.00999999	          0.00999999	          0.18450032	          0.00999999	          0.00999999	          0.04023944	          0.00999999	          0.28578316	          0.00999999	          0.15589154	
          2.12145771	         -3.05860242	         -4.67061786	          8.31586696	          2.39015718	          0.86016213	         -0.01272839	         27.13549325	         -2.23507164	        -25.99144767	        -29.69483277	          7.18543482	          0.44958072	         -5.07575453	         -3.98507478	          9.95785248	          0.02840255	          7.99405865	          7.91649999	         -9.65434209	         -1.92641610	         -0.47008959	          0.11033768	          0.10963573	          0.01346036	          0.00999999	          0.05562733	          0.00999999	          0.03823703	          0.00999999	          0.17174061	          0.04129626	          0.00999999	          0.00999999	          0.00999999	          0.22429756	          0.00999999	          0.00999999	          0.00999999	          0.05240949	          0.00999999	          0.00999999	          0.26844551	          0.00999999	          0.01490245	          0.03381197	          0.00999999	          0.30343550	          0.00999999	          0.15153866	
          2.13286340	         -3.08871092	         -4.52788739	          8.63488188	          2.40262267	          0.85813726	         -0.01326255	         27.19117951	         -2.20423883	        -25.21695855	        -25.76771566	          7.13961354	          0.39575751	         -6.28815164	         -4.03117757	         10.03221955	          0.66840697	          8.25202609	          8.43553903	         -9.58371356	         -1.87278160	         -0.69034654	          0.10094344	          0.11896679	          0.01440243	          0.00999999	          0.06672131	          0.00999999	          0.03212940	          0.00999999	          0.18163675	          0.04148123	          0.00999999	          0.00999999	          0.00999999	          0.22684159	          0.00999999	          0.00999999	          0.00999999	          0.05490045	          0.00999999	          0.00999999	          0.34074740	          0.01573544	          0.04043785	          0.02841115	          0.00999999	          0.32048906	          0.00999999	          0.14304195	
          2.14426908	         -3.12893821	         -4.37960622	          8.93226386	          2.41525416	          0.85583696	         -0.01373641	         27.18588024	         -2.14595888	        -24.24987732	        -21.89976628	          7.08955014	          0.35174269	         -7.41168903	         -4.06219257	         10.08066041	          1.11671669	          8.57612807	          9.03350654	         -9.48358292	         -1.81039337	         -0.91619743	          0.09547685	          0.13103625	          0.03076461	          0.00999999	          0.07084377	          0.00999999	          0.02699734	          0.00999999	          0.18537142	          0.04103961	          0.00999999	          0.00999999	          0.00999999	          0.22968628	          0.00999999	          0.00999999	          0.00999999	          0.06213171	          0.00999999	          0.01742179	          0.39734782	          0.02086786	          0.09391323	          0.02387302	          0.00999999	          0.33592349	          0.02760334	          0.13206224	
          2.15567477	         -3.18009892	         -4.23334940	          9.20615758	          2.42801613	          0.85332742	         -0.01414511	         27.14888227	         -2.07052428	        -23.12153890	        -18.19329657	          7.03712306	          0.31656016	         -8.42229153	         -4.07923780	         10.09379002	          1.34409604	          8.93645318	          9.75318816	         -9.36168620	         -1.72929599	         -1.14645683	          0.09135257	          0.14722039	          0.04595306	          0.00999999	          0.07223943	          0.00999999	          0.02268504	          0.00999999	          0.18674925	          0.04461795	          0.00999999	          0.00999999	          0.00999999	          0.23312613	          0.00999999	          0.00999999	          0.00999999	          0.07087186	          0.00999999	          0.02452140	          0.43820492	          0.02618322	          0.15139309	          0.02005976	          0.00999999	          0.34892460	          0.05679105	          0.11432502	
          2.16708046	         -3.24274332	         -4.09465817	          9.45421505	          2.44088088	          0.85069614	         -0.01448637	         27.10871540	         -1.98815829	        -21.86791352	        -14.75265115	          6.98789752	          0.28939700	         -9.30975119	         -4.08332080	         10.06159313	          1.34327217	          9.30848704	         10.61945947	         -9.22561776	         -1.62063357	         -1.37967230	          0.08766124	          0.16201893	          0.05937276	          0.00999999	          0.06979205	          0.00999999	          0.01906154	          0.00999999	          0.18407164	          0.04847569	          0.01000000	          0.00999999	          0.00999999	          0.23649022	          0.00999999	          0.00999999	          0.00999999	          0.08096260	          0.00999999	          0.03035381	          0.46097586	          0.02939714	          0.20583608	          0.01685560	          0.00999999	          0.35881114	          0.08883671	          0.09606380	
          2.17848614	         -3.31694647	         -3.96733994	          9.67420294	          2.45383275	          0.84803323	         -0.01475755	         27.08951289	         -1.90570094	        -20.52185128	        -11.66823277	          6.94950168	          0.26940590	        -10.07540256	         -4.07616064	          9.97553661	          1.12155455	          9.68249938	         11.62557142	         -9.08172537	         -1.47764931	         -1.61476685	          0.08509304	          0.17302318	          0.06993989	          0.00999999	          0.06422991	          0.00999999	          0.01601682	          0.00999999	          0.17734051	          0.05276028	          0.01189175	          0.00999999	          0.00999999	          0.23945938	          0.00999999	          0.00999999	          0.00999999	          0.09051094	          0.00999999	          0.03550071	          0.46534927	          0.03176830	          0.25326222	          0.01416324	          0.00999999	          0.36536330	          0.12088649	          0.08071945	
          2.18989183	         -3.40215823	         -3.85321533	          9.86480092	          2.46686881	          0.84541383	         -0.01495821	         27.10419079	         -1.82545845	        -19.10857570	         -8.99018668	          6.92546870	          0.25555363	        -10.72546649	         -4.05845253	          9.82642152	          0.69235794	         10.04448854	         12.75292441	         -8.93453972	         -1.29616798	         -1.85067288	          0.08337476	          0.17990573	          0.07523900	          0.00999999	          0.05837609	          0.00999999	          0.01345844	          0.00999999	          0.16796183	          0.04973344	          0.01355452	          0.00999999	          0.00999999	          0.24196829	          0.00999999	          0.00999999	          0.00999999	          0.09832943	          0.00999999	          0.03945798	          0.45185700	          0.03344770	          0.29214797	          0.01190094	          0.00999999	          0.36838998	          0.15136504	          0.06782607	
          2.20129752	         -3.49706319	         -3.75211786	         10.02513310	          2.47999987	          0.84289191	         -0.01508802	         27.15627892	         -1.74630054	        -17.64770430	         -6.74047568	          6.91370031	          0.24679148	        -11.26921203	         -4.02978358	          9.60410333	          0.07289940	         10.37016079	         13.98712120	         -8.78645771	         -1.07510690	         -2.08650542	          0.08235438	          0.18496178	          0.06994474	          0.00999999	          0.05386881	          0.00999999	          0.01130872	          0.00999999	          0.15672291	          0.04178948	          0.01515318	          0.00999999	          0.00999999	          0.24424340	          0.00999999	          0.00999999	          0.00999999	          0.10449760	          0.00999999	          0.04304875	          0.42080850	          0.03550514	          0.32053421	          0.00999999	          0.00999999	          0.36750660	          0.17917204	          0.05699216	
          2.21270320	         -3.59950518	         -3.66195161	         10.15373468	          2.49325597	          0.84050231	         -0.01514366	         27.24103913	         -1.66379101	        -16.15621272	         -4.92417097	          6.91159986	          0.24189704	        -11.72236512	         -3.98923390	          9.29573961	         -0.71112940	         10.62778281	         15.31997711	         -8.63697333	         -0.81682047	         -2.32275433	          0.08227880	          0.19249092	          0.05877241	          0.00999999	          0.05089525	          0.00999999	          0.00999999	          0.00999999	          0.14558930	          0.03511441	          0.01570573	          0.00999999	          0.00999999	          0.24621795	          0.00999999	          0.00999999	          0.00999999	          0.10725840	          0.00999999	          0.04516504	          0.37006091	          0.03920437	          0.33880702	          0.00999999	          0.00999999	          0.36235660	          0.20316655	          0.04788875	
          2.22410889	         -3.70667343	         -3.57849145	         10.24731173	          2.50668109	          0.83826466	         -0.01512069	         27.34879739	         -1.57102942	        -14.65155875	         -3.53837656	          6.91810080	          0.23978170	        -12.10645197	         -3.93545286	          8.89375006	         -1.62746117	         10.78457390	         16.74511037	         -8.48383151	         -0.52603402	         -2.56057910	          0.08517647	          0.20270162	          0.04938465	          0.01111513	          0.05659206	          0.00999999	          0.00999999	          0.00999999	          0.13807161	          0.02950556	          0.01333489	          0.00999999	          0.00999999	          0.24792476	          0.00999999	          0.00999999	          0.00999999	          0.09626950	          0.00999999	          0.04300162	          0.31095079	          0.04569667	          0.34067586	          0.00999999	          0.00999999	          0.35287415	          0.22237867	          0.04023945	
          2.23551458	         -3.81549137	         -3.49298412	         10.29996321	          2.52031873	          0.83618440	         -0.01501774	         27.46822988	         -1.46030193	        -13.16187905	         -2.57789994	          6.93350119	          0.23967008	        -12.43965581	         -3.86309954	          8.40528780	         -2.65458316	         10.81870783	         18.25199751	         -8.32556206	         -0.21077382	         -2.79913185	          0.09143736	          0.20802639	          0.04149640	          0.01418940	          0.06447156	          0.00999999	          0.01318852	          0.00999999	          0.12988842	          0.02479261	          0.01120490	          0.00999999	          0.00999999	          0.24923124	          0.00999999	          0.00999999	          0.00999999	          0.08089229	          0.00999999	          0.03649713	          0.26128238	          0.05119430	          0.33067056	          0.00999999	          0.00999999	          0.33912423	          0.23627637	          0.03381197	
          2.24692026	         -3.92269791	         -3.39588856	         10.30647367	          2.53420984	          0.83425021	         -0.01484232	         27.58812918	         -1.32542252	        -11.71151861	         -2.04272508	          6.95830521	          0.24091292	        -12.73562104	         -3.76614647	          7.84297595	         -3.78123664	         10.72013864	         19.82575153	         -8.16063948	          0.12174632	         -3.03575682	          0.09768485	          0.20713053	          0.03486815	          0.01880134	          0.07260649	          0.00999999	          0.09093946	          0.00999999	          0.11712099	          0.02083247	          0.00999999	          0.00999999	          0.00999999	          0.24943615	          0.00999999	          0.00999999	          0.00999999	          0.06797130	          0.00999999	          0.03066742	          0.21954754	          0.05121361	          0.32078783	          0.00999999	          0.00999999	          0.32141094	          0.24459070	          0.02841116	
          2.25832595	         -4.02488065	         -3.28015987	         10.26346746	          2.54838360	          0.83243711	         -0.01460465	         27.71056331	         -1.16341528	        -10.31842428	         -1.98015708	          6.98004809	          0.24396679	        -12.99919263	         -3.64114698	          7.22502887	         -5.01219657	         10.49309769	         21.44614963	         -7.98818996	          0.46694273	         -3.26599333	          0.10299602	          0.19108009	          0.02929863	          0.01685560	          0.07365622	          0.01727296	          0.13435604	          0.00999999	          0.09841317	          0.01750488	          0.00999999	          0.01190094	          0.01001733	          0.25145729	          0.00999999	          0.00999999	          0.00999999	          0.05711419	          0.00999999	          0.02576889	          0.18447904	          0.04788875	          0.30986103	          0.00999999	          0.00999999	          0.29955337	          0.24737228	          0.02387302	
          2.26973164	         -4.11880296	         -3.13838754	         10.16975506	          2.56286884	          0.83071121	         -0.01431214	         27.83329425	         -0.97334370	         -9.00662440	         -2.43704548	          6.97661457	          0.24829669	        -13.22771001	         -3.48392105	          6.57241877	         -6.36607502	         10.14711546	         23.09199807	         -7.80673133	          0.81744553	         -3.48327106	          0.10714824	          0.17395118	          0.02461874	          0.01416324	          0.07218327	          0.02709873	          0.16174384	          0.00999999	          0.08269355	          0.01470881	          0.00999999	          0.00999999	          0.00999999	          0.24774980	          0.00999999	          0.00999999	          0.00999999	          0.04799130	          0.00999999	          0.02836958	          0.15501205	          0.04023944	          0.30192737	          0.00999999	          0.00999999	          0.27552875	          0.24454753	          0.02005976	
