/vscmnt/brussel_pixiu_data/_data_brussel/112/vsc11236/PredSimResults/SUBJ10mtu3D/weighted-expIG/worker_04.mot
version=1
nRows=200
nColumns=50
inDegrees=yes
endheader
                time	         pelvis_tilt	         pelvis_list	     pelvis_rotation	           pelvis_tx	           pelvis_ty	           pelvis_tz	       hip_flexion_r	     hip_adduction_r	      hip_rotation_r	        knee_angle_r	       ankle_angle_r	         mtp_angle_r	       hip_flexion_l	     hip_adduction_l	      hip_rotation_l	        knee_angle_l	       ankle_angle_l	         mtp_angle_l	    lumbar_extension	      lumbar_bending	     lumbar_rotation	 ercspn_r/activation	 intobl_r/activation	 extobl_r/activation	    abd_r/activation	    add_r/activation	hamstrings_r/activation	bifemsh_r/activation	glut_max_r/activation	iliopsoas_r/activation	rect_fem_r/activation	  vasti_r/activation	gastroc_r/activation	 soleus_r/activation	tib_ant_r/activation	 ercspn_l/activation	 intobl_l/activation	 extobl_l/activation	    abd_l/activation	    add_l/activation	hamstrings_l/activation	bifemsh_l/activation	glut_max_l/activation	iliopsoas_l/activation	rect_fem_l/activation	  vasti_l/activation	gastroc_l/activation	 soleus_l/activation	tib_ant_l/activation	
          0.00000000	         -4.83113319	         -3.13175634	         10.64478979	          0.00000000	          0.82962657	         -0.01623814	         28.08831915	         -0.80490758	         -8.26043073	         -3.81204302	          6.66169303	          0.24982621	        -11.57443898	         -3.18057395	          6.60744535	         -8.11225225	         10.57949767	         23.78681375	         -6.30199785	          1.03719655	         -3.70337269	          0.08526402	          0.16494861	          0.02077930	          0.01200625	          0.13013812	          0.02309084	          0.08154746	          0.00999999	          0.06607672	          0.01449950	          0.01200625	          0.00999999	          0.00999999	          0.26507974	          0.03368809	          0.00999999	          0.00999999	          0.04317798	          0.03810219	          0.02563332	          0.12034081	          0.03596289	          0.30951098	          0.00999999	          0.00999999	          0.25734702	          0.24517404	          0.01555763	
          0.01203758	         -4.90339431	         -2.92157337	         10.46553467	          0.01496877	          0.82790872	         -0.01569766	         28.13651336	         -0.63596280	         -7.22986301	         -5.40502645	          6.38645251	          0.24429771	        -11.67502407	         -2.96420053	          5.91335961	         -9.84487318	         10.16076309	         25.41129727	         -6.07603211	          1.40683842	         -3.87648819	          0.07101629	          0.14255373	          0.01730705	          0.00999999	          0.18516196	          0.02515545	          0.07779989	          0.05190202	          0.05503521	          0.01207661	          0.00999999	          0.01864052	          0.01730706	          0.26940840	          0.07462488	          0.00999999	          0.00999999	          0.03596288	          0.08497263	          0.02134995	          0.10023170	          0.02995344	          0.32192214	          0.00999999	          0.00999999	          0.21704881	          0.23421175	          0.01295793	
          0.02407515	         -4.95965085	         -2.71846298	         10.22394959	          0.03025532	          0.82633951	         -0.01510530	         27.99937578	         -0.47185548	         -6.18849790	         -6.88134198	          6.08686337	          0.23860258	        -11.62663533	         -2.74175701	          5.16852754	        -11.91534308	          9.63091500	         27.02082984	         -5.83075620	          1.80441896	         -4.03025720	          0.06976831	          0.11873281	          0.01441502	          0.04941825	          0.16377594	          0.04003879	          0.07993256	          0.06078311	          0.04583875	          0.01005859	          0.00999999	          0.01552567	          0.01441503	          0.30064397	          0.08991638	          0.00999999	          0.00999999	          0.02995344	          0.07829385	          0.01778235	          0.08348285	          0.02494818	          0.31170138	          0.00999999	          0.00999999	          0.18077966	          0.21910162	          0.01079264	
          0.03611273	         -5.00152543	         -2.51972633	          9.92111415	          0.04565877	          0.82507418	         -0.01441101	         27.71768231	         -0.28639369	         -5.22394663	         -8.11914298	          5.71585896	          0.22754105	        -11.36666642	         -2.51598049	          4.37767382	        -14.38903625	          8.93472775	         28.56004354	         -5.58631750	          2.21648253	         -4.16169772	          0.07772045	          0.09889240	          0.01200625	          0.08920053	          0.16797637	          0.04029144	          0.06657572	          0.07774364	          0.03817903	          0.00999999	          0.00999999	          0.01293131	          0.01200626	          0.31744585	          0.11306878	          0.00999999	          0.00999999	          0.02494818	          0.08484742	          0.01855967	          0.06953275	          0.02077930	          0.29833926	          0.00999999	          0.00999999	          0.15057113	          0.19051896	          0.00999999	
          0.04815031	         -5.02926955	         -2.32989077	          9.56212541	          0.06099112	          0.82423545	         -0.01362274	         27.37322787	         -0.07745394	         -4.36121829	         -9.26213715	          5.37564793	          0.21878519	        -10.85588228	         -2.29616337	          3.53048007	        -17.29243160	          8.05255616	         29.88641286	         -5.35802885	          2.64627370	         -4.26798944	          0.07040313	          0.08236734	          0.00999999	          0.11039260	          0.16552938	          0.04199354	          0.05545083	          0.07758675	          0.03179927	          0.00999999	          0.03604044	          0.01077047	          0.01000000	          0.33564765	          0.13150930	          0.00999999	          0.00999999	          0.02077930	          0.09700470	          0.02204720	          0.05791373	          0.01730705	          0.27493265	          0.00999999	          0.00999999	          0.12541049	          0.15868298	          0.00999999	
          0.06018789	         -5.04382221	         -2.14988588	          9.15014882	          0.07612465	          0.82389982	         -0.01275562	         26.98585582	          0.14786437	         -3.59266366	        -10.32890986	          5.09996597	          0.20838694	        -10.07988080	         -2.09291826	          2.60739130	        -20.61313734	          6.99918643	         30.76832597	         -5.15600572	          3.09200615	         -4.34877973	          0.05863867	          0.06860365	          0.00999999	          0.12025173	          0.13786920	          0.04554376	          0.04618492	          0.06462190	          0.02648556	          0.00999999	          0.09708478	          0.00999999	          0.00999999	          0.34538025	          0.14251080	          0.00999999	          0.00999999	          0.01730705	          0.11156912	          0.02807570	          0.04823627	          0.01441502	          0.24168715	          0.00999999	          0.00999999	          0.10445423	          0.13216684	          0.00999999	
          0.07222546	         -5.04763043	         -1.97204771	          8.68539224	          0.09096846	          0.82415975	         -0.01183598	         26.52226062	          0.37634085	         -2.90653539	        -11.25497281	          4.94407033	          0.19715564	         -9.04420526	         -1.91227063	          1.59512031	        -24.29562673	          5.74813475	         31.01519733	         -4.98890947	          3.54390838	         -4.40278319	          0.04884007	          0.05713989	          0.00999999	          0.12264092	          0.11483107	          0.04558228	          0.03846736	          0.05561071	          0.02205979	          0.00999999	          0.14610637	          0.00999999	          0.00999999	          0.34544257	          0.14943558	          0.00999999	          0.00999999	          0.01441502	          0.12719840	          0.02373118	          0.04017592	          0.01200625	          0.20348087	          0.00999999	          0.00999999	          0.08699979	          0.11008158	          0.00999999	
          0.08426304	         -5.04281671	         -1.78382272	          8.16554645	          0.10549344	          0.82506951	         -0.01088933	         25.93806008	          0.59276499	         -2.28868019	        -11.96242877	          4.93156286	          0.18831698	         -7.78207997	         -1.75698127	          0.50755398	        -28.22324766	          4.17481408	         30.63428694	         -4.85959975	          3.98728512	         -4.42677975	          0.04067883	          0.04759173	          0.00999999	          0.11841590	          0.09564264	          0.04722569	          0.03203941	          0.05051811	          0.01837357	          0.00999999	          0.17044546	          0.00999999	          0.00999999	          0.33572814	          0.15370900	          0.00999999	          0.00999999	          0.01200625	          0.14137629	          0.02077931	          0.05060110	          0.00999999	          0.16947894	          0.00999999	          0.00999999	          0.07246200	          0.09168680	          0.00999999	
          0.09630062	         -5.03040792	         -1.56923427	          7.58885715	          0.11970399	          0.82658885	         -0.00993508	         25.21721687	          0.77738742	         -1.71228512	        -12.42347187	          5.04553177	          0.18342153	         -6.34240218	         -1.62138524	         -0.62701332	        -32.26984657	          2.29961583	         29.50289274	         -4.76798575	          4.40331772	         -4.41873378	          0.03388134	          0.03963909	          0.00999999	          0.12274623	          0.07966062	          0.04671846	          0.02668558	          0.04207646	          0.01530332	          0.00999999	          0.16691409	          0.00999999	          0.00999999	          0.31872746	          0.15412251	          0.00999999	          0.00999999	          0.00999999	          0.14511226	          0.01730706	          0.04214559	          0.00999999	          0.14115878	          0.00999999	          0.00999999	          0.06035350	          0.07636581	          0.04447078	
          0.10833819	         -5.01008736	         -1.32053602	          6.96047290	          0.13359227	          0.82856446	         -0.00899146	         24.38772564	          0.91717970	         -1.14141686	        -12.68359501	          5.24752349	          0.18468788	         -4.78023129	         -1.49961567	         -1.78195555	        -36.36322787	          0.49242020	         27.21170038	         -4.71437841	          4.78030356	         -4.38044455	          0.02821972	          0.03301534	          0.00999999	          0.13415429	          0.06634923	          0.04377221	          0.02222638	          0.04057252	          0.01274612	          0.00999999	          0.15453785	          0.00999999	          0.00999999	          0.29888306	          0.17511051	          0.04014223	          0.00999999	          0.00999999	          0.12086380	          0.01441503	          0.03510301	          0.00999999	          0.11757095	          0.00999999	          0.00999999	          0.05026835	          0.06360498	          0.14331565	
          0.12037577	         -4.98057401	         -1.04002353	          6.29253215	          0.14715551	          0.83079281	         -0.00805327	         23.48766261	          1.00972905	         -0.55864149	        -12.80355522	          5.49488933	          0.19346333	         -3.17243985	         -1.38171370	         -2.93478988	        -40.40078341	         -0.72878956	         23.77856089	         -4.69634853	          5.10623765	         -4.31331373	          0.02350417	          0.02749843	          0.00999999	          0.13096860	          0.05526218	          0.04211011	          0.01851233	          0.04091386	          0.01061622	          0.00999999	          0.14285277	          0.00999999	          0.00999999	          0.27841007	          0.18840681	          0.05827261	          0.02156946	          0.00999999	          0.10066730	          0.01200626	          0.07651785	          0.00999999	          0.11022585	          0.00999999	          0.00999999	          0.04186844	          0.05297650	          0.18510923	
          0.13241335	         -4.94166312	         -0.73099552	          5.59361546	          0.16041019	          0.83316441	         -0.00712617	         22.54833236	          1.05400705	          0.03881371	        -12.83500815	          5.76496122	          0.21314791	         -1.61066941	         -1.23329794	         -4.08409509	        -44.05452606	         -0.77334303	         20.41425482	         -4.70928771	          5.37408619	         -4.21916006	          0.01957659	          0.02290341	          0.00999999	          0.12411313	          0.04602779	          0.04110520	          0.01541889	          0.04200956	          0.00999999	          0.00999999	          0.12903222	          0.00999999	          0.00999999	          0.25730867	          0.18454423	          0.06501586	          0.01796517	          0.00999999	          0.08384565	          0.00999999	          0.09135752	          0.00999999	          0.11007347	          0.00999999	          0.00999999	          0.03676791	          0.04412406	          0.20246466	
          0.14445092	         -4.89358411	         -0.39120919	          4.87328080	          0.17339149	          0.83567111	         -0.00620372	         21.58549480	          1.04486296	          0.65251415	        -12.80555837	          6.03993779	          0.24856522	         -0.11763773	         -1.04838723	         -5.24899048	        -47.15413734	         -0.43764399	         17.54466484	         -4.74792912	          5.57584591	         -4.10224559	          0.01630531	          0.01907622	          0.00999999	          0.11964535	          0.03833649	          0.03916925	          0.01284237	          0.03957403	          0.00999999	          0.00999999	          0.11711160	          0.00999999	          0.00999999	          0.23839517	          0.17578031	          0.07776182	          0.01496317	          0.00999999	          0.06983493	          0.00999999	          0.12354227	          0.00999999	          0.11540767	          0.00999999	          0.00999999	          0.03551042	          0.03675087	          0.20110799	
          0.15648850	         -4.83651617	         -0.02309640	          4.14321021	          0.18611788	          0.83827103	         -0.00527528	         20.60711631	          0.98190232	          1.27928817	        -12.72461245	          6.29337936	          0.30229318	          1.32163297	         -0.84060994	         -6.43631658	        -49.72970314	          0.02767623	         15.07552967	         -4.80948427	          5.70967359	         -3.96602363	          0.01358067	          0.01588856	          0.00999999	          0.11217143	          0.03193041	          0.03784131	          0.01069640	          0.03847702	          0.00999999	          0.00999999	          0.10878532	          0.00999999	          0.00999999	          0.22236874	          0.16612792	          0.08714904	          0.01246281	          0.00999999	          0.06407010	          0.00999999	          0.15351379	          0.00999999	          0.12051603	          0.00999999	          0.00999999	          0.03320071	          0.03060975	          0.19674716	
          0.16852608	         -4.77083413	          0.37463411	          3.41196303	          0.19860305	          0.84090995	         -0.00433886	         19.61565449	          0.86086147	          1.91014514	        -12.59339752	          6.51362617	          0.37392585	          2.72260281	         -0.61259309	         -7.64298227	        -51.82451365	          0.51273936	         12.95423770	         -4.89218425	          5.77169230	         -3.81216622	          0.01131132	          0.01323356	          0.00999999	          0.10388437	          0.02659479	          0.03674482	          0.00999999	          0.03611288	          0.00999999	          0.00999999	          0.10293476	          0.00999999	          0.00999999	          0.20885597	          0.15708712	          0.09455430	          0.01388509	          0.00999999	          0.06412544	          0.00999999	          0.19460709	          0.00999999	          0.12501845	          0.00999999	          0.00999999	          0.03110346	          0.02549482	          0.19278899	
          0.18056366	         -4.69711771	          0.79952683	          2.68557493	          0.21085460	          0.84353222	         -0.00339585	         18.61406935	          0.68228004	          2.53854593	        -12.41523161	          6.70428867	          0.46304564	          4.10102655	         -0.36687143	         -8.86135164	        -53.49214032	          1.00715830	         11.12847313	         -4.99470940	          5.76351573	         -3.64217120	          0.00999999	          0.01102221	          0.00999999	          0.09637416	          0.02215077	          0.03496301	          0.00999999	          0.03328524	          0.00999999	          0.00999999	          0.09795256	          0.00999999	          0.00999999	          0.19689306	          0.14979578	          0.10163402	          0.01860980	          0.00999999	          0.06560773	          0.00999999	          0.24333499	          0.00999999	          0.12887591	          0.00999999	          0.00999999	          0.02809854	          0.02123460	          0.18998675	
          0.19260123	         -4.61619302	          1.24631762	          1.96881373	          0.22287447	          0.84608688	         -0.00244721	         17.60715498	          0.45064825	          3.16032923	        -12.19656040	          6.87324247	          0.57181874	          5.47283721	         -0.10866476	        -10.08371685	        -54.78980752	          1.51439070	          9.55815743	         -5.11623654	          5.69009131	         -3.45796111	          0.00999999	          0.00999999	          0.00999999	          0.09063885	          0.01844934	          0.03177460	          0.00999999	          0.03008584	          0.00999999	          0.00999999	          0.09275248	          0.00999999	          0.00999999	          0.18545672	          0.14336166	          0.10837253	          0.02563146	          0.00999999	          0.06806068	          0.00999999	          0.30017088	          0.00999999	          0.13235083	          0.00999999	          0.00999999	          0.02395030	          0.01768627	          0.18737945	
          0.20463881	         -4.52918644	          1.70717556	          1.26540614	          0.23465970	          0.84852940	         -0.00149471	         16.60156988	          0.17401073	          3.77334403	        -11.94649276	          7.02778052	          0.70590055	          6.85370905	          0.15324145	        -11.30334146	        -55.77704912	          2.03510582	          8.20712200	         -5.25652608	          5.55974392	         -3.26158256	          0.00999999	          0.00999999	          0.00999999	          0.08745867	          0.01536643	          0.02665484	          0.00999999	          0.02516638	          0.00999999	          0.00999999	          0.08750943	          0.00999999	          0.00999999	          0.17348896	          0.13766471	          0.11367258	          0.03453717	          0.00999999	          0.06903380	          0.00999999	          0.36322716	          0.00999999	          0.13429510	          0.00999999	          0.00999999	          0.01994817	          0.01473087	          0.18568190	
          0.21667639	         -4.43751941	          2.17282674	          0.57809881	          0.24620464	          0.85082256	         -0.00053964	         15.60414432	         -0.13716815	          4.37721862	        -11.67373380	          7.17139557	          0.87216834	          8.25847344	          0.40627580	        -12.51597851	        -56.51508400	          2.56099149	          7.04465016	         -5.41585282	          5.38267026	         -3.05538077	          0.00999999	          0.00999999	          0.00999999	          0.08669872	          0.01279868	          0.02220078	          0.00999999	          0.02096104	          0.00999999	          0.00999999	          0.08195201	          0.00999999	          0.00999999	          0.16092140	          0.13388380	          0.12004226	          0.03953111	          0.00999999	          0.06803972	          0.00999999	          0.42842864	          0.00999999	          0.13662955	          0.00999999	          0.00999999	          0.01661480	          0.01226932	          0.18497932	
          0.22871396	         -4.34264337	          2.63295280	         -0.09039116	          0.25750831	          0.85293805	          0.00041806	         14.61926831	         -0.47119992	          4.96759863	        -11.38236685	          7.29248253	          1.08069294	          9.69980273	          0.63364314	        -13.71923050	        -57.06535812	          3.08147308	          6.04404975	         -5.59371076	          5.16983646	         -2.84134807	          0.00999999	          0.00999999	          0.00999999	          0.09178184	          0.01066000	          0.01849100	          0.00999999	          0.01745843	          0.00999999	          0.00999999	          0.07396888	          0.02809081	          0.00999999	          0.15205147	          0.13374090	          0.12565767	          0.04343556	          0.00999999	          0.05667019	          0.00999999	          0.48899332	          0.00999999	          0.13862440	          0.01126801	          0.00999999	          0.01383845	          0.01021910	          0.18520596	
          0.24075154	         -4.24600570	          3.07762470	         -0.73676660	          0.26857006	          0.85485780	          0.00138363	         13.65627740	         -0.81563305	          5.53835447	        -11.08774483	          7.38710319	          1.34243634	         11.18757768	          0.81426772	        -14.91322557	        -57.48347317	          3.58269112	          5.18293732	         -5.78920204	          4.93066728	         -2.62242827	          0.00999999	          0.00999999	          0.00999999	          0.09748598	          0.00999999	          0.01540113	          0.00999999	          0.01454110	          0.00999999	          0.00999999	          0.06888018	          0.04708939	          0.00999999	          0.14327700	          0.13357377	          0.13007057	          0.04599256	          0.00999999	          0.04720053	          0.00999999	          0.53789755	          0.00999999	          0.13986325	          0.02525977	          0.00999999	          0.01152603	          0.00999999	          0.18787539	
          0.25278912	         -4.14904168	          3.49979835	         -1.35876753	          0.27940219	          0.85657558	          0.00236024	         12.71908935	         -1.16086369	          6.08214416	        -10.80167358	          7.47807355	          1.66124262	         12.72228147	          0.93276156	        -16.09635325	        -57.79817783	          4.05993892	          4.44086977	         -5.99990153	          4.67197883	         -2.40115695	          0.00999999	          0.00999999	          0.00999999	          0.10210654	          0.00999999	          0.01282758	          0.00999999	          0.01211126	          0.00999999	          0.01000000	          0.06456016	          0.06406664	          0.00999999	          0.13446497	          0.13562236	          0.13193531	          0.04793629	          0.00999999	          0.03931325	          0.00999999	          0.56349504	          0.00999999	          0.14026772	          0.03664963	          0.00999999	          0.01044784	          0.00999999	          0.19133184	
          0.26482670	         -4.05319463	          3.89541070	         -1.95582076	          0.29003213	          0.85809585	          0.00334804	         11.80313370	         -1.50106743	          6.59260185	        -10.51909331	          7.57122643	          2.03638492	         14.29357132	          0.98190650	        -17.26490327	        -58.00950134	          4.51709512	          3.80167068	         -6.22172026	          4.39836744	         -2.17988632	          0.00999999	          0.00999999	          0.00999999	          0.10489632	          0.00999999	          0.01068407	          0.00999999	          0.01008745	          0.00999999	          0.04688023	          0.05907642	          0.07947495	          0.00999999	          0.12709645	          0.13087815	          0.13049098	          0.06093369	          0.00999999	          0.03274396	          0.00999999	          0.54693177	          0.00999999	          0.13982951	          0.04380633	          0.00999999	          0.01005784	          0.00999999	          0.19557776	
          0.27686427	         -3.96039507	          4.26279284	         -2.53024234	          0.30049003	          0.85943527	          0.00434089	         10.89773768	         -1.83417997	          7.06281332	        -10.22028124	          7.66277644	          2.46154125	         15.87889510	          0.96382143	        -18.41452978	        -58.07604519	          4.95631050	          3.25088491	         -6.45182611	          4.11414103	         -1.96034018	          0.00999999	          0.00999999	          0.00999999	          0.10384004	          0.00999999	          0.00999999	          0.00999999	          0.00999999	          0.00999999	          0.07647696	          0.05323078	          0.09405687	          0.00999999	          0.12043086	          0.12789973	          0.12391262	          0.07073871	          0.00999999	          0.02727240	          0.00999999	          0.45553873	          0.00999999	          0.13987128	          0.04992830	          0.00999999	          0.00999999	          0.00999999	          0.20038063	
          0.28890185	         -3.87246775	          4.59991316	         -3.08605015	          0.31082247	          0.86061957	          0.00533008	          9.99082855	         -2.15776387	          7.49267584	         -9.88724748	          7.75128447	          2.92405073	         17.43780371	          0.88849927	        -19.53926000	        -57.90037663	          5.37931865	          2.77591588	         -6.68551469	          3.82565713	         -1.74415286	          0.00999999	          0.00999999	          0.00999999	          0.10167226	          0.00999999	          0.00999999	          0.00999999	          0.01006774	          0.00999999	          0.10188702	          0.04712337	          0.10807644	          0.00999999	          0.11540447	          0.12447002	          0.11902697	          0.07747577	          0.00999999	          0.02271514	          0.00999999	          0.37941759	          0.00999999	          0.14046784	          0.05385454	          0.00999999	          0.00999999	          0.00999999	          0.20510910	
          0.30093943	         -3.79108867	          4.90371963	         -3.62659199	          0.32107558	          0.86166601	          0.00630714	          9.07243500	         -2.46852214	          7.88475532	         -9.50515207	          7.82998126	          3.40920695	         18.93197472	          0.76798786	        -20.62906737	        -57.39417254	          5.78599267	          2.36502075	         -6.91800963	          3.54038438	         -1.53238991	          0.00999999	          0.00999999	          0.00999999	          0.09853383	          0.00999999	          0.00999999	          0.00999999	          0.01095574	          0.00999999	          0.12283894	          0.04089567	          0.12177737	          0.00999999	          0.11223721	          0.12110353	          0.11565915	          0.08090313	          0.00999999	          0.01891941	          0.00999999	          0.31601639	          0.00999999	          0.14100634	          0.05522291	          0.00999999	          0.00999999	          0.00999999	          0.20982354	
          0.31297700	         -3.71774251	          5.17089434	         -4.15388376	          0.33128903	          0.86257793	          0.00726549	          8.13481948	         -2.76294907	          8.24026557	         -9.06334820	          7.89422270	          3.90351542	         20.33249341	          0.61402792	        -21.67037656	        -56.50274648	          6.17220608	          2.00727336	         -7.14531696	          3.26523935	         -1.32542577	          0.00999999	          0.00999999	          0.00999999	          0.09504463	          0.00999999	          0.00999999	          0.00999999	          0.01189292	          0.00999999	          0.13964655	          0.03533050	          0.13534415	          0.00999999	          0.11112622	          0.11792898	          0.11296371	          0.08161188	          0.00999999	          0.01575795	          0.00999999	          0.26320962	          0.00999999	          0.14106537	          0.05503881	          0.00999999	          0.00999999	          0.00999999	          0.21434866	
          0.32501458	         -3.65365975	          5.39775248	         -4.66903399	          0.34149974	          0.86334732	          0.00820027	          7.17068745	         -3.03723375	          8.56054928	         -8.55298958	          7.94219203	          4.39562882	         21.61767707	          0.43725746	        -22.64744990	        -55.19931531	          6.53091456	          1.69287084	         -7.36378473	          3.00690630	         -1.12299539	          0.00999999	          0.00999999	          0.00999999	          0.09180220	          0.00999999	          0.00999999	          0.00999999	          0.01245835	          0.00999999	          0.15233311	          0.03041099	          0.14892710	          0.00999999	          0.11200689	          0.11495194	          0.11034742	          0.08002958	          0.00999999	          0.01312478	          0.00999999	          0.21922694	          0.00999999	          0.14055529	          0.05412794	          0.00999999	          0.00999999	          0.00999999	          0.21842568	
          0.33705216	         -3.59977247	          5.58046638	         -5.17254542	          0.35174374	          0.86395743	          0.00910784	          6.17271891	         -3.28750170	          8.84731315	         -7.96653887	          7.97448842	          4.87673348	         22.77172505	          0.24679045	        -23.54346262	        -53.48012935	          6.85225642	          1.41433363	         -7.56991154	          2.77182410	         -0.92440415	          0.00999999	          0.00999999	          0.00999999	          0.08891266	          0.00999999	          0.00999999	          0.00999999	          0.01260419	          0.00999999	          0.16058025	          0.02600954	          0.16273049	          0.00999999	          0.11455773	          0.11242524	          0.10778235	          0.07668909	          0.00999999	          0.01093161	          0.00999999	          0.18259382	          0.00999999	          0.13966664	          0.05263825	          0.00999999	          0.00999999	          0.00999999	          0.22148671	
          0.34908973	         -3.55668795	          5.71553532	         -5.66447168	          0.36205700	          0.86438535	          0.00998608	          5.13402066	         -3.51014824	          9.10230297	         -7.29863677	          7.99349615	          5.34083279	         23.78384827	          0.05004321	        -24.34161799	        -51.35930517	          7.12268593	          1.16889384	         -7.76015672	          2.56565388	         -0.72874961	          0.00999999	          0.00999999	          0.00999999	          0.08593160	          0.00999999	          0.00999999	          0.00999999	          0.01301618	          0.00999999	          0.15971715	          0.02166332	          0.17687852	          0.00999999	          0.11837321	          0.11137975	          0.10536411	          0.07016143	          0.00999999	          0.00999999	          0.00999999	          0.15208214	          0.00999999	          0.13861890	          0.04934440	          0.00999999	          0.00999999	          0.00999999	          0.22279214	
          0.36112731	         -3.52461523	          5.80030980	         -6.14429305	          0.37247671	          0.86460422	          0.01083411	          4.04979705	         -3.70208700	          9.32778446	         -6.55011277	          8.00549395	          5.78431491	         24.64734138	         -0.14657651	        -25.02528160	        -48.86127477	          7.32574714	          0.95950863	         -7.93043249	          2.39268857	         -0.53494791	          0.00999999	          0.00999999	          0.00999999	          0.08422088	          0.00999999	          0.00999999	          0.00999999	          0.01281773	          0.00999999	          0.13726439	          0.01804335	          0.19165921	          0.00999999	          0.12288272	          0.11156603	          0.10416829	          0.05843736	          0.00999999	          0.00999999	          0.00999999	          0.12666901	          0.00999999	          0.14246426	          0.04871064	          0.00999999	          0.00999999	          0.00999999	          0.22214282	
          0.37316489	         -3.50337495	          5.83311341	         -6.61035179	          0.38303859	          0.86458429	          0.01165054	          2.92027924	         -3.86052216	          9.52874359	         -5.73313383	          8.02046761	          6.20663405	         25.36078700	         -0.33644609	        -25.57247023	        -46.01385954	          7.44784288	          0.79111296	         -8.07626118	          2.25578956	         -0.34167703	          0.00999999	          0.00999999	          0.00999999	          0.08280592	          0.00999999	          0.00999999	          0.00999999	          0.01084004	          0.00999999	          0.11432733	          0.01502828	          0.20705906	          0.00999999	          0.12722793	          0.11388270	          0.10406446	          0.04867240	          0.00999999	          0.00999999	          0.00999999	          0.10550245	          0.00999999	          0.14770006	          0.04631484	          0.00999999	          0.00999999	          0.00999999	          0.22042980	
          0.38520247	         -3.49270752	          5.81516980	         -7.06089024	          0.39377351	          0.86429482	          0.01243792	          1.74957943	         -3.98493556	          9.70990197	         -4.86405041	          8.04382524	          6.61277956	         25.92802871	         -0.51234204	        -25.95521155	        -42.84682048	          7.49004807	          0.66353683	         -8.19310159	          2.15332409	         -0.14799315	          0.00999999	          0.00999999	          0.00999999	          0.08092646	          0.00999999	          0.00999999	          0.00999999	          0.00999999	          0.00999999	          0.09522308	          0.01251704	          0.22295086	          0.00999999	          0.13173119	          0.11663741	          0.10821035	          0.04053918	          0.00999999	          0.00999999	          0.00999999	          0.08787284	          0.00999999	          0.15525484	          0.04457985	          0.00999999	          0.00999999	          0.00999999	          0.21930706	
          0.39724004	         -3.49240154	          5.75011750	         -7.49373995	          0.40470806	          0.86370770	          0.01320075	          0.54094633	         -4.07723429	          9.87032506	         -3.95567499	          8.08151066	          7.00938769	         26.35744917	         -0.66787952	        -26.14050827	        -39.39777054	          7.47213296	          0.56797576	         -8.27687188	          2.07992976	          0.04705154	          0.00999999	          0.00999999	          0.00999999	          0.07751432	          0.00999999	          0.00999999	          0.01000001	          0.00999999	          0.01278022	          0.07931117	          0.01042542	          0.23928901	          0.00999999	          0.13574770	          0.11612417	          0.11125519	          0.03376503	          0.00999999	          0.01771993	          0.00999999	          0.07318917	          0.00999999	          0.16434273	          0.04184020	          0.00999999	          0.00999999	          0.00999999	          0.21964112	
          0.40927762	         -3.50234871	          5.64416624	         -7.90719224	          0.41586196	          0.86280153	          0.01393607	         -0.69702306	         -4.14170202	         10.01190569	         -3.03065781	          8.14677196	          7.40356019	         26.65986966	         -0.79654380	        -26.10158138	        -35.71587990	          7.42121309	          0.49245559	         -8.32464852	          2.02873837	          0.24494800	          0.00999999	          0.00999999	          0.00999999	          0.07198973	          0.00999999	          0.00999999	          0.08800972	          0.00999999	          0.01275585	          0.06605817	          0.00999999	          0.25627305	          0.00999999	          0.13772470	          0.11450731	          0.11190045	          0.02812285	          0.00999999	          0.03300553	          0.00999999	          0.06095916	          0.00999999	          0.17410380	          0.03994879	          0.00999999	          0.00999999	          0.00999999	          0.22112877	
          0.42131520	         -3.52249116	          5.50488764	         -8.30024127	          0.42724272	          0.86156492	          0.01463430	         -1.94092242	         -4.18216703	         10.14065065	         -2.13725459	          8.25834036	          7.80614908	         26.84831173	         -0.89438398	        -25.82786187	        -31.86349200	          7.35705683	          0.42985441	         -8.33522435	          1.99282559	          0.44686393	          0.00999999	          0.00999999	          0.00999999	          0.06673608	          0.00999999	          0.00999999	          0.16502569	          0.00999999	          0.01598292	          0.05501976	          0.00999999	          0.27356126	          0.00999999	          0.13789875	          0.11145067	          0.11483365	          0.02554960	          0.00999999	          0.04944630	          0.00999999	          0.05077280	          0.00999999	          0.18478367	          0.03913644	          0.00999999	          0.00999999	          0.00999999	          0.22320271	
          0.43335277	         -3.55289660	          5.33969984	         -8.67139056	          0.43884980	          0.86000009	          0.01528377	         -3.16541588	         -4.20192757	         10.25943313	         -1.32287080	          8.42897517	          8.23034595	         26.93977564	         -0.96277028	        -25.32349144	        -27.91762307	          7.28879308	          0.37805741	         -8.30903475	          1.96555615	          0.65337263	          0.00999999	          0.00999999	          0.00999999	          0.06296332	          0.00999999	          0.00999999	          0.23736087	          0.00999999	          0.02232519	          0.04582588	          0.00999999	          0.29085732	          0.00999999	          0.13554190	          0.10821127	          0.12017560	          0.02545778	          0.00999999	          0.06324894	          0.00999999	          0.04228860	          0.00999999	          0.19493737	          0.03974542	          0.00999999	          0.00999999	          0.00999999	          0.22549390	
          0.44539035	         -3.59374186	          5.15607951	         -9.01851219	          0.45067380	          0.85812374	          0.01587429	         -4.34629648	         -4.20392964	         10.36541281	         -0.63074160	          8.67028174	          8.68936751	         26.95718094	         -1.00815138	        -24.60476735	        -23.97114431	          7.21815422	          0.33601526	         -8.24837494	          1.93940459	          0.86458320	          0.00999999	          0.00999999	          0.00999999	          0.06379459	          0.00999999	          0.00999999	          0.30081161	          0.01387111	          0.04636320	          0.03816831	          0.00999999	          0.30783400	          0.00999999	          0.13002053	          0.10114219	          0.12754277	          0.03222272	          0.00999999	          0.07283400	          0.00999999	          0.03522212	          0.00999999	          0.20305570	          0.04222476	          0.00999999	          0.00999999	          0.00999999	          0.22789573	
          0.45742793	         -3.64549241	          4.96276146	         -9.33982044	          0.46268611	          0.85597029	          0.01639646	         -5.45591598	         -4.19104499	         10.44902190	         -0.10239435	          8.97273780	          9.21218411	         26.93080536	         -1.03946738	        -23.69889432	        -20.13162450	          7.14519902	          0.30269361	         -8.15919099	          1.90468805	          1.08024276	          0.00999999	          0.00999999	          0.00999999	          0.07053001	          0.00999999	          0.01230579	          0.35318423	          0.01993357	          0.09325951	          0.03179034	          0.00999999	          0.32345597	          0.02703488	          0.12315444	          0.09475703	          0.13676753	          0.04689758	          0.00999999	          0.07571951	          0.00999999	          0.02933645	          0.00999999	          0.20446314	          0.04384375	          0.00999999	          0.00999999	          0.00999999	          0.23064250	
          0.46946551	         -3.70872804	          4.76864343	         -9.63413181	          0.47484916	          0.85360130	          0.01684469	         -6.46898451	         -4.16566993	         10.49872004	          0.22976052	          9.31456846	          9.83491115	         26.89425898	         -1.06680738	        -22.64014010	        -16.51560684	          7.07218805	          0.27724703	         -8.04950798	          1.85024349	          1.29913764	          0.00999999	          0.00999999	          0.00999999	          0.07936671	          0.00999999	          0.02087640	          0.39314777	          0.02597793	          0.14661624	          0.02647813	          0.00999999	          0.33712536	          0.05400738	          0.11443569	          0.09081111	          0.14872400	          0.05679012	          0.00999999	          0.07514953	          0.00999999	          0.02443429	          0.00999999	          0.20228556	          0.04870607	          0.01003821	          0.00999999	          0.00999999	          0.23380861	
          0.48150308	         -3.78357300	          4.58106687	         -9.89964117	          0.48713548	          0.85109682	          0.01721517	         -7.36878278	         -4.12943833	         10.50322393	          0.34414056	          9.68204543	         10.57940317	         26.87723384	         -1.09748936	        -21.46442776	        -13.23089561	          7.00446614	          0.25876733	         -7.92626118	          1.76587641	          1.52021237	          0.00999999	          0.00999999	          0.00999999	          0.08898130	          0.00999999	          0.02677227	          0.41912776	          0.03129346	          0.19955441	          0.02205360	          0.00999999	          0.34805692	          0.08314971	          0.09683265	          0.08827528	          0.16038094	          0.06824414	          0.00999999	          0.07039344	          0.00999999	          0.02035129	          0.00999999	          0.19675465	          0.05410390	          0.01246356	          0.00999999	          0.00999999	          0.23694844	
          0.49354066	         -3.86981029	          4.40542298	        -10.13503915	          0.49953289	          0.84854535	          0.01750519	         -8.15143848	         -4.08473113	         10.45410786	          0.24288368	         10.04465725	         11.46294619	         26.89806421	         -1.13321999	        -20.20153973	        -10.34835676	          6.94932036	          0.24603878	         -7.79466153	          1.64346907	          1.74262274	          0.00999999	          0.00999999	          0.00999999	          0.09809652	          0.00999999	          0.03168407	          0.42904980	          0.03564027	          0.24709228	          0.01836841	          0.00999999	          0.35577641	          0.11363908	          0.08065179	          0.08617402	          0.16957969	          0.07706234	          0.00999999	          0.06422322	          0.00999999	          0.01695056	          0.00999999	          0.18782365	          0.06007907	          0.01466160	          0.00999999	          0.00999999	          0.23964507	
          0.50557824	         -3.96672142	          4.24520648	        -10.33973786	          0.51204263	          0.84602478	          0.01771306	         -8.82010776	         -4.03360379	         10.34302374	         -0.06656149	         10.39300355	         12.47462751	         26.96354183	         -1.17096196	        -18.87409487	         -7.89964437	          6.90862405	          0.23810283	         -7.65821899	          1.47746331	          1.96552797	          0.00999999	          0.00999999	          0.00999999	          0.10535025	          0.00999999	          0.03558104	          0.42272144	          0.03973623	          0.28679965	          0.01529902	          0.00999999	          0.36001637	          0.14344648	          0.06717476	          0.08439920	          0.17526652	          0.08161529	          0.00999999	          0.05783283	          0.00999999	          0.01411810	          0.00999999	          0.17626180	          0.06260596	          0.01716989	          0.00999999	          0.00999999	          0.24207573	
          0.51761581	         -4.07288939	          4.10177563	        -10.51351454	          0.52467876	          0.84358891	          0.01783772	         -9.38196866	         -3.97684152	         10.15966905	         -0.57251255	         10.71409296	         13.59835354	         27.07061185	         -1.20490316	        -17.49911899	         -5.88736160	          6.88091219	          0.23381586	         -7.51850161	          1.26549834	          2.18829086	          0.00999999	          0.00999999	          0.00999999	          0.11075058	          0.00999999	          0.03922394	          0.40006010	          0.04393409	          0.31667995	          0.01274254	          0.00999999	          0.36057268	          0.17141232	          0.05594977	          0.08308746	          0.17761094	          0.07472844	          0.00999999	          0.05341237	          0.00999999	          0.01175895	          0.00999999	          0.16303178	          0.05214442	          0.02010594	          0.00999999	          0.00999999	          0.24414954	
          0.52965339	         -4.18601107	          3.97385528	        -10.65560149	          0.53747434	          0.84126773	          0.01787494	         -9.85066966	         -3.91390459	          9.89033613	         -1.25484295	         10.98585658	         14.82308069	         27.20851622	         -1.22760520	        -16.09224984	         -4.30059738	          6.86442117	          0.23228320	         -7.37415110	          1.00976974	          2.41149784	          0.00999999	          0.00999999	          0.00999999	          0.11328685	          0.00999999	          0.04239960	          0.36046243	          0.04810452	          0.33605525	          0.01061324	          0.00999999	          0.35720961	          0.19642944	          0.04660049	          0.08308126	          0.17956228	          0.06224122	          0.00999999	          0.05067014	          0.00999999	          0.00999999	          0.00999999	          0.14869754	          0.04343102	          0.02200242	          0.00999999	          0.00999999	          0.24595570	
          0.54169097	         -4.30306815	          3.85744202	        -10.76395356	          0.55047496	          0.83907252	          0.01782007	        -10.24537505	         -3.84296407	          9.52348469	         -2.08686137	         11.18212827	         16.14234849	         27.36341033	         -1.23168566	        -14.66951729	         -3.12690657	          6.85919064	          0.23265016	         -7.22217543	          0.71578632	          2.63625345	          0.00999999	          0.00999999	          0.00999999	          0.10772130	          0.00999999	          0.04166535	          0.30022868	          0.05215313	          0.34295041	          0.00999999	          0.00999999	          0.34978427	          0.21728502	          0.03881348	          0.08417286	          0.18569023	          0.05184063	          0.00999999	          0.05234763	          0.00999999	          0.00999999	          0.00999999	          0.13685460	          0.03617363	          0.01850459	          0.00999999	          0.00999999	          0.24725745	
          0.55372854	         -4.42075647	          3.74532866	        -10.83411132	          0.56372336	          0.83700331	          0.01767055	        -10.58521545	         -3.76039321	          9.06126936	         -3.04490718	         11.28014017	         17.55017420	         27.52609243	         -1.21069671	        -13.25461054	         -2.36938570	          6.86253162	          0.23455671	         -7.06087706	          0.39085745	          2.86222711	          0.00999999	          0.00999999	          0.00999999	          0.08972093	          0.00999999	          0.03737542	          0.25006006	          0.05859192	          0.33457125	          0.00999999	          0.00999999	          0.33831645	          0.23332452	          0.03232770	          0.08886078	          0.19367502	          0.04317799	          0.01047666	          0.06157467	          0.00999999	          0.00999999	          0.00999999	          0.12720508	          0.03012897	          0.01541244	          0.00999999	          0.00999999	          0.24828594	
          0.56576612	         -4.53575043	          3.62589334	        -10.85984780	          0.57725933	          0.83505032	          0.01742944	        -10.88395995	         -3.65811358	          8.51766666	         -4.11902841	         11.26767869	         19.03578825	         27.68629900	         -1.15912376	        -11.88145063	         -2.02959727	          6.87205967	          0.23723206	         -6.88964702	          0.04490036	          3.08690951	          0.00999999	          0.00999999	          0.00999999	          0.07472844	          0.00999999	          0.03112994	          0.20827468	          0.05818275	          0.32017673	          0.00999999	          0.00999999	          0.32292389	          0.24430039	          0.02692569	          0.09519370	          0.19142402	          0.03596289	          0.01374727	          0.07015770	          0.00999999	          0.06193532	          0.00999999	          0.11435944	          0.02509438	          0.01283700	          0.00999999	          0.00999999	          0.24838441	
          0.57780370	         -4.64457409	          3.48912287	        -10.83724378	          0.59111841	          0.83319041	          0.01710588	        -11.15035626	         -3.53037897	          7.91244769	         -5.30831091	         11.14192262	         20.58351397	         27.84044553	         -1.07477464	        -10.57434785	         -2.13857453	          6.87124088	          0.24099608	         -6.70737555	         -0.31414279	          3.30565905	          0.00999999	          0.00999999	          0.00999999	          0.06224121	          0.00999999	          0.02598530	          0.17347170	          0.05184062	          0.30481331	          0.00999999	          0.00999999	          0.30393150	          0.24992153	          0.02242637	          0.10127315	          0.17563638	          0.02995344	          0.01730705	          0.07935598	          0.00999999	          0.10193626	          0.00999999	          0.09524982	          0.02090107	          0.01069192	          0.01215760	          0.00999999	          0.25106296	
          0.58984128	         -4.74391941	          3.32636922	        -10.76565991	          0.60533746	          0.83139245	          0.01670852	        -11.38587837	         -3.37280783	          7.27025767	         -6.62558192	         10.90858558	         22.17336628	         27.97910612	         -0.95698974	         -9.35600334	         -2.72356194	          6.82580373	          0.24640523	         -6.51168626	         -0.67748490	          3.51207614	          0.00999999	          0.00999999	          0.00999999	          0.05184062	          0.01380201	          0.03077603	          0.14448434	          0.04317799	          0.29921051	          0.00999999	          0.00999999	          0.28088126	          0.25026758	          0.01867890	          0.10237022	          0.16659470	          0.02494818	          0.01441502	          0.08451921	          0.01283141	          0.09790803	          0.00999999	          0.07933345	          0.01740848	          0.00999999	          0.01200625	          0.01000000	          0.24792974	
          0.60187885	         -4.83113319	          3.13175634	        -10.64478979	          0.61993522	          0.82962657	          0.01623814	        -11.57443898	         -3.18057395	          6.60744535	         -8.11225225	         10.57949767	         23.78681375	         28.08831915	         -0.80490758	         -8.26043073	         -3.81204302	          6.66169303	          0.24982621	         -6.30199785	         -1.03719655	          3.70337269	          0.03368809	          0.00999999	          0.00999999	          0.04317798	          0.03810219	          0.02563332	          0.12034081	          0.03596289	          0.30951098	          0.00999999	          0.00999999	          0.25734702	          0.24517404	          0.01555763	          0.08526402	          0.16494861	          0.02077930	          0.01200625	          0.13013812	          0.02309084	          0.08154746	          0.00999999	          0.06607672	          0.01449950	          0.01200625	          0.00999999	          0.00999999	          0.26507974	
          0.61391643	         -4.90339431	          2.92157337	        -10.46553467	          0.63490398	          0.82790872	          0.01569766	        -11.67502407	         -2.96420053	          5.91335961	         -9.84487318	         10.16076309	         25.41129727	         28.13651336	         -0.63596280	         -7.22986301	         -5.40502645	          6.38645251	          0.24429771	         -6.07603211	         -1.40683842	          3.87648819	          0.07462488	          0.00999999	          0.00999999	          0.03596288	          0.08497263	          0.02134995	          0.10023170	          0.02995344	          0.32192214	          0.00999999	          0.00999999	          0.21704881	          0.23421175	          0.01295793	          0.07101629	          0.14255373	          0.01730705	          0.00999999	          0.18516196	          0.02515545	          0.07779989	          0.05190202	          0.05503521	          0.01207661	          0.00999999	          0.01864052	          0.01730706	          0.26940840	
          0.62595401	         -4.95965085	          2.71846298	        -10.22394959	          0.65019054	          0.82633951	          0.01510530	        -11.62663533	         -2.74175701	          5.16852754	        -11.91534308	          9.63091500	         27.02082984	         27.99937578	         -0.47185548	         -6.18849790	         -6.88134198	          6.08686337	          0.23860258	         -5.83075620	         -1.80441896	          4.03025720	          0.08991638	          0.00999999	          0.00999999	          0.02995344	          0.07829385	          0.01778235	          0.08348285	          0.02494818	          0.31170138	          0.00999999	          0.00999999	          0.18077966	          0.21910162	          0.01079264	          0.06976831	          0.11873281	          0.01441502	          0.04941825	          0.16377594	          0.04003879	          0.07993256	          0.06078311	          0.04583875	          0.01005859	          0.00999999	          0.01552567	          0.01441503	          0.30064397	
          0.63799158	         -5.00152543	          2.51972633	         -9.92111415	          0.66559399	          0.82507418	          0.01441101	        -11.36666642	         -2.51598049	          4.37767382	        -14.38903625	          8.93472775	         28.56004354	         27.71768231	         -0.28639369	         -5.22394663	         -8.11914298	          5.71585896	          0.22754105	         -5.58631750	         -2.21648253	          4.16169772	          0.11306878	          0.00999999	          0.00999999	          0.02494818	          0.08484742	          0.01855967	          0.06953275	          0.02077930	          0.29833926	          0.00999999	          0.00999999	          0.15057113	          0.19051896	          0.00999999	          0.07772045	          0.09889240	          0.01200625	          0.08920053	          0.16797637	          0.04029144	          0.06657572	          0.07774364	          0.03817903	          0.00999999	          0.00999999	          0.01293131	          0.01200626	          0.31744585	
          0.65002916	         -5.02926955	          2.32989077	         -9.56212541	          0.68092634	          0.82423545	          0.01362274	        -10.85588228	         -2.29616337	          3.53048007	        -17.29243160	          8.05255616	         29.88641286	         27.37322787	         -0.07745394	         -4.36121829	         -9.26213715	          5.37564793	          0.21878519	         -5.35802885	         -2.64627370	          4.26798944	          0.13150930	          0.00999999	          0.00999999	          0.02077930	          0.09700470	          0.02204720	          0.05791373	          0.01730705	          0.27493265	          0.00999999	          0.00999999	          0.12541049	          0.15868298	          0.00999999	          0.07040313	          0.08236734	          0.00999999	          0.11039260	          0.16552938	          0.04199354	          0.05545083	          0.07758675	          0.03179927	          0.00999999	          0.03604044	          0.01077047	          0.01000000	          0.33564765	
          0.66206674	         -5.04382221	          2.14988588	         -9.15014882	          0.69605987	          0.82389982	          0.01275562	        -10.07988080	         -2.09291826	          2.60739130	        -20.61313734	          6.99918643	         30.76832597	         26.98585582	          0.14786437	         -3.59266366	        -10.32890986	          5.09996597	          0.20838694	         -5.15600572	         -3.09200615	          4.34877973	          0.14251080	          0.00999999	          0.00999999	          0.01730705	          0.11156912	          0.02807570	          0.04823627	          0.01441502	          0.24168715	          0.00999999	          0.00999999	          0.10445423	          0.13216684	          0.00999999	          0.05863867	          0.06860365	          0.00999999	          0.12025173	          0.13786920	          0.04554376	          0.04618492	          0.06462190	          0.02648556	          0.00999999	          0.09708478	          0.00999999	          0.00999999	          0.34538025	
          0.67410432	         -5.04763043	          1.97204771	         -8.68539224	          0.71090367	          0.82415975	          0.01183598	         -9.04420526	         -1.91227063	          1.59512031	        -24.29562673	          5.74813475	         31.01519733	         26.52226062	          0.37634085	         -2.90653539	        -11.25497281	          4.94407033	          0.19715564	         -4.98890947	         -3.54390838	          4.40278319	          0.14943558	          0.00999999	          0.00999999	          0.01441502	          0.12719840	          0.02373118	          0.04017592	          0.01200625	          0.20348087	          0.00999999	          0.00999999	          0.08699979	          0.11008158	          0.00999999	          0.04884007	          0.05713989	          0.00999999	          0.12264092	          0.11483107	          0.04558228	          0.03846736	          0.05561071	          0.02205979	          0.00999999	          0.14610637	          0.00999999	          0.00999999	          0.34544257	
          0.68614189	         -5.04281671	          1.78382272	         -8.16554645	          0.72542866	          0.82506951	          0.01088933	         -7.78207997	         -1.75698127	          0.50755398	        -28.22324766	          4.17481408	         30.63428694	         25.93806008	          0.59276499	         -2.28868019	        -11.96242877	          4.93156286	          0.18831698	         -4.85959975	         -3.98728512	          4.42677975	          0.15370900	          0.00999999	          0.00999999	          0.01200625	          0.14137629	          0.02077931	          0.05060110	          0.00999999	          0.16947894	          0.00999999	          0.00999999	          0.07246200	          0.09168680	          0.00999999	          0.04067883	          0.04759173	          0.00999999	          0.11841590	          0.09564264	          0.04722569	          0.03203941	          0.05051811	          0.01837357	          0.00999999	          0.17044546	          0.00999999	          0.00999999	          0.33572814	
          0.69817947	         -5.03040792	          1.56923427	         -7.58885715	          0.73963921	          0.82658885	          0.00993508	         -6.34240218	         -1.62138524	         -0.62701332	        -32.26984657	          2.29961583	         29.50289274	         25.21721687	          0.77738742	         -1.71228512	        -12.42347187	          5.04553177	          0.18342153	         -4.76798575	         -4.40331772	          4.41873378	          0.15412251	          0.00999999	          0.00999999	          0.00999999	          0.14511226	          0.01730706	          0.04214559	          0.00999999	          0.14115878	          0.00999999	          0.00999999	          0.06035350	          0.07636581	          0.04447078	          0.03388134	          0.03963909	          0.00999999	          0.12274623	          0.07966062	          0.04671846	          0.02668558	          0.04207646	          0.01530332	          0.00999999	          0.16691409	          0.00999999	          0.00999999	          0.31872746	
          0.71021705	         -5.01008736	          1.32053602	         -6.96047290	          0.75352748	          0.82856446	          0.00899146	         -4.78023129	         -1.49961567	         -1.78195555	        -36.36322787	          0.49242020	         27.21170038	         24.38772564	          0.91717970	         -1.14141686	        -12.68359501	          5.24752349	          0.18468788	         -4.71437841	         -4.78030356	          4.38044455	          0.17511051	          0.04014223	          0.00999999	          0.00999999	          0.12086380	          0.01441503	          0.03510301	          0.00999999	          0.11757095	          0.00999999	          0.00999999	          0.05026835	          0.06360498	          0.14331565	          0.02821972	          0.03301534	          0.00999999	          0.13415429	          0.06634923	          0.04377221	          0.02222638	          0.04057252	          0.01274612	          0.00999999	          0.15453785	          0.00999999	          0.00999999	          0.29888306	
          0.72225462	         -4.98057401	          1.04002353	         -6.29253215	          0.76709072	          0.83079281	          0.00805327	         -3.17243985	         -1.38171370	         -2.93478988	        -40.40078341	         -0.72878956	         23.77856089	         23.48766261	          1.00972905	         -0.55864149	        -12.80355522	          5.49488933	          0.19346333	         -4.69634853	         -5.10623765	          4.31331373	          0.18840681	          0.05827261	          0.02156946	          0.00999999	          0.10066730	          0.01200626	          0.07651785	          0.00999999	          0.11022585	          0.00999999	          0.00999999	          0.04186844	          0.05297650	          0.18510923	          0.02350417	          0.02749843	          0.00999999	          0.13096860	          0.05526218	          0.04211011	          0.01851233	          0.04091386	          0.01061622	          0.00999999	          0.14285277	          0.00999999	          0.00999999	          0.27841007	
          0.73429220	         -4.94166312	          0.73099552	         -5.59361546	          0.78034541	          0.83316441	          0.00712617	         -1.61066941	         -1.23329794	         -4.08409509	        -44.05452606	         -0.77334303	         20.41425482	         22.54833236	          1.05400705	          0.03881371	        -12.83500815	          5.76496122	          0.21314791	         -4.70928771	         -5.37408619	          4.21916006	          0.18454423	          0.06501586	          0.01796517	          0.00999999	          0.08384565	          0.00999999	          0.09135752	          0.00999999	          0.11007347	          0.00999999	          0.00999999	          0.03676791	          0.04412406	          0.20246466	          0.01957659	          0.02290341	          0.00999999	          0.12411313	          0.04602779	          0.04110520	          0.01541889	          0.04200956	          0.00999999	          0.00999999	          0.12903222	          0.00999999	          0.00999999	          0.25730867	
          0.74632978	         -4.89358411	          0.39120919	         -4.87328080	          0.79332670	          0.83567111	          0.00620372	         -0.11763773	         -1.04838723	         -5.24899048	        -47.15413734	         -0.43764399	         17.54466484	         21.58549480	          1.04486296	          0.65251415	        -12.80555837	          6.03993779	          0.24856522	         -4.74792912	         -5.57584591	          4.10224559	          0.17578031	          0.07776182	          0.01496317	          0.00999999	          0.06983493	          0.00999999	          0.12354227	          0.00999999	          0.11540767	          0.00999999	          0.00999999	          0.03551042	          0.03675087	          0.20110799	          0.01630531	          0.01907622	          0.00999999	          0.11964535	          0.03833649	          0.03916925	          0.01284237	          0.03957403	          0.00999999	          0.00999999	          0.11711160	          0.00999999	          0.00999999	          0.23839517	
          0.75836735	         -4.83651617	          0.02309640	         -4.14321021	          0.80605310	          0.83827103	          0.00527528	          1.32163297	         -0.84060994	         -6.43631658	        -49.72970314	          0.02767623	         15.07552967	         20.60711631	          0.98190232	          1.27928817	        -12.72461245	          6.29337936	          0.30229318	         -4.80948427	         -5.70967359	          3.96602363	          0.16612792	          0.08714904	          0.01246281	          0.00999999	          0.06407010	          0.00999999	          0.15351379	          0.00999999	          0.12051603	          0.00999999	          0.00999999	          0.03320071	          0.03060975	          0.19674716	          0.01358067	          0.01588856	          0.00999999	          0.11217143	          0.03193041	          0.03784131	          0.01069640	          0.03847702	          0.00999999	          0.00999999	          0.10878532	          0.00999999	          0.00999999	          0.22236874	
          0.77040493	         -4.77083413	         -0.37463411	         -3.41196303	          0.81853826	          0.84090995	          0.00433886	          2.72260281	         -0.61259309	         -7.64298227	        -51.82451365	          0.51273936	         12.95423770	         19.61565449	          0.86086147	          1.91014514	        -12.59339752	          6.51362617	          0.37392585	         -4.89218425	         -5.77169230	          3.81216622	          0.15708712	          0.09455430	          0.01388509	          0.00999999	          0.06412544	          0.00999999	          0.19460709	          0.00999999	          0.12501845	          0.00999999	          0.00999999	          0.03110346	          0.02549482	          0.19278899	          0.01131132	          0.01323356	          0.00999999	          0.10388437	          0.02659479	          0.03674482	          0.00999999	          0.03611288	          0.00999999	          0.00999999	          0.10293476	          0.00999999	          0.00999999	          0.20885597	
          0.78244251	         -4.69711771	         -0.79952683	         -2.68557493	          0.83078982	          0.84353222	          0.00339585	          4.10102655	         -0.36687143	         -8.86135164	        -53.49214032	          1.00715830	         11.12847313	         18.61406935	          0.68228004	          2.53854593	        -12.41523161	          6.70428867	          0.46304564	         -4.99470940	         -5.76351573	          3.64217120	          0.14979578	          0.10163402	          0.01860980	          0.00999999	          0.06560773	          0.00999999	          0.24333499	          0.00999999	          0.12887591	          0.00999999	          0.00999999	          0.02809854	          0.02123460	          0.18998675	          0.00999999	          0.01102221	          0.00999999	          0.09637416	          0.02215077	          0.03496301	          0.00999999	          0.03328524	          0.00999999	          0.00999999	          0.09795256	          0.00999999	          0.00999999	          0.19689306	
          0.79448009	         -4.61619302	         -1.24631762	         -1.96881373	          0.84280969	          0.84608688	          0.00244721	          5.47283721	         -0.10866476	        -10.08371685	        -54.78980752	          1.51439070	          9.55815743	         17.60715498	          0.45064825	          3.16032923	        -12.19656040	          6.87324247	          0.57181874	         -5.11623654	         -5.69009131	          3.45796111	          0.14336166	          0.10837253	          0.02563146	          0.00999999	          0.06806068	          0.00999999	          0.30017088	          0.00999999	          0.13235083	          0.00999999	          0.00999999	          0.02395030	          0.01768627	          0.18737945	          0.00999999	          0.00999999	          0.00999999	          0.09063885	          0.01844934	          0.03177460	          0.00999999	          0.03008584	          0.00999999	          0.00999999	          0.09275248	          0.00999999	          0.00999999	          0.18545672	
          0.80651766	         -4.52918644	         -1.70717556	         -1.26540614	          0.85459492	          0.84852940	          0.00149471	          6.85370905	          0.15324145	        -11.30334146	        -55.77704912	          2.03510582	          8.20712200	         16.60156988	          0.17401073	          3.77334403	        -11.94649276	          7.02778052	          0.70590055	         -5.25652608	         -5.55974392	          3.26158256	          0.13766471	          0.11367258	          0.03453717	          0.00999999	          0.06903380	          0.00999999	          0.36322716	          0.00999999	          0.13429510	          0.00999999	          0.00999999	          0.01994817	          0.01473087	          0.18568190	          0.00999999	          0.00999999	          0.00999999	          0.08745867	          0.01536643	          0.02665484	          0.00999999	          0.02516638	          0.00999999	          0.00999999	          0.08750943	          0.00999999	          0.00999999	          0.17348896	
          0.81855524	         -4.43751941	         -2.17282674	         -0.57809881	          0.86613985	          0.85082256	          0.00053964	          8.25847344	          0.40627580	        -12.51597851	        -56.51508400	          2.56099149	          7.04465016	         15.60414432	         -0.13716815	          4.37721862	        -11.67373380	          7.17139557	          0.87216834	         -5.41585282	         -5.38267026	          3.05538077	          0.13388380	          0.12004226	          0.03953111	          0.00999999	          0.06803972	          0.00999999	          0.42842864	          0.00999999	          0.13662955	          0.00999999	          0.00999999	          0.01661480	          0.01226932	          0.18497932	          0.00999999	          0.00999999	          0.00999999	          0.08669872	          0.01279868	          0.02220078	          0.00999999	          0.02096104	          0.00999999	          0.00999999	          0.08195201	          0.00999999	          0.00999999	          0.16092140	
          0.83059282	         -4.34264337	         -2.63295280	          0.09039116	          0.87744353	          0.85293805	         -0.00041806	          9.69980273	          0.63364314	        -13.71923050	        -57.06535812	          3.08147308	          6.04404975	         14.61926831	         -0.47119992	          4.96759863	        -11.38236685	          7.29248253	          1.08069294	         -5.59371076	         -5.16983646	          2.84134807	          0.13374090	          0.12565767	          0.04343556	          0.00999999	          0.05667019	          0.00999999	          0.48899332	          0.00999999	          0.13862440	          0.01126801	          0.00999999	          0.01383845	          0.01021910	          0.18520596	          0.00999999	          0.00999999	          0.00999999	          0.09178184	          0.01066000	          0.01849100	          0.00999999	          0.01745843	          0.00999999	          0.00999999	          0.07396888	          0.02809081	          0.00999999	          0.15205147	
          0.84263039	         -4.24600570	         -3.07762470	          0.73676660	          0.88850528	          0.85485780	         -0.00138363	         11.18757768	          0.81426772	        -14.91322557	        -57.48347317	          3.58269112	          5.18293732	         13.65627740	         -0.81563305	          5.53835447	        -11.08774483	          7.38710319	          1.34243634	         -5.78920204	         -4.93066728	          2.62242827	          0.13357377	          0.13007057	          0.04599256	          0.00999999	          0.04720053	          0.00999999	          0.53789755	          0.00999999	          0.13986325	          0.02525977	          0.00999999	          0.01152603	          0.00999999	          0.18787539	          0.00999999	          0.00999999	          0.00999999	          0.09748598	          0.00999999	          0.01540113	          0.00999999	          0.01454110	          0.00999999	          0.00999999	          0.06888018	          0.04708939	          0.00999999	          0.14327700	
          0.85466797	         -4.14904168	         -3.49979835	          1.35876753	          0.89933741	          0.85657558	         -0.00236024	         12.72228147	          0.93276156	        -16.09635325	        -57.79817783	          4.05993892	          4.44086977	         12.71908935	         -1.16086369	          6.08214416	        -10.80167358	          7.47807355	          1.66124262	         -5.99990153	         -4.67197883	          2.40115695	          0.13562236	          0.13193531	          0.04793629	          0.00999999	          0.03931325	          0.00999999	          0.56349504	          0.00999999	          0.14026772	          0.03664963	          0.00999999	          0.01044784	          0.00999999	          0.19133184	          0.00999999	          0.00999999	          0.00999999	          0.10210654	          0.00999999	          0.01282758	          0.00999999	          0.01211126	          0.00999999	          0.01000000	          0.06456016	          0.06406664	          0.00999999	          0.13446497	
          0.86670555	         -4.05319463	         -3.89541070	          1.95582076	          0.90996735	          0.85809585	         -0.00334804	         14.29357132	          0.98190650	        -17.26490327	        -58.00950134	          4.51709512	          3.80167068	         11.80313370	         -1.50106743	          6.59260185	        -10.51909331	          7.57122643	          2.03638492	         -6.22172026	         -4.39836744	          2.17988632	          0.13087815	          0.13049098	          0.06093369	          0.00999999	          0.03274396	          0.00999999	          0.54693177	          0.00999999	          0.13982951	          0.04380633	          0.00999999	          0.01005784	          0.00999999	          0.19557776	          0.00999999	          0.00999999	          0.00999999	          0.10489632	          0.00999999	          0.01068407	          0.00999999	          0.01008745	          0.00999999	          0.04688023	          0.05907642	          0.07947495	          0.00999999	          0.12709645	
          0.87874312	         -3.96039507	         -4.26279284	          2.53024234	          0.92042525	          0.85943527	         -0.00434089	         15.87889510	          0.96382143	        -18.41452978	        -58.07604519	          4.95631050	          3.25088491	         10.89773768	         -1.83417997	          7.06281332	        -10.22028124	          7.66277644	          2.46154125	         -6.45182611	         -4.11414103	          1.96034018	          0.12789973	          0.12391262	          0.07073871	          0.00999999	          0.02727240	          0.00999999	          0.45553873	          0.00999999	          0.13987128	          0.04992830	          0.00999999	          0.00999999	          0.00999999	          0.20038063	          0.00999999	          0.00999999	          0.00999999	          0.10384004	          0.00999999	          0.00999999	          0.00999999	          0.00999999	          0.00999999	          0.07647696	          0.05323078	          0.09405687	          0.00999999	          0.12043086	
          0.89078070	         -3.87246775	         -4.59991316	          3.08605015	          0.93075769	          0.86061957	         -0.00533008	         17.43780371	          0.88849927	        -19.53926000	        -57.90037663	          5.37931865	          2.77591588	          9.99082855	         -2.15776387	          7.49267584	         -9.88724748	          7.75128447	          2.92405073	         -6.68551469	         -3.82565713	          1.74415286	          0.12447002	          0.11902697	          0.07747577	          0.00999999	          0.02271514	          0.00999999	          0.37941759	          0.00999999	          0.14046784	          0.05385454	          0.00999999	          0.00999999	          0.00999999	          0.20510910	          0.00999999	          0.00999999	          0.00999999	          0.10167226	          0.00999999	          0.00999999	          0.00999999	          0.01006774	          0.00999999	          0.10188702	          0.04712337	          0.10807644	          0.00999999	          0.11540447	
          0.90281828	         -3.79108867	         -4.90371963	          3.62659199	          0.94101080	          0.86166601	         -0.00630714	         18.93197472	          0.76798786	        -20.62906737	        -57.39417254	          5.78599267	          2.36502075	          9.07243500	         -2.46852214	          7.88475532	         -9.50515207	          7.82998126	          3.40920695	         -6.91800963	         -3.54038438	          1.53238991	          0.12110353	          0.11565915	          0.08090313	          0.00999999	          0.01891941	          0.00999999	          0.31601639	          0.00999999	          0.14100634	          0.05522291	          0.00999999	          0.00999999	          0.00999999	          0.20982354	          0.00999999	          0.00999999	          0.00999999	          0.09853383	          0.00999999	          0.00999999	          0.00999999	          0.01095574	          0.00999999	          0.12283894	          0.04089567	          0.12177737	          0.00999999	          0.11223721	
          0.91485586	         -3.71774251	         -5.17089434	          4.15388376	          0.95122424	          0.86257793	         -0.00726549	         20.33249341	          0.61402792	        -21.67037656	        -56.50274648	          6.17220608	          2.00727336	          8.13481948	         -2.76294907	          8.24026557	         -9.06334820	          7.89422270	          3.90351542	         -7.14531696	         -3.26523935	          1.32542577	          0.11792898	          0.11296371	          0.08161188	          0.00999999	          0.01575795	          0.00999999	          0.26320962	          0.00999999	          0.14106537	          0.05503881	          0.00999999	          0.00999999	          0.00999999	          0.21434866	          0.00999999	          0.00999999	          0.00999999	          0.09504463	          0.00999999	          0.00999999	          0.00999999	          0.01189292	          0.00999999	          0.13964655	          0.03533050	          0.13534415	          0.00999999	          0.11112622	
          0.92689343	         -3.65365975	         -5.39775248	          4.66903399	          0.96143495	          0.86334732	         -0.00820027	         21.61767707	          0.43725746	        -22.64744990	        -55.19931531	          6.53091456	          1.69287084	          7.17068745	         -3.03723375	          8.56054928	         -8.55298958	          7.94219203	          4.39562882	         -7.36378473	         -3.00690630	          1.12299539	          0.11495194	          0.11034742	          0.08002958	          0.00999999	          0.01312478	          0.00999999	          0.21922694	          0.00999999	          0.14055529	          0.05412794	          0.00999999	          0.00999999	          0.00999999	          0.21842568	          0.00999999	          0.00999999	          0.00999999	          0.09180220	          0.00999999	          0.00999999	          0.00999999	          0.01245835	          0.00999999	          0.15233311	          0.03041099	          0.14892710	          0.00999999	          0.11200689	
          0.93893101	         -3.59977247	         -5.58046638	          5.17254542	          0.97167896	          0.86395743	         -0.00910784	         22.77172505	          0.24679045	        -23.54346262	        -53.48012935	          6.85225642	          1.41433363	          6.17271891	         -3.28750170	          8.84731315	         -7.96653887	          7.97448842	          4.87673348	         -7.56991154	         -2.77182410	          0.92440415	          0.11242524	          0.10778235	          0.07668909	          0.00999999	          0.01093161	          0.00999999	          0.18259382	          0.00999999	          0.13966664	          0.05263825	          0.00999999	          0.00999999	          0.00999999	          0.22148671	          0.00999999	          0.00999999	          0.00999999	          0.08891266	          0.00999999	          0.00999999	          0.00999999	          0.01260419	          0.00999999	          0.16058025	          0.02600954	          0.16273049	          0.00999999	          0.11455773	
          0.95096859	         -3.55668795	         -5.71553532	          5.66447168	          0.98199221	          0.86438535	         -0.00998608	         23.78384827	          0.05004321	        -24.34161799	        -51.35930517	          7.12268593	          1.16889384	          5.13402066	         -3.51014824	          9.10230297	         -7.29863677	          7.99349615	          5.34083279	         -7.76015672	         -2.56565388	          0.72874961	          0.11137975	          0.10536411	          0.07016143	          0.00999999	          0.00999999	          0.00999999	          0.15208214	          0.00999999	          0.13861890	          0.04934440	          0.00999999	          0.00999999	          0.00999999	          0.22279214	          0.00999999	          0.00999999	          0.00999999	          0.08593160	          0.00999999	          0.00999999	          0.00999999	          0.01301618	          0.00999999	          0.15971715	          0.02166332	          0.17687852	          0.00999999	          0.11837321	
          0.96300616	         -3.52461523	         -5.80030980	          6.14429305	          0.99241193	          0.86460422	         -0.01083411	         24.64734138	         -0.14657651	        -25.02528160	        -48.86127477	          7.32574714	          0.95950863	          4.04979705	         -3.70208700	          9.32778446	         -6.55011277	          8.00549395	          5.78431491	         -7.93043249	         -2.39268857	          0.53494791	          0.11156603	          0.10416829	          0.05843736	          0.00999999	          0.00999999	          0.00999999	          0.12666901	          0.00999999	          0.14246426	          0.04871064	          0.00999999	          0.00999999	          0.00999999	          0.22214282	          0.00999999	          0.00999999	          0.00999999	          0.08422088	          0.00999999	          0.00999999	          0.00999999	          0.01281773	          0.00999999	          0.13726439	          0.01804335	          0.19165921	          0.00999999	          0.12288272	
          0.97504374	         -3.50337495	         -5.83311341	          6.61035179	          1.00297381	          0.86458429	         -0.01165054	         25.36078700	         -0.33644609	        -25.57247023	        -46.01385954	          7.44784288	          0.79111296	          2.92027924	         -3.86052216	          9.52874359	         -5.73313383	          8.02046761	          6.20663405	         -8.07626118	         -2.25578956	          0.34167703	          0.11388270	          0.10406446	          0.04867240	          0.00999999	          0.00999999	          0.00999999	          0.10550245	          0.00999999	          0.14770006	          0.04631484	          0.00999999	          0.00999999	          0.00999999	          0.22042980	          0.00999999	          0.00999999	          0.00999999	          0.08280592	          0.00999999	          0.00999999	          0.00999999	          0.01084004	          0.00999999	          0.11432733	          0.01502828	          0.20705906	          0.00999999	          0.12722793	
          0.98708132	         -3.49270752	         -5.81516980	          7.06089024	          1.01370873	          0.86429482	         -0.01243792	         25.92802871	         -0.51234204	        -25.95521155	        -42.84682048	          7.49004807	          0.66353683	          1.74957943	         -3.98493556	          9.70990197	         -4.86405041	          8.04382524	          6.61277956	         -8.19310159	         -2.15332409	          0.14799315	          0.11663741	          0.10821035	          0.04053918	          0.00999999	          0.00999999	          0.00999999	          0.08787284	          0.00999999	          0.15525484	          0.04457985	          0.00999999	          0.00999999	          0.00999999	          0.21930706	          0.00999999	          0.00999999	          0.00999999	          0.08092646	          0.00999999	          0.00999999	          0.00999999	          0.00999999	          0.00999999	          0.09522308	          0.01251704	          0.22295086	          0.00999999	          0.13173119	
          0.99911890	         -3.49240154	         -5.75011750	          7.49373995	          1.02464328	          0.86370770	         -0.01320075	         26.35744917	         -0.66787952	        -26.14050827	        -39.39777054	          7.47213296	          0.56797576	          0.54094633	         -4.07723429	          9.87032506	         -3.95567499	          8.08151066	          7.00938769	         -8.27687188	         -2.07992976	         -0.04705154	          0.11612417	          0.11125519	          0.03376503	          0.00999999	          0.01771993	          0.00999999	          0.07318917	          0.00999999	          0.16434273	          0.04184020	          0.00999999	          0.00999999	          0.00999999	          0.21964112	          0.00999999	          0.00999999	          0.00999999	          0.07751432	          0.00999999	          0.00999999	          0.01000001	          0.00999999	          0.01278022	          0.07931117	          0.01042542	          0.23928901	          0.00999999	          0.13574770	
          1.01115647	         -3.50234871	         -5.64416624	          7.90719224	          1.03579717	          0.86280153	         -0.01393607	         26.65986966	         -0.79654380	        -26.10158138	        -35.71587990	          7.42121309	          0.49245559	         -0.69702306	         -4.14170202	         10.01190569	         -3.03065781	          8.14677196	          7.40356019	         -8.32464852	         -2.02873837	         -0.24494800	          0.11450731	          0.11190045	          0.02812285	          0.00999999	          0.03300553	          0.00999999	          0.06095916	          0.00999999	          0.17410380	          0.03994879	          0.00999999	          0.00999999	          0.00999999	          0.22112877	          0.00999999	          0.00999999	          0.00999999	          0.07198973	          0.00999999	          0.00999999	          0.08800972	          0.00999999	          0.01275585	          0.06605817	          0.00999999	          0.25627305	          0.00999999	          0.13772470	
          1.02319405	         -3.52249116	         -5.50488764	          8.30024127	          1.04717794	          0.86156492	         -0.01463430	         26.84831173	         -0.89438398	        -25.82786187	        -31.86349200	          7.35705683	          0.42985441	         -1.94092242	         -4.18216703	         10.14065065	         -2.13725459	          8.25834036	          7.80614908	         -8.33522435	         -1.99282559	         -0.44686393	          0.11145067	          0.11483365	          0.02554960	          0.00999999	          0.04944630	          0.00999999	          0.05077280	          0.00999999	          0.18478367	          0.03913644	          0.00999999	          0.00999999	          0.00999999	          0.22320271	          0.00999999	          0.00999999	          0.00999999	          0.06673608	          0.00999999	          0.00999999	          0.16502569	          0.00999999	          0.01598292	          0.05501976	          0.00999999	          0.27356126	          0.00999999	          0.13789875	
          1.03523163	         -3.55289660	         -5.33969984	          8.67139056	          1.05878502	          0.86000009	         -0.01528377	         26.93977564	         -0.96277028	        -25.32349144	        -27.91762307	          7.28879308	          0.37805741	         -3.16541588	         -4.20192757	         10.25943313	         -1.32287080	          8.42897517	          8.23034595	         -8.30903475	         -1.96555615	         -0.65337263	          0.10821127	          0.12017560	          0.02545778	          0.00999999	          0.06324894	          0.00999999	          0.04228860	          0.00999999	          0.19493737	          0.03974542	          0.00999999	          0.00999999	          0.00999999	          0.22549390	          0.00999999	          0.00999999	          0.00999999	          0.06296332	          0.00999999	          0.00999999	          0.23736087	          0.00999999	          0.02232519	          0.04582588	          0.00999999	          0.29085732	          0.00999999	          0.13554190	
          1.04726920	         -3.59374186	         -5.15607951	          9.01851219	          1.07060902	          0.85812374	         -0.01587429	         26.95718094	         -1.00815138	        -24.60476735	        -23.97114431	          7.21815422	          0.33601526	         -4.34629648	         -4.20392964	         10.36541281	         -0.63074160	          8.67028174	          8.68936751	         -8.24837494	         -1.93940459	         -0.86458320	          0.10114219	          0.12754277	          0.03222272	          0.00999999	          0.07283400	          0.00999999	          0.03522212	          0.00999999	          0.20305570	          0.04222476	          0.00999999	          0.00999999	          0.00999999	          0.22789573	          0.00999999	          0.00999999	          0.00999999	          0.06379459	          0.00999999	          0.00999999	          0.30081161	          0.01387111	          0.04636320	          0.03816831	          0.00999999	          0.30783400	          0.00999999	          0.13002053	
          1.05930678	         -3.64549241	         -4.96276146	          9.33982044	          1.08262133	          0.85597029	         -0.01639646	         26.93080536	         -1.03946738	        -23.69889432	        -20.13162450	          7.14519902	          0.30269361	         -5.45591598	         -4.19104499	         10.44902190	         -0.10239435	          8.97273780	          9.21218411	         -8.15919099	         -1.90468805	         -1.08024276	          0.09475703	          0.13676753	          0.04689758	          0.00999999	          0.07571951	          0.00999999	          0.02933645	          0.00999999	          0.20446314	          0.04384375	          0.00999999	          0.00999999	          0.00999999	          0.23064250	          0.00999999	          0.00999999	          0.00999999	          0.07053001	          0.00999999	          0.01230579	          0.35318423	          0.01993357	          0.09325951	          0.03179034	          0.00999999	          0.32345597	          0.02703488	          0.12315444	
          1.07134436	         -3.70872804	         -4.76864343	          9.63413181	          1.09478437	          0.85360130	         -0.01684469	         26.89425898	         -1.06680738	        -22.64014010	        -16.51560684	          7.07218805	          0.27724703	         -6.46898451	         -4.16566993	         10.49872004	          0.22976052	          9.31456846	          9.83491115	         -8.04950798	         -1.85024349	         -1.29913764	          0.09081111	          0.14872400	          0.05679012	          0.00999999	          0.07514953	          0.00999999	          0.02443429	          0.00999999	          0.20228556	          0.04870607	          0.01003821	          0.00999999	          0.00999999	          0.23380861	          0.00999999	          0.00999999	          0.00999999	          0.07936671	          0.00999999	          0.02087640	          0.39314777	          0.02597793	          0.14661624	          0.02647813	          0.00999999	          0.33712536	          0.05400738	          0.11443569	
          1.08338193	         -3.78357300	         -4.58106687	          9.89964117	          1.10707069	          0.85109682	         -0.01721517	         26.87723384	         -1.09748936	        -21.46442776	        -13.23089561	          7.00446614	          0.25876733	         -7.36878278	         -4.12943833	         10.50322393	          0.34414056	          9.68204543	         10.57940317	         -7.92626118	         -1.76587641	         -1.52021237	          0.08827528	          0.16038094	          0.06824414	          0.00999999	          0.07039344	          0.00999999	          0.02035129	          0.00999999	          0.19675465	          0.05410390	          0.01246356	          0.00999999	          0.00999999	          0.23694844	          0.00999999	          0.00999999	          0.00999999	          0.08898130	          0.00999999	          0.02677227	          0.41912776	          0.03129346	          0.19955441	          0.02205360	          0.00999999	          0.34805692	          0.08314971	          0.09683265	
          1.09541951	         -3.86981029	         -4.40542298	         10.13503915	          1.11946811	          0.84854535	         -0.01750519	         26.89806421	         -1.13321999	        -20.20153973	        -10.34835676	          6.94932036	          0.24603878	         -8.15143848	         -4.08473113	         10.45410786	          0.24288368	         10.04465725	         11.46294619	         -7.79466153	         -1.64346907	         -1.74262274	          0.08617402	          0.16957969	          0.07706234	          0.00999999	          0.06422322	          0.00999999	          0.01695056	          0.00999999	          0.18782365	          0.06007907	          0.01466160	          0.00999999	          0.00999999	          0.23964507	          0.00999999	          0.00999999	          0.00999999	          0.09809652	          0.00999999	          0.03168407	          0.42904980	          0.03564027	          0.24709228	          0.01836841	          0.00999999	          0.35577641	          0.11363908	          0.08065179	
          1.10745709	         -3.96672142	         -4.24520648	         10.33973786	          1.13197785	          0.84602478	         -0.01771306	         26.96354183	         -1.17096196	        -18.87409487	         -7.89964437	          6.90862405	          0.23810283	         -8.82010776	         -4.03360379	         10.34302374	         -0.06656149	         10.39300355	         12.47462751	         -7.65821899	         -1.47746331	         -1.96552797	          0.08439920	          0.17526652	          0.08161529	          0.00999999	          0.05783283	          0.00999999	          0.01411810	          0.00999999	          0.17626180	          0.06260596	          0.01716989	          0.00999999	          0.00999999	          0.24207573	          0.00999999	          0.00999999	          0.00999999	          0.10535025	          0.00999999	          0.03558104	          0.42272144	          0.03973623	          0.28679965	          0.01529902	          0.00999999	          0.36001637	          0.14344648	          0.06717476	
          1.11949467	         -4.07288939	         -4.10177563	         10.51351454	          1.14461398	          0.84358891	         -0.01783772	         27.07061185	         -1.20490316	        -17.49911899	         -5.88736160	          6.88091219	          0.23381586	         -9.38196866	         -3.97684152	         10.15966905	         -0.57251255	         10.71409296	         13.59835354	         -7.51850161	         -1.26549834	         -2.18829086	          0.08308746	          0.17761094	          0.07472844	          0.00999999	          0.05341237	          0.00999999	          0.01175895	          0.00999999	          0.16303178	          0.05214442	          0.02010594	          0.00999999	          0.00999999	          0.24414954	          0.00999999	          0.00999999	          0.00999999	          0.11075058	          0.00999999	          0.03922394	          0.40006010	          0.04393409	          0.31667995	          0.01274254	          0.00999999	          0.36057268	          0.17141232	          0.05594977	
          1.13153224	         -4.18601107	         -3.97385528	         10.65560149	          1.15740956	          0.84126773	         -0.01787494	         27.20851622	         -1.22760520	        -16.09224984	         -4.30059738	          6.86442117	          0.23228320	         -9.85066966	         -3.91390459	          9.89033613	         -1.25484295	         10.98585658	         14.82308069	         -7.37415110	         -1.00976974	         -2.41149784	          0.08308126	          0.17956228	          0.06224122	          0.00999999	          0.05067014	          0.00999999	          0.00999999	          0.00999999	          0.14869754	          0.04343102	          0.02200242	          0.00999999	          0.00999999	          0.24595570	          0.00999999	          0.00999999	          0.00999999	          0.11328685	          0.00999999	          0.04239960	          0.36046243	          0.04810452	          0.33605525	          0.01061324	          0.00999999	          0.35720961	          0.19642944	          0.04660049	
          1.14356982	         -4.30306815	         -3.85744202	         10.76395356	          1.17041018	          0.83907252	         -0.01782007	         27.36341033	         -1.23168566	        -14.66951729	         -3.12690657	          6.85919064	          0.23265016	        -10.24537505	         -3.84296407	          9.52348469	         -2.08686137	         11.18212827	         16.14234849	         -7.22217543	         -0.71578632	         -2.63625345	          0.08417286	          0.18569023	          0.05184063	          0.00999999	          0.05234763	          0.00999999	          0.00999999	          0.00999999	          0.13685460	          0.03617363	          0.01850459	          0.00999999	          0.00999999	          0.24725745	          0.00999999	          0.00999999	          0.00999999	          0.10772130	          0.00999999	          0.04166535	          0.30022868	          0.05215313	          0.34295041	          0.00999999	          0.00999999	          0.34978427	          0.21728502	          0.03881348	
          1.15560740	         -4.42075647	         -3.74532866	         10.83411132	          1.18365858	          0.83700331	         -0.01767055	         27.52609243	         -1.21069671	        -13.25461054	         -2.36938570	          6.86253162	          0.23455671	        -10.58521545	         -3.76039321	          9.06126936	         -3.04490718	         11.28014017	         17.55017420	         -7.06087706	         -0.39085745	         -2.86222711	          0.08886078	          0.19367502	          0.04317799	          0.01047666	          0.06157467	          0.00999999	          0.00999999	          0.00999999	          0.12720508	          0.03012897	          0.01541244	          0.00999999	          0.00999999	          0.24828594	          0.00999999	          0.00999999	          0.00999999	          0.08972093	          0.00999999	          0.03737542	          0.25006006	          0.05859192	          0.33457125	          0.00999999	          0.00999999	          0.33831645	          0.23332452	          0.03232770	
          1.16764497	         -4.53575043	         -3.62589334	         10.85984780	          1.19719455	          0.83505032	         -0.01742944	         27.68629900	         -1.15912376	        -11.88145063	         -2.02959727	          6.87205967	          0.23723206	        -10.88395995	         -3.65811358	          8.51766666	         -4.11902841	         11.26767869	         19.03578825	         -6.88964702	         -0.04490036	         -3.08690951	          0.09519370	          0.19142402	          0.03596289	          0.01374727	          0.07015770	          0.00999999	          0.06193532	          0.00999999	          0.11435944	          0.02509438	          0.01283700	          0.00999999	          0.00999999	          0.24838441	          0.00999999	          0.00999999	          0.00999999	          0.07472844	          0.00999999	          0.03112994	          0.20827468	          0.05818275	          0.32017673	          0.00999999	          0.00999999	          0.32292389	          0.24430039	          0.02692569	
          1.17968255	         -4.64457409	         -3.48912287	         10.83724378	          1.21105362	          0.83319041	         -0.01710588	         27.84044553	         -1.07477464	        -10.57434785	         -2.13857453	          6.87124088	          0.24099608	        -11.15035626	         -3.53037897	          7.91244769	         -5.30831091	         11.14192262	         20.58351397	         -6.70737555	          0.31414279	         -3.30565905	          0.10127315	          0.17563638	          0.02995344	          0.01730705	          0.07935598	          0.00999999	          0.10193626	          0.00999999	          0.09524982	          0.02090107	          0.01069192	          0.01215760	          0.00999999	          0.25106296	          0.00999999	          0.00999999	          0.00999999	          0.06224121	          0.00999999	          0.02598530	          0.17347170	          0.05184062	          0.30481331	          0.00999999	          0.00999999	          0.30393150	          0.24992153	          0.02242637	
          1.19172013	         -4.74391941	         -3.32636922	         10.76565991	          1.22527267	          0.83139245	         -0.01670852	         27.97910612	         -0.95698974	         -9.35600334	         -2.72356194	          6.82580373	          0.24640523	        -11.38587837	         -3.37280783	          7.27025767	         -6.62558192	         10.90858558	         22.17336628	         -6.51168626	          0.67748490	         -3.51207614	          0.10237022	          0.16659470	          0.02494818	          0.01441502	          0.08451921	          0.01283141	          0.09790803	          0.00999999	          0.07933345	          0.01740848	          0.00999999	          0.01200625	          0.01000000	          0.24792974	          0.00999999	          0.00999999	          0.00999999	          0.05184062	          0.01380201	          0.03077603	          0.14448434	          0.04317799	          0.29921051	          0.00999999	          0.00999999	          0.28088126	          0.25026758	          0.01867890	
          1.20375771	         -4.83113319	         -3.13175634	         10.64478979	          1.23987044	          0.82962657	         -0.01623814	         28.08831915	         -0.80490758	         -8.26043073	         -3.81204302	          6.66169303	          0.24982621	        -11.57443898	         -3.18057395	          6.60744535	         -8.11225225	         10.57949767	         23.78681375	         -6.30199785	          1.03719655	         -3.70337269	          0.08526402	          0.16494861	          0.02077930	          0.01200625	          0.13013812	          0.02309084	          0.08154746	          0.00999999	          0.06607672	          0.01449950	          0.01200625	          0.00999999	          0.00999999	          0.26507974	          0.03368809	          0.00999999	          0.00999999	          0.04317798	          0.03810219	          0.02563332	          0.12034081	          0.03596289	          0.30951098	          0.00999999	          0.00999999	          0.25734702	          0.24517404	          0.01555763	
          1.21579528	         -4.90339431	         -2.92157337	         10.46553467	          1.25483920	          0.82790872	         -0.01569766	         28.13651336	         -0.63596280	         -7.22986301	         -5.40502645	          6.38645251	          0.24429771	        -11.67502407	         -2.96420053	          5.91335961	         -9.84487318	         10.16076309	         25.41129727	         -6.07603211	          1.40683842	         -3.87648819	          0.07101629	          0.14255373	          0.01730705	          0.00999999	          0.18516196	          0.02515545	          0.07779989	          0.05190202	          0.05503521	          0.01207661	          0.00999999	          0.01864052	          0.01730706	          0.26940840	          0.07462488	          0.00999999	          0.00999999	          0.03596288	          0.08497263	          0.02134995	          0.10023170	          0.02995344	          0.32192214	          0.00999999	          0.00999999	          0.21704881	          0.23421175	          0.01295793	
          1.22783286	         -4.95965085	         -2.71846298	         10.22394959	          1.27012576	          0.82633951	         -0.01510530	         27.99937578	         -0.47185548	         -6.18849790	         -6.88134198	          6.08686337	          0.23860258	        -11.62663533	         -2.74175701	          5.16852754	        -11.91534308	          9.63091500	         27.02082984	         -5.83075620	          1.80441896	         -4.03025720	          0.06976831	          0.11873281	          0.01441502	          0.04941825	          0.16377594	          0.04003879	          0.07993256	          0.06078311	          0.04583875	          0.01005859	          0.00999999	          0.01552567	          0.01441503	          0.30064397	          0.08991638	          0.00999999	          0.00999999	          0.02995344	          0.07829385	          0.01778235	          0.08348285	          0.02494818	          0.31170138	          0.00999999	          0.00999999	          0.18077966	          0.21910162	          0.01079264	
          1.23987044	         -5.00152543	         -2.51972633	          9.92111415	          1.28552920	          0.82507418	         -0.01441101	         27.71768231	         -0.28639369	         -5.22394663	         -8.11914298	          5.71585896	          0.22754105	        -11.36666642	         -2.51598049	          4.37767382	        -14.38903625	          8.93472775	         28.56004354	         -5.58631750	          2.21648253	         -4.16169772	          0.07772045	          0.09889240	          0.01200625	          0.08920053	          0.16797637	          0.04029144	          0.06657572	          0.07774364	          0.03817903	          0.00999999	          0.00999999	          0.01293131	          0.01200626	          0.31744585	          0.11306878	          0.00999999	          0.00999999	          0.02494818	          0.08484742	          0.01855967	          0.06953275	          0.02077930	          0.29833926	          0.00999999	          0.00999999	          0.15057113	          0.19051896	          0.00999999	
          1.25190801	         -5.02926955	         -2.32989077	          9.56212541	          1.30086156	          0.82423545	         -0.01362274	         27.37322787	         -0.07745394	         -4.36121829	         -9.26213715	          5.37564793	          0.21878519	        -10.85588228	         -2.29616337	          3.53048007	        -17.29243160	          8.05255616	         29.88641286	         -5.35802885	          2.64627370	         -4.26798944	          0.07040313	          0.08236734	          0.00999999	          0.11039260	          0.16552938	          0.04199354	          0.05545083	          0.07758675	          0.03179927	          0.00999999	          0.03604044	          0.01077047	          0.01000000	          0.33564765	          0.13150930	          0.00999999	          0.00999999	          0.02077930	          0.09700470	          0.02204720	          0.05791373	          0.01730705	          0.27493265	          0.00999999	          0.00999999	          0.12541049	          0.15868298	          0.00999999	
          1.26394559	         -5.04382221	         -2.14988588	          9.15014882	          1.31599509	          0.82389982	         -0.01275562	         26.98585582	          0.14786437	         -3.59266366	        -10.32890986	          5.09996597	          0.20838694	        -10.07988080	         -2.09291826	          2.60739130	        -20.61313734	          6.99918643	         30.76832597	         -5.15600572	          3.09200615	         -4.34877973	          0.05863867	          0.06860365	          0.00999999	          0.12025173	          0.13786920	          0.04554376	          0.04618492	          0.06462190	          0.02648556	          0.00999999	          0.09708478	          0.00999999	          0.00999999	          0.34538025	          0.14251080	          0.00999999	          0.00999999	          0.01730705	          0.11156912	          0.02807570	          0.04823627	          0.01441502	          0.24168715	          0.00999999	          0.00999999	          0.10445423	          0.13216684	          0.00999999	
          1.27598317	         -5.04763043	         -1.97204771	          8.68539224	          1.33083889	          0.82415975	         -0.01183598	         26.52226062	          0.37634085	         -2.90653539	        -11.25497281	          4.94407033	          0.19715564	         -9.04420526	         -1.91227063	          1.59512031	        -24.29562673	          5.74813475	         31.01519733	         -4.98890947	          3.54390838	         -4.40278319	          0.04884007	          0.05713989	          0.00999999	          0.12264092	          0.11483107	          0.04558228	          0.03846736	          0.05561071	          0.02205979	          0.00999999	          0.14610637	          0.00999999	          0.00999999	          0.34544257	          0.14943558	          0.00999999	          0.00999999	          0.01441502	          0.12719840	          0.02373118	          0.04017592	          0.01200625	          0.20348087	          0.00999999	          0.00999999	          0.08699979	          0.11008158	          0.00999999	
          1.28802074	         -5.04281671	         -1.78382272	          8.16554645	          1.34536387	          0.82506951	         -0.01088933	         25.93806008	          0.59276499	         -2.28868019	        -11.96242877	          4.93156286	          0.18831698	         -7.78207997	         -1.75698127	          0.50755398	        -28.22324766	          4.17481408	         30.63428694	         -4.85959975	          3.98728512	         -4.42677975	          0.04067883	          0.04759173	          0.00999999	          0.11841590	          0.09564264	          0.04722569	          0.03203941	          0.05051811	          0.01837357	          0.00999999	          0.17044546	          0.00999999	          0.00999999	          0.33572814	          0.15370900	          0.00999999	          0.00999999	          0.01200625	          0.14137629	          0.02077931	          0.05060110	          0.00999999	          0.16947894	          0.00999999	          0.00999999	          0.07246200	          0.09168680	          0.00999999	
          1.30005832	         -5.03040792	         -1.56923427	          7.58885715	          1.35957443	          0.82658885	         -0.00993508	         25.21721687	          0.77738742	         -1.71228512	        -12.42347187	          5.04553177	          0.18342153	         -6.34240218	         -1.62138524	         -0.62701332	        -32.26984657	          2.29961583	         29.50289274	         -4.76798575	          4.40331772	         -4.41873378	          0.03388134	          0.03963909	          0.00999999	          0.12274623	          0.07966062	          0.04671846	          0.02668558	          0.04207646	          0.01530332	          0.00999999	          0.16691409	          0.00999999	          0.00999999	          0.31872746	          0.15412251	          0.00999999	          0.00999999	          0.00999999	          0.14511226	          0.01730706	          0.04214559	          0.00999999	          0.14115878	          0.00999999	          0.00999999	          0.06035350	          0.07636581	          0.04447078	
          1.31209590	         -5.01008736	         -1.32053602	          6.96047290	          1.37346270	          0.82856446	         -0.00899146	         24.38772564	          0.91717970	         -1.14141686	        -12.68359501	          5.24752349	          0.18468788	         -4.78023129	         -1.49961567	         -1.78195555	        -36.36322787	          0.49242020	         27.21170038	         -4.71437841	          4.78030356	         -4.38044455	          0.02821972	          0.03301534	          0.00999999	          0.13415429	          0.06634923	          0.04377221	          0.02222638	          0.04057252	          0.01274612	          0.00999999	          0.15453785	          0.00999999	          0.00999999	          0.29888306	          0.17511051	          0.04014223	          0.00999999	          0.00999999	          0.12086380	          0.01441503	          0.03510301	          0.00999999	          0.11757095	          0.00999999	          0.00999999	          0.05026835	          0.06360498	          0.14331565	
          1.32413348	         -4.98057401	         -1.04002353	          6.29253215	          1.38702594	          0.83079281	         -0.00805327	         23.48766261	          1.00972905	         -0.55864149	        -12.80355522	          5.49488933	          0.19346333	         -3.17243985	         -1.38171370	         -2.93478988	        -40.40078341	         -0.72878956	         23.77856089	         -4.69634853	          5.10623765	         -4.31331373	          0.02350417	          0.02749843	          0.00999999	          0.13096860	          0.05526218	          0.04211011	          0.01851233	          0.04091386	          0.01061622	          0.00999999	          0.14285277	          0.00999999	          0.00999999	          0.27841007	          0.18840681	          0.05827261	          0.02156946	          0.00999999	          0.10066730	          0.01200626	          0.07651785	          0.00999999	          0.11022585	          0.00999999	          0.00999999	          0.04186844	          0.05297650	          0.18510923	
          1.33617105	         -4.94166312	         -0.73099552	          5.59361546	          1.40028063	          0.83316441	         -0.00712617	         22.54833236	          1.05400705	          0.03881371	        -12.83500815	          5.76496122	          0.21314791	         -1.61066941	         -1.23329794	         -4.08409509	        -44.05452606	         -0.77334303	         20.41425482	         -4.70928771	          5.37408619	         -4.21916006	          0.01957659	          0.02290341	          0.00999999	          0.12411313	          0.04602779	          0.04110520	          0.01541889	          0.04200956	          0.00999999	          0.00999999	          0.12903222	          0.00999999	          0.00999999	          0.25730867	          0.18454423	          0.06501586	          0.01796517	          0.00999999	          0.08384565	          0.00999999	          0.09135752	          0.00999999	          0.11007347	          0.00999999	          0.00999999	          0.03676791	          0.04412406	          0.20246466	
          1.34820863	         -4.89358411	         -0.39120919	          4.87328080	          1.41326192	          0.83567111	         -0.00620372	         21.58549480	          1.04486296	          0.65251415	        -12.80555837	          6.03993779	          0.24856522	         -0.11763773	         -1.04838723	         -5.24899048	        -47.15413734	         -0.43764399	         17.54466484	         -4.74792912	          5.57584591	         -4.10224559	          0.01630531	          0.01907622	          0.00999999	          0.11964535	          0.03833649	          0.03916925	          0.01284237	          0.03957403	          0.00999999	          0.00999999	          0.11711160	          0.00999999	          0.00999999	          0.23839517	          0.17578031	          0.07776182	          0.01496317	          0.00999999	          0.06983493	          0.00999999	          0.12354227	          0.00999999	          0.11540767	          0.00999999	          0.00999999	          0.03551042	          0.03675087	          0.20110799	
          1.36024621	         -4.83651617	         -0.02309640	          4.14321021	          1.42598832	          0.83827103	         -0.00527528	         20.60711631	          0.98190232	          1.27928817	        -12.72461245	          6.29337936	          0.30229318	          1.32163297	         -0.84060994	         -6.43631658	        -49.72970314	          0.02767623	         15.07552967	         -4.80948427	          5.70967359	         -3.96602363	          0.01358067	          0.01588856	          0.00999999	          0.11217143	          0.03193041	          0.03784131	          0.01069640	          0.03847702	          0.00999999	          0.00999999	          0.10878532	          0.00999999	          0.00999999	          0.22236874	          0.16612792	          0.08714904	          0.01246281	          0.00999999	          0.06407010	          0.00999999	          0.15351379	          0.00999999	          0.12051603	          0.00999999	          0.00999999	          0.03320071	          0.03060975	          0.19674716	
          1.37228378	         -4.77083413	          0.37463411	          3.41196303	          1.43847348	          0.84090995	         -0.00433886	         19.61565449	          0.86086147	          1.91014514	        -12.59339752	          6.51362617	          0.37392585	          2.72260281	         -0.61259309	         -7.64298227	        -51.82451365	          0.51273936	         12.95423770	         -4.89218425	          5.77169230	         -3.81216622	          0.01131132	          0.01323356	          0.00999999	          0.10388437	          0.02659479	          0.03674482	          0.00999999	          0.03611288	          0.00999999	          0.00999999	          0.10293476	          0.00999999	          0.00999999	          0.20885597	          0.15708712	          0.09455430	          0.01388509	          0.00999999	          0.06412544	          0.00999999	          0.19460709	          0.00999999	          0.12501845	          0.00999999	          0.00999999	          0.03110346	          0.02549482	          0.19278899	
          1.38432136	         -4.69711771	          0.79952683	          2.68557493	          1.45072504	          0.84353222	         -0.00339585	         18.61406935	          0.68228004	          2.53854593	        -12.41523161	          6.70428867	          0.46304564	          4.10102655	         -0.36687143	         -8.86135164	        -53.49214032	          1.00715830	         11.12847313	         -4.99470940	          5.76351573	         -3.64217120	          0.00999999	          0.01102221	          0.00999999	          0.09637416	          0.02215077	          0.03496301	          0.00999999	          0.03328524	          0.00999999	          0.00999999	          0.09795256	          0.00999999	          0.00999999	          0.19689306	          0.14979578	          0.10163402	          0.01860980	          0.00999999	          0.06560773	          0.00999999	          0.24333499	          0.00999999	          0.12887591	          0.00999999	          0.00999999	          0.02809854	          0.02123460	          0.18998675	
          1.39635894	         -4.61619302	          1.24631762	          1.96881373	          1.46274491	          0.84608688	         -0.00244721	         17.60715498	          0.45064825	          3.16032923	        -12.19656040	          6.87324247	          0.57181874	          5.47283721	         -0.10866476	        -10.08371685	        -54.78980752	          1.51439070	          9.55815743	         -5.11623654	          5.69009131	         -3.45796111	          0.00999999	          0.00999999	          0.00999999	          0.09063885	          0.01844934	          0.03177460	          0.00999999	          0.03008584	          0.00999999	          0.00999999	          0.09275248	          0.00999999	          0.00999999	          0.18545672	          0.14336166	          0.10837253	          0.02563146	          0.00999999	          0.06806068	          0.00999999	          0.30017088	          0.00999999	          0.13235083	          0.00999999	          0.00999999	          0.02395030	          0.01768627	          0.18737945	
          1.40839652	         -4.52918644	          1.70717556	          1.26540614	          1.47453014	          0.84852940	         -0.00149471	         16.60156988	          0.17401073	          3.77334403	        -11.94649276	          7.02778052	          0.70590055	          6.85370905	          0.15324145	        -11.30334146	        -55.77704912	          2.03510582	          8.20712200	         -5.25652608	          5.55974392	         -3.26158256	          0.00999999	          0.00999999	          0.00999999	          0.08745867	          0.01536643	          0.02665484	          0.00999999	          0.02516638	          0.00999999	          0.00999999	          0.08750943	          0.00999999	          0.00999999	          0.17348896	          0.13766471	          0.11367258	          0.03453717	          0.00999999	          0.06903380	          0.00999999	          0.36322716	          0.00999999	          0.13429510	          0.00999999	          0.00999999	          0.01994817	          0.01473087	          0.18568190	
          1.42043409	         -4.43751941	          2.17282674	          0.57809881	          1.48607507	          0.85082256	         -0.00053964	         15.60414432	         -0.13716815	          4.37721862	        -11.67373380	          7.17139557	          0.87216834	          8.25847344	          0.40627580	        -12.51597851	        -56.51508400	          2.56099149	          7.04465016	         -5.41585282	          5.38267026	         -3.05538077	          0.00999999	          0.00999999	          0.00999999	          0.08669872	          0.01279868	          0.02220078	          0.00999999	          0.02096104	          0.00999999	          0.00999999	          0.08195201	          0.00999999	          0.00999999	          0.16092140	          0.13388380	          0.12004226	          0.03953111	          0.00999999	          0.06803972	          0.00999999	          0.42842864	          0.00999999	          0.13662955	          0.00999999	          0.00999999	          0.01661480	          0.01226932	          0.18497932	
          1.43247167	         -4.34264337	          2.63295280	         -0.09039116	          1.49737875	          0.85293805	          0.00041806	         14.61926831	         -0.47119992	          4.96759863	        -11.38236685	          7.29248253	          1.08069294	          9.69980273	          0.63364314	        -13.71923050	        -57.06535812	          3.08147308	          6.04404975	         -5.59371076	          5.16983646	         -2.84134807	          0.00999999	          0.00999999	          0.00999999	          0.09178184	          0.01066000	          0.01849100	          0.00999999	          0.01745843	          0.00999999	          0.00999999	          0.07396888	          0.02809081	          0.00999999	          0.15205147	          0.13374090	          0.12565767	          0.04343556	          0.00999999	          0.05667019	          0.00999999	          0.48899332	          0.00999999	          0.13862440	          0.01126801	          0.00999999	          0.01383845	          0.01021910	          0.18520596	
          1.44450925	         -4.24600570	          3.07762470	         -0.73676660	          1.50844050	          0.85485780	          0.00138363	         13.65627740	         -0.81563305	          5.53835447	        -11.08774483	          7.38710319	          1.34243634	         11.18757768	          0.81426772	        -14.91322557	        -57.48347317	          3.58269112	          5.18293732	         -5.78920204	          4.93066728	         -2.62242827	          0.00999999	          0.00999999	          0.00999999	          0.09748598	          0.00999999	          0.01540113	          0.00999999	          0.01454110	          0.00999999	          0.00999999	          0.06888018	          0.04708939	          0.00999999	          0.14327700	          0.13357377	          0.13007057	          0.04599256	          0.00999999	          0.04720053	          0.00999999	          0.53789755	          0.00999999	          0.13986325	          0.02525977	          0.00999999	          0.01152603	          0.00999999	          0.18787539	
          1.45654682	         -4.14904168	          3.49979835	         -1.35876753	          1.51927263	          0.85657558	          0.00236024	         12.71908935	         -1.16086369	          6.08214416	        -10.80167358	          7.47807355	          1.66124262	         12.72228147	          0.93276156	        -16.09635325	        -57.79817783	          4.05993892	          4.44086977	         -5.99990153	          4.67197883	         -2.40115695	          0.00999999	          0.00999999	          0.00999999	          0.10210654	          0.00999999	          0.01282758	          0.00999999	          0.01211126	          0.00999999	          0.01000000	          0.06456016	          0.06406664	          0.00999999	          0.13446497	          0.13562236	          0.13193531	          0.04793629	          0.00999999	          0.03931325	          0.00999999	          0.56349504	          0.00999999	          0.14026772	          0.03664963	          0.00999999	          0.01044784	          0.00999999	          0.19133184	
          1.46858440	         -4.05319463	          3.89541070	         -1.95582076	          1.52990257	          0.85809585	          0.00334804	         11.80313370	         -1.50106743	          6.59260185	        -10.51909331	          7.57122643	          2.03638492	         14.29357132	          0.98190650	        -17.26490327	        -58.00950134	          4.51709512	          3.80167068	         -6.22172026	          4.39836744	         -2.17988632	          0.00999999	          0.00999999	          0.00999999	          0.10489632	          0.00999999	          0.01068407	          0.00999999	          0.01008745	          0.00999999	          0.04688023	          0.05907642	          0.07947495	          0.00999999	          0.12709645	          0.13087815	          0.13049098	          0.06093369	          0.00999999	          0.03274396	          0.00999999	          0.54693177	          0.00999999	          0.13982951	          0.04380633	          0.00999999	          0.01005784	          0.00999999	          0.19557776	
          1.48062198	         -3.96039507	          4.26279284	         -2.53024234	          1.54036047	          0.85943527	          0.00434089	         10.89773768	         -1.83417997	          7.06281332	        -10.22028124	          7.66277644	          2.46154125	         15.87889510	          0.96382143	        -18.41452978	        -58.07604519	          4.95631050	          3.25088491	         -6.45182611	          4.11414103	         -1.96034018	          0.00999999	          0.00999999	          0.00999999	          0.10384004	          0.00999999	          0.00999999	          0.00999999	          0.00999999	          0.00999999	          0.07647696	          0.05323078	          0.09405687	          0.00999999	          0.12043086	          0.12789973	          0.12391262	          0.07073871	          0.00999999	          0.02727240	          0.00999999	          0.45553873	          0.00999999	          0.13987128	          0.04992830	          0.00999999	          0.00999999	          0.00999999	          0.20038063	
          1.49265955	         -3.87246775	          4.59991316	         -3.08605015	          1.55069290	          0.86061957	          0.00533008	          9.99082855	         -2.15776387	          7.49267584	         -9.88724748	          7.75128447	          2.92405073	         17.43780371	          0.88849927	        -19.53926000	        -57.90037663	          5.37931865	          2.77591588	         -6.68551469	          3.82565713	         -1.74415286	          0.00999999	          0.00999999	          0.00999999	          0.10167226	          0.00999999	          0.00999999	          0.00999999	          0.01006774	          0.00999999	          0.10188702	          0.04712337	          0.10807644	          0.00999999	          0.11540447	          0.12447002	          0.11902697	          0.07747577	          0.00999999	          0.02271514	          0.00999999	          0.37941759	          0.00999999	          0.14046784	          0.05385454	          0.00999999	          0.00999999	          0.00999999	          0.20510910	
          1.50469713	         -3.79108867	          4.90371963	         -3.62659199	          1.56094602	          0.86166601	          0.00630714	          9.07243500	         -2.46852214	          7.88475532	         -9.50515207	          7.82998126	          3.40920695	         18.93197472	          0.76798786	        -20.62906737	        -57.39417254	          5.78599267	          2.36502075	         -6.91800963	          3.54038438	         -1.53238991	          0.00999999	          0.00999999	          0.00999999	          0.09853383	          0.00999999	          0.00999999	          0.00999999	          0.01095574	          0.00999999	          0.12283894	          0.04089567	          0.12177737	          0.00999999	          0.11223721	          0.12110353	          0.11565915	          0.08090313	          0.00999999	          0.01891941	          0.00999999	          0.31601639	          0.00999999	          0.14100634	          0.05522291	          0.00999999	          0.00999999	          0.00999999	          0.20982354	
          1.51673471	         -3.71774251	          5.17089434	         -4.15388376	          1.57115946	          0.86257793	          0.00726549	          8.13481948	         -2.76294907	          8.24026557	         -9.06334820	          7.89422270	          3.90351542	         20.33249341	          0.61402792	        -21.67037656	        -56.50274648	          6.17220608	          2.00727336	         -7.14531696	          3.26523935	         -1.32542577	          0.00999999	          0.00999999	          0.00999999	          0.09504463	          0.00999999	          0.00999999	          0.00999999	          0.01189292	          0.00999999	          0.13964655	          0.03533050	          0.13534415	          0.00999999	          0.11112622	          0.11792898	          0.11296371	          0.08161188	          0.00999999	          0.01575795	          0.00999999	          0.26320962	          0.00999999	          0.14106537	          0.05503881	          0.00999999	          0.00999999	          0.00999999	          0.21434866	
          1.52877229	         -3.65365975	          5.39775248	         -4.66903399	          1.58137017	          0.86334732	          0.00820027	          7.17068745	         -3.03723375	          8.56054928	         -8.55298958	          7.94219203	          4.39562882	         21.61767707	          0.43725746	        -22.64744990	        -55.19931531	          6.53091456	          1.69287084	         -7.36378473	          3.00690630	         -1.12299539	          0.00999999	          0.00999999	          0.00999999	          0.09180220	          0.00999999	          0.00999999	          0.00999999	          0.01245835	          0.00999999	          0.15233311	          0.03041099	          0.14892710	          0.00999999	          0.11200689	          0.11495194	          0.11034742	          0.08002958	          0.00999999	          0.01312478	          0.00999999	          0.21922694	          0.00999999	          0.14055529	          0.05412794	          0.00999999	          0.00999999	          0.00999999	          0.21842568	
          1.54080986	         -3.59977247	          5.58046638	         -5.17254542	          1.59161418	          0.86395743	          0.00910784	          6.17271891	         -3.28750170	          8.84731315	         -7.96653887	          7.97448842	          4.87673348	         22.77172505	          0.24679045	        -23.54346262	        -53.48012935	          6.85225642	          1.41433363	         -7.56991154	          2.77182410	         -0.92440415	          0.00999999	          0.00999999	          0.00999999	          0.08891266	          0.00999999	          0.00999999	          0.00999999	          0.01260419	          0.00999999	          0.16058025	          0.02600954	          0.16273049	          0.00999999	          0.11455773	          0.11242524	          0.10778235	          0.07668909	          0.00999999	          0.01093161	          0.00999999	          0.18259382	          0.00999999	          0.13966664	          0.05263825	          0.00999999	          0.00999999	          0.00999999	          0.22148671	
          1.55284744	         -3.55668795	          5.71553532	         -5.66447168	          1.60192743	          0.86438535	          0.00998608	          5.13402066	         -3.51014824	          9.10230297	         -7.29863677	          7.99349615	          5.34083279	         23.78384827	          0.05004321	        -24.34161799	        -51.35930517	          7.12268593	          1.16889384	         -7.76015672	          2.56565388	         -0.72874961	          0.00999999	          0.00999999	          0.00999999	          0.08593160	          0.00999999	          0.00999999	          0.00999999	          0.01301618	          0.00999999	          0.15971715	          0.02166332	          0.17687852	          0.00999999	          0.11837321	          0.11137975	          0.10536411	          0.07016143	          0.00999999	          0.00999999	          0.00999999	          0.15208214	          0.00999999	          0.13861890	          0.04934440	          0.00999999	          0.00999999	          0.00999999	          0.22279214	
          1.56488502	         -3.52461523	          5.80030980	         -6.14429305	          1.61234714	          0.86460422	          0.01083411	          4.04979705	         -3.70208700	          9.32778446	         -6.55011277	          8.00549395	          5.78431491	         24.64734138	         -0.14657651	        -25.02528160	        -48.86127477	          7.32574714	          0.95950863	         -7.93043249	          2.39268857	         -0.53494791	          0.00999999	          0.00999999	          0.00999999	          0.08422088	          0.00999999	          0.00999999	          0.00999999	          0.01281773	          0.00999999	          0.13726439	          0.01804335	          0.19165921	          0.00999999	          0.12288272	          0.11156603	          0.10416829	          0.05843736	          0.00999999	          0.00999999	          0.00999999	          0.12666901	          0.00999999	          0.14246426	          0.04871064	          0.00999999	          0.00999999	          0.00999999	          0.22214282	
          1.57692259	         -3.50337495	          5.83311341	         -6.61035179	          1.62290903	          0.86458429	          0.01165054	          2.92027924	         -3.86052216	          9.52874359	         -5.73313383	          8.02046761	          6.20663405	         25.36078700	         -0.33644609	        -25.57247023	        -46.01385954	          7.44784288	          0.79111296	         -8.07626118	          2.25578956	         -0.34167703	          0.00999999	          0.00999999	          0.00999999	          0.08280592	          0.00999999	          0.00999999	          0.00999999	          0.01084004	          0.00999999	          0.11432733	          0.01502828	          0.20705906	          0.00999999	          0.12722793	          0.11388270	          0.10406446	          0.04867240	          0.00999999	          0.00999999	          0.00999999	          0.10550245	          0.00999999	          0.14770006	          0.04631484	          0.00999999	          0.00999999	          0.00999999	          0.22042980	
          1.58896017	         -3.49270752	          5.81516980	         -7.06089024	          1.63364395	          0.86429482	          0.01243792	          1.74957943	         -3.98493556	          9.70990197	         -4.86405041	          8.04382524	          6.61277956	         25.92802871	         -0.51234204	        -25.95521155	        -42.84682048	          7.49004807	          0.66353683	         -8.19310159	          2.15332409	         -0.14799315	          0.00999999	          0.00999999	          0.00999999	          0.08092646	          0.00999999	          0.00999999	          0.00999999	          0.00999999	          0.00999999	          0.09522308	          0.01251704	          0.22295086	          0.00999999	          0.13173119	          0.11663741	          0.10821035	          0.04053918	          0.00999999	          0.00999999	          0.00999999	          0.08787284	          0.00999999	          0.15525484	          0.04457985	          0.00999999	          0.00999999	          0.00999999	          0.21930706	
          1.60099775	         -3.49240154	          5.75011750	         -7.49373995	          1.64457850	          0.86370770	          0.01320075	          0.54094633	         -4.07723429	          9.87032506	         -3.95567499	          8.08151066	          7.00938769	         26.35744917	         -0.66787952	        -26.14050827	        -39.39777054	          7.47213296	          0.56797576	         -8.27687188	          2.07992976	          0.04705154	          0.00999999	          0.00999999	          0.00999999	          0.07751432	          0.00999999	          0.00999999	          0.01000001	          0.00999999	          0.01278022	          0.07931117	          0.01042542	          0.23928901	          0.00999999	          0.13574770	          0.11612417	          0.11125519	          0.03376503	          0.00999999	          0.01771993	          0.00999999	          0.07318917	          0.00999999	          0.16434273	          0.04184020	          0.00999999	          0.00999999	          0.00999999	          0.21964112	
          1.61303533	         -3.50234871	          5.64416624	         -7.90719224	          1.65573239	          0.86280153	          0.01393607	         -0.69702306	         -4.14170202	         10.01190569	         -3.03065781	          8.14677196	          7.40356019	         26.65986966	         -0.79654380	        -26.10158138	        -35.71587990	          7.42121309	          0.49245559	         -8.32464852	          2.02873837	          0.24494800	          0.00999999	          0.00999999	          0.00999999	          0.07198973	          0.00999999	          0.00999999	          0.08800972	          0.00999999	          0.01275585	          0.06605817	          0.00999999	          0.25627305	          0.00999999	          0.13772470	          0.11450731	          0.11190045	          0.02812285	          0.00999999	          0.03300553	          0.00999999	          0.06095916	          0.00999999	          0.17410380	          0.03994879	          0.00999999	          0.00999999	          0.00999999	          0.22112877	
          1.62507290	         -3.52249116	          5.50488764	         -8.30024127	          1.66711316	          0.86156492	          0.01463430	         -1.94092242	         -4.18216703	         10.14065065	         -2.13725459	          8.25834036	          7.80614908	         26.84831173	         -0.89438398	        -25.82786187	        -31.86349200	          7.35705683	          0.42985441	         -8.33522435	          1.99282559	          0.44686393	          0.00999999	          0.00999999	          0.00999999	          0.06673608	          0.00999999	          0.00999999	          0.16502569	          0.00999999	          0.01598292	          0.05501976	          0.00999999	          0.27356126	          0.00999999	          0.13789875	          0.11145067	          0.11483365	          0.02554960	          0.00999999	          0.04944630	          0.00999999	          0.05077280	          0.00999999	          0.18478367	          0.03913644	          0.00999999	          0.00999999	          0.00999999	          0.22320271	
          1.63711048	         -3.55289660	          5.33969984	         -8.67139056	          1.67872024	          0.86000009	          0.01528377	         -3.16541588	         -4.20192757	         10.25943313	         -1.32287080	          8.42897517	          8.23034595	         26.93977564	         -0.96277028	        -25.32349144	        -27.91762307	          7.28879308	          0.37805741	         -8.30903475	          1.96555615	          0.65337263	          0.00999999	          0.00999999	          0.00999999	          0.06296332	          0.00999999	          0.00999999	          0.23736087	          0.00999999	          0.02232519	          0.04582588	          0.00999999	          0.29085732	          0.00999999	          0.13554190	          0.10821127	          0.12017560	          0.02545778	          0.00999999	          0.06324894	          0.00999999	          0.04228860	          0.00999999	          0.19493737	          0.03974542	          0.00999999	          0.00999999	          0.00999999	          0.22549390	
          1.64914806	         -3.59374186	          5.15607951	         -9.01851219	          1.69054424	          0.85812374	          0.01587429	         -4.34629648	         -4.20392964	         10.36541281	         -0.63074160	          8.67028174	          8.68936751	         26.95718094	         -1.00815138	        -24.60476735	        -23.97114431	          7.21815422	          0.33601526	         -8.24837494	          1.93940459	          0.86458320	          0.00999999	          0.00999999	          0.00999999	          0.06379459	          0.00999999	          0.00999999	          0.30081161	          0.01387111	          0.04636320	          0.03816831	          0.00999999	          0.30783400	          0.00999999	          0.13002053	          0.10114219	          0.12754277	          0.03222272	          0.00999999	          0.07283400	          0.00999999	          0.03522212	          0.00999999	          0.20305570	          0.04222476	          0.00999999	          0.00999999	          0.00999999	          0.22789573	
          1.66118563	         -3.64549241	          4.96276146	         -9.33982044	          1.70255655	          0.85597029	          0.01639646	         -5.45591598	         -4.19104499	         10.44902190	         -0.10239435	          8.97273780	          9.21218411	         26.93080536	         -1.03946738	        -23.69889432	        -20.13162450	          7.14519902	          0.30269361	         -8.15919099	          1.90468805	          1.08024276	          0.00999999	          0.00999999	          0.00999999	          0.07053001	          0.00999999	          0.01230579	          0.35318423	          0.01993357	          0.09325951	          0.03179034	          0.00999999	          0.32345597	          0.02703488	          0.12315444	          0.09475703	          0.13676753	          0.04689758	          0.00999999	          0.07571951	          0.00999999	          0.02933645	          0.00999999	          0.20446314	          0.04384375	          0.00999999	          0.00999999	          0.00999999	          0.23064250	
          1.67322321	         -3.70872804	          4.76864343	         -9.63413181	          1.71471959	          0.85360130	          0.01684469	         -6.46898451	         -4.16566993	         10.49872004	          0.22976052	          9.31456846	          9.83491115	         26.89425898	         -1.06680738	        -22.64014010	        -16.51560684	          7.07218805	          0.27724703	         -8.04950798	          1.85024349	          1.29913764	          0.00999999	          0.00999999	          0.00999999	          0.07936671	          0.00999999	          0.02087640	          0.39314777	          0.02597793	          0.14661624	          0.02647813	          0.00999999	          0.33712536	          0.05400738	          0.11443569	          0.09081111	          0.14872400	          0.05679012	          0.00999999	          0.07514953	          0.00999999	          0.02443429	          0.00999999	          0.20228556	          0.04870607	          0.01003821	          0.00999999	          0.00999999	          0.23380861	
          1.68526079	         -3.78357300	          4.58106687	         -9.89964117	          1.72700591	          0.85109682	          0.01721517	         -7.36878278	         -4.12943833	         10.50322393	          0.34414056	          9.68204543	         10.57940317	         26.87723384	         -1.09748936	        -21.46442776	        -13.23089561	          7.00446614	          0.25876733	         -7.92626118	          1.76587641	          1.52021237	          0.00999999	          0.00999999	          0.00999999	          0.08898130	          0.00999999	          0.02677227	          0.41912776	          0.03129346	          0.19955441	          0.02205360	          0.00999999	          0.34805692	          0.08314971	          0.09683265	          0.08827528	          0.16038094	          0.06824414	          0.00999999	          0.07039344	          0.00999999	          0.02035129	          0.00999999	          0.19675465	          0.05410390	          0.01246356	          0.00999999	          0.00999999	          0.23694844	
          1.69729836	         -3.86981029	          4.40542298	        -10.13503915	          1.73940333	          0.84854535	          0.01750519	         -8.15143848	         -4.08473113	         10.45410786	          0.24288368	         10.04465725	         11.46294619	         26.89806421	         -1.13321999	        -20.20153973	        -10.34835676	          6.94932036	          0.24603878	         -7.79466153	          1.64346907	          1.74262274	          0.00999999	          0.00999999	          0.00999999	          0.09809652	          0.00999999	          0.03168407	          0.42904980	          0.03564027	          0.24709228	          0.01836841	          0.00999999	          0.35577641	          0.11363908	          0.08065179	          0.08617402	          0.16957969	          0.07706234	          0.00999999	          0.06422322	          0.00999999	          0.01695056	          0.00999999	          0.18782365	          0.06007907	          0.01466160	          0.00999999	          0.00999999	          0.23964507	
          1.70933594	         -3.96672142	          4.24520648	        -10.33973786	          1.75191307	          0.84602478	          0.01771306	         -8.82010776	         -4.03360379	         10.34302374	         -0.06656149	         10.39300355	         12.47462751	         26.96354183	         -1.17096196	        -18.87409487	         -7.89964437	          6.90862405	          0.23810283	         -7.65821899	          1.47746331	          1.96552797	          0.00999999	          0.00999999	          0.00999999	          0.10535025	          0.00999999	          0.03558104	          0.42272144	          0.03973623	          0.28679965	          0.01529902	          0.00999999	          0.36001637	          0.14344648	          0.06717476	          0.08439920	          0.17526652	          0.08161529	          0.00999999	          0.05783283	          0.00999999	          0.01411810	          0.00999999	          0.17626180	          0.06260596	          0.01716989	          0.00999999	          0.00999999	          0.24207573	
          1.72137352	         -4.07288939	          4.10177563	        -10.51351454	          1.76454920	          0.84358891	          0.01783772	         -9.38196866	         -3.97684152	         10.15966905	         -0.57251255	         10.71409296	         13.59835354	         27.07061185	         -1.20490316	        -17.49911899	         -5.88736160	          6.88091219	          0.23381586	         -7.51850161	          1.26549834	          2.18829086	          0.00999999	          0.00999999	          0.00999999	          0.11075058	          0.00999999	          0.03922394	          0.40006010	          0.04393409	          0.31667995	          0.01274254	          0.00999999	          0.36057268	          0.17141232	          0.05594977	          0.08308746	          0.17761094	          0.07472844	          0.00999999	          0.05341237	          0.00999999	          0.01175895	          0.00999999	          0.16303178	          0.05214442	          0.02010594	          0.00999999	          0.00999999	          0.24414954	
          1.73341110	         -4.18601107	          3.97385528	        -10.65560149	          1.77734478	          0.84126773	          0.01787494	         -9.85066966	         -3.91390459	          9.89033613	         -1.25484295	         10.98585658	         14.82308069	         27.20851622	         -1.22760520	        -16.09224984	         -4.30059738	          6.86442117	          0.23228320	         -7.37415110	          1.00976974	          2.41149784	          0.00999999	          0.00999999	          0.00999999	          0.11328685	          0.00999999	          0.04239960	          0.36046243	          0.04810452	          0.33605525	          0.01061324	          0.00999999	          0.35720961	          0.19642944	          0.04660049	          0.08308126	          0.17956228	          0.06224122	          0.00999999	          0.05067014	          0.00999999	          0.00999999	          0.00999999	          0.14869754	          0.04343102	          0.02200242	          0.00999999	          0.00999999	          0.24595570	
          1.74544867	         -4.30306815	          3.85744202	        -10.76395356	          1.79034540	          0.83907252	          0.01782007	        -10.24537505	         -3.84296407	          9.52348469	         -2.08686137	         11.18212827	         16.14234849	         27.36341033	         -1.23168566	        -14.66951729	         -3.12690657	          6.85919064	          0.23265016	         -7.22217543	          0.71578632	          2.63625345	          0.00999999	          0.00999999	          0.00999999	          0.10772130	          0.00999999	          0.04166535	          0.30022868	          0.05215313	          0.34295041	          0.00999999	          0.00999999	          0.34978427	          0.21728502	          0.03881348	          0.08417286	          0.18569023	          0.05184063	          0.00999999	          0.05234763	          0.00999999	          0.00999999	          0.00999999	          0.13685460	          0.03617363	          0.01850459	          0.00999999	          0.00999999	          0.24725745	
          1.75748625	         -4.42075647	          3.74532866	        -10.83411132	          1.80359380	          0.83700331	          0.01767055	        -10.58521545	         -3.76039321	          9.06126936	         -3.04490718	         11.28014017	         17.55017420	         27.52609243	         -1.21069671	        -13.25461054	         -2.36938570	          6.86253162	          0.23455671	         -7.06087706	          0.39085745	          2.86222711	          0.00999999	          0.00999999	          0.00999999	          0.08972093	          0.00999999	          0.03737542	          0.25006006	          0.05859192	          0.33457125	          0.00999999	          0.00999999	          0.33831645	          0.23332452	          0.03232770	          0.08886078	          0.19367502	          0.04317799	          0.01047666	          0.06157467	          0.00999999	          0.00999999	          0.00999999	          0.12720508	          0.03012897	          0.01541244	          0.00999999	          0.00999999	          0.24828594	
          1.76952383	         -4.53575043	          3.62589334	        -10.85984780	          1.81712977	          0.83505032	          0.01742944	        -10.88395995	         -3.65811358	          8.51766666	         -4.11902841	         11.26767869	         19.03578825	         27.68629900	         -1.15912376	        -11.88145063	         -2.02959727	          6.87205967	          0.23723206	         -6.88964702	          0.04490036	          3.08690951	          0.00999999	          0.00999999	          0.00999999	          0.07472844	          0.00999999	          0.03112994	          0.20827468	          0.05818275	          0.32017673	          0.00999999	          0.00999999	          0.32292389	          0.24430039	          0.02692569	          0.09519370	          0.19142402	          0.03596289	          0.01374727	          0.07015770	          0.00999999	          0.06193532	          0.00999999	          0.11435944	          0.02509438	          0.01283700	          0.00999999	          0.00999999	          0.24838441	
          1.78156140	         -4.64457409	          3.48912287	        -10.83724378	          1.83098884	          0.83319041	          0.01710588	        -11.15035626	         -3.53037897	          7.91244769	         -5.30831091	         11.14192262	         20.58351397	         27.84044553	         -1.07477464	        -10.57434785	         -2.13857453	          6.87124088	          0.24099608	         -6.70737555	         -0.31414279	          3.30565905	          0.00999999	          0.00999999	          0.00999999	          0.06224121	          0.00999999	          0.02598530	          0.17347170	          0.05184062	          0.30481331	          0.00999999	          0.00999999	          0.30393150	          0.24992153	          0.02242637	          0.10127315	          0.17563638	          0.02995344	          0.01730705	          0.07935598	          0.00999999	          0.10193626	          0.00999999	          0.09524982	          0.02090107	          0.01069192	          0.01215760	          0.00999999	          0.25106296	
          1.79359898	         -4.74391941	          3.32636922	        -10.76565991	          1.84520789	          0.83139245	          0.01670852	        -11.38587837	         -3.37280783	          7.27025767	         -6.62558192	         10.90858558	         22.17336628	         27.97910612	         -0.95698974	         -9.35600334	         -2.72356194	          6.82580373	          0.24640523	         -6.51168626	         -0.67748490	          3.51207614	          0.00999999	          0.00999999	          0.00999999	          0.05184062	          0.01380201	          0.03077603	          0.14448434	          0.04317799	          0.29921051	          0.00999999	          0.00999999	          0.28088126	          0.25026758	          0.01867890	          0.10237022	          0.16659470	          0.02494818	          0.01441502	          0.08451921	          0.01283141	          0.09790803	          0.00999999	          0.07933345	          0.01740848	          0.00999999	          0.01200625	          0.01000000	          0.24792974	
          1.80563656	         -4.83113319	          3.13175634	        -10.64478979	          1.85980565	          0.82962657	          0.01623814	        -11.57443898	         -3.18057395	          6.60744535	         -8.11225225	         10.57949767	         23.78681375	         28.08831915	         -0.80490758	         -8.26043073	         -3.81204302	          6.66169303	          0.24982621	         -6.30199785	         -1.03719655	          3.70337269	          0.03368809	          0.00999999	          0.00999999	          0.04317798	          0.03810219	          0.02563332	          0.12034081	          0.03596289	          0.30951098	          0.00999999	          0.00999999	          0.25734702	          0.24517404	          0.01555763	          0.08526402	          0.16494861	          0.02077930	          0.01200625	          0.13013812	          0.02309084	          0.08154746	          0.00999999	          0.06607672	          0.01449950	          0.01200625	          0.00999999	          0.00999999	          0.26507974	
          1.81767414	         -4.90339431	          2.92157337	        -10.46553467	          1.87477442	          0.82790872	          0.01569766	        -11.67502407	         -2.96420053	          5.91335961	         -9.84487318	         10.16076309	         25.41129727	         28.13651336	         -0.63596280	         -7.22986301	         -5.40502645	          6.38645251	          0.24429771	         -6.07603211	         -1.40683842	          3.87648819	          0.07462488	          0.00999999	          0.00999999	          0.03596288	          0.08497263	          0.02134995	          0.10023170	          0.02995344	          0.32192214	          0.00999999	          0.00999999	          0.21704881	          0.23421175	          0.01295793	          0.07101629	          0.14255373	          0.01730705	          0.00999999	          0.18516196	          0.02515545	          0.07779989	          0.05190202	          0.05503521	          0.01207661	          0.00999999	          0.01864052	          0.01730706	          0.26940840	
          1.82971171	         -4.95965085	          2.71846298	        -10.22394959	          1.89006098	          0.82633951	          0.01510530	        -11.62663533	         -2.74175701	          5.16852754	        -11.91534308	          9.63091500	         27.02082984	         27.99937578	         -0.47185548	         -6.18849790	         -6.88134198	          6.08686337	          0.23860258	         -5.83075620	         -1.80441896	          4.03025720	          0.08991638	          0.00999999	          0.00999999	          0.02995344	          0.07829385	          0.01778235	          0.08348285	          0.02494818	          0.31170138	          0.00999999	          0.00999999	          0.18077966	          0.21910162	          0.01079264	          0.06976831	          0.11873281	          0.01441502	          0.04941825	          0.16377594	          0.04003879	          0.07993256	          0.06078311	          0.04583875	          0.01005859	          0.00999999	          0.01552567	          0.01441503	          0.30064397	
          1.84174929	         -5.00152543	          2.51972633	         -9.92111415	          1.90546442	          0.82507418	          0.01441101	        -11.36666642	         -2.51598049	          4.37767382	        -14.38903625	          8.93472775	         28.56004354	         27.71768231	         -0.28639369	         -5.22394663	         -8.11914298	          5.71585896	          0.22754105	         -5.58631750	         -2.21648253	          4.16169772	          0.11306878	          0.00999999	          0.00999999	          0.02494818	          0.08484742	          0.01855967	          0.06953275	          0.02077930	          0.29833926	          0.00999999	          0.00999999	          0.15057113	          0.19051896	          0.00999999	          0.07772045	          0.09889240	          0.01200625	          0.08920053	          0.16797637	          0.04029144	          0.06657572	          0.07774364	          0.03817903	          0.00999999	          0.00999999	          0.01293131	          0.01200626	          0.31744585	
          1.85378687	         -5.02926955	          2.32989077	         -9.56212541	          1.92079678	          0.82423545	          0.01362274	        -10.85588228	         -2.29616337	          3.53048007	        -17.29243160	          8.05255616	         29.88641286	         27.37322787	         -0.07745394	         -4.36121829	         -9.26213715	          5.37564793	          0.21878519	         -5.35802885	         -2.64627370	          4.26798944	          0.13150930	          0.00999999	          0.00999999	          0.02077930	          0.09700470	          0.02204720	          0.05791373	          0.01730705	          0.27493265	          0.00999999	          0.00999999	          0.12541049	          0.15868298	          0.00999999	          0.07040313	          0.08236734	          0.00999999	          0.11039260	          0.16552938	          0.04199354	          0.05545083	          0.07758675	          0.03179927	          0.00999999	          0.03604044	          0.01077047	          0.01000000	          0.33564765	
          1.86582444	         -5.04382221	          2.14988588	         -9.15014882	          1.93593031	          0.82389982	          0.01275562	        -10.07988080	         -2.09291826	          2.60739130	        -20.61313734	          6.99918643	         30.76832597	         26.98585582	          0.14786437	         -3.59266366	        -10.32890986	          5.09996597	          0.20838694	         -5.15600572	         -3.09200615	          4.34877973	          0.14251080	          0.00999999	          0.00999999	          0.01730705	          0.11156912	          0.02807570	          0.04823627	          0.01441502	          0.24168715	          0.00999999	          0.00999999	          0.10445423	          0.13216684	          0.00999999	          0.05863867	          0.06860365	          0.00999999	          0.12025173	          0.13786920	          0.04554376	          0.04618492	          0.06462190	          0.02648556	          0.00999999	          0.09708478	          0.00999999	          0.00999999	          0.34538025	
          1.87786202	         -5.04763043	          1.97204771	         -8.68539224	          1.95077411	          0.82415975	          0.01183598	         -9.04420526	         -1.91227063	          1.59512031	        -24.29562673	          5.74813475	         31.01519733	         26.52226062	          0.37634085	         -2.90653539	        -11.25497281	          4.94407033	          0.19715564	         -4.98890947	         -3.54390838	          4.40278319	          0.14943558	          0.00999999	          0.00999999	          0.01441502	          0.12719840	          0.02373118	          0.04017592	          0.01200625	          0.20348087	          0.00999999	          0.00999999	          0.08699979	          0.11008158	          0.00999999	          0.04884007	          0.05713989	          0.00999999	          0.12264092	          0.11483107	          0.04558228	          0.03846736	          0.05561071	          0.02205979	          0.00999999	          0.14610637	          0.00999999	          0.00999999	          0.34544257	
          1.88989960	         -5.04281671	          1.78382272	         -8.16554645	          1.96529909	          0.82506951	          0.01088933	         -7.78207997	         -1.75698127	          0.50755398	        -28.22324766	          4.17481408	         30.63428694	         25.93806008	          0.59276499	         -2.28868019	        -11.96242877	          4.93156286	          0.18831698	         -4.85959975	         -3.98728512	          4.42677975	          0.15370900	          0.00999999	          0.00999999	          0.01200625	          0.14137629	          0.02077931	          0.05060110	          0.00999999	          0.16947894	          0.00999999	          0.00999999	          0.07246200	          0.09168680	          0.00999999	          0.04067883	          0.04759173	          0.00999999	          0.11841590	          0.09564264	          0.04722569	          0.03203941	          0.05051811	          0.01837357	          0.00999999	          0.17044546	          0.00999999	          0.00999999	          0.33572814	
          1.90193717	         -5.03040792	          1.56923427	         -7.58885715	          1.97950964	          0.82658885	          0.00993508	         -6.34240218	         -1.62138524	         -0.62701332	        -32.26984657	          2.29961583	         29.50289274	         25.21721687	          0.77738742	         -1.71228512	        -12.42347187	          5.04553177	          0.18342153	         -4.76798575	         -4.40331772	          4.41873378	          0.15412251	          0.00999999	          0.00999999	          0.00999999	          0.14511226	          0.01730706	          0.04214559	          0.00999999	          0.14115878	          0.00999999	          0.00999999	          0.06035350	          0.07636581	          0.04447078	          0.03388134	          0.03963909	          0.00999999	          0.12274623	          0.07966062	          0.04671846	          0.02668558	          0.04207646	          0.01530332	          0.00999999	          0.16691409	          0.00999999	          0.00999999	          0.31872746	
          1.91397475	         -5.01008736	          1.32053602	         -6.96047290	          1.99339792	          0.82856446	          0.00899146	         -4.78023129	         -1.49961567	         -1.78195555	        -36.36322787	          0.49242020	         27.21170038	         24.38772564	          0.91717970	         -1.14141686	        -12.68359501	          5.24752349	          0.18468788	         -4.71437841	         -4.78030356	          4.38044455	          0.17511051	          0.04014223	          0.00999999	          0.00999999	          0.12086380	          0.01441503	          0.03510301	          0.00999999	          0.11757095	          0.00999999	          0.00999999	          0.05026835	          0.06360498	          0.14331565	          0.02821972	          0.03301534	          0.00999999	          0.13415429	          0.06634923	          0.04377221	          0.02222638	          0.04057252	          0.01274612	          0.00999999	          0.15453785	          0.00999999	          0.00999999	          0.29888306	
          1.92601233	         -4.98057401	          1.04002353	         -6.29253215	          2.00696116	          0.83079281	          0.00805327	         -3.17243985	         -1.38171370	         -2.93478988	        -40.40078341	         -0.72878956	         23.77856089	         23.48766261	          1.00972905	         -0.55864149	        -12.80355522	          5.49488933	          0.19346333	         -4.69634853	         -5.10623765	          4.31331373	          0.18840681	          0.05827261	          0.02156946	          0.00999999	          0.10066730	          0.01200626	          0.07651785	          0.00999999	          0.11022585	          0.00999999	          0.00999999	          0.04186844	          0.05297650	          0.18510923	          0.02350417	          0.02749843	          0.00999999	          0.13096860	          0.05526218	          0.04211011	          0.01851233	          0.04091386	          0.01061622	          0.00999999	          0.14285277	          0.00999999	          0.00999999	          0.27841007	
          1.93804991	         -4.94166312	          0.73099552	         -5.59361546	          2.02021585	          0.83316441	          0.00712617	         -1.61066941	         -1.23329794	         -4.08409509	        -44.05452606	         -0.77334303	         20.41425482	         22.54833236	          1.05400705	          0.03881371	        -12.83500815	          5.76496122	          0.21314791	         -4.70928771	         -5.37408619	          4.21916006	          0.18454423	          0.06501586	          0.01796517	          0.00999999	          0.08384565	          0.00999999	          0.09135752	          0.00999999	          0.11007347	          0.00999999	          0.00999999	          0.03676791	          0.04412406	          0.20246466	          0.01957659	          0.02290341	          0.00999999	          0.12411313	          0.04602779	          0.04110520	          0.01541889	          0.04200956	          0.00999999	          0.00999999	          0.12903222	          0.00999999	          0.00999999	          0.25730867	
          1.95008748	         -4.89358411	          0.39120919	         -4.87328080	          2.03319714	          0.83567111	          0.00620372	         -0.11763773	         -1.04838723	         -5.24899048	        -47.15413734	         -0.43764399	         17.54466484	         21.58549480	          1.04486296	          0.65251415	        -12.80555837	          6.03993779	          0.24856522	         -4.74792912	         -5.57584591	          4.10224559	          0.17578031	          0.07776182	          0.01496317	          0.00999999	          0.06983493	          0.00999999	          0.12354227	          0.00999999	          0.11540767	          0.00999999	          0.00999999	          0.03551042	          0.03675087	          0.20110799	          0.01630531	          0.01907622	          0.00999999	          0.11964535	          0.03833649	          0.03916925	          0.01284237	          0.03957403	          0.00999999	          0.00999999	          0.11711160	          0.00999999	          0.00999999	          0.23839517	
          1.96212506	         -4.83651617	          0.02309640	         -4.14321021	          2.04592354	          0.83827103	          0.00527528	          1.32163297	         -0.84060994	         -6.43631658	        -49.72970314	          0.02767623	         15.07552967	         20.60711631	          0.98190232	          1.27928817	        -12.72461245	          6.29337936	          0.30229318	         -4.80948427	         -5.70967359	          3.96602363	          0.16612792	          0.08714904	          0.01246281	          0.00999999	          0.06407010	          0.00999999	          0.15351379	          0.00999999	          0.12051603	          0.00999999	          0.00999999	          0.03320071	          0.03060975	          0.19674716	          0.01358067	          0.01588856	          0.00999999	          0.11217143	          0.03193041	          0.03784131	          0.01069640	          0.03847702	          0.00999999	          0.00999999	          0.10878532	          0.00999999	          0.00999999	          0.22236874	
          1.97416264	         -4.77083413	         -0.37463411	         -3.41196303	          2.05840870	          0.84090995	          0.00433886	          2.72260281	         -0.61259309	         -7.64298227	        -51.82451365	          0.51273936	         12.95423770	         19.61565449	          0.86086147	          1.91014514	        -12.59339752	          6.51362617	          0.37392585	         -4.89218425	         -5.77169230	          3.81216622	          0.15708712	          0.09455430	          0.01388509	          0.00999999	          0.06412544	          0.00999999	          0.19460709	          0.00999999	          0.12501845	          0.00999999	          0.00999999	          0.03110346	          0.02549482	          0.19278899	          0.01131132	          0.01323356	          0.00999999	          0.10388437	          0.02659479	          0.03674482	          0.00999999	          0.03611288	          0.00999999	          0.00999999	          0.10293476	          0.00999999	          0.00999999	          0.20885597	
          1.98620021	         -4.69711771	         -0.79952683	         -2.68557493	          2.07066025	          0.84353222	          0.00339585	          4.10102655	         -0.36687143	         -8.86135164	        -53.49214032	          1.00715830	         11.12847313	         18.61406935	          0.68228004	          2.53854593	        -12.41523161	          6.70428867	          0.46304564	         -4.99470940	         -5.76351573	          3.64217120	          0.14979578	          0.10163402	          0.01860980	          0.00999999	          0.06560773	          0.00999999	          0.24333499	          0.00999999	          0.12887591	          0.00999999	          0.00999999	          0.02809854	          0.02123460	          0.18998675	          0.00999999	          0.01102221	          0.00999999	          0.09637416	          0.02215077	          0.03496301	          0.00999999	          0.03328524	          0.00999999	          0.00999999	          0.09795256	          0.00999999	          0.00999999	          0.19689306	
          1.99823779	         -4.61619302	         -1.24631762	         -1.96881373	          2.08268012	          0.84608688	          0.00244721	          5.47283721	         -0.10866476	        -10.08371685	        -54.78980752	          1.51439070	          9.55815743	         17.60715498	          0.45064825	          3.16032923	        -12.19656040	          6.87324247	          0.57181874	         -5.11623654	         -5.69009131	          3.45796111	          0.14336166	          0.10837253	          0.02563146	          0.00999999	          0.06806068	          0.00999999	          0.30017088	          0.00999999	          0.13235083	          0.00999999	          0.00999999	          0.02395030	          0.01768627	          0.18737945	          0.00999999	          0.00999999	          0.00999999	          0.09063885	          0.01844934	          0.03177460	          0.00999999	          0.03008584	          0.00999999	          0.00999999	          0.09275248	          0.00999999	          0.00999999	          0.18545672	
          2.01027537	         -4.52918644	         -1.70717556	         -1.26540614	          2.09446535	          0.84852940	          0.00149471	          6.85370905	          0.15324145	        -11.30334146	        -55.77704912	          2.03510582	          8.20712200	         16.60156988	          0.17401073	          3.77334403	        -11.94649276	          7.02778052	          0.70590055	         -5.25652608	         -5.55974392	          3.26158256	          0.13766471	          0.11367258	          0.03453717	          0.00999999	          0.06903380	          0.00999999	          0.36322716	          0.00999999	          0.13429510	          0.00999999	          0.00999999	          0.01994817	          0.01473087	          0.18568190	          0.00999999	          0.00999999	          0.00999999	          0.08745867	          0.01536643	          0.02665484	          0.00999999	          0.02516638	          0.00999999	          0.00999999	          0.08750943	          0.00999999	          0.00999999	          0.17348896	
          2.02231295	         -4.43751941	         -2.17282674	         -0.57809881	          2.10601029	          0.85082256	          0.00053964	          8.25847344	          0.40627580	        -12.51597851	        -56.51508400	          2.56099149	          7.04465016	         15.60414432	         -0.13716815	          4.37721862	        -11.67373380	          7.17139557	          0.87216834	         -5.41585282	         -5.38267026	          3.05538077	          0.13388380	          0.12004226	          0.03953111	          0.00999999	          0.06803972	          0.00999999	          0.42842864	          0.00999999	          0.13662955	          0.00999999	          0.00999999	          0.01661480	          0.01226932	          0.18497932	          0.00999999	          0.00999999	          0.00999999	          0.08669872	          0.01279868	          0.02220078	          0.00999999	          0.02096104	          0.00999999	          0.00999999	          0.08195201	          0.00999999	          0.00999999	          0.16092140	
          2.03435052	         -4.34264337	         -2.63295280	          0.09039116	          2.11731396	          0.85293805	         -0.00041806	          9.69980273	          0.63364314	        -13.71923050	        -57.06535812	          3.08147308	          6.04404975	         14.61926831	         -0.47119992	          4.96759863	        -11.38236685	          7.29248253	          1.08069294	         -5.59371076	         -5.16983646	          2.84134807	          0.13374090	          0.12565767	          0.04343556	          0.00999999	          0.05667019	          0.00999999	          0.48899332	          0.00999999	          0.13862440	          0.01126801	          0.00999999	          0.01383845	          0.01021910	          0.18520596	          0.00999999	          0.00999999	          0.00999999	          0.09178184	          0.01066000	          0.01849100	          0.00999999	          0.01745843	          0.00999999	          0.00999999	          0.07396888	          0.02809081	          0.00999999	          0.15205147	
          2.04638810	         -4.24600570	         -3.07762470	          0.73676660	          2.12837572	          0.85485780	         -0.00138363	         11.18757768	          0.81426772	        -14.91322557	        -57.48347317	          3.58269112	          5.18293732	         13.65627740	         -0.81563305	          5.53835447	        -11.08774483	          7.38710319	          1.34243634	         -5.78920204	         -4.93066728	          2.62242827	          0.13357377	          0.13007057	          0.04599256	          0.00999999	          0.04720053	          0.00999999	          0.53789755	          0.00999999	          0.13986325	          0.02525977	          0.00999999	          0.01152603	          0.00999999	          0.18787539	          0.00999999	          0.00999999	          0.00999999	          0.09748598	          0.00999999	          0.01540113	          0.00999999	          0.01454110	          0.00999999	          0.00999999	          0.06888018	          0.04708939	          0.00999999	          0.14327700	
          2.05842568	         -4.14904168	         -3.49979835	          1.35876753	          2.13920785	          0.85657558	         -0.00236024	         12.72228147	          0.93276156	        -16.09635325	        -57.79817783	          4.05993892	          4.44086977	         12.71908935	         -1.16086369	          6.08214416	        -10.80167358	          7.47807355	          1.66124262	         -5.99990153	         -4.67197883	          2.40115695	          0.13562236	          0.13193531	          0.04793629	          0.00999999	          0.03931325	          0.00999999	          0.56349504	          0.00999999	          0.14026772	          0.03664963	          0.00999999	          0.01044784	          0.00999999	          0.19133184	          0.00999999	          0.00999999	          0.00999999	          0.10210654	          0.00999999	          0.01282758	          0.00999999	          0.01211126	          0.00999999	          0.01000000	          0.06456016	          0.06406664	          0.00999999	          0.13446497	
          2.07046325	         -4.05319463	         -3.89541070	          1.95582076	          2.14983779	          0.85809585	         -0.00334804	         14.29357132	          0.98190650	        -17.26490327	        -58.00950134	          4.51709512	          3.80167068	         11.80313370	         -1.50106743	          6.59260185	        -10.51909331	          7.57122643	          2.03638492	         -6.22172026	         -4.39836744	          2.17988632	          0.13087815	          0.13049098	          0.06093369	          0.00999999	          0.03274396	          0.00999999	          0.54693177	          0.00999999	          0.13982951	          0.04380633	          0.00999999	          0.01005784	          0.00999999	          0.19557776	          0.00999999	          0.00999999	          0.00999999	          0.10489632	          0.00999999	          0.01068407	          0.00999999	          0.01008745	          0.00999999	          0.04688023	          0.05907642	          0.07947495	          0.00999999	          0.12709645	
          2.08250083	         -3.96039507	         -4.26279284	          2.53024234	          2.16029569	          0.85943527	         -0.00434089	         15.87889510	          0.96382143	        -18.41452978	        -58.07604519	          4.95631050	          3.25088491	         10.89773768	         -1.83417997	          7.06281332	        -10.22028124	          7.66277644	          2.46154125	         -6.45182611	         -4.11414103	          1.96034018	          0.12789973	          0.12391262	          0.07073871	          0.00999999	          0.02727240	          0.00999999	          0.45553873	          0.00999999	          0.13987128	          0.04992830	          0.00999999	          0.00999999	          0.00999999	          0.20038063	          0.00999999	          0.00999999	          0.00999999	          0.10384004	          0.00999999	          0.00999999	          0.00999999	          0.00999999	          0.00999999	          0.07647696	          0.05323078	          0.09405687	          0.00999999	          0.12043086	
          2.09453841	         -3.87246775	         -4.59991316	          3.08605015	          2.17062812	          0.86061957	         -0.00533008	         17.43780371	          0.88849927	        -19.53926000	        -57.90037663	          5.37931865	          2.77591588	          9.99082855	         -2.15776387	          7.49267584	         -9.88724748	          7.75128447	          2.92405073	         -6.68551469	         -3.82565713	          1.74415286	          0.12447002	          0.11902697	          0.07747577	          0.00999999	          0.02271514	          0.00999999	          0.37941759	          0.00999999	          0.14046784	          0.05385454	          0.00999999	          0.00999999	          0.00999999	          0.20510910	          0.00999999	          0.00999999	          0.00999999	          0.10167226	          0.00999999	          0.00999999	          0.00999999	          0.01006774	          0.00999999	          0.10188702	          0.04712337	          0.10807644	          0.00999999	          0.11540447	
          2.10657598	         -3.79108867	         -4.90371963	          3.62659199	          2.18088124	          0.86166601	         -0.00630714	         18.93197472	          0.76798786	        -20.62906737	        -57.39417254	          5.78599267	          2.36502075	          9.07243500	         -2.46852214	          7.88475532	         -9.50515207	          7.82998126	          3.40920695	         -6.91800963	         -3.54038438	          1.53238991	          0.12110353	          0.11565915	          0.08090313	          0.00999999	          0.01891941	          0.00999999	          0.31601639	          0.00999999	          0.14100634	          0.05522291	          0.00999999	          0.00999999	          0.00999999	          0.20982354	          0.00999999	          0.00999999	          0.00999999	          0.09853383	          0.00999999	          0.00999999	          0.00999999	          0.01095574	          0.00999999	          0.12283894	          0.04089567	          0.12177737	          0.00999999	          0.11223721	
          2.11861356	         -3.71774251	         -5.17089434	          4.15388376	          2.19109468	          0.86257793	         -0.00726549	         20.33249341	          0.61402792	        -21.67037656	        -56.50274648	          6.17220608	          2.00727336	          8.13481948	         -2.76294907	          8.24026557	         -9.06334820	          7.89422270	          3.90351542	         -7.14531696	         -3.26523935	          1.32542577	          0.11792898	          0.11296371	          0.08161188	          0.00999999	          0.01575795	          0.00999999	          0.26320962	          0.00999999	          0.14106537	          0.05503881	          0.00999999	          0.00999999	          0.00999999	          0.21434866	          0.00999999	          0.00999999	          0.00999999	          0.09504463	          0.00999999	          0.00999999	          0.00999999	          0.01189292	          0.00999999	          0.13964655	          0.03533050	          0.13534415	          0.00999999	          0.11112622	
          2.13065114	         -3.65365975	         -5.39775248	          4.66903399	          2.20130539	          0.86334732	         -0.00820027	         21.61767707	          0.43725746	        -22.64744990	        -55.19931531	          6.53091456	          1.69287084	          7.17068745	         -3.03723375	          8.56054928	         -8.55298958	          7.94219203	          4.39562882	         -7.36378473	         -3.00690630	          1.12299539	          0.11495194	          0.11034742	          0.08002958	          0.00999999	          0.01312478	          0.00999999	          0.21922694	          0.00999999	          0.14055529	          0.05412794	          0.00999999	          0.00999999	          0.00999999	          0.21842568	          0.00999999	          0.00999999	          0.00999999	          0.09180220	          0.00999999	          0.00999999	          0.00999999	          0.01245835	          0.00999999	          0.15233311	          0.03041099	          0.14892710	          0.00999999	          0.11200689	
          2.14268872	         -3.59977247	         -5.58046638	          5.17254542	          2.21154940	          0.86395743	         -0.00910784	         22.77172505	          0.24679045	        -23.54346262	        -53.48012935	          6.85225642	          1.41433363	          6.17271891	         -3.28750170	          8.84731315	         -7.96653887	          7.97448842	          4.87673348	         -7.56991154	         -2.77182410	          0.92440415	          0.11242524	          0.10778235	          0.07668909	          0.00999999	          0.01093161	          0.00999999	          0.18259382	          0.00999999	          0.13966664	          0.05263825	          0.00999999	          0.00999999	          0.00999999	          0.22148671	          0.00999999	          0.00999999	          0.00999999	          0.08891266	          0.00999999	          0.00999999	          0.00999999	          0.01260419	          0.00999999	          0.16058025	          0.02600954	          0.16273049	          0.00999999	          0.11455773	
          2.15472629	         -3.55668795	         -5.71553532	          5.66447168	          2.22186265	          0.86438535	         -0.00998608	         23.78384827	          0.05004321	        -24.34161799	        -51.35930517	          7.12268593	          1.16889384	          5.13402066	         -3.51014824	          9.10230297	         -7.29863677	          7.99349615	          5.34083279	         -7.76015672	         -2.56565388	          0.72874961	          0.11137975	          0.10536411	          0.07016143	          0.00999999	          0.00999999	          0.00999999	          0.15208214	          0.00999999	          0.13861890	          0.04934440	          0.00999999	          0.00999999	          0.00999999	          0.22279214	          0.00999999	          0.00999999	          0.00999999	          0.08593160	          0.00999999	          0.00999999	          0.00999999	          0.01301618	          0.00999999	          0.15971715	          0.02166332	          0.17687852	          0.00999999	          0.11837321	
          2.16676387	         -3.52461523	         -5.80030980	          6.14429305	          2.23228236	          0.86460422	         -0.01083411	         24.64734138	         -0.14657651	        -25.02528160	        -48.86127477	          7.32574714	          0.95950863	          4.04979705	         -3.70208700	          9.32778446	         -6.55011277	          8.00549395	          5.78431491	         -7.93043249	         -2.39268857	          0.53494791	          0.11156603	          0.10416829	          0.05843736	          0.00999999	          0.00999999	          0.00999999	          0.12666901	          0.00999999	          0.14246426	          0.04871064	          0.00999999	          0.00999999	          0.00999999	          0.22214282	          0.00999999	          0.00999999	          0.00999999	          0.08422088	          0.00999999	          0.00999999	          0.00999999	          0.01281773	          0.00999999	          0.13726439	          0.01804335	          0.19165921	          0.00999999	          0.12288272	
          2.17880145	         -3.50337495	         -5.83311341	          6.61035179	          2.24284425	          0.86458429	         -0.01165054	         25.36078700	         -0.33644609	        -25.57247023	        -46.01385954	          7.44784288	          0.79111296	          2.92027924	         -3.86052216	          9.52874359	         -5.73313383	          8.02046761	          6.20663405	         -8.07626118	         -2.25578956	          0.34167703	          0.11388270	          0.10406446	          0.04867240	          0.00999999	          0.00999999	          0.00999999	          0.10550245	          0.00999999	          0.14770006	          0.04631484	          0.00999999	          0.00999999	          0.00999999	          0.22042980	          0.00999999	          0.00999999	          0.00999999	          0.08280592	          0.00999999	          0.00999999	          0.00999999	          0.01084004	          0.00999999	          0.11432733	          0.01502828	          0.20705906	          0.00999999	          0.12722793	
          2.19083902	         -3.49270752	         -5.81516980	          7.06089024	          2.25357917	          0.86429482	         -0.01243792	         25.92802871	         -0.51234204	        -25.95521155	        -42.84682048	          7.49004807	          0.66353683	          1.74957943	         -3.98493556	          9.70990197	         -4.86405041	          8.04382524	          6.61277956	         -8.19310159	         -2.15332409	          0.14799315	          0.11663741	          0.10821035	          0.04053918	          0.00999999	          0.00999999	          0.00999999	          0.08787284	          0.00999999	          0.15525484	          0.04457985	          0.00999999	          0.00999999	          0.00999999	          0.21930706	          0.00999999	          0.00999999	          0.00999999	          0.08092646	          0.00999999	          0.00999999	          0.00999999	          0.00999999	          0.00999999	          0.09522308	          0.01251704	          0.22295086	          0.00999999	          0.13173119	
          2.20287660	         -3.49240154	         -5.75011750	          7.49373995	          2.26451372	          0.86370770	         -0.01320075	         26.35744917	         -0.66787952	        -26.14050827	        -39.39777054	          7.47213296	          0.56797576	          0.54094633	         -4.07723429	          9.87032506	         -3.95567499	          8.08151066	          7.00938769	         -8.27687188	         -2.07992976	         -0.04705154	          0.11612417	          0.11125519	          0.03376503	          0.00999999	          0.01771993	          0.00999999	          0.07318917	          0.00999999	          0.16434273	          0.04184020	          0.00999999	          0.00999999	          0.00999999	          0.21964112	          0.00999999	          0.00999999	          0.00999999	          0.07751432	          0.00999999	          0.00999999	          0.01000001	          0.00999999	          0.01278022	          0.07931117	          0.01042542	          0.23928901	          0.00999999	          0.13574770	
          2.21491418	         -3.50234871	         -5.64416624	          7.90719224	          2.27566761	          0.86280153	         -0.01393607	         26.65986966	         -0.79654380	        -26.10158138	        -35.71587990	          7.42121309	          0.49245559	         -0.69702306	         -4.14170202	         10.01190569	         -3.03065781	          8.14677196	          7.40356019	         -8.32464852	         -2.02873837	         -0.24494800	          0.11450731	          0.11190045	          0.02812285	          0.00999999	          0.03300553	          0.00999999	          0.06095916	          0.00999999	          0.17410380	          0.03994879	          0.00999999	          0.00999999	          0.00999999	          0.22112877	          0.00999999	          0.00999999	          0.00999999	          0.07198973	          0.00999999	          0.00999999	          0.08800972	          0.00999999	          0.01275585	          0.06605817	          0.00999999	          0.25627305	          0.00999999	          0.13772470	
          2.22695175	         -3.52249116	         -5.50488764	          8.30024127	          2.28704838	          0.86156492	         -0.01463430	         26.84831173	         -0.89438398	        -25.82786187	        -31.86349200	          7.35705683	          0.42985441	         -1.94092242	         -4.18216703	         10.14065065	         -2.13725459	          8.25834036	          7.80614908	         -8.33522435	         -1.99282559	         -0.44686393	          0.11145067	          0.11483365	          0.02554960	          0.00999999	          0.04944630	          0.00999999	          0.05077280	          0.00999999	          0.18478367	          0.03913644	          0.00999999	          0.00999999	          0.00999999	          0.22320271	          0.00999999	          0.00999999	          0.00999999	          0.06673608	          0.00999999	          0.00999999	          0.16502569	          0.00999999	          0.01598292	          0.05501976	          0.00999999	          0.27356126	          0.00999999	          0.13789875	
          2.23898933	         -3.55289660	         -5.33969984	          8.67139056	          2.29865546	          0.86000009	         -0.01528377	         26.93977564	         -0.96277028	        -25.32349144	        -27.91762307	          7.28879308	          0.37805741	         -3.16541588	         -4.20192757	         10.25943313	         -1.32287080	          8.42897517	          8.23034595	         -8.30903475	         -1.96555615	         -0.65337263	          0.10821127	          0.12017560	          0.02545778	          0.00999999	          0.06324894	          0.00999999	          0.04228860	          0.00999999	          0.19493737	          0.03974542	          0.00999999	          0.00999999	          0.00999999	          0.22549390	          0.00999999	          0.00999999	          0.00999999	          0.06296332	          0.00999999	          0.00999999	          0.23736087	          0.00999999	          0.02232519	          0.04582588	          0.00999999	          0.29085732	          0.00999999	          0.13554190	
          2.25102691	         -3.59374186	         -5.15607951	          9.01851219	          2.31047945	          0.85812374	         -0.01587429	         26.95718094	         -1.00815138	        -24.60476735	        -23.97114431	          7.21815422	          0.33601526	         -4.34629648	         -4.20392964	         10.36541281	         -0.63074160	          8.67028174	          8.68936751	         -8.24837494	         -1.93940459	         -0.86458320	          0.10114219	          0.12754277	          0.03222272	          0.00999999	          0.07283400	          0.00999999	          0.03522212	          0.00999999	          0.20305570	          0.04222476	          0.00999999	          0.00999999	          0.00999999	          0.22789573	          0.00999999	          0.00999999	          0.00999999	          0.06379459	          0.00999999	          0.00999999	          0.30081161	          0.01387111	          0.04636320	          0.03816831	          0.00999999	          0.30783400	          0.00999999	          0.13002053	
          2.26306449	         -3.64549241	         -4.96276146	          9.33982044	          2.32249177	          0.85597029	         -0.01639646	         26.93080536	         -1.03946738	        -23.69889432	        -20.13162450	          7.14519902	          0.30269361	         -5.45591598	         -4.19104499	         10.44902190	         -0.10239435	          8.97273780	          9.21218411	         -8.15919099	         -1.90468805	         -1.08024276	          0.09475703	          0.13676753	          0.04689758	          0.00999999	          0.07571951	          0.00999999	          0.02933645	          0.00999999	          0.20446314	          0.04384375	          0.00999999	          0.00999999	          0.00999999	          0.23064250	          0.00999999	          0.00999999	          0.00999999	          0.07053001	          0.00999999	          0.01230579	          0.35318423	          0.01993357	          0.09325951	          0.03179034	          0.00999999	          0.32345597	          0.02703488	          0.12315444	
          2.27510206	         -3.70872804	         -4.76864343	          9.63413181	          2.33465481	          0.85360130	         -0.01684469	         26.89425898	         -1.06680738	        -22.64014010	        -16.51560684	          7.07218805	          0.27724703	         -6.46898451	         -4.16566993	         10.49872004	          0.22976052	          9.31456846	          9.83491115	         -8.04950798	         -1.85024349	         -1.29913764	          0.09081111	          0.14872400	          0.05679012	          0.00999999	          0.07514953	          0.00999999	          0.02443429	          0.00999999	          0.20228556	          0.04870607	          0.01003821	          0.00999999	          0.00999999	          0.23380861	          0.00999999	          0.00999999	          0.00999999	          0.07936671	          0.00999999	          0.02087640	          0.39314777	          0.02597793	          0.14661624	          0.02647813	          0.00999999	          0.33712536	          0.05400738	          0.11443569	
          2.28713964	         -3.78357300	         -4.58106687	          9.89964117	          2.34694113	          0.85109682	         -0.01721517	         26.87723384	         -1.09748936	        -21.46442776	        -13.23089561	          7.00446614	          0.25876733	         -7.36878278	         -4.12943833	         10.50322393	          0.34414056	          9.68204543	         10.57940317	         -7.92626118	         -1.76587641	         -1.52021237	          0.08827528	          0.16038094	          0.06824414	          0.00999999	          0.07039344	          0.00999999	          0.02035129	          0.00999999	          0.19675465	          0.05410390	          0.01246356	          0.00999999	          0.00999999	          0.23694844	          0.00999999	          0.00999999	          0.00999999	          0.08898130	          0.00999999	          0.02677227	          0.41912776	          0.03129346	          0.19955441	          0.02205360	          0.00999999	          0.34805692	          0.08314971	          0.09683265	
          2.29917722	         -3.86981029	         -4.40542298	         10.13503915	          2.35933855	          0.84854535	         -0.01750519	         26.89806421	         -1.13321999	        -20.20153973	        -10.34835676	          6.94932036	          0.24603878	         -8.15143848	         -4.08473113	         10.45410786	          0.24288368	         10.04465725	         11.46294619	         -7.79466153	         -1.64346907	         -1.74262274	          0.08617402	          0.16957969	          0.07706234	          0.00999999	          0.06422322	          0.00999999	          0.01695056	          0.00999999	          0.18782365	          0.06007907	          0.01466160	          0.00999999	          0.00999999	          0.23964507	          0.00999999	          0.00999999	          0.00999999	          0.09809652	          0.00999999	          0.03168407	          0.42904980	          0.03564027	          0.24709228	          0.01836841	          0.00999999	          0.35577641	          0.11363908	          0.08065179	
          2.31121479	         -3.96672142	         -4.24520648	         10.33973786	          2.37184828	          0.84602478	         -0.01771306	         26.96354183	         -1.17096196	        -18.87409487	         -7.89964437	          6.90862405	          0.23810283	         -8.82010776	         -4.03360379	         10.34302374	         -0.06656149	         10.39300355	         12.47462751	         -7.65821899	         -1.47746331	         -1.96552797	          0.08439920	          0.17526652	          0.08161529	          0.00999999	          0.05783283	          0.00999999	          0.01411810	          0.00999999	          0.17626180	          0.06260596	          0.01716989	          0.00999999	          0.00999999	          0.24207573	          0.00999999	          0.00999999	          0.00999999	          0.10535025	          0.00999999	          0.03558104	          0.42272144	          0.03973623	          0.28679965	          0.01529902	          0.00999999	          0.36001637	          0.14344648	          0.06717476	
          2.32325237	         -4.07288939	         -4.10177563	         10.51351454	          2.38448441	          0.84358891	         -0.01783772	         27.07061185	         -1.20490316	        -17.49911899	         -5.88736160	          6.88091219	          0.23381586	         -9.38196866	         -3.97684152	         10.15966905	         -0.57251255	         10.71409296	         13.59835354	         -7.51850161	         -1.26549834	         -2.18829086	          0.08308746	          0.17761094	          0.07472844	          0.00999999	          0.05341237	          0.00999999	          0.01175895	          0.00999999	          0.16303178	          0.05214442	          0.02010594	          0.00999999	          0.00999999	          0.24414954	          0.00999999	          0.00999999	          0.00999999	          0.11075058	          0.00999999	          0.03922394	          0.40006010	          0.04393409	          0.31667995	          0.01274254	          0.00999999	          0.36057268	          0.17141232	          0.05594977	
          2.33528995	         -4.18601107	         -3.97385528	         10.65560149	          2.39727999	          0.84126773	         -0.01787494	         27.20851622	         -1.22760520	        -16.09224984	         -4.30059738	          6.86442117	          0.23228320	         -9.85066966	         -3.91390459	          9.89033613	         -1.25484295	         10.98585658	         14.82308069	         -7.37415110	         -1.00976974	         -2.41149784	          0.08308126	          0.17956228	          0.06224122	          0.00999999	          0.05067014	          0.00999999	          0.00999999	          0.00999999	          0.14869754	          0.04343102	          0.02200242	          0.00999999	          0.00999999	          0.24595570	          0.00999999	          0.00999999	          0.00999999	          0.11328685	          0.00999999	          0.04239960	          0.36046243	          0.04810452	          0.33605525	          0.01061324	          0.00999999	          0.35720961	          0.19642944	          0.04660049	
          2.34732753	         -4.30306815	         -3.85744202	         10.76395356	          2.41028061	          0.83907252	         -0.01782007	         27.36341033	         -1.23168566	        -14.66951729	         -3.12690657	          6.85919064	          0.23265016	        -10.24537505	         -3.84296407	          9.52348469	         -2.08686137	         11.18212827	         16.14234849	         -7.22217543	         -0.71578632	         -2.63625345	          0.08417286	          0.18569023	          0.05184063	          0.00999999	          0.05234763	          0.00999999	          0.00999999	          0.00999999	          0.13685460	          0.03617363	          0.01850459	          0.00999999	          0.00999999	          0.24725745	          0.00999999	          0.00999999	          0.00999999	          0.10772130	          0.00999999	          0.04166535	          0.30022868	          0.05215313	          0.34295041	          0.00999999	          0.00999999	          0.34978427	          0.21728502	          0.03881348	
          2.35936510	         -4.42075647	         -3.74532866	         10.83411132	          2.42352902	          0.83700331	         -0.01767055	         27.52609243	         -1.21069671	        -13.25461054	         -2.36938570	          6.86253162	          0.23455671	        -10.58521545	         -3.76039321	          9.06126936	         -3.04490718	         11.28014017	         17.55017420	         -7.06087706	         -0.39085745	         -2.86222711	          0.08886078	          0.19367502	          0.04317799	          0.01047666	          0.06157467	          0.00999999	          0.00999999	          0.00999999	          0.12720508	          0.03012897	          0.01541244	          0.00999999	          0.00999999	          0.24828594	          0.00999999	          0.00999999	          0.00999999	          0.08972093	          0.00999999	          0.03737542	          0.25006006	          0.05859192	          0.33457125	          0.00999999	          0.00999999	          0.33831645	          0.23332452	          0.03232770	
          2.37140268	         -4.53575043	         -3.62589334	         10.85984780	          2.43706498	          0.83505032	         -0.01742944	         27.68629900	         -1.15912376	        -11.88145063	         -2.02959727	          6.87205967	          0.23723206	        -10.88395995	         -3.65811358	          8.51766666	         -4.11902841	         11.26767869	         19.03578825	         -6.88964702	         -0.04490036	         -3.08690951	          0.09519370	          0.19142402	          0.03596289	          0.01374727	          0.07015770	          0.00999999	          0.06193532	          0.00999999	          0.11435944	          0.02509438	          0.01283700	          0.00999999	          0.00999999	          0.24838441	          0.00999999	          0.00999999	          0.00999999	          0.07472844	          0.00999999	          0.03112994	          0.20827468	          0.05818275	          0.32017673	          0.00999999	          0.00999999	          0.32292389	          0.24430039	          0.02692569	
          2.38344026	         -4.64457409	         -3.48912287	         10.83724378	          2.45092406	          0.83319041	         -0.01710588	         27.84044553	         -1.07477464	        -10.57434785	         -2.13857453	          6.87124088	          0.24099608	        -11.15035626	         -3.53037897	          7.91244769	         -5.30831091	         11.14192262	         20.58351397	         -6.70737555	          0.31414279	         -3.30565905	          0.10127315	          0.17563638	          0.02995344	          0.01730705	          0.07935598	          0.00999999	          0.10193626	          0.00999999	          0.09524982	          0.02090107	          0.01069192	          0.01215760	          0.00999999	          0.25106296	          0.00999999	          0.00999999	          0.00999999	          0.06224121	          0.00999999	          0.02598530	          0.17347170	          0.05184062	          0.30481331	          0.00999999	          0.00999999	          0.30393150	          0.24992153	          0.02242637	
          2.39547783	         -4.74391941	         -3.32636922	         10.76565991	          2.46514311	          0.83139245	         -0.01670852	         27.97910612	         -0.95698974	         -9.35600334	         -2.72356194	          6.82580373	          0.24640523	        -11.38587837	         -3.37280783	          7.27025767	         -6.62558192	         10.90858558	         22.17336628	         -6.51168626	          0.67748490	         -3.51207614	          0.10237022	          0.16659470	          0.02494818	          0.01441502	          0.08451921	          0.01283141	          0.09790803	          0.00999999	          0.07933345	          0.01740848	          0.00999999	          0.01200625	          0.01000000	          0.24792974	          0.00999999	          0.00999999	          0.00999999	          0.05184062	          0.01380201	          0.03077603	          0.14448434	          0.04317799	          0.29921051	          0.00999999	          0.00999999	          0.28088126	          0.25026758	          0.01867890	
