/vscmnt/brussel_pixiu_data/_data_brussel/112/vsc11236/PredSimResults/SUBJ10mtu3D/weighted-expIG/worker_03.mot
version=1
nRows=200
nColumns=50
inDegrees=yes
endheader
                time	         pelvis_tilt	         pelvis_list	     pelvis_rotation	           pelvis_tx	           pelvis_ty	           pelvis_tz	       hip_flexion_r	     hip_adduction_r	      hip_rotation_r	        knee_angle_r	       ankle_angle_r	         mtp_angle_r	       hip_flexion_l	     hip_adduction_l	      hip_rotation_l	        knee_angle_l	       ankle_angle_l	         mtp_angle_l	    lumbar_extension	      lumbar_bending	     lumbar_rotation	 ercspn_r/activation	 intobl_r/activation	 extobl_r/activation	    abd_r/activation	    add_r/activation	hamstrings_r/activation	bifemsh_r/activation	glut_max_r/activation	iliopsoas_r/activation	rect_fem_r/activation	  vasti_r/activation	gastroc_r/activation	 soleus_r/activation	tib_ant_r/activation	 ercspn_l/activation	 intobl_l/activation	 extobl_l/activation	    abd_l/activation	    add_l/activation	hamstrings_l/activation	bifemsh_l/activation	glut_max_l/activation	iliopsoas_l/activation	rect_fem_l/activation	  vasti_l/activation	gastroc_l/activation	 soleus_l/activation	tib_ant_l/activation	
          0.00000000	         -9.29765495	         -3.94372323	          8.76763571	          0.00000000	          0.82254126	          0.00723071	         34.63026451	          2.16823524	          5.57797949	         -9.68912492	          6.99361885	          0.68031205	          2.51423649	         -2.38048133	         -1.03440630	        -23.56532017	         16.52670671	         21.59310766	         -7.61139489	          2.58518779	          2.52799356	          0.15450458	          0.02267844	          0.00999999	          0.11005314	          0.18607112	          0.04538815	          0.21296883	          0.02107983	          0.04956733	          0.03829730	          0.00999999	          0.00999999	          0.00999999	          0.26836811	          0.05093010	          0.00999999	          0.00999999	          0.04345043	          0.04916938	          0.01381073	          0.01000000	          0.01000000	          0.18573283	          0.04547959	          0.04101812	          0.24271935	          0.15800655	          0.01542561	
          0.02000000	         -9.38036763	         -3.25854429	          8.20037452	          0.02870873	          0.82109584	          0.00830009	         33.22471267	          1.97342529	          4.86996200	        -10.64603196	          6.90430712	          0.54825519	          1.48520194	         -2.04247500	         -2.05461951	        -25.37229500	         14.28025066	         24.32481774	         -6.74596247	          2.60209128	          1.99936697	          0.11587843	          0.01700883	          0.00999999	          0.09604913	          0.17150227	          0.07425212	          0.15972662	          0.09475629	          0.03717550	          0.02872297	          0.00999999	          0.01333333	          0.01333332	          0.31014798	          0.06375831	          0.00999999	          0.00999999	          0.03258783	          0.08626003	          0.04374766	          0.01373748	          0.00999999	          0.28655223	          0.03410969	          0.03076359	          0.18203951	          0.11850491	          0.01156921	
          0.04000000	         -9.44650889	         -2.65124485	          7.58831711	          0.05676179	          0.82011608	          0.00948051	         31.80515396	          1.92161224	          4.51770338	        -11.42059334	          6.24135607	          0.44372648	          1.54919881	         -1.81152138	         -2.99494130	        -29.00565904	         11.69004623	         26.57622494	         -5.95957056	          2.76531800	          1.57151603	          0.09662702	          0.01275662	          0.00999999	          0.14423186	          0.20037283	          0.07382306	          0.11979497	          0.13551007	          0.02788163	          0.02154223	          0.05198256	          0.01000000	          0.00999999	          0.35567463	          0.10615020	          0.00999999	          0.00999999	          0.02444087	          0.15024676	          0.03281075	          0.05639513	          0.00999999	          0.33981766	          0.02558227	          0.02307269	          0.13652963	          0.08887869	          0.00999999	
          0.06000000	         -9.49485473	         -2.12299476	          6.89464759	          0.08340177	          0.82048730	          0.01072089	         30.51824628	          1.97403105	          4.52199285	        -12.34558235	          6.16539140	          0.35912392	          2.78581576	         -1.70949026	         -3.81787953	        -34.33243874	          8.51212414	         27.44103012	         -5.35681339	          3.07058522	          1.24771905	          0.07247026	          0.00999999	          0.00999999	          0.13699434	          0.16660613	          0.06632299	          0.08984622	          0.13184430	          0.02091122	          0.01615667	          0.13953224	          0.00999999	          0.00999999	          0.36301254	          0.13210451	          0.00999999	          0.00999999	          0.01833065	          0.19680375	          0.02460806	          0.07323195	          0.00999999	          0.31044632	          0.01918670	          0.01730452	          0.10239723	          0.06665901	          0.00999999	
          0.08000000	         -9.52801532	         -1.62140693	          6.08865455	          0.10857915	          0.82263535	          0.01188807	         29.10609116	          2.05790966	          4.88960559	        -12.93270447	          6.48409979	          0.29947450	          4.93280170	         -1.64707973	         -4.42500135	        -40.74145963	          5.31407208	         25.13802777	         -4.94582316	          3.44564314	          1.02581844	          0.05435270	          0.00999999	          0.00999999	          0.15007776	          0.12495460	          0.05813747	          0.06738467	          0.12508256	          0.01568341	          0.01211750	          0.14908431	          0.00999999	          0.00999999	          0.33972259	          0.18487829	          0.05603321	          0.00999999	          0.01374799	          0.14760281	          0.01845604	          0.05492396	          0.00999999	          0.25415119	          0.01439002	          0.01297839	          0.07679792	          0.04999426	          0.18186683	
          0.10000000	         -9.54480087	         -1.11706492	          5.17098001	          0.13262324	          0.82590520	          0.01290583	         27.49066730	          2.10964834	          5.52109288	        -13.06205085	          6.96878086	          0.26814110	          7.40872047	         -1.43145529	         -4.72047694	        -47.07949276	          3.98436708	         19.84771539	         -4.66800346	          3.80247717	          0.91018411	          0.04076452	          0.00999999	          0.00999999	          0.14478477	          0.09371595	          0.06479671	          0.05053850	          0.11747030	          0.01176256	          0.00999999	          0.13331204	          0.00999999	          0.00999999	          0.30994191	          0.18383812	          0.07812695	          0.00999999	          0.01031099	          0.11070211	          0.01384203	          0.08601320	          0.00999999	          0.20224177	          0.11790635	          0.00999999	          0.05759844	          0.03749569	          0.24027544	
          0.12000000	         -9.55118820	         -0.57701322	          4.17906970	          0.15585528	          0.82991565	          0.01374523	         25.71608935	          2.05830571	          6.26922712	        -12.82515544	          7.53322346	          0.25999137	          9.77688586	         -0.93476670	         -4.85994164	        -51.78705511	          4.53297172	         15.43314433	         -4.47885596	          4.06860089	          0.88408603	          0.03317411	          0.00999999	          0.00999999	          0.12858387	          0.07028696	          0.06984929	          0.03790388	          0.09715762	          0.00999999	          0.00999999	          0.11480062	          0.00999999	          0.00999999	          0.28107079	          0.15642970	          0.09529033	          0.00999999	          0.00999999	          0.09784617	          0.01038152	          0.18564477	          0.00999999	          0.18366905	          0.18631821	          0.00999999	          0.04929446	          0.02812177	          0.23571281	
          0.14000000	         -9.54672693	          0.02650921	          3.17091375	          0.17839421	          0.83437950	          0.01447158	         23.81984344	          1.85096888	          7.04621750	        -12.26827741	          8.00040004	          0.27836348	         12.04900794	         -0.22610290	         -4.96720296	        -54.70974036	          5.00819007	         11.99392323	         -4.37816729	          4.19051737	          0.92163148	          0.03046179	          0.00999999	          0.00999999	          0.10812427	          0.05271522	          0.06933572	          0.02842791	          0.08146888	          0.00999999	          0.00999999	          0.10551807	          0.00999999	          0.00999999	          0.26404010	          0.13482339	          0.11237841	          0.00999999	          0.00999999	          0.10970746	          0.00999999	          0.31376455	          0.00999999	          0.17652170	          0.21304487	          0.00999999	          0.05568348	          0.02109133	          0.23540335	
          0.16000000	         -9.52650115	          0.70761594	          2.18301868	          0.20027838	          0.83885829	          0.01509097	         21.82661815	          1.45675106	          7.78389929	        -11.43589923	          8.35533664	          0.32012673	         14.33522500	          0.66474440	         -5.03763501	        -56.28723727	          5.38163323	          9.31092509	         -4.37213760	          4.14345529	          1.01723625	          0.02756791	          0.00999999	          0.00999999	          0.09386318	          0.03953642	          0.06114079	          0.02132093	          0.06645941	          0.00999999	          0.00999999	          0.09827941	          0.00999999	          0.00999999	          0.25512293	          0.12590096	          0.12591500	          0.00999999	          0.00999999	          0.12455271	          0.00999999	          0.46905000	          0.00999999	          0.17152974	          0.19592791	          0.00999999	          0.06249078	          0.01581850	          0.23856788	
          0.18000000	         -9.48557678	          1.45029515	          1.23790899	          0.22152217	          0.84296816	          0.01561445	         19.77882196	          0.89366176	          8.46968769	        -10.41818516	          8.65887876	          0.38241947	         16.77283969	          1.68970646	         -5.05119744	        -57.18118699	          5.73476265	          7.21717033	         -4.46096364	          3.93582916	          1.16197400	          0.02320202	          0.00999999	          0.00999999	          0.08395993	          0.02965231	          0.04731082	          0.01599070	          0.05240404	          0.00999999	          0.00999999	          0.09008420	          0.00999999	          0.00999999	          0.24951376	          0.12610375	          0.12779859	          0.00999999	          0.00999999	          0.14558230	          0.00999999	          0.60575170	          0.00999999	          0.16174942	          0.16062560	          0.00999999	          0.06769673	          0.01186387	          0.24323764	
          0.20000000	         -9.42117270	          2.22793305	          0.33889862	          0.24220941	          0.84645869	          0.01605395	         17.72895841	          0.20432452	          9.12404290	         -9.33592308	          8.97777445	          0.46420380	         19.43394926	          2.79533340	         -5.01681645	        -57.92950669	          6.12790010	          5.58383025	         -4.63016507	          3.59311439	          1.34004027	          0.01740152	          0.00999999	          0.00999999	          0.07853002	          0.02223923	          0.03548311	          0.01199302	          0.03944180	          0.00999999	          0.00999999	          0.07385402	          0.00999999	          0.00999999	          0.24243901	          0.12947819	          0.11466541	          0.00999999	          0.00999999	          0.16619693	          0.00999999	          0.64695529	          0.00999999	          0.15406252	          0.13474361	          0.00999999	          0.05618650	          0.00999999	          0.24140371	
          0.22000000	         -9.33279223	          3.01050069	         -0.52981262	          0.26255620	          0.84925205	          0.01641547	         15.72747719	         -0.55960510	          9.77487551	         -8.31815082	          9.35497795	          0.56922578	         22.23640032	          3.92935507	         -4.96595996	        -58.57467365	          6.60849354	          4.31661616	         -4.84693295	          3.15626903	          1.53275726	          0.01305114	          0.00999999	          0.00999999	          0.07538669	          0.01667942	          0.02661234	          0.00999999	          0.02958135	          0.00999999	          0.00999999	          0.05539051	          0.00999999	          0.00999999	          0.23336917	          0.13163094	          0.09254726	          0.00999999	          0.00999999	          0.17284830	          0.00999999	          0.48521647	          0.00999999	          0.15247412	          0.11978140	          0.00999999	          0.04213988	          0.00999999	          0.23654893	
          0.24000000	         -9.22308571	          3.76580679	         -1.39205661	          0.28290216	          0.85140810	          0.01670966	         13.78354248	         -1.35141365	         10.43075163	         -7.42011462	          9.79535125	          0.70702089	         24.94032998	          5.03575713	         -4.91108596	        -58.61085324	          7.10013675	          3.33440071	         -5.06265593	          2.67713066	          1.72523124	          0.00999999	          0.00999999	          0.00999999	          0.07308816	          0.01250957	          0.01995925	          0.00999999	          0.02218601	          0.00999999	          0.00999999	          0.04154289	          0.00999999	          0.00999999	          0.22359655	          0.13064362	          0.08361438	          0.00999999	          0.00999999	          0.16783750	          0.00999999	          0.36391235	          0.00999999	          0.15804691	          0.10900247	          0.00999999	          0.03160491	          0.00999999	          0.23347662	
          0.26000000	         -9.09699290	          4.45432925	         -2.25831371	          0.30352360	          0.85296559	          0.01697102	         11.86919441	         -2.12699740	         11.07617692	         -6.61964870	         10.29297007	          0.89415312	         27.34897023	          6.04541079	         -4.80991251	        -57.64459282	          7.56263830	          2.57004699	         -5.23926271	          2.20865302	          1.90972564	          0.00999999	          0.00999999	          0.00999999	          0.07804260	          0.00999999	          0.01496944	          0.01928012	          0.01663951	          0.00999999	          0.00999999	          0.03115716	          0.00999999	          0.00999999	          0.21325620	          0.12706686	          0.08178266	          0.01151711	          0.00999999	          0.14328869	          0.00999999	          0.27293426	          0.00999999	          0.16666514	          0.09967804	          0.00999999	          0.02370368	          0.00999999	          0.23275562	
          0.28000000	         -8.96029999	          5.03489779	         -3.12762308	          0.32459190	          0.85390142	          0.01725153	          9.94365723	         -2.84468129	         11.69003282	         -5.85565398	         10.77842460	          1.16532897	         29.35374466	          6.88151166	         -4.59003742	        -55.54691882	          7.98366706	          1.97061636	         -5.35539874	          1.79864819	          2.08331186	          0.00999999	          0.00999999	          0.00999999	          0.09098792	          0.00999999	          0.01122708	          0.08675381	          0.01247963	          0.00999999	          0.00999999	          0.02336787	          0.04827950	          0.00999999	          0.20945547	          0.12121944	          0.07455963	          0.02111117	          0.00999999	          0.10746652	          0.00999999	          0.20470070	          0.00999999	          0.17807451	          0.09302935	          0.00999999	          0.01777776	          0.00999999	          0.23312318	
          0.30000000	         -8.81857873	          5.48491606	         -3.99957719	          0.34614224	          0.85416380	          0.01760106	          8.03397364	         -3.46884216	         12.26584441	         -5.19383576	         11.28101814	          1.55993198	         30.90913746	          7.49166738	         -4.16799563	        -52.33341602	          8.32561270	          1.49321888	         -5.41123031	          1.47368244	          2.24103629	          0.00999999	          0.00999999	          0.00999999	          0.10130549	          0.00999999	          0.01145356	          0.13942562	          0.00999999	          0.00999999	          0.00999999	          0.01752590	          0.08429015	          0.00999999	          0.20572638	          0.10906094	          0.07297387	          0.02581792	          0.00999999	          0.08059989	          0.00999999	          0.15352552	          0.00999999	          0.20757383	          0.09263486	          0.01861276	          0.01333332	          0.00999999	          0.23357113	
          0.32000000	         -8.67681944	          5.80649907	         -4.87263245	          0.36818242	          0.85369198	          0.01802640	          6.16713093	         -3.99167703	         12.79174784	         -4.69922203	         11.86613547	          2.09653069	         31.99211928	          7.86820899	         -3.45889494	        -48.04325728	          8.52215171	          1.11322099	         -5.41195535	          1.23763335	          2.38316030	          0.00999999	          0.00999999	          0.00999999	          0.11252230	          0.00999999	          0.01249119	          0.20429923	          0.00999999	          0.00999999	          0.00999999	          0.01314443	          0.11652166	          0.00999999	          0.19914565	          0.10493334	          0.06656406	          0.02481687	          0.00999999	          0.06044992	          0.00999999	          0.11514414	          0.03507844	          0.25915291	          0.08550181	          0.01629113	          0.00999999	          0.00999999	          0.22890037	
          0.34000000	         -8.53978559	          6.01560038	         -5.74059592	          0.39076084	          0.85240306	          0.01852059	          4.34644750	         -4.42516357	         13.25468301	         -4.39025779	         12.55979984	          2.79183209	         32.64551560	          7.99634425	         -2.51501297	        -42.92415601	          8.45501496	          0.83373659	         -5.35020880	          1.07979773	          2.50216797	          0.00999999	          0.00999999	          0.00999999	          0.12719679	          0.00999999	          0.01691997	          0.26912233	          0.00999999	          0.00999999	          0.00999999	          0.00999999	          0.14706705	          0.00999999	          0.18857923	          0.10033297	          0.06429578	          0.01878951	          0.00999999	          0.04533744	          0.00999999	          0.08635811	          0.07261567	          0.32986470	          0.07808667	          0.01252383	          0.00999999	          0.00999999	          0.22240122	
          0.36000000	         -8.41447153	          6.14856955	         -6.58947002	          0.41390287	          0.85022628	          0.01904592	          2.56820928	         -4.80684738	         13.64567009	         -4.25761103	         13.37037275	          3.66043858	         32.99978998	          7.88528531	         -1.46640080	        -37.38025760	          8.13247071	          0.64325932	         -5.21758988	          0.96654792	          2.58739459	          0.00999999	          0.00999999	          0.00999999	          0.13274569	          0.00999999	          0.01333333	          0.32748031	          0.00999999	          0.00999999	          0.00999999	          0.00999999	          0.17643849	          0.00999999	          0.17250745	          0.08912325	          0.08393905	          0.04723693	          0.00999999	          0.03400308	          0.00999999	          0.06476858	          0.09182518	          0.40319016	          0.07322413	          0.00999999	          0.00999999	          0.00999999	          0.21747050	
          0.38000000	         -8.31204212	          6.26164415	         -7.39724849	          0.43745463	          0.84713758	          0.01957248	          0.86975916	         -5.18550919	         13.96507519	         -4.32927191	         14.29223736	          4.72440899	         33.30761035	          7.59403837	         -0.35687977	        -32.00773707	          7.67221914	          0.50969418	         -5.03559468	          0.82385620	          2.62620194	          0.01050235	          0.00999999	          0.00999999	          0.13130596	          0.00999999	          0.01000000	          0.37299305	          0.00999999	          0.00999999	          0.00999999	          0.00999999	          0.20539317	          0.00999999	          0.14188229	          0.08443887	          0.11607709	          0.07919322	          0.00999999	          0.02550231	          0.00999999	          0.04857643	          0.09543430	          0.45411595	          0.07553491	          0.00999999	          0.00999999	          0.01043997	          0.21384741	
          0.40000000	         -8.24218732	          6.40233678	         -8.13993556	          0.46125623	          0.84322570	          0.02008701	         -0.71126399	         -5.59640387	         14.19934756	         -4.63002461	         15.28860139	          6.01150699	         33.82763251	          7.19320408	          0.85876063	        -27.42605252	          7.10004172	          0.41688065	         -4.82953415	          0.57488888	          2.61139503	          0.01333332	          0.00999999	          0.00999999	          0.13152894	          0.00999999	          0.00999999	          0.39283955	          0.00999999	          0.02109778	          0.00999999	          0.00999999	          0.23231813	          0.00999999	          0.10641172	          0.08988383	          0.14173116	          0.09718906	          0.00999999	          0.01912673	          0.00999999	          0.03643233	          0.08905615	          0.45282642	          0.08434421	          0.00999999	          0.02510575	          0.00999999	          0.22077106	
          0.42000000	         -8.20672815	          6.60355199	         -8.80280517	          0.48531553	          0.83868110	          0.02056463	         -2.17355530	         -6.06700351	         14.32748656	         -5.13180985	         16.20989667	          7.59953372	         34.71471523	          6.74880346	          2.22691104	        -24.12870311	          6.52982682	          0.35399066	         -4.60258219	          0.16822729	          2.53756554	          0.00999999	          0.00999999	          0.00999999	          0.14724696	          0.00999999	          0.00999999	          0.35548507	          0.00999999	          0.08875079	          0.00999999	          0.00999999	          0.25416532	          0.10295937	          0.07980879	          0.09480549	          0.13001262	          0.11209402	          0.00999999	          0.01850724	          0.00999999	          0.06032255	          0.07911672	          0.38116900	          0.10429560	          0.00999999	          0.04632126	          0.00999999	          0.23122807	
          0.44000000	         -8.19790068	          6.89669296	         -9.40004994	          0.50982419	          0.83380751	          0.02092986	         -3.53053919	         -6.63325513	         14.36063542	         -5.81501747	         16.94767622	          9.53859069	         35.93344892	          6.33691456	          3.66407195	        -22.28625074	          6.05046562	          0.31274078	         -4.33827644	         -0.41413347	          2.39031668	          0.00999999	          0.00999999	          0.00999999	          0.13318283	          0.00999999	          0.00999999	          0.26661380	          0.00999999	          0.18458031	          0.00999999	          0.00999999	          0.27000841	          0.18560251	          0.05985659	          0.10093960	          0.09750947	          0.11562552	          0.00999999	          0.05742836	          0.00999999	          0.14068595	          0.07358957	          0.28587675	          0.07822170	          0.00999999	          0.05434002	          0.00999999	          0.23371774	
          0.46000000	         -8.20288761	          7.27645454	         -9.94805485	          0.53503910	          0.82884594	          0.02104176	         -4.70384187	         -7.27380298	         14.34101124	         -6.89025976	         17.53496141	         11.78072117	         37.28773755	          6.05089428	          4.95117276	        -21.75620446	          5.72720677	          0.28753488	         -4.01484747	         -1.12388821	          2.14646887	          0.00999999	          0.00999999	          0.00999999	          0.09988712	          0.00999999	          0.01277177	          0.19996035	          0.01757489	          0.27212831	          0.00999999	          0.00999999	          0.27688015	          0.24674329	          0.04489244	          0.09687288	          0.07313210	          0.09549497	          0.00999999	          0.11029816	          0.00999999	          0.18674612	          0.06953793	          0.21440756	          0.05866627	          0.00999999	          0.05137733	          0.00999999	          0.22980312	
          0.48000000	         -8.20956411	          7.68623114	        -10.45066886	          0.56116235	          0.82391888	          0.02075960	         -5.53723077	         -7.88916373	         14.26493276	         -8.72508170	         17.97804648	         14.34464405	         38.49700743	          5.96008010	          5.93260263	        -22.11226131	          5.53573554	          0.27243366	         -3.62340489	         -1.85566397	          1.80172245	          0.00999999	          0.00999999	          0.00999999	          0.07491534	          0.00999999	          0.03111648	          0.14997026	          0.02712700	          0.35986383	          0.00999999	          0.00999999	          0.27081695	          0.28911541	          0.03366933	          0.10628954	          0.05484907	          0.07162123	          0.00999999	          0.12994980	          0.04361091	          0.14029094	          0.05215344	          0.16080567	          0.04399971	          0.00999999	          0.03853300	          0.00999999	          0.21904316	
          0.50000000	         -8.20599428	          8.04322151	        -10.90426422	          0.58834793	          0.81905831	          0.02004939	         -5.83012995	         -8.33659605	         14.14530561	        -11.78014071	         18.23492576	         17.29877082	         39.29288417	          6.08520455	          6.64765023	        -22.94019134	          5.39383010	          0.26518270	         -3.15992622	         -2.49834609	          1.35620272	          0.01851529	          0.00999999	          0.00999999	          0.05618650	          0.02469618	          0.04213988	          0.11247770	          0.02370368	          0.43766624	          0.00999999	          0.00999999	          0.23676947	          0.30661983	          0.02525200	          0.10761012	          0.04113681	          0.05371592	          0.00999999	          0.17422199	          0.07988896	          0.10521821	          0.03911508	          0.12060425	          0.03299978	          0.00999999	          0.02889975	          0.00999999	          0.21020466	
          0.52000001	         -8.18145264	          8.28435524	        -11.30766220	          0.61663750	          0.81416845	          0.01889380	         -5.32438058	         -8.49161740	         14.09206799	        -16.60016220	         18.17477904	         20.68138085	         39.46678113	          6.45722528	          7.09253636	        -23.95591305	          5.11266045	          0.26427388	         -2.63113830	         -2.97004065	          0.81783044	          0.01388647	          0.00999999	          0.00999999	          0.04213988	          0.06247358	          0.03160491	          0.08435827	          0.01777776	          0.45022260	          0.00999999	          0.00999999	          0.17757710	          0.29944067	          0.01893900	          0.10510961	          0.03085260	          0.04028694	          0.00999999	          0.21728930	          0.08906035	          0.07891365	          0.03370715	          0.09045319	          0.02474983	          0.02238774	          0.02167481	          0.01777776	          0.21403773	
          0.54000001	         -8.13377352	          8.34468632	        -11.64942805	          0.64589263	          0.80893915	          0.01734215	         -3.88608171	         -8.25068479	         14.14273533	        -23.41922282	         17.39767825	         24.42283094	         38.96340111	          7.05163019	          7.09010071	        -25.39788969	          4.60767423	          0.25539779	         -2.06376129	         -3.20064445	          0.16118735	          0.02901790	          0.07339778	          0.00999999	          0.03160491	          0.04685519	          0.02370368	          0.09406228	          0.01333332	          0.36829184	          0.00999999	          0.00999999	          0.13318283	          0.22959467	          0.01420425	          0.11846513	          0.02313945	          0.03021520	          0.00999999	          0.18597018	          0.07374685	          0.05918524	          0.08192861	          0.06783989	          0.01856238	          0.04935986	          0.01625611	          0.01333332	          0.27333072	
          0.56000001	         -8.06259301	          8.30187371	        -11.96337742	          0.67544534	          0.80316612	          0.01559161	         -1.53157772	         -7.70239565	         14.29154313	        -32.04545981	         16.01354893	         26.91510621	         38.18000391	          7.74258389	          6.85040044	        -27.85671894	          5.19806867	          0.28022108	         -1.50407678	         -3.27868948	         -0.64775284	          0.09508506	          0.05504833	          0.00999999	          0.02370368	          0.05362670	          0.01777776	          0.09576954	          0.00999999	          0.30096811	          0.00999999	          0.00999999	          0.09988712	          0.17219600	          0.10435879	          0.10580612	          0.01735459	          0.02266140	          0.08676136	          0.13947763	          0.05531014	          0.04438893	          0.23430879	          0.05087992	          0.01392178	          0.03701990	          0.01219208	          0.00999999	          0.20499804	
          0.58000001	         -7.97482651	          8.32515542	        -12.23102224	          0.70355389	          0.79795183	          0.01372338	          1.80472006	         -7.02161927	         14.43791414	        -42.11309142	         14.43084691	         25.46801611	         37.95650838	          8.47671715	          6.35968989	        -31.33210138	          7.34277042	          1.30361995	         -1.08289977	         -3.39655541	         -1.60426849	          0.24312040	          0.15215357	          0.00999999	          0.01777776	          0.04022003	          0.01333332	          0.07182716	          0.00999999	          0.22572608	          0.00999999	          0.00999999	          0.07491534	          0.12914700	          0.31861431	          0.11073351	          0.01301594	          0.01699605	          0.30843706	          0.10460822	          0.04148260	          0.03329170	          0.26035303	          0.03815994	          0.01044134	          0.35813770	          0.06147427	          0.16504977	          0.15374853	
          0.60000001	         -7.91263211	          8.38310108	        -12.51149541	          0.72967695	          0.79573604	          0.01190482	          5.61583351	         -6.34619299	         14.37535844	        -51.65517862	         13.60174731	         20.26141907	         37.28185440	          9.11046007	          5.90765377	        -33.69454628	          9.54737433	          3.53204388	         -0.76664027	         -3.41909749	         -2.61593726	          0.25337932	          0.13098097	          0.00999999	          0.01333332	          0.03016502	          0.00999999	          0.12621636	          0.00999999	          0.16929456	          0.09629728	          0.00999999	          0.05618650	          0.09686025	          0.39145348	          0.10603775	          0.00999999	          0.01274704	          0.40567816	          0.07845617	          0.05012762	          0.02496877	          0.26340331	          0.02861995	          0.01274974	          0.43874346	          0.09533025	          0.23888102	          0.11531140	
          0.62000001	         -7.92158485	          8.37155510	        -12.82131296	          0.75392688	          0.79768856	          0.01020950	          9.40485407	         -5.74623091	         13.92210256	        -58.54064158	         14.42467412	         15.75307796	         35.84922591	          9.52810131	          5.62820602	        -34.24748187	         10.64201549	          5.91370141	         -0.49981275	         -3.19966539	         -3.61242184	          0.19003449	          0.10213144	          0.00999999	          0.00999999	          0.02262376	          0.00999999	          0.24584914	          0.00999999	          0.14828055	          0.09775034	          0.00999999	          0.04213988	          0.07264519	          0.36781878	          0.09099075	          0.00999999	          0.00999999	          0.38475976	          0.06951190	          0.05330748	          0.01872658	          0.20911615	          0.02146497	          0.09509013	          0.33780092	          0.13239506	          0.29589162	          0.08648355	
          0.64000001	         -7.98710968	          8.18941105	        -13.18023962	          0.77638250	          0.80314474	          0.00863337	         13.15830616	         -5.10052043	         13.08506667	        -62.89298988	         15.13774708	         12.24349159	         34.03451578	          9.67782256	          5.48643784	        -33.67499928	         10.43306554	          8.22070497	         -0.34155216	         -2.66889516	         -4.54079800	          0.15616745	          0.08776381	          0.00999999	          0.00999999	          0.01725789	          0.00999999	          0.18438686	          0.00999999	          0.12069001	          0.08373450	          0.00999999	          0.03160491	          0.05448389	          0.35883007	          0.06824306	          0.00999999	          0.00999999	          0.32900033	          0.05213393	          0.06833918	          0.01404493	          0.15857431	          0.01609872	          0.22532209	          0.25335069	          0.16330455	          0.30631204	          0.06486266	
          0.66000001	         -8.08074428	          7.82572062	        -13.60804728	          0.79742046	          0.81092356	          0.00713758	         16.73126706	         -4.38101799	         11.89027281	        -64.87349913	         15.82707624	          9.51337317	         31.94857871	          9.55961484	          5.37621799	        -32.29644917	          9.23968492	         10.45031067	         -0.31155620	         -1.83987826	         -5.35208973	          0.12021843	          0.06582285	          0.01220584	          0.00999999	          0.04013687	          0.00999999	          0.13829014	          0.00999999	          0.09051750	          0.06280088	          0.00999999	          0.02370368	          0.04086292	          0.35302646	          0.05118230	          0.00999999	          0.00999999	          0.24695249	          0.03910045	          0.06525546	          0.01053370	          0.12105076	          0.01207404	          0.32086720	          0.19001302	          0.18751275	          0.30041406	          0.04864699	
          0.68000001	         -8.16782889	          7.39377719	        -14.05258092	          0.81736500	          0.82010166	          0.00566134	         19.93141058	         -3.63857464	         10.43547758	        -64.57335946	         16.49294070	          7.38546606	         29.64525888	          9.31524981	          5.19196732	        -30.26605392	          7.31449586	         12.57729983	         -0.41364938	         -0.87303879	         -6.07711372	          0.09016382	          0.05951161	          0.04384599	          0.00999999	          0.04360638	          0.00999999	          0.10371761	          0.00999999	          0.06788813	          0.04710066	          0.00999999	          0.01777776	          0.03064719	          0.35294538	          0.03838672	          0.00999999	          0.00999999	          0.18521437	          0.04115396	          0.04894159	          0.00999999	          0.09078807	          0.00999999	          0.41065439	          0.14250976	          0.21268868	          0.23730845	          0.03648525	
          0.70000001	         -8.21269505	          7.10018026	        -14.49839011	          0.83632918	          0.82986378	          0.00408190	         22.59415330	         -3.06117907	          8.90996943	        -62.03371836	         17.16789801	          5.72480909	         27.28704854	          9.18596683	          4.86690998	        -27.85286755	          4.84144148	         14.48191387	         -0.66013224	         -0.02053846	         -6.68868601	          0.06762286	          0.04463370	          0.12837686	          0.14327377	          0.21586456	          0.00999999	          0.07778820	          0.00999999	          0.05091610	          0.03532549	          0.01532477	          0.01333332	          0.02298539	          0.35450916	          0.02879004	          0.08764833	          0.05352787	          0.13891077	          0.03086547	          0.03670620	          0.00999999	          0.06809105	          0.37135649	          0.45988271	          0.10688232	          0.18964345	          0.17798134	          0.02736393	
          0.72000001	         -8.20456287	          7.10601561	        -14.82240114	          0.85394575	          0.83923462	          0.00221188	         24.33169307	         -2.72034873	          7.84675699	        -56.84644621	         17.78299361	          4.40666620	         25.62672324	          9.45959498	          4.59723156	        -26.31465972	          1.94593084	         16.08240150	         -1.13687906	          0.44922661	         -7.15710144	          0.05071715	          0.03347528	          0.11317231	          0.22432159	          0.33782854	          0.00999999	          0.05834115	          0.09356053	          0.03818707	          0.02649412	          0.01149358	          0.00999999	          0.01723904	          0.35989275	          0.02159253	          0.27100221	          0.12258268	          0.10418308	          0.02314910	          0.02752965	          0.35189454	          0.05106829	          0.73058136	          0.55368407	          0.08016174	          0.14223258	          0.13348600	          0.02052295	
          0.74000001	         -8.14968138	          7.41478853	        -14.87454926	          0.86976603	          0.84694972	          0.00015966	         24.76988137	         -2.57545394	          7.47563889	        -48.90850443	         18.18723421	          3.24773466	         25.49010805	         10.21792578	          4.58325579	        -27.20312831	         -0.06544637	         16.07888613	         -1.94281961	          0.36882896	         -7.46199972	          0.03803786	          0.02510646	          0.08487923	          0.28163936	          0.25337141	          0.15617665	          0.04375586	          0.07017040	          0.02864030	          0.01987059	          0.00999999	          0.00999999	          0.01292928	          0.36296637	          0.01619440	          0.24599005	          0.09193701	          0.07813731	          0.01736183	          0.02064723	          0.26392090	          0.03830122	          0.85319780	          0.75227179	          0.06012131	          0.10667444	          0.10011450	          0.27531027	
          0.76000001	         -8.07272535	          7.88898496	        -14.65420046	          0.88461660	          0.85141532	         -0.00193446	         23.91678326	         -2.65925593	          7.77203464	        -39.79451802	         18.29575694	          2.24219675	         26.62239226	         11.23654161	          4.70372872	        -30.06259067	          0.34845411	         13.34284081	         -2.96016293	         -0.09894303	         -7.62830530	          0.02852840	          0.01882984	          0.06365942	          0.27033675	          0.19002856	          0.23910092	          0.03281690	          0.05262780	          0.02148023	          0.01490294	          0.00999999	          0.00999999	          0.00999999	          0.33928331	          0.02890169	          0.18449254	          0.06895275	          0.05860298	          0.01302137	          0.01548543	          0.19794068	          0.02872591	          0.73833793	          0.89383077	          0.04509098	          0.08000583	          0.07508588	          0.39325263	
          0.78000001	         -8.00173871	          8.28551920	        -14.23782998	          0.89918774	          0.85196856	         -0.00362989	         22.17913367	         -2.76856329	          8.36714313	        -31.70309426	         18.15036201	          1.53730269	         28.19655069	         11.93099820	          4.65537495	        -31.97967832	          2.10590812	         10.39640395	         -4.08323146	         -0.65750904	         -7.68774508	          0.02317426	          0.01412238	          0.04774457	          0.20275256	          0.14252142	          0.29068909	          0.02461267	          0.03947085	          0.01611017	          0.01117721	          0.00999999	          0.02066620	          0.01009133	          0.36523166	          0.05232429	          0.13836940	          0.05171457	          0.04395224	          0.00999999	          0.01161407	          0.23899420	          0.02154443	          0.59825862	          0.90676391	          0.03381823	          0.06000437	          0.05631441	          0.33442112	
          0.80000001	         -7.95549694	          8.49671192	        -13.70700822	          0.91349179	          0.84856299	         -0.00486918	         20.50661312	         -2.89253587	          8.54261779	        -28.40140928	         17.92533208	          1.45002098	         29.97299601	         12.05328398	          4.33440448	        -31.94724839	          3.50928897	          8.04521988	         -5.27641870	         -1.15946459	         -7.63647538	          0.01738069	          0.01059179	          0.03580843	          0.16725807	          0.10689106	          0.24524712	          0.01845950	          0.02960314	          0.01208263	          0.00999999	          0.08629217	          0.09257917	          0.00999999	          0.27392374	          0.09161328	          0.12732589	          0.04655053	          0.03296418	          0.00999999	          0.00999999	          0.31776172	          0.01615833	          0.44869396	          0.68007293	          0.02536368	          0.04500328	          0.04223581	          0.27722721	
          0.82000001	         -7.96892508	          8.31792158	        -13.14972356	          0.92781177	          0.84239456	         -0.00597837	         18.83111224	         -3.18977364	          8.20065735	        -27.86116124	         19.84846023	          2.77170857	         31.97708447	         11.53171874	          3.95233978	        -31.02517714	          4.34095753	          6.21551906	         -6.50187498	         -1.31481202	         -7.40710007	          0.01303552	          0.02860009	          0.02685632	          0.25481051	          0.08016830	          0.18393534	          0.01384463	          0.03903290	          0.00999999	          0.00999999	          0.12072560	          0.14517189	          0.16456898	          0.20544281	          0.18638032	          0.09549442	          0.03491290	          0.02472313	          0.01000000	          0.00999999	          0.44071286	          0.01211874	          0.37688101	          0.51005470	          0.01902276	          0.03375246	          0.03167685	          0.24792564	
          0.84000001	         -8.03710830	          7.88265735	        -12.63236037	          0.94234576	          0.83580103	         -0.00646990	         17.34006314	         -3.21841361	          7.45567834	        -27.67044719	         21.74789479	          4.52186248	         34.10886375	         10.51666543	          3.70888815	        -29.82959617	          4.79298518	          4.80246667	         -7.66639169	         -1.34042134	         -7.04807230	          0.02376515	          0.02145007	          0.02014224	          0.28023281	          0.06012622	          0.13795150	          0.01038347	          0.02927468	          0.00999999	          0.13926166	          0.17936264	          0.19076731	          0.22620890	          0.15408211	          0.20732308	          0.07162082	          0.02618468	          0.01854235	          0.00999999	          0.00999999	          0.33053465	          0.00999999	          0.31075698	          0.38254102	          0.01426707	          0.02531434	          0.02375764	          0.22921955	
          0.86000001	         -8.14989897	          7.38489517	        -12.15634079	          0.95784689	          0.83060803	         -0.00659197	         16.18941287	         -3.11311538	          6.58441812	        -28.04064091	         23.06271311	          6.36897185	         36.02541270	          9.30439550	          3.81865983	        -28.11396605	          5.05126990	          3.69956687	         -8.64892850	         -1.39620038	         -6.61360205	          0.07010506	          0.01608755	          0.01510668	          0.27517367	          0.04509467	          0.10346363	          0.00999999	          0.02195601	          0.00999999	          0.18738128	          0.21508572	          0.21833651	          0.26466410	          0.11556158	          0.20303605	          0.07912619	          0.01963851	          0.01390676	          0.00999999	          0.00999999	          0.24790098	          0.03772846	          0.27183206	          0.28690577	          0.01070030	          0.01898576	          0.01781823	          0.22373237	
          0.88000001	         -8.30305554	          6.90622122	        -11.69472024	          0.97522576	          0.82728629	         -0.00658888	         14.86004866	         -3.04174645	          5.62952715	        -28.08924097	         23.67269817	          8.22519360	         37.45106542	          8.06153035	          4.20380694	        -25.80307996	          5.32306654	          2.84462862	         -9.32584210	         -1.50902285	         -6.10051581	          0.06751383	          0.01206566	          0.01133001	          0.24327445	          0.03382100	          0.07759772	          0.00999999	          0.01646701	          0.00999999	          0.19081772	          0.20827559	          0.23955715	          0.27772884	          0.08667118	          0.19062969	          0.06476018	          0.01472888	          0.01043007	          0.00999999	          0.00999999	          0.18592574	          0.05251129	          0.24742620	          0.21517932	          0.01795660	          0.01423932	          0.01336367	          0.22334889	
          0.90000001	         -8.48895352	          6.44575386	        -11.24293019	          0.99470706	          0.82555898	         -0.00651626	         13.14936755	         -3.00747371	          4.62402562	        -27.50853421	         23.63189143	         10.07036921	         38.29380466	          6.82323425	          4.75513801	        -23.00150469	          5.66924287	          2.18639936	         -9.68285401	         -1.66660211	         -5.52263958	          0.05063538	          0.00999999	          0.00999999	          0.18309978	          0.02536575	          0.05819829	          0.00999999	          0.02440013	          0.00999999	          0.16564749	          0.17285001	          0.25907239	          0.27662044	          0.06500339	          0.19218057	          0.04857014	          0.01104666	          0.00999999	          0.02074702	          0.00999999	          0.13944430	          0.06332504	          0.20887634	          0.16138449	          0.02407533	          0.01067949	          0.01002275	          0.22415762	
          0.92000001	         -8.69106557	          5.98080492	        -10.79813993	          1.01619063	          0.82485527	         -0.00633380	         11.12053709	         -2.95727188	          3.57464915	        -26.46391612	         23.00250348	         11.97462828	         38.51487031	          5.59149524	          5.36000058	        -19.76059067	          6.03015938	          1.68437976	         -9.74935106	         -1.86115989	         -4.91862755	          0.07799596	          0.00999999	          0.00999999	          0.13732483	          0.01902431	          0.04364872	          0.00999999	          0.01830010	          0.00999999	          0.14373795	          0.12963751	          0.27898270	          0.27142994	          0.04875254	          0.18104127	          0.04095883	          0.00999999	          0.00999999	          0.05876605	          0.00999999	          0.10458323	          0.06662268	          0.15665726	          0.12103837	          0.01805650	          0.00999999	          0.00999999	          0.23008702	
          0.94000001	         -8.88324392	          5.52913248	        -10.34161785	          1.03964081	          0.82458463	         -0.00620130	          8.88442217	         -2.90460497	          2.46955253	        -25.22352034	         21.88971144	         14.03701643	         38.11618165	          4.46635646	          5.82333120	        -16.26116337	          6.40008704	          1.30433802	         -9.54036189	         -2.09154078	         -4.30773866	          0.08928003	          0.00999999	          0.00999999	          0.10299362	          0.01426823	          0.03273654	          0.00999999	          0.01372507	          0.00999999	          0.10780346	          0.09722813	          0.29237675	          0.25918141	          0.03656440	          0.17241490	          0.04419362	          0.00999999	          0.00999999	          0.07533481	          0.00999999	          0.07843742	          0.04996701	          0.11749294	          0.09077878	          0.01354237	          0.00999999	          0.00999999	          0.23725972	
          0.96000001	         -9.05074440	          5.06540191	         -9.85546152	          1.06494951	          0.82429157	         -0.00624710	          6.55116203	         -2.81938746	          1.29084981	        -24.04005171	         20.38140459	         16.32966702	         37.19217283	          3.49797048	          6.07187624	        -12.88429439	          6.76283626	          1.02133892	         -9.08237784	         -2.31812045	         -3.69391834	          0.08557432	          0.00999999	          0.00999999	          0.07724522	          0.01070118	          0.02455240	          0.00999999	          0.01029381	          0.00999999	          0.08085260	          0.07292110	          0.29437540	          0.23855793	          0.02742330	          0.16999882	          0.04031722	          0.00999999	          0.00999999	          0.07960793	          0.00999999	          0.05882807	          0.03747526	          0.08811971	          0.06808408	          0.01015678	          0.00999999	          0.00999999	          0.24590668	
          0.98000001	         -9.18935805	          4.54205684	         -9.32481023	          1.09190153	          0.82367354	         -0.00654626	          4.29567160	         -2.64547611	          0.08375445	        -23.25748011	         18.55502989	         18.86488730	         35.92676512	          2.70151027	          6.02528815	        -10.27626775	          7.07465090	          0.81727403	         -8.41451970	         -2.48978501	         -3.09756934	          0.06790680	          0.00999999	          0.00999999	          0.05793391	          0.03593380	          0.01841430	          0.00999999	          0.00999999	          0.12587230	          0.06063945	          0.05469082	          0.28218041	          0.21031997	          0.02056748	          0.15319451	          0.03023791	          0.00999999	          0.02349662	          0.12694176	          0.06051753	          0.28395843	          0.02810644	          0.06608978	          0.05106306	          0.00999999	          0.01333332	          0.00999999	          0.25315009	
          1.00000001	         -9.29765495	          3.94372323	         -8.76763571	          1.12000001	          0.82254126	         -0.00723071	          2.51423649	         -2.38048133	         -1.03440630	        -23.56532017	         16.52670671	         21.59310766	         34.63026451	          2.16823524	          5.57797949	         -9.68912492	          6.99361885	          0.68031205	         -7.61139489	         -2.58518779	         -2.52799356	          0.05093010	          0.00999999	          0.00999999	          0.04345043	          0.04916938	          0.01381073	          0.01000000	          0.01000000	          0.18573283	          0.04547959	          0.04101812	          0.24271935	          0.15800655	          0.01542561	          0.15450458	          0.02267844	          0.00999999	          0.11005314	          0.18607112	          0.04538815	          0.21296883	          0.02107983	          0.04956733	          0.03829730	          0.00999999	          0.00999999	          0.00999999	          0.26836811	
          1.02000001	         -9.38036763	          3.25854429	         -8.20037452	          1.14870875	          0.82109584	         -0.00830009	          1.48520194	         -2.04247500	         -2.05461951	        -25.37229500	         14.28025066	         24.32481774	         33.22471267	          1.97342529	          4.86996200	        -10.64603196	          6.90430712	          0.54825519	         -6.74596247	         -2.60209128	         -1.99936697	          0.06375831	          0.00999999	          0.00999999	          0.03258783	          0.08626003	          0.04374766	          0.01373748	          0.00999999	          0.28655223	          0.03410969	          0.03076359	          0.18203951	          0.11850491	          0.01156921	          0.11587843	          0.01700883	          0.00999999	          0.09604913	          0.17150227	          0.07425212	          0.15972662	          0.09475629	          0.03717550	          0.02872297	          0.00999999	          0.01333333	          0.01333332	          0.31014798	
          1.04000001	         -9.44650889	          2.65124485	         -7.58831711	          1.17676180	          0.82011608	         -0.00948051	          1.54919881	         -1.81152138	         -2.99494130	        -29.00565904	         11.69004623	         26.57622494	         31.80515396	          1.92161224	          4.51770338	        -11.42059334	          6.24135607	          0.44372648	         -5.95957056	         -2.76531800	         -1.57151603	          0.10615020	          0.00999999	          0.00999999	          0.02444087	          0.15024676	          0.03281075	          0.05639513	          0.00999999	          0.33981766	          0.02558227	          0.02307269	          0.13652963	          0.08887869	          0.00999999	          0.09662702	          0.01275662	          0.00999999	          0.14423186	          0.20037283	          0.07382306	          0.11979497	          0.13551007	          0.02788163	          0.02154223	          0.05198256	          0.01000000	          0.00999999	          0.35567463	
          1.06000001	         -9.49485473	          2.12299476	         -6.89464759	          1.20340178	          0.82048730	         -0.01072089	          2.78581576	         -1.70949026	         -3.81787953	        -34.33243874	          8.51212414	         27.44103012	         30.51824628	          1.97403105	          4.52199285	        -12.34558235	          6.16539140	          0.35912392	         -5.35681339	         -3.07058522	         -1.24771905	          0.13210451	          0.00999999	          0.00999999	          0.01833065	          0.19680375	          0.02460806	          0.07323195	          0.00999999	          0.31044632	          0.01918670	          0.01730452	          0.10239723	          0.06665901	          0.00999999	          0.07247026	          0.00999999	          0.00999999	          0.13699434	          0.16660613	          0.06632299	          0.08984622	          0.13184430	          0.02091122	          0.01615667	          0.13953224	          0.00999999	          0.00999999	          0.36301254	
          1.08000001	         -9.52801532	          1.62140693	         -6.08865455	          1.22857916	          0.82263535	         -0.01188807	          4.93280170	         -1.64707973	         -4.42500135	        -40.74145963	          5.31407208	         25.13802777	         29.10609116	          2.05790966	          4.88960559	        -12.93270447	          6.48409979	          0.29947450	         -4.94582316	         -3.44564314	         -1.02581844	          0.18487829	          0.05603321	          0.00999999	          0.01374799	          0.14760281	          0.01845604	          0.05492396	          0.00999999	          0.25415119	          0.01439002	          0.01297839	          0.07679792	          0.04999426	          0.18186683	          0.05435270	          0.00999999	          0.00999999	          0.15007776	          0.12495460	          0.05813747	          0.06738467	          0.12508256	          0.01568341	          0.01211750	          0.14908431	          0.00999999	          0.00999999	          0.33972259	
          1.10000001	         -9.54480087	          1.11706492	         -5.17098001	          1.25262325	          0.82590520	         -0.01290583	          7.40872047	         -1.43145529	         -4.72047694	        -47.07949276	          3.98436708	         19.84771539	         27.49066730	          2.10964834	          5.52109288	        -13.06205085	          6.96878086	          0.26814110	         -4.66800346	         -3.80247717	         -0.91018411	          0.18383812	          0.07812695	          0.00999999	          0.01031099	          0.11070211	          0.01384203	          0.08601320	          0.00999999	          0.20224177	          0.11790635	          0.00999999	          0.05759844	          0.03749569	          0.24027544	          0.04076452	          0.00999999	          0.00999999	          0.14478477	          0.09371595	          0.06479671	          0.05053850	          0.11747030	          0.01176256	          0.00999999	          0.13331204	          0.00999999	          0.00999999	          0.30994191	
          1.12000001	         -9.55118820	          0.57701322	         -4.17906970	          1.27585529	          0.82991565	         -0.01374523	          9.77688586	         -0.93476670	         -4.85994164	        -51.78705511	          4.53297172	         15.43314433	         25.71608935	          2.05830571	          6.26922712	        -12.82515544	          7.53322346	          0.25999137	         -4.47885596	         -4.06860089	         -0.88408603	          0.15642970	          0.09529033	          0.00999999	          0.00999999	          0.09784617	          0.01038152	          0.18564477	          0.00999999	          0.18366905	          0.18631821	          0.00999999	          0.04929446	          0.02812177	          0.23571281	          0.03317411	          0.00999999	          0.00999999	          0.12858387	          0.07028696	          0.06984929	          0.03790388	          0.09715762	          0.00999999	          0.00999999	          0.11480062	          0.00999999	          0.00999999	          0.28107079	
          1.14000001	         -9.54672693	         -0.02650921	         -3.17091375	          1.29839422	          0.83437950	         -0.01447158	         12.04900794	         -0.22610290	         -4.96720296	        -54.70974036	          5.00819007	         11.99392323	         23.81984344	          1.85096888	          7.04621750	        -12.26827741	          8.00040004	          0.27836348	         -4.37816729	         -4.19051737	         -0.92163148	          0.13482339	          0.11237841	          0.00999999	          0.00999999	          0.10970746	          0.00999999	          0.31376455	          0.00999999	          0.17652170	          0.21304487	          0.00999999	          0.05568348	          0.02109133	          0.23540335	          0.03046179	          0.00999999	          0.00999999	          0.10812427	          0.05271522	          0.06933572	          0.02842791	          0.08146888	          0.00999999	          0.00999999	          0.10551807	          0.00999999	          0.00999999	          0.26404010	
          1.16000001	         -9.52650115	         -0.70761594	         -2.18301868	          1.32027839	          0.83885829	         -0.01509097	         14.33522500	          0.66474440	         -5.03763501	        -56.28723727	          5.38163323	          9.31092509	         21.82661815	          1.45675106	          7.78389929	        -11.43589923	          8.35533664	          0.32012673	         -4.37213760	         -4.14345529	         -1.01723625	          0.12590096	          0.12591500	          0.00999999	          0.00999999	          0.12455271	          0.00999999	          0.46905000	          0.00999999	          0.17152974	          0.19592791	          0.00999999	          0.06249078	          0.01581850	          0.23856788	          0.02756791	          0.00999999	          0.00999999	          0.09386318	          0.03953642	          0.06114079	          0.02132093	          0.06645941	          0.00999999	          0.00999999	          0.09827941	          0.00999999	          0.00999999	          0.25512293	
          1.18000001	         -9.48557678	         -1.45029515	         -1.23790899	          1.34152218	          0.84296816	         -0.01561445	         16.77283969	          1.68970646	         -5.05119744	        -57.18118699	          5.73476265	          7.21717033	         19.77882196	          0.89366176	          8.46968769	        -10.41818516	          8.65887876	          0.38241947	         -4.46096364	         -3.93582916	         -1.16197400	          0.12610375	          0.12779859	          0.00999999	          0.00999999	          0.14558230	          0.00999999	          0.60575170	          0.00999999	          0.16174942	          0.16062560	          0.00999999	          0.06769673	          0.01186387	          0.24323764	          0.02320202	          0.00999999	          0.00999999	          0.08395993	          0.02965231	          0.04731082	          0.01599070	          0.05240404	          0.00999999	          0.00999999	          0.09008420	          0.00999999	          0.00999999	          0.24951376	
          1.20000001	         -9.42117270	         -2.22793305	         -0.33889862	          1.36220942	          0.84645869	         -0.01605395	         19.43394926	          2.79533340	         -5.01681645	        -57.92950669	          6.12790010	          5.58383025	         17.72895841	          0.20432452	          9.12404290	         -9.33592308	          8.97777445	          0.46420380	         -4.63016507	         -3.59311439	         -1.34004027	          0.12947819	          0.11466541	          0.00999999	          0.00999999	          0.16619693	          0.00999999	          0.64695529	          0.00999999	          0.15406252	          0.13474361	          0.00999999	          0.05618650	          0.00999999	          0.24140371	          0.01740152	          0.00999999	          0.00999999	          0.07853002	          0.02223923	          0.03548311	          0.01199302	          0.03944180	          0.00999999	          0.00999999	          0.07385402	          0.00999999	          0.00999999	          0.24243901	
          1.22000001	         -9.33279223	         -3.01050069	          0.52981262	          1.38255621	          0.84925205	         -0.01641547	         22.23640032	          3.92935507	         -4.96595996	        -58.57467365	          6.60849354	          4.31661616	         15.72747719	         -0.55960510	          9.77487551	         -8.31815082	          9.35497795	          0.56922578	         -4.84693295	         -3.15626903	         -1.53275726	          0.13163094	          0.09254726	          0.00999999	          0.00999999	          0.17284830	          0.00999999	          0.48521647	          0.00999999	          0.15247412	          0.11978140	          0.00999999	          0.04213988	          0.00999999	          0.23654893	          0.01305114	          0.00999999	          0.00999999	          0.07538669	          0.01667942	          0.02661234	          0.00999999	          0.02958135	          0.00999999	          0.00999999	          0.05539051	          0.00999999	          0.00999999	          0.23336917	
          1.24000001	         -9.22308571	         -3.76580679	          1.39205661	          1.40290217	          0.85140810	         -0.01670966	         24.94032998	          5.03575713	         -4.91108596	        -58.61085324	          7.10013675	          3.33440071	         13.78354248	         -1.35141365	         10.43075163	         -7.42011462	          9.79535125	          0.70702089	         -5.06265593	         -2.67713066	         -1.72523124	          0.13064362	          0.08361438	          0.00999999	          0.00999999	          0.16783750	          0.00999999	          0.36391235	          0.00999999	          0.15804691	          0.10900247	          0.00999999	          0.03160491	          0.00999999	          0.23347662	          0.00999999	          0.00999999	          0.00999999	          0.07308816	          0.01250957	          0.01995925	          0.00999999	          0.02218601	          0.00999999	          0.00999999	          0.04154289	          0.00999999	          0.00999999	          0.22359655	
          1.26000001	         -9.09699290	         -4.45432925	          2.25831371	          1.42352361	          0.85296559	         -0.01697102	         27.34897023	          6.04541079	         -4.80991251	        -57.64459282	          7.56263830	          2.57004699	         11.86919441	         -2.12699740	         11.07617692	         -6.61964870	         10.29297007	          0.89415312	         -5.23926271	         -2.20865302	         -1.90972564	          0.12706686	          0.08178266	          0.01151711	          0.00999999	          0.14328869	          0.00999999	          0.27293426	          0.00999999	          0.16666514	          0.09967804	          0.00999999	          0.02370368	          0.00999999	          0.23275562	          0.00999999	          0.00999999	          0.00999999	          0.07804260	          0.00999999	          0.01496944	          0.01928012	          0.01663951	          0.00999999	          0.00999999	          0.03115716	          0.00999999	          0.00999999	          0.21325620	
          1.28000001	         -8.96029999	         -5.03489779	          3.12762308	          1.44459191	          0.85390142	         -0.01725153	         29.35374466	          6.88151166	         -4.59003742	        -55.54691882	          7.98366706	          1.97061636	          9.94365723	         -2.84468129	         11.69003282	         -5.85565398	         10.77842460	          1.16532897	         -5.35539874	         -1.79864819	         -2.08331186	          0.12121944	          0.07455963	          0.02111117	          0.00999999	          0.10746652	          0.00999999	          0.20470070	          0.00999999	          0.17807451	          0.09302935	          0.00999999	          0.01777776	          0.00999999	          0.23312318	          0.00999999	          0.00999999	          0.00999999	          0.09098792	          0.00999999	          0.01122708	          0.08675381	          0.01247963	          0.00999999	          0.00999999	          0.02336787	          0.04827950	          0.00999999	          0.20945547	
          1.30000001	         -8.81857873	         -5.48491606	          3.99957719	          1.46614226	          0.85416380	         -0.01760106	         30.90913746	          7.49166738	         -4.16799563	        -52.33341602	          8.32561270	          1.49321888	          8.03397364	         -3.46884216	         12.26584441	         -5.19383576	         11.28101814	          1.55993198	         -5.41123031	         -1.47368244	         -2.24103629	          0.10906094	          0.07297387	          0.02581792	          0.00999999	          0.08059989	          0.00999999	          0.15352552	          0.00999999	          0.20757383	          0.09263486	          0.01861276	          0.01333332	          0.00999999	          0.23357113	          0.00999999	          0.00999999	          0.00999999	          0.10130549	          0.00999999	          0.01145356	          0.13942562	          0.00999999	          0.00999999	          0.00999999	          0.01752590	          0.08429015	          0.00999999	          0.20572638	
          1.32000001	         -8.67681944	         -5.80649907	          4.87263245	          1.48818243	          0.85369198	         -0.01802640	         31.99211928	          7.86820899	         -3.45889494	        -48.04325728	          8.52215171	          1.11322099	          6.16713093	         -3.99167703	         12.79174784	         -4.69922203	         11.86613547	          2.09653069	         -5.41195535	         -1.23763335	         -2.38316030	          0.10493334	          0.06656406	          0.02481687	          0.00999999	          0.06044992	          0.00999999	          0.11514414	          0.03507844	          0.25915291	          0.08550181	          0.01629113	          0.00999999	          0.00999999	          0.22890037	          0.00999999	          0.00999999	          0.00999999	          0.11252230	          0.00999999	          0.01249119	          0.20429923	          0.00999999	          0.00999999	          0.00999999	          0.01314443	          0.11652166	          0.00999999	          0.19914565	
          1.34000001	         -8.53978559	         -6.01560038	          5.74059592	          1.51076085	          0.85240306	         -0.01852059	         32.64551560	          7.99634425	         -2.51501297	        -42.92415601	          8.45501496	          0.83373659	          4.34644750	         -4.42516357	         13.25468301	         -4.39025779	         12.55979984	          2.79183209	         -5.35020880	         -1.07979773	         -2.50216797	          0.10033297	          0.06429578	          0.01878951	          0.00999999	          0.04533744	          0.00999999	          0.08635811	          0.07261567	          0.32986470	          0.07808667	          0.01252383	          0.00999999	          0.00999999	          0.22240122	          0.00999999	          0.00999999	          0.00999999	          0.12719679	          0.00999999	          0.01691997	          0.26912233	          0.00999999	          0.00999999	          0.00999999	          0.00999999	          0.14706705	          0.00999999	          0.18857923	
          1.36000001	         -8.41447153	         -6.14856955	          6.58947002	          1.53390288	          0.85022628	         -0.01904592	         32.99978998	          7.88528531	         -1.46640080	        -37.38025760	          8.13247071	          0.64325932	          2.56820928	         -4.80684738	         13.64567009	         -4.25761103	         13.37037275	          3.66043858	         -5.21758988	         -0.96654792	         -2.58739459	          0.08912325	          0.08393905	          0.04723693	          0.00999999	          0.03400308	          0.00999999	          0.06476858	          0.09182518	          0.40319016	          0.07322413	          0.00999999	          0.00999999	          0.00999999	          0.21747050	          0.00999999	          0.00999999	          0.00999999	          0.13274569	          0.00999999	          0.01333333	          0.32748031	          0.00999999	          0.00999999	          0.00999999	          0.00999999	          0.17643849	          0.00999999	          0.17250745	
          1.38000001	         -8.31204212	         -6.26164415	          7.39724849	          1.55745465	          0.84713758	         -0.01957248	         33.30761035	          7.59403837	         -0.35687977	        -32.00773707	          7.67221914	          0.50969418	          0.86975916	         -5.18550919	         13.96507519	         -4.32927191	         14.29223736	          4.72440899	         -5.03559468	         -0.82385620	         -2.62620194	          0.08443887	          0.11607709	          0.07919322	          0.00999999	          0.02550231	          0.00999999	          0.04857643	          0.09543430	          0.45411595	          0.07553491	          0.00999999	          0.00999999	          0.01043997	          0.21384741	          0.01050235	          0.00999999	          0.00999999	          0.13130596	          0.00999999	          0.01000000	          0.37299305	          0.00999999	          0.00999999	          0.00999999	          0.00999999	          0.20539317	          0.00999999	          0.14188229	
          1.40000001	         -8.24218732	         -6.40233678	          8.13993556	          1.58125624	          0.84322570	         -0.02008701	         33.82763251	          7.19320408	          0.85876063	        -27.42605252	          7.10004172	          0.41688065	         -0.71126399	         -5.59640387	         14.19934756	         -4.63002461	         15.28860139	          6.01150699	         -4.82953415	         -0.57488888	         -2.61139503	          0.08988383	          0.14173116	          0.09718906	          0.00999999	          0.01912673	          0.00999999	          0.03643233	          0.08905615	          0.45282642	          0.08434421	          0.00999999	          0.02510575	          0.00999999	          0.22077106	          0.01333332	          0.00999999	          0.00999999	          0.13152894	          0.00999999	          0.00999999	          0.39283955	          0.00999999	          0.02109778	          0.00999999	          0.00999999	          0.23231813	          0.00999999	          0.10641172	
          1.42000001	         -8.20672815	         -6.60355199	          8.80280517	          1.60531554	          0.83868110	         -0.02056463	         34.71471523	          6.74880346	          2.22691104	        -24.12870311	          6.52982682	          0.35399066	         -2.17355530	         -6.06700351	         14.32748656	         -5.13180985	         16.20989667	          7.59953372	         -4.60258219	         -0.16822729	         -2.53756554	          0.09480549	          0.13001262	          0.11209402	          0.00999999	          0.01850724	          0.00999999	          0.06032255	          0.07911672	          0.38116900	          0.10429560	          0.00999999	          0.04632126	          0.00999999	          0.23122807	          0.00999999	          0.00999999	          0.00999999	          0.14724696	          0.00999999	          0.00999999	          0.35548507	          0.00999999	          0.08875079	          0.00999999	          0.00999999	          0.25416532	          0.10295937	          0.07980879	
          1.44000001	         -8.19790068	         -6.89669296	          9.40004994	          1.62982420	          0.83380751	         -0.02092986	         35.93344892	          6.33691456	          3.66407195	        -22.28625074	          6.05046562	          0.31274078	         -3.53053919	         -6.63325513	         14.36063542	         -5.81501747	         16.94767622	          9.53859069	         -4.33827644	          0.41413347	         -2.39031668	          0.10093960	          0.09750947	          0.11562552	          0.00999999	          0.05742836	          0.00999999	          0.14068595	          0.07358957	          0.28587675	          0.07822170	          0.00999999	          0.05434002	          0.00999999	          0.23371774	          0.00999999	          0.00999999	          0.00999999	          0.13318283	          0.00999999	          0.00999999	          0.26661380	          0.00999999	          0.18458031	          0.00999999	          0.00999999	          0.27000841	          0.18560251	          0.05985659	
          1.46000001	         -8.20288761	         -7.27645454	          9.94805485	          1.65503911	          0.82884594	         -0.02104176	         37.28773755	          6.05089428	          4.95117276	        -21.75620446	          5.72720677	          0.28753488	         -4.70384187	         -7.27380298	         14.34101124	         -6.89025976	         17.53496141	         11.78072117	         -4.01484747	          1.12388821	         -2.14646887	          0.09687288	          0.07313210	          0.09549497	          0.00999999	          0.11029816	          0.00999999	          0.18674612	          0.06953793	          0.21440756	          0.05866627	          0.00999999	          0.05137733	          0.00999999	          0.22980312	          0.00999999	          0.00999999	          0.00999999	          0.09988712	          0.00999999	          0.01277177	          0.19996035	          0.01757489	          0.27212831	          0.00999999	          0.00999999	          0.27688015	          0.24674329	          0.04489244	
          1.48000001	         -8.20956411	         -7.68623114	         10.45066886	          1.68116236	          0.82391888	         -0.02075960	         38.49700743	          5.96008010	          5.93260263	        -22.11226131	          5.53573554	          0.27243366	         -5.53723077	         -7.88916373	         14.26493276	         -8.72508170	         17.97804648	         14.34464405	         -3.62340489	          1.85566397	         -1.80172245	          0.10628954	          0.05484907	          0.07162123	          0.00999999	          0.12994980	          0.04361091	          0.14029094	          0.05215344	          0.16080567	          0.04399971	          0.00999999	          0.03853300	          0.00999999	          0.21904316	          0.00999999	          0.00999999	          0.00999999	          0.07491534	          0.00999999	          0.03111648	          0.14997026	          0.02712700	          0.35986383	          0.00999999	          0.00999999	          0.27081695	          0.28911541	          0.03366933	
          1.50000001	         -8.20599428	         -8.04322151	         10.90426422	          1.70834794	          0.81905831	         -0.02004939	         39.29288417	          6.08520455	          6.64765023	        -22.94019134	          5.39383010	          0.26518270	         -5.83012995	         -8.33659605	         14.14530561	        -11.78014071	         18.23492576	         17.29877082	         -3.15992622	          2.49834609	         -1.35620272	          0.10761012	          0.04113681	          0.05371592	          0.00999999	          0.17422199	          0.07988896	          0.10521821	          0.03911508	          0.12060425	          0.03299978	          0.00999999	          0.02889975	          0.00999999	          0.21020466	          0.01851529	          0.00999999	          0.00999999	          0.05618650	          0.02469618	          0.04213988	          0.11247770	          0.02370368	          0.43766624	          0.00999999	          0.00999999	          0.23676947	          0.30661983	          0.02525200	
          1.52000002	         -8.18145264	         -8.28435524	         11.30766220	          1.73663752	          0.81416845	         -0.01889380	         39.46678113	          6.45722528	          7.09253636	        -23.95591305	          5.11266045	          0.26427388	         -5.32438058	         -8.49161740	         14.09206799	        -16.60016220	         18.17477904	         20.68138085	         -2.63113830	          2.97004065	         -0.81783044	          0.10510961	          0.03085260	          0.04028694	          0.00999999	          0.21728930	          0.08906035	          0.07891365	          0.03370715	          0.09045319	          0.02474983	          0.02238774	          0.02167481	          0.01777776	          0.21403773	          0.01388647	          0.00999999	          0.00999999	          0.04213988	          0.06247358	          0.03160491	          0.08435827	          0.01777776	          0.45022260	          0.00999999	          0.00999999	          0.17757710	          0.29944067	          0.01893900	
          1.54000002	         -8.13377352	         -8.34468632	         11.64942805	          1.76589264	          0.80893915	         -0.01734215	         38.96340111	          7.05163019	          7.09010071	        -25.39788969	          4.60767423	          0.25539779	         -3.88608171	         -8.25068479	         14.14273533	        -23.41922282	         17.39767825	         24.42283094	         -2.06376129	          3.20064445	         -0.16118735	          0.11846513	          0.02313945	          0.03021520	          0.00999999	          0.18597018	          0.07374685	          0.05918524	          0.08192861	          0.06783989	          0.01856238	          0.04935986	          0.01625611	          0.01333332	          0.27333072	          0.02901790	          0.07339778	          0.00999999	          0.03160491	          0.04685519	          0.02370368	          0.09406228	          0.01333332	          0.36829184	          0.00999999	          0.00999999	          0.13318283	          0.22959467	          0.01420425	
          1.56000002	         -8.06259301	         -8.30187371	         11.96337742	          1.79544535	          0.80316612	         -0.01559161	         38.18000391	          7.74258389	          6.85040044	        -27.85671894	          5.19806867	          0.28022108	         -1.53157772	         -7.70239565	         14.29154313	        -32.04545981	         16.01354893	         26.91510621	         -1.50407678	          3.27868948	          0.64775284	          0.10580612	          0.01735459	          0.02266140	          0.08676136	          0.13947763	          0.05531014	          0.04438893	          0.23430879	          0.05087992	          0.01392178	          0.03701990	          0.01219208	          0.00999999	          0.20499804	          0.09508506	          0.05504833	          0.00999999	          0.02370368	          0.05362670	          0.01777776	          0.09576954	          0.00999999	          0.30096811	          0.00999999	          0.00999999	          0.09988712	          0.17219600	          0.10435879	
          1.58000002	         -7.97482651	         -8.32515542	         12.23102224	          1.82355390	          0.79795183	         -0.01372338	         37.95650838	          8.47671715	          6.35968989	        -31.33210138	          7.34277042	          1.30361995	          1.80472006	         -7.02161927	         14.43791414	        -42.11309142	         14.43084691	         25.46801611	         -1.08289977	          3.39655541	          1.60426849	          0.11073351	          0.01301594	          0.01699605	          0.30843706	          0.10460822	          0.04148260	          0.03329170	          0.26035303	          0.03815994	          0.01044134	          0.35813770	          0.06147427	          0.16504977	          0.15374853	          0.24312040	          0.15215357	          0.00999999	          0.01777776	          0.04022003	          0.01333332	          0.07182716	          0.00999999	          0.22572608	          0.00999999	          0.00999999	          0.07491534	          0.12914700	          0.31861431	
          1.60000002	         -7.91263211	         -8.38310108	         12.51149541	          1.84967697	          0.79573604	         -0.01190482	         37.28185440	          9.11046007	          5.90765377	        -33.69454628	          9.54737433	          3.53204388	          5.61583351	         -6.34619299	         14.37535844	        -51.65517862	         13.60174731	         20.26141907	         -0.76664027	          3.41909749	          2.61593726	          0.10603775	          0.00999999	          0.01274704	          0.40567816	          0.07845617	          0.05012762	          0.02496877	          0.26340331	          0.02861995	          0.01274974	          0.43874346	          0.09533025	          0.23888102	          0.11531140	          0.25337932	          0.13098097	          0.00999999	          0.01333332	          0.03016502	          0.00999999	          0.12621636	          0.00999999	          0.16929456	          0.09629728	          0.00999999	          0.05618650	          0.09686025	          0.39145348	
          1.62000002	         -7.92158485	         -8.37155510	         12.82131296	          1.87392689	          0.79768856	         -0.01020950	         35.84922591	          9.52810131	          5.62820602	        -34.24748187	         10.64201549	          5.91370141	          9.40485407	         -5.74623091	         13.92210256	        -58.54064158	         14.42467412	         15.75307796	         -0.49981275	          3.19966539	          3.61242184	          0.09099075	          0.00999999	          0.00999999	          0.38475976	          0.06951190	          0.05330748	          0.01872658	          0.20911615	          0.02146497	          0.09509013	          0.33780092	          0.13239506	          0.29589162	          0.08648355	          0.19003449	          0.10213144	          0.00999999	          0.00999999	          0.02262376	          0.00999999	          0.24584914	          0.00999999	          0.14828055	          0.09775034	          0.00999999	          0.04213988	          0.07264519	          0.36781878	
          1.64000002	         -7.98710968	         -8.18941105	         13.18023962	          1.89638251	          0.80314474	         -0.00863337	         34.03451578	          9.67782256	          5.48643784	        -33.67499928	         10.43306554	          8.22070497	         13.15830616	         -5.10052043	         13.08506667	        -62.89298988	         15.13774708	         12.24349159	         -0.34155216	          2.66889516	          4.54079800	          0.06824306	          0.00999999	          0.00999999	          0.32900033	          0.05213393	          0.06833918	          0.01404493	          0.15857431	          0.01609872	          0.22532209	          0.25335069	          0.16330455	          0.30631204	          0.06486266	          0.15616745	          0.08776381	          0.00999999	          0.00999999	          0.01725789	          0.00999999	          0.18438686	          0.00999999	          0.12069001	          0.08373450	          0.00999999	          0.03160491	          0.05448389	          0.35883007	
          1.66000002	         -8.08074428	         -7.82572062	         13.60804728	          1.91742047	          0.81092356	         -0.00713758	         31.94857871	          9.55961484	          5.37621799	        -32.29644917	          9.23968492	         10.45031067	         16.73126706	         -4.38101799	         11.89027281	        -64.87349913	         15.82707624	          9.51337317	         -0.31155620	          1.83987826	          5.35208973	          0.05118230	          0.00999999	          0.00999999	          0.24695249	          0.03910045	          0.06525546	          0.01053370	          0.12105076	          0.01207404	          0.32086720	          0.19001302	          0.18751275	          0.30041406	          0.04864699	          0.12021843	          0.06582285	          0.01220584	          0.00999999	          0.04013687	          0.00999999	          0.13829014	          0.00999999	          0.09051750	          0.06280088	          0.00999999	          0.02370368	          0.04086292	          0.35302646	
          1.68000002	         -8.16782889	         -7.39377719	         14.05258092	          1.93736501	          0.82010166	         -0.00566134	         29.64525888	          9.31524981	          5.19196732	        -30.26605392	          7.31449586	         12.57729983	         19.93141058	         -3.63857464	         10.43547758	        -64.57335946	         16.49294070	          7.38546606	         -0.41364938	          0.87303879	          6.07711372	          0.03838672	          0.00999999	          0.00999999	          0.18521437	          0.04115396	          0.04894159	          0.00999999	          0.09078807	          0.00999999	          0.41065439	          0.14250976	          0.21268868	          0.23730845	          0.03648525	          0.09016382	          0.05951161	          0.04384599	          0.00999999	          0.04360638	          0.00999999	          0.10371761	          0.00999999	          0.06788813	          0.04710066	          0.00999999	          0.01777776	          0.03064719	          0.35294538	
          1.70000002	         -8.21269505	         -7.10018026	         14.49839011	          1.95632919	          0.82986378	         -0.00408190	         27.28704854	          9.18596683	          4.86690998	        -27.85286755	          4.84144148	         14.48191387	         22.59415330	         -3.06117907	          8.90996943	        -62.03371836	         17.16789801	          5.72480909	         -0.66013224	          0.02053846	          6.68868601	          0.02879004	          0.08764833	          0.05352787	          0.13891077	          0.03086547	          0.03670620	          0.00999999	          0.06809105	          0.37135649	          0.45988271	          0.10688232	          0.18964345	          0.17798134	          0.02736393	          0.06762286	          0.04463370	          0.12837686	          0.14327377	          0.21586456	          0.00999999	          0.07778820	          0.00999999	          0.05091610	          0.03532549	          0.01532477	          0.01333332	          0.02298539	          0.35450916	
          1.72000002	         -8.20456287	         -7.10601561	         14.82240114	          1.97394576	          0.83923462	         -0.00221188	         25.62672324	          9.45959498	          4.59723156	        -26.31465972	          1.94593084	         16.08240150	         24.33169307	         -2.72034873	          7.84675699	        -56.84644621	         17.78299361	          4.40666620	         -1.13687906	         -0.44922661	          7.15710144	          0.02159253	          0.27100221	          0.12258268	          0.10418308	          0.02314910	          0.02752965	          0.35189454	          0.05106829	          0.73058136	          0.55368407	          0.08016174	          0.14223258	          0.13348600	          0.02052295	          0.05071715	          0.03347528	          0.11317231	          0.22432159	          0.33782854	          0.00999999	          0.05834115	          0.09356053	          0.03818707	          0.02649412	          0.01149358	          0.00999999	          0.01723904	          0.35989275	
          1.74000002	         -8.14968138	         -7.41478853	         14.87454926	          1.98976604	          0.84694972	         -0.00015966	         25.49010805	         10.21792578	          4.58325579	        -27.20312831	         -0.06544637	         16.07888613	         24.76988137	         -2.57545394	          7.47563889	        -48.90850443	         18.18723421	          3.24773466	         -1.94281961	         -0.36882896	          7.46199972	          0.01619440	          0.24599005	          0.09193701	          0.07813731	          0.01736183	          0.02064723	          0.26392090	          0.03830122	          0.85319780	          0.75227179	          0.06012131	          0.10667444	          0.10011450	          0.27531027	          0.03803786	          0.02510646	          0.08487923	          0.28163936	          0.25337141	          0.15617665	          0.04375586	          0.07017040	          0.02864030	          0.01987059	          0.00999999	          0.00999999	          0.01292928	          0.36296637	
          1.76000002	         -8.07272535	         -7.88898496	         14.65420046	          2.00461661	          0.85141532	          0.00193446	         26.62239226	         11.23654161	          4.70372872	        -30.06259067	          0.34845411	         13.34284081	         23.91678326	         -2.65925593	          7.77203464	        -39.79451802	         18.29575694	          2.24219675	         -2.96016293	          0.09894303	          7.62830530	          0.02890169	          0.18449254	          0.06895275	          0.05860298	          0.01302137	          0.01548543	          0.19794068	          0.02872591	          0.73833793	          0.89383077	          0.04509098	          0.08000583	          0.07508588	          0.39325263	          0.02852840	          0.01882984	          0.06365942	          0.27033675	          0.19002856	          0.23910092	          0.03281690	          0.05262780	          0.02148023	          0.01490294	          0.00999999	          0.00999999	          0.00999999	          0.33928331	
          1.78000002	         -8.00173871	         -8.28551920	         14.23782998	          2.01918775	          0.85196856	          0.00362989	         28.19655069	         11.93099820	          4.65537495	        -31.97967832	          2.10590812	         10.39640395	         22.17913367	         -2.76856329	          8.36714313	        -31.70309426	         18.15036201	          1.53730269	         -4.08323146	          0.65750904	          7.68774508	          0.05232429	          0.13836940	          0.05171457	          0.04395224	          0.00999999	          0.01161407	          0.23899420	          0.02154443	          0.59825862	          0.90676391	          0.03381823	          0.06000437	          0.05631441	          0.33442112	          0.02317426	          0.01412238	          0.04774457	          0.20275256	          0.14252142	          0.29068909	          0.02461267	          0.03947085	          0.01611017	          0.01117721	          0.00999999	          0.02066620	          0.01009133	          0.36523166	
          1.80000002	         -7.95549694	         -8.49671192	         13.70700822	          2.03349180	          0.84856299	          0.00486918	         29.97299601	         12.05328398	          4.33440448	        -31.94724839	          3.50928897	          8.04521988	         20.50661312	         -2.89253587	          8.54261779	        -28.40140928	         17.92533208	          1.45002098	         -5.27641870	          1.15946459	          7.63647538	          0.09161328	          0.12732589	          0.04655053	          0.03296418	          0.00999999	          0.00999999	          0.31776172	          0.01615833	          0.44869396	          0.68007293	          0.02536368	          0.04500328	          0.04223581	          0.27722721	          0.01738069	          0.01059179	          0.03580843	          0.16725807	          0.10689106	          0.24524712	          0.01845950	          0.02960314	          0.01208263	          0.00999999	          0.08629217	          0.09257917	          0.00999999	          0.27392374	
          1.82000002	         -7.96892508	         -8.31792158	         13.14972356	          2.04781178	          0.84239456	          0.00597837	         31.97708447	         11.53171874	          3.95233978	        -31.02517714	          4.34095753	          6.21551906	         18.83111224	         -3.18977364	          8.20065735	        -27.86116124	         19.84846023	          2.77170857	         -6.50187498	          1.31481202	          7.40710007	          0.18638032	          0.09549442	          0.03491290	          0.02472313	          0.01000000	          0.00999999	          0.44071286	          0.01211874	          0.37688101	          0.51005470	          0.01902276	          0.03375246	          0.03167685	          0.24792564	          0.01303552	          0.02860009	          0.02685632	          0.25481051	          0.08016830	          0.18393534	          0.01384463	          0.03903290	          0.00999999	          0.00999999	          0.12072560	          0.14517189	          0.16456898	          0.20544281	
          1.84000002	         -8.03710830	         -7.88265735	         12.63236037	          2.06234577	          0.83580103	          0.00646990	         34.10886375	         10.51666543	          3.70888815	        -29.82959617	          4.79298518	          4.80246667	         17.34006314	         -3.21841361	          7.45567834	        -27.67044719	         21.74789479	          4.52186248	         -7.66639169	          1.34042134	          7.04807230	          0.20732308	          0.07162082	          0.02618468	          0.01854235	          0.00999999	          0.00999999	          0.33053465	          0.00999999	          0.31075698	          0.38254102	          0.01426707	          0.02531434	          0.02375764	          0.22921955	          0.02376515	          0.02145007	          0.02014224	          0.28023281	          0.06012622	          0.13795150	          0.01038347	          0.02927468	          0.00999999	          0.13926166	          0.17936264	          0.19076731	          0.22620890	          0.15408211	
          1.86000002	         -8.14989897	         -7.38489517	         12.15634079	          2.07784690	          0.83060803	          0.00659197	         36.02541270	          9.30439550	          3.81865983	        -28.11396605	          5.05126990	          3.69956687	         16.18941287	         -3.11311538	          6.58441812	        -28.04064091	         23.06271311	          6.36897185	         -8.64892850	          1.39620038	          6.61360205	          0.20303605	          0.07912619	          0.01963851	          0.01390676	          0.00999999	          0.00999999	          0.24790098	          0.03772846	          0.27183206	          0.28690577	          0.01070030	          0.01898576	          0.01781823	          0.22373237	          0.07010506	          0.01608755	          0.01510668	          0.27517367	          0.04509467	          0.10346363	          0.00999999	          0.02195601	          0.00999999	          0.18738128	          0.21508572	          0.21833651	          0.26466410	          0.11556158	
          1.88000002	         -8.30305554	         -6.90622122	         11.69472024	          2.09522577	          0.82728629	          0.00658888	         37.45106542	          8.06153035	          4.20380694	        -25.80307996	          5.32306654	          2.84462862	         14.86004866	         -3.04174645	          5.62952715	        -28.08924097	         23.67269817	          8.22519360	         -9.32584210	          1.50902285	          6.10051581	          0.19062969	          0.06476018	          0.01472888	          0.01043007	          0.00999999	          0.00999999	          0.18592574	          0.05251129	          0.24742620	          0.21517932	          0.01795660	          0.01423932	          0.01336367	          0.22334889	          0.06751383	          0.01206566	          0.01133001	          0.24327445	          0.03382100	          0.07759772	          0.00999999	          0.01646701	          0.00999999	          0.19081772	          0.20827559	          0.23955715	          0.27772884	          0.08667118	
          1.90000002	         -8.48895352	         -6.44575386	         11.24293019	          2.11470708	          0.82555898	          0.00651626	         38.29380466	          6.82323425	          4.75513801	        -23.00150469	          5.66924287	          2.18639936	         13.14936755	         -3.00747371	          4.62402562	        -27.50853421	         23.63189143	         10.07036921	         -9.68285401	          1.66660211	          5.52263958	          0.19218057	          0.04857014	          0.01104666	          0.00999999	          0.02074702	          0.00999999	          0.13944430	          0.06332504	          0.20887634	          0.16138449	          0.02407533	          0.01067949	          0.01002275	          0.22415762	          0.05063538	          0.00999999	          0.00999999	          0.18309978	          0.02536575	          0.05819829	          0.00999999	          0.02440013	          0.00999999	          0.16564749	          0.17285001	          0.25907239	          0.27662044	          0.06500339	
          1.92000002	         -8.69106557	         -5.98080492	         10.79813993	          2.13619064	          0.82485527	          0.00633380	         38.51487031	          5.59149524	          5.36000058	        -19.76059067	          6.03015938	          1.68437976	         11.12053709	         -2.95727188	          3.57464915	        -26.46391612	         23.00250348	         11.97462828	         -9.74935106	          1.86115989	          4.91862755	          0.18104127	          0.04095883	          0.00999999	          0.00999999	          0.05876605	          0.00999999	          0.10458323	          0.06662268	          0.15665726	          0.12103837	          0.01805650	          0.00999999	          0.00999999	          0.23008702	          0.07799596	          0.00999999	          0.00999999	          0.13732483	          0.01902431	          0.04364872	          0.00999999	          0.01830010	          0.00999999	          0.14373795	          0.12963751	          0.27898270	          0.27142994	          0.04875254	
          1.94000002	         -8.88324392	         -5.52913248	         10.34161785	          2.15964082	          0.82458463	          0.00620130	         38.11618165	          4.46635646	          5.82333120	        -16.26116337	          6.40008704	          1.30433802	          8.88442217	         -2.90460497	          2.46955253	        -25.22352034	         21.88971144	         14.03701643	         -9.54036189	          2.09154078	          4.30773866	          0.17241490	          0.04419362	          0.00999999	          0.00999999	          0.07533481	          0.00999999	          0.07843742	          0.04996701	          0.11749294	          0.09077878	          0.01354237	          0.00999999	          0.00999999	          0.23725972	          0.08928003	          0.00999999	          0.00999999	          0.10299362	          0.01426823	          0.03273654	          0.00999999	          0.01372507	          0.00999999	          0.10780346	          0.09722813	          0.29237675	          0.25918141	          0.03656440	
          1.96000002	         -9.05074440	         -5.06540191	          9.85546152	          2.18494952	          0.82429157	          0.00624710	         37.19217283	          3.49797048	          6.07187624	        -12.88429439	          6.76283626	          1.02133892	          6.55116203	         -2.81938746	          1.29084981	        -24.04005171	         20.38140459	         16.32966702	         -9.08237784	          2.31812045	          3.69391834	          0.16999882	          0.04031722	          0.00999999	          0.00999999	          0.07960793	          0.00999999	          0.05882807	          0.03747526	          0.08811971	          0.06808408	          0.01015678	          0.00999999	          0.00999999	          0.24590668	          0.08557432	          0.00999999	          0.00999999	          0.07724522	          0.01070118	          0.02455240	          0.00999999	          0.01029381	          0.00999999	          0.08085260	          0.07292110	          0.29437540	          0.23855793	          0.02742330	
          1.98000002	         -9.18935805	         -4.54205684	          9.32481023	          2.21190154	          0.82367354	          0.00654626	         35.92676512	          2.70151027	          6.02528815	        -10.27626775	          7.07465090	          0.81727403	          4.29567160	         -2.64547611	          0.08375445	        -23.25748011	         18.55502989	         18.86488730	         -8.41451970	          2.48978501	          3.09756934	          0.15319451	          0.03023791	          0.00999999	          0.02349662	          0.12694176	          0.06051753	          0.28395843	          0.02810644	          0.06608978	          0.05106306	          0.00999999	          0.01333332	          0.00999999	          0.25315009	          0.06790680	          0.00999999	          0.00999999	          0.05793391	          0.03593380	          0.01841430	          0.00999999	          0.00999999	          0.12587230	          0.06063945	          0.05469082	          0.28218041	          0.21031997	          0.02056748	
          2.00000002	         -9.29765495	         -3.94372323	          8.76763571	          2.24000002	          0.82254126	          0.00723071	         34.63026451	          2.16823524	          5.57797949	         -9.68912492	          6.99361885	          0.68031205	          2.51423649	         -2.38048133	         -1.03440630	        -23.56532017	         16.52670671	         21.59310766	         -7.61139489	          2.58518779	          2.52799356	          0.15450458	          0.02267844	          0.00999999	          0.11005314	          0.18607112	          0.04538815	          0.21296883	          0.02107983	          0.04956733	          0.03829730	          0.00999999	          0.00999999	          0.00999999	          0.26836811	          0.05093010	          0.00999999	          0.00999999	          0.04345043	          0.04916938	          0.01381073	          0.01000000	          0.01000000	          0.18573283	          0.04547959	          0.04101812	          0.24271935	          0.15800655	          0.01542561	
          2.02000002	         -9.38036763	         -3.25854429	          8.20037452	          2.26870876	          0.82109584	          0.00830009	         33.22471267	          1.97342529	          4.86996200	        -10.64603196	          6.90430712	          0.54825519	          1.48520194	         -2.04247500	         -2.05461951	        -25.37229500	         14.28025066	         24.32481774	         -6.74596247	          2.60209128	          1.99936697	          0.11587843	          0.01700883	          0.00999999	          0.09604913	          0.17150227	          0.07425212	          0.15972662	          0.09475629	          0.03717550	          0.02872297	          0.00999999	          0.01333333	          0.01333332	          0.31014798	          0.06375831	          0.00999999	          0.00999999	          0.03258783	          0.08626003	          0.04374766	          0.01373748	          0.00999999	          0.28655223	          0.03410969	          0.03076359	          0.18203951	          0.11850491	          0.01156921	
          2.04000002	         -9.44650889	         -2.65124485	          7.58831711	          2.29676181	          0.82011608	          0.00948051	         31.80515396	          1.92161224	          4.51770338	        -11.42059334	          6.24135607	          0.44372648	          1.54919881	         -1.81152138	         -2.99494130	        -29.00565904	         11.69004623	         26.57622494	         -5.95957056	          2.76531800	          1.57151603	          0.09662702	          0.01275662	          0.00999999	          0.14423186	          0.20037283	          0.07382306	          0.11979497	          0.13551007	          0.02788163	          0.02154223	          0.05198256	          0.01000000	          0.00999999	          0.35567463	          0.10615020	          0.00999999	          0.00999999	          0.02444087	          0.15024676	          0.03281075	          0.05639513	          0.00999999	          0.33981766	          0.02558227	          0.02307269	          0.13652963	          0.08887869	          0.00999999	
          2.06000002	         -9.49485473	         -2.12299476	          6.89464759	          2.32340179	          0.82048730	          0.01072089	         30.51824628	          1.97403105	          4.52199285	        -12.34558235	          6.16539140	          0.35912392	          2.78581576	         -1.70949026	         -3.81787953	        -34.33243874	          8.51212414	         27.44103012	         -5.35681339	          3.07058522	          1.24771905	          0.07247026	          0.00999999	          0.00999999	          0.13699434	          0.16660613	          0.06632299	          0.08984622	          0.13184430	          0.02091122	          0.01615667	          0.13953224	          0.00999999	          0.00999999	          0.36301254	          0.13210451	          0.00999999	          0.00999999	          0.01833065	          0.19680375	          0.02460806	          0.07323195	          0.00999999	          0.31044632	          0.01918670	          0.01730452	          0.10239723	          0.06665901	          0.00999999	
          2.08000002	         -9.52801532	         -1.62140693	          6.08865455	          2.34857917	          0.82263535	          0.01188807	         29.10609116	          2.05790966	          4.88960559	        -12.93270447	          6.48409979	          0.29947450	          4.93280170	         -1.64707973	         -4.42500135	        -40.74145963	          5.31407208	         25.13802777	         -4.94582316	          3.44564314	          1.02581844	          0.05435270	          0.00999999	          0.00999999	          0.15007776	          0.12495460	          0.05813747	          0.06738467	          0.12508256	          0.01568341	          0.01211750	          0.14908431	          0.00999999	          0.00999999	          0.33972259	          0.18487829	          0.05603321	          0.00999999	          0.01374799	          0.14760281	          0.01845604	          0.05492396	          0.00999999	          0.25415119	          0.01439002	          0.01297839	          0.07679792	          0.04999426	          0.18186683	
          2.10000002	         -9.54480087	         -1.11706492	          5.17098001	          2.37262326	          0.82590520	          0.01290583	         27.49066730	          2.10964834	          5.52109288	        -13.06205085	          6.96878086	          0.26814110	          7.40872047	         -1.43145529	         -4.72047694	        -47.07949276	          3.98436708	         19.84771539	         -4.66800346	          3.80247717	          0.91018411	          0.04076452	          0.00999999	          0.00999999	          0.14478477	          0.09371595	          0.06479671	          0.05053850	          0.11747030	          0.01176256	          0.00999999	          0.13331204	          0.00999999	          0.00999999	          0.30994191	          0.18383812	          0.07812695	          0.00999999	          0.01031099	          0.11070211	          0.01384203	          0.08601320	          0.00999999	          0.20224177	          0.11790635	          0.00999999	          0.05759844	          0.03749569	          0.24027544	
          2.12000002	         -9.55118820	         -0.57701322	          4.17906970	          2.39585530	          0.82991565	          0.01374523	         25.71608935	          2.05830571	          6.26922712	        -12.82515544	          7.53322346	          0.25999137	          9.77688586	         -0.93476670	         -4.85994164	        -51.78705511	          4.53297172	         15.43314433	         -4.47885596	          4.06860089	          0.88408603	          0.03317411	          0.00999999	          0.00999999	          0.12858387	          0.07028696	          0.06984929	          0.03790388	          0.09715762	          0.00999999	          0.00999999	          0.11480062	          0.00999999	          0.00999999	          0.28107079	          0.15642970	          0.09529033	          0.00999999	          0.00999999	          0.09784617	          0.01038152	          0.18564477	          0.00999999	          0.18366905	          0.18631821	          0.00999999	          0.04929446	          0.02812177	          0.23571281	
          2.14000002	         -9.54672693	          0.02650921	          3.17091375	          2.41839423	          0.83437950	          0.01447158	         23.81984344	          1.85096888	          7.04621750	        -12.26827741	          8.00040004	          0.27836348	         12.04900794	         -0.22610290	         -4.96720296	        -54.70974036	          5.00819007	         11.99392323	         -4.37816729	          4.19051737	          0.92163148	          0.03046179	          0.00999999	          0.00999999	          0.10812427	          0.05271522	          0.06933572	          0.02842791	          0.08146888	          0.00999999	          0.00999999	          0.10551807	          0.00999999	          0.00999999	          0.26404010	          0.13482339	          0.11237841	          0.00999999	          0.00999999	          0.10970746	          0.00999999	          0.31376455	          0.00999999	          0.17652170	          0.21304487	          0.00999999	          0.05568348	          0.02109133	          0.23540335	
          2.16000002	         -9.52650115	          0.70761594	          2.18301868	          2.44027841	          0.83885829	          0.01509097	         21.82661815	          1.45675106	          7.78389929	        -11.43589923	          8.35533664	          0.32012673	         14.33522500	          0.66474440	         -5.03763501	        -56.28723727	          5.38163323	          9.31092509	         -4.37213760	          4.14345529	          1.01723625	          0.02756791	          0.00999999	          0.00999999	          0.09386318	          0.03953642	          0.06114079	          0.02132093	          0.06645941	          0.00999999	          0.00999999	          0.09827941	          0.00999999	          0.00999999	          0.25512293	          0.12590096	          0.12591500	          0.00999999	          0.00999999	          0.12455271	          0.00999999	          0.46905000	          0.00999999	          0.17152974	          0.19592791	          0.00999999	          0.06249078	          0.01581850	          0.23856788	
          2.18000002	         -9.48557678	          1.45029515	          1.23790899	          2.46152219	          0.84296816	          0.01561445	         19.77882196	          0.89366176	          8.46968769	        -10.41818516	          8.65887876	          0.38241947	         16.77283969	          1.68970646	         -5.05119744	        -57.18118699	          5.73476265	          7.21717033	         -4.46096364	          3.93582916	          1.16197400	          0.02320202	          0.00999999	          0.00999999	          0.08395993	          0.02965231	          0.04731082	          0.01599070	          0.05240404	          0.00999999	          0.00999999	          0.09008420	          0.00999999	          0.00999999	          0.24951376	          0.12610375	          0.12779859	          0.00999999	          0.00999999	          0.14558230	          0.00999999	          0.60575170	          0.00999999	          0.16174942	          0.16062560	          0.00999999	          0.06769673	          0.01186387	          0.24323764	
          2.20000002	         -9.42117270	          2.22793305	          0.33889862	          2.48220943	          0.84645869	          0.01605395	         17.72895841	          0.20432452	          9.12404290	         -9.33592308	          8.97777445	          0.46420380	         19.43394926	          2.79533340	         -5.01681645	        -57.92950669	          6.12790010	          5.58383025	         -4.63016507	          3.59311439	          1.34004027	          0.01740152	          0.00999999	          0.00999999	          0.07853002	          0.02223923	          0.03548311	          0.01199302	          0.03944180	          0.00999999	          0.00999999	          0.07385402	          0.00999999	          0.00999999	          0.24243901	          0.12947819	          0.11466541	          0.00999999	          0.00999999	          0.16619693	          0.00999999	          0.64695529	          0.00999999	          0.15406252	          0.13474361	          0.00999999	          0.05618650	          0.00999999	          0.24140371	
          2.22000002	         -9.33279223	          3.01050069	         -0.52981262	          2.50255623	          0.84925205	          0.01641547	         15.72747719	         -0.55960510	          9.77487551	         -8.31815082	          9.35497795	          0.56922578	         22.23640032	          3.92935507	         -4.96595996	        -58.57467365	          6.60849354	          4.31661616	         -4.84693295	          3.15626903	          1.53275726	          0.01305114	          0.00999999	          0.00999999	          0.07538669	          0.01667942	          0.02661234	          0.00999999	          0.02958135	          0.00999999	          0.00999999	          0.05539051	          0.00999999	          0.00999999	          0.23336917	          0.13163094	          0.09254726	          0.00999999	          0.00999999	          0.17284830	          0.00999999	          0.48521647	          0.00999999	          0.15247412	          0.11978140	          0.00999999	          0.04213988	          0.00999999	          0.23654893	
          2.24000002	         -9.22308571	          3.76580679	         -1.39205661	          2.52290218	          0.85140810	          0.01670966	         13.78354248	         -1.35141365	         10.43075163	         -7.42011462	          9.79535125	          0.70702089	         24.94032998	          5.03575713	         -4.91108596	        -58.61085324	          7.10013675	          3.33440071	         -5.06265593	          2.67713066	          1.72523124	          0.00999999	          0.00999999	          0.00999999	          0.07308816	          0.01250957	          0.01995925	          0.00999999	          0.02218601	          0.00999999	          0.00999999	          0.04154289	          0.00999999	          0.00999999	          0.22359655	          0.13064362	          0.08361438	          0.00999999	          0.00999999	          0.16783750	          0.00999999	          0.36391235	          0.00999999	          0.15804691	          0.10900247	          0.00999999	          0.03160491	          0.00999999	          0.23347662	
          2.26000002	         -9.09699290	          4.45432925	         -2.25831371	          2.54352362	          0.85296559	          0.01697102	         11.86919441	         -2.12699740	         11.07617692	         -6.61964870	         10.29297007	          0.89415312	         27.34897023	          6.04541079	         -4.80991251	        -57.64459282	          7.56263830	          2.57004699	         -5.23926271	          2.20865302	          1.90972564	          0.00999999	          0.00999999	          0.00999999	          0.07804260	          0.00999999	          0.01496944	          0.01928012	          0.01663951	          0.00999999	          0.00999999	          0.03115716	          0.00999999	          0.00999999	          0.21325620	          0.12706686	          0.08178266	          0.01151711	          0.00999999	          0.14328869	          0.00999999	          0.27293426	          0.00999999	          0.16666514	          0.09967804	          0.00999999	          0.02370368	          0.00999999	          0.23275562	
          2.28000002	         -8.96029999	          5.03489779	         -3.12762308	          2.56459192	          0.85390142	          0.01725153	          9.94365723	         -2.84468129	         11.69003282	         -5.85565398	         10.77842460	          1.16532897	         29.35374466	          6.88151166	         -4.59003742	        -55.54691882	          7.98366706	          1.97061636	         -5.35539874	          1.79864819	          2.08331186	          0.00999999	          0.00999999	          0.00999999	          0.09098792	          0.00999999	          0.01122708	          0.08675381	          0.01247963	          0.00999999	          0.00999999	          0.02336787	          0.04827950	          0.00999999	          0.20945547	          0.12121944	          0.07455963	          0.02111117	          0.00999999	          0.10746652	          0.00999999	          0.20470070	          0.00999999	          0.17807451	          0.09302935	          0.00999999	          0.01777776	          0.00999999	          0.23312318	
          2.30000002	         -8.81857873	          5.48491606	         -3.99957719	          2.58614227	          0.85416380	          0.01760106	          8.03397364	         -3.46884216	         12.26584441	         -5.19383576	         11.28101814	          1.55993198	         30.90913746	          7.49166738	         -4.16799563	        -52.33341602	          8.32561270	          1.49321888	         -5.41123031	          1.47368244	          2.24103629	          0.00999999	          0.00999999	          0.00999999	          0.10130549	          0.00999999	          0.01145356	          0.13942562	          0.00999999	          0.00999999	          0.00999999	          0.01752590	          0.08429015	          0.00999999	          0.20572638	          0.10906094	          0.07297387	          0.02581792	          0.00999999	          0.08059989	          0.00999999	          0.15352552	          0.00999999	          0.20757383	          0.09263486	          0.01861276	          0.01333332	          0.00999999	          0.23357113	
          2.32000002	         -8.67681944	          5.80649907	         -4.87263245	          2.60818244	          0.85369198	          0.01802640	          6.16713093	         -3.99167703	         12.79174784	         -4.69922203	         11.86613547	          2.09653069	         31.99211928	          7.86820899	         -3.45889494	        -48.04325728	          8.52215171	          1.11322099	         -5.41195535	          1.23763335	          2.38316030	          0.00999999	          0.00999999	          0.00999999	          0.11252230	          0.00999999	          0.01249119	          0.20429923	          0.00999999	          0.00999999	          0.00999999	          0.01314443	          0.11652166	          0.00999999	          0.19914565	          0.10493334	          0.06656406	          0.02481687	          0.00999999	          0.06044992	          0.00999999	          0.11514414	          0.03507844	          0.25915291	          0.08550181	          0.01629113	          0.00999999	          0.00999999	          0.22890037	
          2.34000002	         -8.53978559	          6.01560038	         -5.74059592	          2.63076086	          0.85240306	          0.01852059	          4.34644750	         -4.42516357	         13.25468301	         -4.39025779	         12.55979984	          2.79183209	         32.64551560	          7.99634425	         -2.51501297	        -42.92415601	          8.45501496	          0.83373659	         -5.35020880	          1.07979773	          2.50216797	          0.00999999	          0.00999999	          0.00999999	          0.12719679	          0.00999999	          0.01691997	          0.26912233	          0.00999999	          0.00999999	          0.00999999	          0.00999999	          0.14706705	          0.00999999	          0.18857923	          0.10033297	          0.06429578	          0.01878951	          0.00999999	          0.04533744	          0.00999999	          0.08635811	          0.07261567	          0.32986470	          0.07808667	          0.01252383	          0.00999999	          0.00999999	          0.22240122	
          2.36000002	         -8.41447153	          6.14856955	         -6.58947002	          2.65390289	          0.85022628	          0.01904592	          2.56820928	         -4.80684738	         13.64567009	         -4.25761103	         13.37037275	          3.66043858	         32.99978998	          7.88528531	         -1.46640080	        -37.38025760	          8.13247071	          0.64325932	         -5.21758988	          0.96654792	          2.58739459	          0.00999999	          0.00999999	          0.00999999	          0.13274569	          0.00999999	          0.01333333	          0.32748031	          0.00999999	          0.00999999	          0.00999999	          0.00999999	          0.17643849	          0.00999999	          0.17250745	          0.08912325	          0.08393905	          0.04723693	          0.00999999	          0.03400308	          0.00999999	          0.06476858	          0.09182518	          0.40319016	          0.07322413	          0.00999999	          0.00999999	          0.00999999	          0.21747050	
          2.38000002	         -8.31204212	          6.26164415	         -7.39724849	          2.67745466	          0.84713758	          0.01957248	          0.86975916	         -5.18550919	         13.96507519	         -4.32927191	         14.29223736	          4.72440899	         33.30761035	          7.59403837	         -0.35687977	        -32.00773707	          7.67221914	          0.50969418	         -5.03559468	          0.82385620	          2.62620194	          0.01050235	          0.00999999	          0.00999999	          0.13130596	          0.00999999	          0.01000000	          0.37299305	          0.00999999	          0.00999999	          0.00999999	          0.00999999	          0.20539317	          0.00999999	          0.14188229	          0.08443887	          0.11607709	          0.07919322	          0.00999999	          0.02550231	          0.00999999	          0.04857643	          0.09543430	          0.45411595	          0.07553491	          0.00999999	          0.00999999	          0.01043997	          0.21384741	
          2.40000002	         -8.24218732	          6.40233678	         -8.13993556	          2.70125625	          0.84322570	          0.02008701	         -0.71126399	         -5.59640387	         14.19934756	         -4.63002461	         15.28860139	          6.01150699	         33.82763251	          7.19320408	          0.85876063	        -27.42605252	          7.10004172	          0.41688065	         -4.82953415	          0.57488888	          2.61139503	          0.01333332	          0.00999999	          0.00999999	          0.13152894	          0.00999999	          0.00999999	          0.39283955	          0.00999999	          0.02109778	          0.00999999	          0.00999999	          0.23231813	          0.00999999	          0.10641172	          0.08988383	          0.14173116	          0.09718906	          0.00999999	          0.01912673	          0.00999999	          0.03643233	          0.08905615	          0.45282642	          0.08434421	          0.00999999	          0.02510575	          0.00999999	          0.22077106	
          2.42000002	         -8.20672815	          6.60355199	         -8.80280517	          2.72531555	          0.83868110	          0.02056463	         -2.17355530	         -6.06700351	         14.32748656	         -5.13180985	         16.20989667	          7.59953372	         34.71471523	          6.74880346	          2.22691104	        -24.12870311	          6.52982682	          0.35399066	         -4.60258219	          0.16822729	          2.53756554	          0.00999999	          0.00999999	          0.00999999	          0.14724696	          0.00999999	          0.00999999	          0.35548507	          0.00999999	          0.08875079	          0.00999999	          0.00999999	          0.25416532	          0.10295937	          0.07980879	          0.09480549	          0.13001262	          0.11209402	          0.00999999	          0.01850724	          0.00999999	          0.06032255	          0.07911672	          0.38116900	          0.10429560	          0.00999999	          0.04632126	          0.00999999	          0.23122807	
          2.44000002	         -8.19790068	          6.89669296	         -9.40004994	          2.74982421	          0.83380751	          0.02092986	         -3.53053919	         -6.63325513	         14.36063542	         -5.81501747	         16.94767622	          9.53859069	         35.93344892	          6.33691456	          3.66407195	        -22.28625074	          6.05046562	          0.31274078	         -4.33827644	         -0.41413347	          2.39031668	          0.00999999	          0.00999999	          0.00999999	          0.13318283	          0.00999999	          0.00999999	          0.26661380	          0.00999999	          0.18458031	          0.00999999	          0.00999999	          0.27000841	          0.18560251	          0.05985659	          0.10093960	          0.09750947	          0.11562552	          0.00999999	          0.05742836	          0.00999999	          0.14068595	          0.07358957	          0.28587675	          0.07822170	          0.00999999	          0.05434002	          0.00999999	          0.23371774	
          2.46000002	         -8.20288761	          7.27645454	         -9.94805485	          2.77503912	          0.82884594	          0.02104176	         -4.70384187	         -7.27380298	         14.34101124	         -6.89025976	         17.53496141	         11.78072117	         37.28773755	          6.05089428	          4.95117276	        -21.75620446	          5.72720677	          0.28753488	         -4.01484747	         -1.12388821	          2.14646887	          0.00999999	          0.00999999	          0.00999999	          0.09988712	          0.00999999	          0.01277177	          0.19996035	          0.01757489	          0.27212831	          0.00999999	          0.00999999	          0.27688015	          0.24674329	          0.04489244	          0.09687288	          0.07313210	          0.09549497	          0.00999999	          0.11029816	          0.00999999	          0.18674612	          0.06953793	          0.21440756	          0.05866627	          0.00999999	          0.05137733	          0.00999999	          0.22980312	
          2.48000002	         -8.20956411	          7.68623114	        -10.45066886	          2.80116237	          0.82391888	          0.02075960	         -5.53723077	         -7.88916373	         14.26493276	         -8.72508170	         17.97804648	         14.34464405	         38.49700743	          5.96008010	          5.93260263	        -22.11226131	          5.53573554	          0.27243366	         -3.62340489	         -1.85566397	          1.80172245	          0.00999999	          0.00999999	          0.00999999	          0.07491534	          0.00999999	          0.03111648	          0.14997026	          0.02712700	          0.35986383	          0.00999999	          0.00999999	          0.27081695	          0.28911541	          0.03366933	          0.10628954	          0.05484907	          0.07162123	          0.00999999	          0.12994980	          0.04361091	          0.14029094	          0.05215344	          0.16080567	          0.04399971	          0.00999999	          0.03853300	          0.00999999	          0.21904316	
          2.50000002	         -8.20599428	          8.04322151	        -10.90426422	          2.82834795	          0.81905831	          0.02004939	         -5.83012995	         -8.33659605	         14.14530561	        -11.78014071	         18.23492576	         17.29877082	         39.29288417	          6.08520455	          6.64765023	        -22.94019134	          5.39383010	          0.26518270	         -3.15992622	         -2.49834609	          1.35620272	          0.01851529	          0.00999999	          0.00999999	          0.05618650	          0.02469618	          0.04213988	          0.11247770	          0.02370368	          0.43766624	          0.00999999	          0.00999999	          0.23676947	          0.30661983	          0.02525200	          0.10761012	          0.04113681	          0.05371592	          0.00999999	          0.17422199	          0.07988896	          0.10521821	          0.03911508	          0.12060425	          0.03299978	          0.00999999	          0.02889975	          0.00999999	          0.21020466	
          2.52000003	         -8.18145264	          8.28435524	        -11.30766220	          2.85663753	          0.81416845	          0.01889380	         -5.32438058	         -8.49161740	         14.09206799	        -16.60016220	         18.17477904	         20.68138085	         39.46678113	          6.45722528	          7.09253636	        -23.95591305	          5.11266045	          0.26427388	         -2.63113830	         -2.97004065	          0.81783044	          0.01388647	          0.00999999	          0.00999999	          0.04213988	          0.06247358	          0.03160491	          0.08435827	          0.01777776	          0.45022260	          0.00999999	          0.00999999	          0.17757710	          0.29944067	          0.01893900	          0.10510961	          0.03085260	          0.04028694	          0.00999999	          0.21728930	          0.08906035	          0.07891365	          0.03370715	          0.09045319	          0.02474983	          0.02238774	          0.02167481	          0.01777776	          0.21403773	
          2.54000003	         -8.13377352	          8.34468632	        -11.64942805	          2.88589265	          0.80893915	          0.01734215	         -3.88608171	         -8.25068479	         14.14273533	        -23.41922282	         17.39767825	         24.42283094	         38.96340111	          7.05163019	          7.09010071	        -25.39788969	          4.60767423	          0.25539779	         -2.06376129	         -3.20064445	          0.16118735	          0.02901790	          0.07339778	          0.00999999	          0.03160491	          0.04685519	          0.02370368	          0.09406228	          0.01333332	          0.36829184	          0.00999999	          0.00999999	          0.13318283	          0.22959467	          0.01420425	          0.11846513	          0.02313945	          0.03021520	          0.00999999	          0.18597018	          0.07374685	          0.05918524	          0.08192861	          0.06783989	          0.01856238	          0.04935986	          0.01625611	          0.01333332	          0.27333072	
          2.56000003	         -8.06259301	          8.30187371	        -11.96337742	          2.91544536	          0.80316612	          0.01559161	         -1.53157772	         -7.70239565	         14.29154313	        -32.04545981	         16.01354893	         26.91510621	         38.18000391	          7.74258389	          6.85040044	        -27.85671894	          5.19806867	          0.28022108	         -1.50407678	         -3.27868948	         -0.64775284	          0.09508506	          0.05504833	          0.00999999	          0.02370368	          0.05362670	          0.01777776	          0.09576954	          0.00999999	          0.30096811	          0.00999999	          0.00999999	          0.09988712	          0.17219600	          0.10435879	          0.10580612	          0.01735459	          0.02266140	          0.08676136	          0.13947763	          0.05531014	          0.04438893	          0.23430879	          0.05087992	          0.01392178	          0.03701990	          0.01219208	          0.00999999	          0.20499804	
          2.58000003	         -7.97482651	          8.32515542	        -12.23102224	          2.94355392	          0.79795183	          0.01372338	          1.80472006	         -7.02161927	         14.43791414	        -42.11309142	         14.43084691	         25.46801611	         37.95650838	          8.47671715	          6.35968989	        -31.33210138	          7.34277042	          1.30361995	         -1.08289977	         -3.39655541	         -1.60426849	          0.24312040	          0.15215357	          0.00999999	          0.01777776	          0.04022003	          0.01333332	          0.07182716	          0.00999999	          0.22572608	          0.00999999	          0.00999999	          0.07491534	          0.12914700	          0.31861431	          0.11073351	          0.01301594	          0.01699605	          0.30843706	          0.10460822	          0.04148260	          0.03329170	          0.26035303	          0.03815994	          0.01044134	          0.35813770	          0.06147427	          0.16504977	          0.15374853	
          2.60000003	         -7.91263211	          8.38310108	        -12.51149541	          2.96967698	          0.79573604	          0.01190482	          5.61583351	         -6.34619299	         14.37535844	        -51.65517862	         13.60174731	         20.26141907	         37.28185440	          9.11046007	          5.90765377	        -33.69454628	          9.54737433	          3.53204388	         -0.76664027	         -3.41909749	         -2.61593726	          0.25337932	          0.13098097	          0.00999999	          0.01333332	          0.03016502	          0.00999999	          0.12621636	          0.00999999	          0.16929456	          0.09629728	          0.00999999	          0.05618650	          0.09686025	          0.39145348	          0.10603775	          0.00999999	          0.01274704	          0.40567816	          0.07845617	          0.05012762	          0.02496877	          0.26340331	          0.02861995	          0.01274974	          0.43874346	          0.09533025	          0.23888102	          0.11531140	
          2.62000003	         -7.92158485	          8.37155510	        -12.82131296	          2.99392690	          0.79768856	          0.01020950	          9.40485407	         -5.74623091	         13.92210256	        -58.54064158	         14.42467412	         15.75307796	         35.84922591	          9.52810131	          5.62820602	        -34.24748187	         10.64201549	          5.91370141	         -0.49981275	         -3.19966539	         -3.61242184	          0.19003449	          0.10213144	          0.00999999	          0.00999999	          0.02262376	          0.00999999	          0.24584914	          0.00999999	          0.14828055	          0.09775034	          0.00999999	          0.04213988	          0.07264519	          0.36781878	          0.09099075	          0.00999999	          0.00999999	          0.38475976	          0.06951190	          0.05330748	          0.01872658	          0.20911615	          0.02146497	          0.09509013	          0.33780092	          0.13239506	          0.29589162	          0.08648355	
          2.64000003	         -7.98710968	          8.18941105	        -13.18023962	          3.01638252	          0.80314474	          0.00863337	         13.15830616	         -5.10052043	         13.08506667	        -62.89298988	         15.13774708	         12.24349159	         34.03451578	          9.67782256	          5.48643784	        -33.67499928	         10.43306554	          8.22070497	         -0.34155216	         -2.66889516	         -4.54079800	          0.15616745	          0.08776381	          0.00999999	          0.00999999	          0.01725789	          0.00999999	          0.18438686	          0.00999999	          0.12069001	          0.08373450	          0.00999999	          0.03160491	          0.05448389	          0.35883007	          0.06824306	          0.00999999	          0.00999999	          0.32900033	          0.05213393	          0.06833918	          0.01404493	          0.15857431	          0.01609872	          0.22532209	          0.25335069	          0.16330455	          0.30631204	          0.06486266	
          2.66000003	         -8.08074428	          7.82572062	        -13.60804728	          3.03742048	          0.81092356	          0.00713758	         16.73126706	         -4.38101799	         11.89027281	        -64.87349913	         15.82707624	          9.51337317	         31.94857871	          9.55961484	          5.37621799	        -32.29644917	          9.23968492	         10.45031067	         -0.31155620	         -1.83987826	         -5.35208973	          0.12021843	          0.06582285	          0.01220584	          0.00999999	          0.04013687	          0.00999999	          0.13829014	          0.00999999	          0.09051750	          0.06280088	          0.00999999	          0.02370368	          0.04086292	          0.35302646	          0.05118230	          0.00999999	          0.00999999	          0.24695249	          0.03910045	          0.06525546	          0.01053370	          0.12105076	          0.01207404	          0.32086720	          0.19001302	          0.18751275	          0.30041406	          0.04864699	
          2.68000003	         -8.16782889	          7.39377719	        -14.05258092	          3.05736502	          0.82010166	          0.00566134	         19.93141058	         -3.63857464	         10.43547758	        -64.57335946	         16.49294070	          7.38546606	         29.64525888	          9.31524981	          5.19196732	        -30.26605392	          7.31449586	         12.57729983	         -0.41364938	         -0.87303879	         -6.07711372	          0.09016382	          0.05951161	          0.04384599	          0.00999999	          0.04360638	          0.00999999	          0.10371761	          0.00999999	          0.06788813	          0.04710066	          0.00999999	          0.01777776	          0.03064719	          0.35294538	          0.03838672	          0.00999999	          0.00999999	          0.18521437	          0.04115396	          0.04894159	          0.00999999	          0.09078807	          0.00999999	          0.41065439	          0.14250976	          0.21268868	          0.23730845	          0.03648525	
          2.70000003	         -8.21269505	          7.10018026	        -14.49839011	          3.07632920	          0.82986378	          0.00408190	         22.59415330	         -3.06117907	          8.90996943	        -62.03371836	         17.16789801	          5.72480909	         27.28704854	          9.18596683	          4.86690998	        -27.85286755	          4.84144148	         14.48191387	         -0.66013224	         -0.02053846	         -6.68868601	          0.06762286	          0.04463370	          0.12837686	          0.14327377	          0.21586456	          0.00999999	          0.07778820	          0.00999999	          0.05091610	          0.03532549	          0.01532477	          0.01333332	          0.02298539	          0.35450916	          0.02879004	          0.08764833	          0.05352787	          0.13891077	          0.03086547	          0.03670620	          0.00999999	          0.06809105	          0.37135649	          0.45988271	          0.10688232	          0.18964345	          0.17798134	          0.02736393	
          2.72000003	         -8.20456287	          7.10601561	        -14.82240114	          3.09394577	          0.83923462	          0.00221188	         24.33169307	         -2.72034873	          7.84675699	        -56.84644621	         17.78299361	          4.40666620	         25.62672324	          9.45959498	          4.59723156	        -26.31465972	          1.94593084	         16.08240150	         -1.13687906	          0.44922661	         -7.15710144	          0.05071715	          0.03347528	          0.11317231	          0.22432159	          0.33782854	          0.00999999	          0.05834115	          0.09356053	          0.03818707	          0.02649412	          0.01149358	          0.00999999	          0.01723904	          0.35989275	          0.02159253	          0.27100221	          0.12258268	          0.10418308	          0.02314910	          0.02752965	          0.35189454	          0.05106829	          0.73058136	          0.55368407	          0.08016174	          0.14223258	          0.13348600	          0.02052295	
          2.74000003	         -8.14968138	          7.41478853	        -14.87454926	          3.10976605	          0.84694972	          0.00015966	         24.76988137	         -2.57545394	          7.47563889	        -48.90850443	         18.18723421	          3.24773466	         25.49010805	         10.21792578	          4.58325579	        -27.20312831	         -0.06544637	         16.07888613	         -1.94281961	          0.36882896	         -7.46199972	          0.03803786	          0.02510646	          0.08487923	          0.28163936	          0.25337141	          0.15617665	          0.04375586	          0.07017040	          0.02864030	          0.01987059	          0.00999999	          0.00999999	          0.01292928	          0.36296637	          0.01619440	          0.24599005	          0.09193701	          0.07813731	          0.01736183	          0.02064723	          0.26392090	          0.03830122	          0.85319780	          0.75227179	          0.06012131	          0.10667444	          0.10011450	          0.27531027	
          2.76000003	         -8.07272535	          7.88898496	        -14.65420046	          3.12461662	          0.85141532	         -0.00193446	         23.91678326	         -2.65925593	          7.77203464	        -39.79451802	         18.29575694	          2.24219675	         26.62239226	         11.23654161	          4.70372872	        -30.06259067	          0.34845411	         13.34284081	         -2.96016293	         -0.09894303	         -7.62830530	          0.02852840	          0.01882984	          0.06365942	          0.27033675	          0.19002856	          0.23910092	          0.03281690	          0.05262780	          0.02148023	          0.01490294	          0.00999999	          0.00999999	          0.00999999	          0.33928331	          0.02890169	          0.18449254	          0.06895275	          0.05860298	          0.01302137	          0.01548543	          0.19794068	          0.02872591	          0.73833793	          0.89383077	          0.04509098	          0.08000583	          0.07508588	          0.39325263	
          2.78000003	         -8.00173871	          8.28551920	        -14.23782998	          3.13918776	          0.85196856	         -0.00362989	         22.17913367	         -2.76856329	          8.36714313	        -31.70309426	         18.15036201	          1.53730269	         28.19655069	         11.93099820	          4.65537495	        -31.97967832	          2.10590812	         10.39640395	         -4.08323146	         -0.65750904	         -7.68774508	          0.02317426	          0.01412238	          0.04774457	          0.20275256	          0.14252142	          0.29068909	          0.02461267	          0.03947085	          0.01611017	          0.01117721	          0.00999999	          0.02066620	          0.01009133	          0.36523166	          0.05232429	          0.13836940	          0.05171457	          0.04395224	          0.00999999	          0.01161407	          0.23899420	          0.02154443	          0.59825862	          0.90676391	          0.03381823	          0.06000437	          0.05631441	          0.33442112	
          2.80000003	         -7.95549694	          8.49671192	        -13.70700822	          3.15349181	          0.84856299	         -0.00486918	         20.50661312	         -2.89253587	          8.54261779	        -28.40140928	         17.92533208	          1.45002098	         29.97299601	         12.05328398	          4.33440448	        -31.94724839	          3.50928897	          8.04521988	         -5.27641870	         -1.15946459	         -7.63647538	          0.01738069	          0.01059179	          0.03580843	          0.16725807	          0.10689106	          0.24524712	          0.01845950	          0.02960314	          0.01208263	          0.00999999	          0.08629217	          0.09257917	          0.00999999	          0.27392374	          0.09161328	          0.12732589	          0.04655053	          0.03296418	          0.00999999	          0.00999999	          0.31776172	          0.01615833	          0.44869396	          0.68007293	          0.02536368	          0.04500328	          0.04223581	          0.27722721	
          2.82000003	         -7.96892508	          8.31792158	        -13.14972356	          3.16781179	          0.84239456	         -0.00597837	         18.83111224	         -3.18977364	          8.20065735	        -27.86116124	         19.84846023	          2.77170857	         31.97708447	         11.53171874	          3.95233978	        -31.02517714	          4.34095753	          6.21551906	         -6.50187498	         -1.31481202	         -7.40710007	          0.01303552	          0.02860009	          0.02685632	          0.25481051	          0.08016830	          0.18393534	          0.01384463	          0.03903290	          0.00999999	          0.00999999	          0.12072560	          0.14517189	          0.16456898	          0.20544281	          0.18638032	          0.09549442	          0.03491290	          0.02472313	          0.01000000	          0.00999999	          0.44071286	          0.01211874	          0.37688101	          0.51005470	          0.01902276	          0.03375246	          0.03167685	          0.24792564	
          2.84000003	         -8.03710830	          7.88265735	        -12.63236037	          3.18234578	          0.83580103	         -0.00646990	         17.34006314	         -3.21841361	          7.45567834	        -27.67044719	         21.74789479	          4.52186248	         34.10886375	         10.51666543	          3.70888815	        -29.82959617	          4.79298518	          4.80246667	         -7.66639169	         -1.34042134	         -7.04807230	          0.02376515	          0.02145007	          0.02014224	          0.28023281	          0.06012622	          0.13795150	          0.01038347	          0.02927468	          0.00999999	          0.13926166	          0.17936264	          0.19076731	          0.22620890	          0.15408211	          0.20732308	          0.07162082	          0.02618468	          0.01854235	          0.00999999	          0.00999999	          0.33053465	          0.00999999	          0.31075698	          0.38254102	          0.01426707	          0.02531434	          0.02375764	          0.22921955	
          2.86000003	         -8.14989897	          7.38489517	        -12.15634079	          3.19784691	          0.83060803	         -0.00659197	         16.18941287	         -3.11311538	          6.58441812	        -28.04064091	         23.06271311	          6.36897185	         36.02541270	          9.30439550	          3.81865983	        -28.11396605	          5.05126990	          3.69956687	         -8.64892850	         -1.39620038	         -6.61360205	          0.07010506	          0.01608755	          0.01510668	          0.27517367	          0.04509467	          0.10346363	          0.00999999	          0.02195601	          0.00999999	          0.18738128	          0.21508572	          0.21833651	          0.26466410	          0.11556158	          0.20303605	          0.07912619	          0.01963851	          0.01390676	          0.00999999	          0.00999999	          0.24790098	          0.03772846	          0.27183206	          0.28690577	          0.01070030	          0.01898576	          0.01781823	          0.22373237	
          2.88000003	         -8.30305554	          6.90622122	        -11.69472024	          3.21522578	          0.82728629	         -0.00658888	         14.86004866	         -3.04174645	          5.62952715	        -28.08924097	         23.67269817	          8.22519360	         37.45106542	          8.06153035	          4.20380694	        -25.80307996	          5.32306654	          2.84462862	         -9.32584210	         -1.50902285	         -6.10051581	          0.06751383	          0.01206566	          0.01133001	          0.24327445	          0.03382100	          0.07759772	          0.00999999	          0.01646701	          0.00999999	          0.19081772	          0.20827559	          0.23955715	          0.27772884	          0.08667118	          0.19062969	          0.06476018	          0.01472888	          0.01043007	          0.00999999	          0.00999999	          0.18592574	          0.05251129	          0.24742620	          0.21517932	          0.01795660	          0.01423932	          0.01336367	          0.22334889	
          2.90000003	         -8.48895352	          6.44575386	        -11.24293019	          3.23470709	          0.82555898	         -0.00651626	         13.14936755	         -3.00747371	          4.62402562	        -27.50853421	         23.63189143	         10.07036921	         38.29380466	          6.82323425	          4.75513801	        -23.00150469	          5.66924287	          2.18639936	         -9.68285401	         -1.66660211	         -5.52263958	          0.05063538	          0.00999999	          0.00999999	          0.18309978	          0.02536575	          0.05819829	          0.00999999	          0.02440013	          0.00999999	          0.16564749	          0.17285001	          0.25907239	          0.27662044	          0.06500339	          0.19218057	          0.04857014	          0.01104666	          0.00999999	          0.02074702	          0.00999999	          0.13944430	          0.06332504	          0.20887634	          0.16138449	          0.02407533	          0.01067949	          0.01002275	          0.22415762	
          2.92000003	         -8.69106557	          5.98080492	        -10.79813993	          3.25619065	          0.82485527	         -0.00633380	         11.12053709	         -2.95727188	          3.57464915	        -26.46391612	         23.00250348	         11.97462828	         38.51487031	          5.59149524	          5.36000058	        -19.76059067	          6.03015938	          1.68437976	         -9.74935106	         -1.86115989	         -4.91862755	          0.07799596	          0.00999999	          0.00999999	          0.13732483	          0.01902431	          0.04364872	          0.00999999	          0.01830010	          0.00999999	          0.14373795	          0.12963751	          0.27898270	          0.27142994	          0.04875254	          0.18104127	          0.04095883	          0.00999999	          0.00999999	          0.05876605	          0.00999999	          0.10458323	          0.06662268	          0.15665726	          0.12103837	          0.01805650	          0.00999999	          0.00999999	          0.23008702	
          2.94000003	         -8.88324392	          5.52913248	        -10.34161785	          3.27964083	          0.82458463	         -0.00620130	          8.88442217	         -2.90460497	          2.46955253	        -25.22352034	         21.88971144	         14.03701643	         38.11618165	          4.46635646	          5.82333120	        -16.26116337	          6.40008704	          1.30433802	         -9.54036189	         -2.09154078	         -4.30773866	          0.08928003	          0.00999999	          0.00999999	          0.10299362	          0.01426823	          0.03273654	          0.00999999	          0.01372507	          0.00999999	          0.10780346	          0.09722813	          0.29237675	          0.25918141	          0.03656440	          0.17241490	          0.04419362	          0.00999999	          0.00999999	          0.07533481	          0.00999999	          0.07843742	          0.04996701	          0.11749294	          0.09077878	          0.01354237	          0.00999999	          0.00999999	          0.23725972	
          2.96000003	         -9.05074440	          5.06540191	         -9.85546152	          3.30494953	          0.82429157	         -0.00624710	          6.55116203	         -2.81938746	          1.29084981	        -24.04005171	         20.38140459	         16.32966702	         37.19217283	          3.49797048	          6.07187624	        -12.88429439	          6.76283626	          1.02133892	         -9.08237784	         -2.31812045	         -3.69391834	          0.08557432	          0.00999999	          0.00999999	          0.07724522	          0.01070118	          0.02455240	          0.00999999	          0.01029381	          0.00999999	          0.08085260	          0.07292110	          0.29437540	          0.23855793	          0.02742330	          0.16999882	          0.04031722	          0.00999999	          0.00999999	          0.07960793	          0.00999999	          0.05882807	          0.03747526	          0.08811971	          0.06808408	          0.01015678	          0.00999999	          0.00999999	          0.24590668	
          2.98000003	         -9.18935805	          4.54205684	         -9.32481023	          3.33190155	          0.82367354	         -0.00654626	          4.29567160	         -2.64547611	          0.08375445	        -23.25748011	         18.55502989	         18.86488730	         35.92676512	          2.70151027	          6.02528815	        -10.27626775	          7.07465090	          0.81727403	         -8.41451970	         -2.48978501	         -3.09756934	          0.06790680	          0.00999999	          0.00999999	          0.05793391	          0.03593380	          0.01841430	          0.00999999	          0.00999999	          0.12587230	          0.06063945	          0.05469082	          0.28218041	          0.21031997	          0.02056748	          0.15319451	          0.03023791	          0.00999999	          0.02349662	          0.12694176	          0.06051753	          0.28395843	          0.02810644	          0.06608978	          0.05106306	          0.00999999	          0.01333332	          0.00999999	          0.25315009	
          3.00000003	         -9.29765495	          3.94372323	         -8.76763571	          3.36000003	          0.82254126	         -0.00723071	          2.51423649	         -2.38048133	         -1.03440630	        -23.56532017	         16.52670671	         21.59310766	         34.63026451	          2.16823524	          5.57797949	         -9.68912492	          6.99361885	          0.68031205	         -7.61139489	         -2.58518779	         -2.52799356	          0.05093010	          0.00999999	          0.00999999	          0.04345043	          0.04916938	          0.01381073	          0.01000000	          0.01000000	          0.18573283	          0.04547959	          0.04101812	          0.24271935	          0.15800655	          0.01542561	          0.15450458	          0.02267844	          0.00999999	          0.11005314	          0.18607112	          0.04538815	          0.21296883	          0.02107983	          0.04956733	          0.03829730	          0.00999999	          0.00999999	          0.00999999	          0.26836811	
          3.02000003	         -9.38036763	          3.25854429	         -8.20037452	          3.38870877	          0.82109584	         -0.00830009	          1.48520194	         -2.04247500	         -2.05461951	        -25.37229500	         14.28025066	         24.32481774	         33.22471267	          1.97342529	          4.86996200	        -10.64603196	          6.90430712	          0.54825519	         -6.74596247	         -2.60209128	         -1.99936697	          0.06375831	          0.00999999	          0.00999999	          0.03258783	          0.08626003	          0.04374766	          0.01373748	          0.00999999	          0.28655223	          0.03410969	          0.03076359	          0.18203951	          0.11850491	          0.01156921	          0.11587843	          0.01700883	          0.00999999	          0.09604913	          0.17150227	          0.07425212	          0.15972662	          0.09475629	          0.03717550	          0.02872297	          0.00999999	          0.01333333	          0.01333332	          0.31014798	
          3.04000003	         -9.44650889	          2.65124485	         -7.58831711	          3.41676182	          0.82011608	         -0.00948051	          1.54919881	         -1.81152138	         -2.99494130	        -29.00565904	         11.69004623	         26.57622494	         31.80515396	          1.92161224	          4.51770338	        -11.42059334	          6.24135607	          0.44372648	         -5.95957056	         -2.76531800	         -1.57151603	          0.10615020	          0.00999999	          0.00999999	          0.02444087	          0.15024676	          0.03281075	          0.05639513	          0.00999999	          0.33981766	          0.02558227	          0.02307269	          0.13652963	          0.08887869	          0.00999999	          0.09662702	          0.01275662	          0.00999999	          0.14423186	          0.20037283	          0.07382306	          0.11979497	          0.13551007	          0.02788163	          0.02154223	          0.05198256	          0.01000000	          0.00999999	          0.35567463	
          3.06000003	         -9.49485473	          2.12299476	         -6.89464759	          3.44340180	          0.82048730	         -0.01072089	          2.78581576	         -1.70949026	         -3.81787953	        -34.33243874	          8.51212414	         27.44103012	         30.51824628	          1.97403105	          4.52199285	        -12.34558235	          6.16539140	          0.35912392	         -5.35681339	         -3.07058522	         -1.24771905	          0.13210451	          0.00999999	          0.00999999	          0.01833065	          0.19680375	          0.02460806	          0.07323195	          0.00999999	          0.31044632	          0.01918670	          0.01730452	          0.10239723	          0.06665901	          0.00999999	          0.07247026	          0.00999999	          0.00999999	          0.13699434	          0.16660613	          0.06632299	          0.08984622	          0.13184430	          0.02091122	          0.01615667	          0.13953224	          0.00999999	          0.00999999	          0.36301254	
          3.08000003	         -9.52801532	          1.62140693	         -6.08865455	          3.46857918	          0.82263535	         -0.01188807	          4.93280170	         -1.64707973	         -4.42500135	        -40.74145963	          5.31407208	         25.13802777	         29.10609116	          2.05790966	          4.88960559	        -12.93270447	          6.48409979	          0.29947450	         -4.94582316	         -3.44564314	         -1.02581844	          0.18487829	          0.05603321	          0.00999999	          0.01374799	          0.14760281	          0.01845604	          0.05492396	          0.00999999	          0.25415119	          0.01439002	          0.01297839	          0.07679792	          0.04999426	          0.18186683	          0.05435270	          0.00999999	          0.00999999	          0.15007776	          0.12495460	          0.05813747	          0.06738467	          0.12508256	          0.01568341	          0.01211750	          0.14908431	          0.00999999	          0.00999999	          0.33972259	
          3.10000003	         -9.54480087	          1.11706492	         -5.17098001	          3.49262327	          0.82590520	         -0.01290583	          7.40872047	         -1.43145529	         -4.72047694	        -47.07949276	          3.98436708	         19.84771539	         27.49066730	          2.10964834	          5.52109288	        -13.06205085	          6.96878086	          0.26814110	         -4.66800346	         -3.80247717	         -0.91018411	          0.18383812	          0.07812695	          0.00999999	          0.01031099	          0.11070211	          0.01384203	          0.08601320	          0.00999999	          0.20224177	          0.11790635	          0.00999999	          0.05759844	          0.03749569	          0.24027544	          0.04076452	          0.00999999	          0.00999999	          0.14478477	          0.09371595	          0.06479671	          0.05053850	          0.11747030	          0.01176256	          0.00999999	          0.13331204	          0.00999999	          0.00999999	          0.30994191	
          3.12000003	         -9.55118820	          0.57701322	         -4.17906970	          3.51585531	          0.82991565	         -0.01374523	          9.77688586	         -0.93476670	         -4.85994164	        -51.78705511	          4.53297172	         15.43314433	         25.71608935	          2.05830571	          6.26922712	        -12.82515544	          7.53322346	          0.25999137	         -4.47885596	         -4.06860089	         -0.88408603	          0.15642970	          0.09529033	          0.00999999	          0.00999999	          0.09784617	          0.01038152	          0.18564477	          0.00999999	          0.18366905	          0.18631821	          0.00999999	          0.04929446	          0.02812177	          0.23571281	          0.03317411	          0.00999999	          0.00999999	          0.12858387	          0.07028696	          0.06984929	          0.03790388	          0.09715762	          0.00999999	          0.00999999	          0.11480062	          0.00999999	          0.00999999	          0.28107079	
          3.14000003	         -9.54672693	         -0.02650921	         -3.17091375	          3.53839424	          0.83437950	         -0.01447158	         12.04900794	         -0.22610290	         -4.96720296	        -54.70974036	          5.00819007	         11.99392323	         23.81984344	          1.85096888	          7.04621750	        -12.26827741	          8.00040004	          0.27836348	         -4.37816729	         -4.19051737	         -0.92163148	          0.13482339	          0.11237841	          0.00999999	          0.00999999	          0.10970746	          0.00999999	          0.31376455	          0.00999999	          0.17652170	          0.21304487	          0.00999999	          0.05568348	          0.02109133	          0.23540335	          0.03046179	          0.00999999	          0.00999999	          0.10812427	          0.05271522	          0.06933572	          0.02842791	          0.08146888	          0.00999999	          0.00999999	          0.10551807	          0.00999999	          0.00999999	          0.26404010	
          3.16000003	         -9.52650115	         -0.70761594	         -2.18301868	          3.56027842	          0.83885829	         -0.01509097	         14.33522500	          0.66474440	         -5.03763501	        -56.28723727	          5.38163323	          9.31092509	         21.82661815	          1.45675106	          7.78389929	        -11.43589923	          8.35533664	          0.32012673	         -4.37213760	         -4.14345529	         -1.01723625	          0.12590096	          0.12591500	          0.00999999	          0.00999999	          0.12455271	          0.00999999	          0.46905000	          0.00999999	          0.17152974	          0.19592791	          0.00999999	          0.06249078	          0.01581850	          0.23856788	          0.02756791	          0.00999999	          0.00999999	          0.09386318	          0.03953642	          0.06114079	          0.02132093	          0.06645941	          0.00999999	          0.00999999	          0.09827941	          0.00999999	          0.00999999	          0.25512293	
          3.18000003	         -9.48557678	         -1.45029515	         -1.23790899	          3.58152220	          0.84296816	         -0.01561445	         16.77283969	          1.68970646	         -5.05119744	        -57.18118699	          5.73476265	          7.21717033	         19.77882196	          0.89366176	          8.46968769	        -10.41818516	          8.65887876	          0.38241947	         -4.46096364	         -3.93582916	         -1.16197400	          0.12610375	          0.12779859	          0.00999999	          0.00999999	          0.14558230	          0.00999999	          0.60575170	          0.00999999	          0.16174942	          0.16062560	          0.00999999	          0.06769673	          0.01186387	          0.24323764	          0.02320202	          0.00999999	          0.00999999	          0.08395993	          0.02965231	          0.04731082	          0.01599070	          0.05240404	          0.00999999	          0.00999999	          0.09008420	          0.00999999	          0.00999999	          0.24951376	
          3.20000003	         -9.42117270	         -2.22793305	         -0.33889862	          3.60220944	          0.84645869	         -0.01605395	         19.43394926	          2.79533340	         -5.01681645	        -57.92950669	          6.12790010	          5.58383025	         17.72895841	          0.20432452	          9.12404290	         -9.33592308	          8.97777445	          0.46420380	         -4.63016507	         -3.59311439	         -1.34004027	          0.12947819	          0.11466541	          0.00999999	          0.00999999	          0.16619693	          0.00999999	          0.64695529	          0.00999999	          0.15406252	          0.13474361	          0.00999999	          0.05618650	          0.00999999	          0.24140371	          0.01740152	          0.00999999	          0.00999999	          0.07853002	          0.02223923	          0.03548311	          0.01199302	          0.03944180	          0.00999999	          0.00999999	          0.07385402	          0.00999999	          0.00999999	          0.24243901	
          3.22000003	         -9.33279223	         -3.01050069	          0.52981262	          3.62255624	          0.84925205	         -0.01641547	         22.23640032	          3.92935507	         -4.96595996	        -58.57467365	          6.60849354	          4.31661616	         15.72747719	         -0.55960510	          9.77487551	         -8.31815082	          9.35497795	          0.56922578	         -4.84693295	         -3.15626903	         -1.53275726	          0.13163094	          0.09254726	          0.00999999	          0.00999999	          0.17284830	          0.00999999	          0.48521647	          0.00999999	          0.15247412	          0.11978140	          0.00999999	          0.04213988	          0.00999999	          0.23654893	          0.01305114	          0.00999999	          0.00999999	          0.07538669	          0.01667942	          0.02661234	          0.00999999	          0.02958135	          0.00999999	          0.00999999	          0.05539051	          0.00999999	          0.00999999	          0.23336917	
          3.24000003	         -9.22308571	         -3.76580679	          1.39205661	          3.64290219	          0.85140810	         -0.01670966	         24.94032998	          5.03575713	         -4.91108596	        -58.61085324	          7.10013675	          3.33440071	         13.78354248	         -1.35141365	         10.43075163	         -7.42011462	          9.79535125	          0.70702089	         -5.06265593	         -2.67713066	         -1.72523124	          0.13064362	          0.08361438	          0.00999999	          0.00999999	          0.16783750	          0.00999999	          0.36391235	          0.00999999	          0.15804691	          0.10900247	          0.00999999	          0.03160491	          0.00999999	          0.23347662	          0.00999999	          0.00999999	          0.00999999	          0.07308816	          0.01250957	          0.01995925	          0.00999999	          0.02218601	          0.00999999	          0.00999999	          0.04154289	          0.00999999	          0.00999999	          0.22359655	
          3.26000003	         -9.09699290	         -4.45432925	          2.25831371	          3.66352363	          0.85296559	         -0.01697102	         27.34897023	          6.04541079	         -4.80991251	        -57.64459282	          7.56263830	          2.57004699	         11.86919441	         -2.12699740	         11.07617692	         -6.61964870	         10.29297007	          0.89415312	         -5.23926271	         -2.20865302	         -1.90972564	          0.12706686	          0.08178266	          0.01151711	          0.00999999	          0.14328869	          0.00999999	          0.27293426	          0.00999999	          0.16666514	          0.09967804	          0.00999999	          0.02370368	          0.00999999	          0.23275562	          0.00999999	          0.00999999	          0.00999999	          0.07804260	          0.00999999	          0.01496944	          0.01928012	          0.01663951	          0.00999999	          0.00999999	          0.03115716	          0.00999999	          0.00999999	          0.21325620	
          3.28000003	         -8.96029999	         -5.03489779	          3.12762308	          3.68459193	          0.85390142	         -0.01725153	         29.35374466	          6.88151166	         -4.59003742	        -55.54691882	          7.98366706	          1.97061636	          9.94365723	         -2.84468129	         11.69003282	         -5.85565398	         10.77842460	          1.16532897	         -5.35539874	         -1.79864819	         -2.08331186	          0.12121944	          0.07455963	          0.02111117	          0.00999999	          0.10746652	          0.00999999	          0.20470070	          0.00999999	          0.17807451	          0.09302935	          0.00999999	          0.01777776	          0.00999999	          0.23312318	          0.00999999	          0.00999999	          0.00999999	          0.09098792	          0.00999999	          0.01122708	          0.08675381	          0.01247963	          0.00999999	          0.00999999	          0.02336787	          0.04827950	          0.00999999	          0.20945547	
          3.30000003	         -8.81857873	         -5.48491606	          3.99957719	          3.70614228	          0.85416380	         -0.01760106	         30.90913746	          7.49166738	         -4.16799563	        -52.33341602	          8.32561270	          1.49321888	          8.03397364	         -3.46884216	         12.26584441	         -5.19383576	         11.28101814	          1.55993198	         -5.41123031	         -1.47368244	         -2.24103629	          0.10906094	          0.07297387	          0.02581792	          0.00999999	          0.08059989	          0.00999999	          0.15352552	          0.00999999	          0.20757383	          0.09263486	          0.01861276	          0.01333332	          0.00999999	          0.23357113	          0.00999999	          0.00999999	          0.00999999	          0.10130549	          0.00999999	          0.01145356	          0.13942562	          0.00999999	          0.00999999	          0.00999999	          0.01752590	          0.08429015	          0.00999999	          0.20572638	
          3.32000003	         -8.67681944	         -5.80649907	          4.87263245	          3.72818246	          0.85369198	         -0.01802640	         31.99211928	          7.86820899	         -3.45889494	        -48.04325728	          8.52215171	          1.11322099	          6.16713093	         -3.99167703	         12.79174784	         -4.69922203	         11.86613547	          2.09653069	         -5.41195535	         -1.23763335	         -2.38316030	          0.10493334	          0.06656406	          0.02481687	          0.00999999	          0.06044992	          0.00999999	          0.11514414	          0.03507844	          0.25915291	          0.08550181	          0.01629113	          0.00999999	          0.00999999	          0.22890037	          0.00999999	          0.00999999	          0.00999999	          0.11252230	          0.00999999	          0.01249119	          0.20429923	          0.00999999	          0.00999999	          0.00999999	          0.01314443	          0.11652166	          0.00999999	          0.19914565	
          3.34000003	         -8.53978559	         -6.01560038	          5.74059592	          3.75076087	          0.85240306	         -0.01852059	         32.64551560	          7.99634425	         -2.51501297	        -42.92415601	          8.45501496	          0.83373659	          4.34644750	         -4.42516357	         13.25468301	         -4.39025779	         12.55979984	          2.79183209	         -5.35020880	         -1.07979773	         -2.50216797	          0.10033297	          0.06429578	          0.01878951	          0.00999999	          0.04533744	          0.00999999	          0.08635811	          0.07261567	          0.32986470	          0.07808667	          0.01252383	          0.00999999	          0.00999999	          0.22240122	          0.00999999	          0.00999999	          0.00999999	          0.12719679	          0.00999999	          0.01691997	          0.26912233	          0.00999999	          0.00999999	          0.00999999	          0.00999999	          0.14706705	          0.00999999	          0.18857923	
          3.36000003	         -8.41447153	         -6.14856955	          6.58947002	          3.77390290	          0.85022628	         -0.01904592	         32.99978998	          7.88528531	         -1.46640080	        -37.38025760	          8.13247071	          0.64325932	          2.56820928	         -4.80684738	         13.64567009	         -4.25761103	         13.37037275	          3.66043858	         -5.21758988	         -0.96654792	         -2.58739459	          0.08912325	          0.08393905	          0.04723693	          0.00999999	          0.03400308	          0.00999999	          0.06476858	          0.09182518	          0.40319016	          0.07322413	          0.00999999	          0.00999999	          0.00999999	          0.21747050	          0.00999999	          0.00999999	          0.00999999	          0.13274569	          0.00999999	          0.01333333	          0.32748031	          0.00999999	          0.00999999	          0.00999999	          0.00999999	          0.17643849	          0.00999999	          0.17250745	
          3.38000003	         -8.31204212	         -6.26164415	          7.39724849	          3.79745467	          0.84713758	         -0.01957248	         33.30761035	          7.59403837	         -0.35687977	        -32.00773707	          7.67221914	          0.50969418	          0.86975916	         -5.18550919	         13.96507519	         -4.32927191	         14.29223736	          4.72440899	         -5.03559468	         -0.82385620	         -2.62620194	          0.08443887	          0.11607709	          0.07919322	          0.00999999	          0.02550231	          0.00999999	          0.04857643	          0.09543430	          0.45411595	          0.07553491	          0.00999999	          0.00999999	          0.01043997	          0.21384741	          0.01050235	          0.00999999	          0.00999999	          0.13130596	          0.00999999	          0.01000000	          0.37299305	          0.00999999	          0.00999999	          0.00999999	          0.00999999	          0.20539317	          0.00999999	          0.14188229	
          3.40000003	         -8.24218732	         -6.40233678	          8.13993556	          3.82125626	          0.84322570	         -0.02008701	         33.82763251	          7.19320408	          0.85876063	        -27.42605252	          7.10004172	          0.41688065	         -0.71126399	         -5.59640387	         14.19934756	         -4.63002461	         15.28860139	          6.01150699	         -4.82953415	         -0.57488888	         -2.61139503	          0.08988383	          0.14173116	          0.09718906	          0.00999999	          0.01912673	          0.00999999	          0.03643233	          0.08905615	          0.45282642	          0.08434421	          0.00999999	          0.02510575	          0.00999999	          0.22077106	          0.01333332	          0.00999999	          0.00999999	          0.13152894	          0.00999999	          0.00999999	          0.39283955	          0.00999999	          0.02109778	          0.00999999	          0.00999999	          0.23231813	          0.00999999	          0.10641172	
          3.42000003	         -8.20672815	         -6.60355199	          8.80280517	          3.84531556	          0.83868110	         -0.02056463	         34.71471523	          6.74880346	          2.22691104	        -24.12870311	          6.52982682	          0.35399066	         -2.17355530	         -6.06700351	         14.32748656	         -5.13180985	         16.20989667	          7.59953372	         -4.60258219	         -0.16822729	         -2.53756554	          0.09480549	          0.13001262	          0.11209402	          0.00999999	          0.01850724	          0.00999999	          0.06032255	          0.07911672	          0.38116900	          0.10429560	          0.00999999	          0.04632126	          0.00999999	          0.23122807	          0.00999999	          0.00999999	          0.00999999	          0.14724696	          0.00999999	          0.00999999	          0.35548507	          0.00999999	          0.08875079	          0.00999999	          0.00999999	          0.25416532	          0.10295937	          0.07980879	
          3.44000003	         -8.19790068	         -6.89669296	          9.40004994	          3.86982422	          0.83380751	         -0.02092986	         35.93344892	          6.33691456	          3.66407195	        -22.28625074	          6.05046562	          0.31274078	         -3.53053919	         -6.63325513	         14.36063542	         -5.81501747	         16.94767622	          9.53859069	         -4.33827644	          0.41413347	         -2.39031668	          0.10093960	          0.09750947	          0.11562552	          0.00999999	          0.05742836	          0.00999999	          0.14068595	          0.07358957	          0.28587675	          0.07822170	          0.00999999	          0.05434002	          0.00999999	          0.23371774	          0.00999999	          0.00999999	          0.00999999	          0.13318283	          0.00999999	          0.00999999	          0.26661380	          0.00999999	          0.18458031	          0.00999999	          0.00999999	          0.27000841	          0.18560251	          0.05985659	
          3.46000003	         -8.20288761	         -7.27645454	          9.94805485	          3.89503913	          0.82884594	         -0.02104176	         37.28773755	          6.05089428	          4.95117276	        -21.75620446	          5.72720677	          0.28753488	         -4.70384187	         -7.27380298	         14.34101124	         -6.89025976	         17.53496141	         11.78072117	         -4.01484747	          1.12388821	         -2.14646887	          0.09687288	          0.07313210	          0.09549497	          0.00999999	          0.11029816	          0.00999999	          0.18674612	          0.06953793	          0.21440756	          0.05866627	          0.00999999	          0.05137733	          0.00999999	          0.22980312	          0.00999999	          0.00999999	          0.00999999	          0.09988712	          0.00999999	          0.01277177	          0.19996035	          0.01757489	          0.27212831	          0.00999999	          0.00999999	          0.27688015	          0.24674329	          0.04489244	
          3.48000003	         -8.20956411	         -7.68623114	         10.45066886	          3.92116238	          0.82391888	         -0.02075960	         38.49700743	          5.96008010	          5.93260263	        -22.11226131	          5.53573554	          0.27243366	         -5.53723077	         -7.88916373	         14.26493276	         -8.72508170	         17.97804648	         14.34464405	         -3.62340489	          1.85566397	         -1.80172245	          0.10628954	          0.05484907	          0.07162123	          0.00999999	          0.12994980	          0.04361091	          0.14029094	          0.05215344	          0.16080567	          0.04399971	          0.00999999	          0.03853300	          0.00999999	          0.21904316	          0.00999999	          0.00999999	          0.00999999	          0.07491534	          0.00999999	          0.03111648	          0.14997026	          0.02712700	          0.35986383	          0.00999999	          0.00999999	          0.27081695	          0.28911541	          0.03366933	
          3.50000003	         -8.20599428	         -8.04322151	         10.90426422	          3.94834796	          0.81905831	         -0.02004939	         39.29288417	          6.08520455	          6.64765023	        -22.94019134	          5.39383010	          0.26518270	         -5.83012995	         -8.33659605	         14.14530561	        -11.78014071	         18.23492576	         17.29877082	         -3.15992622	          2.49834609	         -1.35620272	          0.10761012	          0.04113681	          0.05371592	          0.00999999	          0.17422199	          0.07988896	          0.10521821	          0.03911508	          0.12060425	          0.03299978	          0.00999999	          0.02889975	          0.00999999	          0.21020466	          0.01851529	          0.00999999	          0.00999999	          0.05618650	          0.02469618	          0.04213988	          0.11247770	          0.02370368	          0.43766624	          0.00999999	          0.00999999	          0.23676947	          0.30661983	          0.02525200	
          3.52000004	         -8.18145264	         -8.28435524	         11.30766220	          3.97663754	          0.81416845	         -0.01889380	         39.46678113	          6.45722528	          7.09253636	        -23.95591305	          5.11266045	          0.26427388	         -5.32438058	         -8.49161740	         14.09206799	        -16.60016220	         18.17477904	         20.68138085	         -2.63113830	          2.97004065	         -0.81783044	          0.10510961	          0.03085260	          0.04028694	          0.00999999	          0.21728930	          0.08906035	          0.07891365	          0.03370715	          0.09045319	          0.02474983	          0.02238774	          0.02167481	          0.01777776	          0.21403773	          0.01388647	          0.00999999	          0.00999999	          0.04213988	          0.06247358	          0.03160491	          0.08435827	          0.01777776	          0.45022260	          0.00999999	          0.00999999	          0.17757710	          0.29944067	          0.01893900	
          3.54000004	         -8.13377352	         -8.34468632	         11.64942805	          4.00589266	          0.80893915	         -0.01734215	         38.96340111	          7.05163019	          7.09010071	        -25.39788969	          4.60767423	          0.25539779	         -3.88608171	         -8.25068479	         14.14273533	        -23.41922282	         17.39767825	         24.42283094	         -2.06376129	          3.20064445	         -0.16118735	          0.11846513	          0.02313945	          0.03021520	          0.00999999	          0.18597018	          0.07374685	          0.05918524	          0.08192861	          0.06783989	          0.01856238	          0.04935986	          0.01625611	          0.01333332	          0.27333072	          0.02901790	          0.07339778	          0.00999999	          0.03160491	          0.04685519	          0.02370368	          0.09406228	          0.01333332	          0.36829184	          0.00999999	          0.00999999	          0.13318283	          0.22959467	          0.01420425	
          3.56000004	         -8.06259301	         -8.30187371	         11.96337742	          4.03544537	          0.80316612	         -0.01559161	         38.18000391	          7.74258389	          6.85040044	        -27.85671894	          5.19806867	          0.28022108	         -1.53157772	         -7.70239565	         14.29154313	        -32.04545981	         16.01354893	         26.91510621	         -1.50407678	          3.27868948	          0.64775284	          0.10580612	          0.01735459	          0.02266140	          0.08676136	          0.13947763	          0.05531014	          0.04438893	          0.23430879	          0.05087992	          0.01392178	          0.03701990	          0.01219208	          0.00999999	          0.20499804	          0.09508506	          0.05504833	          0.00999999	          0.02370368	          0.05362670	          0.01777776	          0.09576954	          0.00999999	          0.30096811	          0.00999999	          0.00999999	          0.09988712	          0.17219600	          0.10435879	
          3.58000004	         -7.97482651	         -8.32515542	         12.23102224	          4.06355393	          0.79795183	         -0.01372338	         37.95650838	          8.47671715	          6.35968989	        -31.33210138	          7.34277042	          1.30361995	          1.80472006	         -7.02161927	         14.43791414	        -42.11309142	         14.43084691	         25.46801611	         -1.08289977	          3.39655541	          1.60426849	          0.11073351	          0.01301594	          0.01699605	          0.30843706	          0.10460822	          0.04148260	          0.03329170	          0.26035303	          0.03815994	          0.01044134	          0.35813770	          0.06147427	          0.16504977	          0.15374853	          0.24312040	          0.15215357	          0.00999999	          0.01777776	          0.04022003	          0.01333332	          0.07182716	          0.00999999	          0.22572608	          0.00999999	          0.00999999	          0.07491534	          0.12914700	          0.31861431	
          3.60000004	         -7.91263211	         -8.38310108	         12.51149541	          4.08967699	          0.79573604	         -0.01190482	         37.28185440	          9.11046007	          5.90765377	        -33.69454628	          9.54737433	          3.53204388	          5.61583351	         -6.34619299	         14.37535844	        -51.65517862	         13.60174731	         20.26141907	         -0.76664027	          3.41909749	          2.61593726	          0.10603775	          0.00999999	          0.01274704	          0.40567816	          0.07845617	          0.05012762	          0.02496877	          0.26340331	          0.02861995	          0.01274974	          0.43874346	          0.09533025	          0.23888102	          0.11531140	          0.25337932	          0.13098097	          0.00999999	          0.01333332	          0.03016502	          0.00999999	          0.12621636	          0.00999999	          0.16929456	          0.09629728	          0.00999999	          0.05618650	          0.09686025	          0.39145348	
          3.62000004	         -7.92158485	         -8.37155510	         12.82131296	          4.11392691	          0.79768856	         -0.01020950	         35.84922591	          9.52810131	          5.62820602	        -34.24748187	         10.64201549	          5.91370141	          9.40485407	         -5.74623091	         13.92210256	        -58.54064158	         14.42467412	         15.75307796	         -0.49981275	          3.19966539	          3.61242184	          0.09099075	          0.00999999	          0.00999999	          0.38475976	          0.06951190	          0.05330748	          0.01872658	          0.20911615	          0.02146497	          0.09509013	          0.33780092	          0.13239506	          0.29589162	          0.08648355	          0.19003449	          0.10213144	          0.00999999	          0.00999999	          0.02262376	          0.00999999	          0.24584914	          0.00999999	          0.14828055	          0.09775034	          0.00999999	          0.04213988	          0.07264519	          0.36781878	
          3.64000004	         -7.98710968	         -8.18941105	         13.18023962	          4.13638253	          0.80314474	         -0.00863337	         34.03451578	          9.67782256	          5.48643784	        -33.67499928	         10.43306554	          8.22070497	         13.15830616	         -5.10052043	         13.08506667	        -62.89298988	         15.13774708	         12.24349159	         -0.34155216	          2.66889516	          4.54079800	          0.06824306	          0.00999999	          0.00999999	          0.32900033	          0.05213393	          0.06833918	          0.01404493	          0.15857431	          0.01609872	          0.22532209	          0.25335069	          0.16330455	          0.30631204	          0.06486266	          0.15616745	          0.08776381	          0.00999999	          0.00999999	          0.01725789	          0.00999999	          0.18438686	          0.00999999	          0.12069001	          0.08373450	          0.00999999	          0.03160491	          0.05448389	          0.35883007	
          3.66000004	         -8.08074428	         -7.82572062	         13.60804728	          4.15742049	          0.81092356	         -0.00713758	         31.94857871	          9.55961484	          5.37621799	        -32.29644917	          9.23968492	         10.45031067	         16.73126706	         -4.38101799	         11.89027281	        -64.87349913	         15.82707624	          9.51337317	         -0.31155620	          1.83987826	          5.35208973	          0.05118230	          0.00999999	          0.00999999	          0.24695249	          0.03910045	          0.06525546	          0.01053370	          0.12105076	          0.01207404	          0.32086720	          0.19001302	          0.18751275	          0.30041406	          0.04864699	          0.12021843	          0.06582285	          0.01220584	          0.00999999	          0.04013687	          0.00999999	          0.13829014	          0.00999999	          0.09051750	          0.06280088	          0.00999999	          0.02370368	          0.04086292	          0.35302646	
          3.68000004	         -8.16782889	         -7.39377719	         14.05258092	          4.17736503	          0.82010166	         -0.00566134	         29.64525888	          9.31524981	          5.19196732	        -30.26605392	          7.31449586	         12.57729983	         19.93141058	         -3.63857464	         10.43547758	        -64.57335946	         16.49294070	          7.38546606	         -0.41364938	          0.87303879	          6.07711372	          0.03838672	          0.00999999	          0.00999999	          0.18521437	          0.04115396	          0.04894159	          0.00999999	          0.09078807	          0.00999999	          0.41065439	          0.14250976	          0.21268868	          0.23730845	          0.03648525	          0.09016382	          0.05951161	          0.04384599	          0.00999999	          0.04360638	          0.00999999	          0.10371761	          0.00999999	          0.06788813	          0.04710066	          0.00999999	          0.01777776	          0.03064719	          0.35294538	
          3.70000004	         -8.21269505	         -7.10018026	         14.49839011	          4.19632921	          0.82986378	         -0.00408190	         27.28704854	          9.18596683	          4.86690998	        -27.85286755	          4.84144148	         14.48191387	         22.59415330	         -3.06117907	          8.90996943	        -62.03371836	         17.16789801	          5.72480909	         -0.66013224	          0.02053846	          6.68868601	          0.02879004	          0.08764833	          0.05352787	          0.13891077	          0.03086547	          0.03670620	          0.00999999	          0.06809105	          0.37135649	          0.45988271	          0.10688232	          0.18964345	          0.17798134	          0.02736393	          0.06762286	          0.04463370	          0.12837686	          0.14327377	          0.21586456	          0.00999999	          0.07778820	          0.00999999	          0.05091610	          0.03532549	          0.01532477	          0.01333332	          0.02298539	          0.35450916	
          3.72000004	         -8.20456287	         -7.10601561	         14.82240114	          4.21394578	          0.83923462	         -0.00221188	         25.62672324	          9.45959498	          4.59723156	        -26.31465972	          1.94593084	         16.08240150	         24.33169307	         -2.72034873	          7.84675699	        -56.84644621	         17.78299361	          4.40666620	         -1.13687906	         -0.44922661	          7.15710144	          0.02159253	          0.27100221	          0.12258268	          0.10418308	          0.02314910	          0.02752965	          0.35189454	          0.05106829	          0.73058136	          0.55368407	          0.08016174	          0.14223258	          0.13348600	          0.02052295	          0.05071715	          0.03347528	          0.11317231	          0.22432159	          0.33782854	          0.00999999	          0.05834115	          0.09356053	          0.03818707	          0.02649412	          0.01149358	          0.00999999	          0.01723904	          0.35989275	
          3.74000004	         -8.14968138	         -7.41478853	         14.87454926	          4.22976606	          0.84694972	         -0.00015966	         25.49010805	         10.21792578	          4.58325579	        -27.20312831	         -0.06544637	         16.07888613	         24.76988137	         -2.57545394	          7.47563889	        -48.90850443	         18.18723421	          3.24773466	         -1.94281961	         -0.36882896	          7.46199972	          0.01619440	          0.24599005	          0.09193701	          0.07813731	          0.01736183	          0.02064723	          0.26392090	          0.03830122	          0.85319780	          0.75227179	          0.06012131	          0.10667444	          0.10011450	          0.27531027	          0.03803786	          0.02510646	          0.08487923	          0.28163936	          0.25337141	          0.15617665	          0.04375586	          0.07017040	          0.02864030	          0.01987059	          0.00999999	          0.00999999	          0.01292928	          0.36296637	
          3.76000004	         -8.07272535	         -7.88898496	         14.65420046	          4.24461664	          0.85141532	          0.00193446	         26.62239226	         11.23654161	          4.70372872	        -30.06259067	          0.34845411	         13.34284081	         23.91678326	         -2.65925593	          7.77203464	        -39.79451802	         18.29575694	          2.24219675	         -2.96016293	          0.09894303	          7.62830530	          0.02890169	          0.18449254	          0.06895275	          0.05860298	          0.01302137	          0.01548543	          0.19794068	          0.02872591	          0.73833793	          0.89383077	          0.04509098	          0.08000583	          0.07508588	          0.39325263	          0.02852840	          0.01882984	          0.06365942	          0.27033675	          0.19002856	          0.23910092	          0.03281690	          0.05262780	          0.02148023	          0.01490294	          0.00999999	          0.00999999	          0.00999999	          0.33928331	
          3.78000004	         -8.00173871	         -8.28551920	         14.23782998	          4.25918777	          0.85196856	          0.00362989	         28.19655069	         11.93099820	          4.65537495	        -31.97967832	          2.10590812	         10.39640395	         22.17913367	         -2.76856329	          8.36714313	        -31.70309426	         18.15036201	          1.53730269	         -4.08323146	          0.65750904	          7.68774508	          0.05232429	          0.13836940	          0.05171457	          0.04395224	          0.00999999	          0.01161407	          0.23899420	          0.02154443	          0.59825862	          0.90676391	          0.03381823	          0.06000437	          0.05631441	          0.33442112	          0.02317426	          0.01412238	          0.04774457	          0.20275256	          0.14252142	          0.29068909	          0.02461267	          0.03947085	          0.01611017	          0.01117721	          0.00999999	          0.02066620	          0.01009133	          0.36523166	
          3.80000004	         -7.95549694	         -8.49671192	         13.70700822	          4.27349182	          0.84856299	          0.00486918	         29.97299601	         12.05328398	          4.33440448	        -31.94724839	          3.50928897	          8.04521988	         20.50661312	         -2.89253587	          8.54261779	        -28.40140928	         17.92533208	          1.45002098	         -5.27641870	          1.15946459	          7.63647538	          0.09161328	          0.12732589	          0.04655053	          0.03296418	          0.00999999	          0.00999999	          0.31776172	          0.01615833	          0.44869396	          0.68007293	          0.02536368	          0.04500328	          0.04223581	          0.27722721	          0.01738069	          0.01059179	          0.03580843	          0.16725807	          0.10689106	          0.24524712	          0.01845950	          0.02960314	          0.01208263	          0.00999999	          0.08629217	          0.09257917	          0.00999999	          0.27392374	
          3.82000004	         -7.96892508	         -8.31792158	         13.14972356	          4.28781180	          0.84239456	          0.00597837	         31.97708447	         11.53171874	          3.95233978	        -31.02517714	          4.34095753	          6.21551906	         18.83111224	         -3.18977364	          8.20065735	        -27.86116124	         19.84846023	          2.77170857	         -6.50187498	          1.31481202	          7.40710007	          0.18638032	          0.09549442	          0.03491290	          0.02472313	          0.01000000	          0.00999999	          0.44071286	          0.01211874	          0.37688101	          0.51005470	          0.01902276	          0.03375246	          0.03167685	          0.24792564	          0.01303552	          0.02860009	          0.02685632	          0.25481051	          0.08016830	          0.18393534	          0.01384463	          0.03903290	          0.00999999	          0.00999999	          0.12072560	          0.14517189	          0.16456898	          0.20544281	
          3.84000004	         -8.03710830	         -7.88265735	         12.63236037	          4.30234579	          0.83580103	          0.00646990	         34.10886375	         10.51666543	          3.70888815	        -29.82959617	          4.79298518	          4.80246667	         17.34006314	         -3.21841361	          7.45567834	        -27.67044719	         21.74789479	          4.52186248	         -7.66639169	          1.34042134	          7.04807230	          0.20732308	          0.07162082	          0.02618468	          0.01854235	          0.00999999	          0.00999999	          0.33053465	          0.00999999	          0.31075698	          0.38254102	          0.01426707	          0.02531434	          0.02375764	          0.22921955	          0.02376515	          0.02145007	          0.02014224	          0.28023281	          0.06012622	          0.13795150	          0.01038347	          0.02927468	          0.00999999	          0.13926166	          0.17936264	          0.19076731	          0.22620890	          0.15408211	
          3.86000004	         -8.14989897	         -7.38489517	         12.15634079	          4.31784692	          0.83060803	          0.00659197	         36.02541270	          9.30439550	          3.81865983	        -28.11396605	          5.05126990	          3.69956687	         16.18941287	         -3.11311538	          6.58441812	        -28.04064091	         23.06271311	          6.36897185	         -8.64892850	          1.39620038	          6.61360205	          0.20303605	          0.07912619	          0.01963851	          0.01390676	          0.00999999	          0.00999999	          0.24790098	          0.03772846	          0.27183206	          0.28690577	          0.01070030	          0.01898576	          0.01781823	          0.22373237	          0.07010506	          0.01608755	          0.01510668	          0.27517367	          0.04509467	          0.10346363	          0.00999999	          0.02195601	          0.00999999	          0.18738128	          0.21508572	          0.21833651	          0.26466410	          0.11556158	
          3.88000004	         -8.30305554	         -6.90622122	         11.69472024	          4.33522579	          0.82728629	          0.00658888	         37.45106542	          8.06153035	          4.20380694	        -25.80307996	          5.32306654	          2.84462862	         14.86004866	         -3.04174645	          5.62952715	        -28.08924097	         23.67269817	          8.22519360	         -9.32584210	          1.50902285	          6.10051581	          0.19062969	          0.06476018	          0.01472888	          0.01043007	          0.00999999	          0.00999999	          0.18592574	          0.05251129	          0.24742620	          0.21517932	          0.01795660	          0.01423932	          0.01336367	          0.22334889	          0.06751383	          0.01206566	          0.01133001	          0.24327445	          0.03382100	          0.07759772	          0.00999999	          0.01646701	          0.00999999	          0.19081772	          0.20827559	          0.23955715	          0.27772884	          0.08667118	
          3.90000004	         -8.48895352	         -6.44575386	         11.24293019	          4.35470710	          0.82555898	          0.00651626	         38.29380466	          6.82323425	          4.75513801	        -23.00150469	          5.66924287	          2.18639936	         13.14936755	         -3.00747371	          4.62402562	        -27.50853421	         23.63189143	         10.07036921	         -9.68285401	          1.66660211	          5.52263958	          0.19218057	          0.04857014	          0.01104666	          0.00999999	          0.02074702	          0.00999999	          0.13944430	          0.06332504	          0.20887634	          0.16138449	          0.02407533	          0.01067949	          0.01002275	          0.22415762	          0.05063538	          0.00999999	          0.00999999	          0.18309978	          0.02536575	          0.05819829	          0.00999999	          0.02440013	          0.00999999	          0.16564749	          0.17285001	          0.25907239	          0.27662044	          0.06500339	
          3.92000004	         -8.69106557	         -5.98080492	         10.79813993	          4.37619066	          0.82485527	          0.00633380	         38.51487031	          5.59149524	          5.36000058	        -19.76059067	          6.03015938	          1.68437976	         11.12053709	         -2.95727188	          3.57464915	        -26.46391612	         23.00250348	         11.97462828	         -9.74935106	          1.86115989	          4.91862755	          0.18104127	          0.04095883	          0.00999999	          0.00999999	          0.05876605	          0.00999999	          0.10458323	          0.06662268	          0.15665726	          0.12103837	          0.01805650	          0.00999999	          0.00999999	          0.23008702	          0.07799596	          0.00999999	          0.00999999	          0.13732483	          0.01902431	          0.04364872	          0.00999999	          0.01830010	          0.00999999	          0.14373795	          0.12963751	          0.27898270	          0.27142994	          0.04875254	
          3.94000004	         -8.88324392	         -5.52913248	         10.34161785	          4.39964084	          0.82458463	          0.00620130	         38.11618165	          4.46635646	          5.82333120	        -16.26116337	          6.40008704	          1.30433802	          8.88442217	         -2.90460497	          2.46955253	        -25.22352034	         21.88971144	         14.03701643	         -9.54036189	          2.09154078	          4.30773866	          0.17241490	          0.04419362	          0.00999999	          0.00999999	          0.07533481	          0.00999999	          0.07843742	          0.04996701	          0.11749294	          0.09077878	          0.01354237	          0.00999999	          0.00999999	          0.23725972	          0.08928003	          0.00999999	          0.00999999	          0.10299362	          0.01426823	          0.03273654	          0.00999999	          0.01372507	          0.00999999	          0.10780346	          0.09722813	          0.29237675	          0.25918141	          0.03656440	
          3.96000004	         -9.05074440	         -5.06540191	          9.85546152	          4.42494954	          0.82429157	          0.00624710	         37.19217283	          3.49797048	          6.07187624	        -12.88429439	          6.76283626	          1.02133892	          6.55116203	         -2.81938746	          1.29084981	        -24.04005171	         20.38140459	         16.32966702	         -9.08237784	          2.31812045	          3.69391834	          0.16999882	          0.04031722	          0.00999999	          0.00999999	          0.07960793	          0.00999999	          0.05882807	          0.03747526	          0.08811971	          0.06808408	          0.01015678	          0.00999999	          0.00999999	          0.24590668	          0.08557432	          0.00999999	          0.00999999	          0.07724522	          0.01070118	          0.02455240	          0.00999999	          0.01029381	          0.00999999	          0.08085260	          0.07292110	          0.29437540	          0.23855793	          0.02742330	
          3.98000004	         -9.18935805	         -4.54205684	          9.32481023	          4.45190156	          0.82367354	          0.00654626	         35.92676512	          2.70151027	          6.02528815	        -10.27626775	          7.07465090	          0.81727403	          4.29567160	         -2.64547611	          0.08375445	        -23.25748011	         18.55502989	         18.86488730	         -8.41451970	          2.48978501	          3.09756934	          0.15319451	          0.03023791	          0.00999999	          0.02349662	          0.12694176	          0.06051753	          0.28395843	          0.02810644	          0.06608978	          0.05106306	          0.00999999	          0.01333332	          0.00999999	          0.25315009	          0.06790680	          0.00999999	          0.00999999	          0.05793391	          0.03593380	          0.01841430	          0.00999999	          0.00999999	          0.12587230	          0.06063945	          0.05469082	          0.28218041	          0.21031997	          0.02056748	
